split,samples,cases,glucose_mean,glucose_std
train,11858,1351,121.29507505481531,36.345906574443305
val,2326,289,122.1573516766982,43.68108475398067
test,2424,290,118.21823432343234,34.38983832173189
