host_time_iso,host_time_unix_ns,sample_index,record_type,ir1,ir2,ir3,ir4,ir1_repeat,ir2_repeat,ir3_repeat,ir4_repeat,red1,red2,red3,red4,accel_x_raw,accel_y_raw,accel_z_raw,accel_x_g,accel_y_g,accel_z_g,reserved,heart_rate,debug
2026-05-22T02:37:45.500+00:00,1779417465501939000,1,R,7482,7763,8994,10194,7482,7763,8994,10194,19095,23410,18433,22074,-126,-219,-15,-0.494118,-0.858824,-0.058824,1,255,e00
2026-05-22T02:37:45.502+00:00,1779417465502210000,2,R,7485,7765,8991,10194,7485,7765,8991,10194,19095,23405,18432,22079,-128,-220,-16,-0.501961,-0.862745,-0.062745,1,255,f00
2026-05-22T02:37:45.502+00:00,1779417465502346000,3,R,7487,7765,8992,10196,7487,7765,8992,10196,19098,23403,18431,22079,-127,-221,-16,-0.498039,-0.866667,-0.062745,1,255,000
2026-05-22T02:37:45.502+00:00,1779417465502410000,4,R,7486,7766,8991,10195,7486,7766,8991,10195,19097,23400,18429,22078,-125,-222,-17,-0.490196,-0.870588,-0.066667,1,255,100
2026-05-22T02:37:45.502+00:00,1779417465502452000,5,R,7485,7761,8989,10194,7485,7761,8989,10194,19093,23401,18426,22081,-126,-223,-16,-0.494118,-0.87451,-0.062745,1,255,200
2026-05-22T02:37:45.502+00:00,1779417465502491000,6,R,7487,7761,8991,10195,7487,7761,8991,10195,19098,23399,18428,22082,-125,-225,-18,-0.490196,-0.882353,-0.070588,1,255,300
2026-05-22T02:37:45.650+00:00,1779417465650815000,7,R,7486,7759,8991,10195,7486,7759,8991,10195,19101,23403,18421,22082,-127,-224,-17,-0.498039,-0.878431,-0.066667,1,255,400
2026-05-22T02:37:45.650+00:00,1779417465650971000,8,R,7484,7758,8992,10193,7484,7758,8992,10193,19096,23403,18416,22086,-126,-223,-18,-0.494118,-0.87451,-0.070588,1,255,500
2026-05-22T02:37:45.651+00:00,1779417465651060000,9,R,7488,7757,8993,10197,7488,7757,8993,10197,19097,23403,18417,22082,-128,-218,-18,-0.501961,-0.854902,-0.070588,1,255,600
2026-05-22T02:37:45.651+00:00,1779417465651133000,10,R,7491,7757,8992,10195,7491,7757,8992,10195,19095,23407,18416,22084,-129,-219,-17,-0.505882,-0.858824,-0.066667,1,255,700
2026-05-22T02:37:45.651+00:00,1779417465651199000,11,R,7490,7757,8994,10198,7490,7757,8994,10198,19097,23407,18412,22084,-131,-221,-16,-0.513725,-0.866667,-0.062745,1,255,800
2026-05-22T02:37:45.800+00:00,1779417465800848000,12,R,7495,7759,8996,10196,7495,7759,8996,10196,19102,23404,18416,22086,-131,-219,-16,-0.513725,-0.858824,-0.062745,1,255,900
2026-05-22T02:37:45.800+00:00,1779417465800991000,13,R,7496,7758,8999,10200,7496,7758,8999,10200,19111,23405,18415,22094,-131,-220,-16,-0.513725,-0.862745,-0.062745,1,255,a00
2026-05-22T02:37:45.801+00:00,1779417465801067000,14,R,7499,7756,9001,10204,7499,7756,9001,10204,19112,23409,18412,22096,-129,-220,-17,-0.505882,-0.862745,-0.066667,1,255,b00
2026-05-22T02:37:45.801+00:00,1779417465801134000,15,R,7501,7754,9000,10205,7501,7754,9000,10205,19116,23407,18410,22097,-126,-221,-16,-0.494118,-0.866667,-0.062745,1,255,c00
2026-05-22T02:37:45.801+00:00,1779417465801199000,16,R,7505,7757,9000,10207,7505,7757,9000,10207,19121,23413,18408,22100,-127,-218,-17,-0.498039,-0.854902,-0.066667,1,255,d00
2026-05-22T02:37:45.949+00:00,1779417465949367000,17,R,7511,7756,9010,10208,7511,7756,9010,10208,19123,23414,18409,22107,-130,-219,-16,-0.509804,-0.858824,-0.062745,1,255,e00
2026-05-22T02:37:45.949+00:00,1779417465949500000,18,R,7508,7759,9003,10209,7508,7759,9003,10209,19127,23414,18411,22103,-129,-220,-17,-0.505882,-0.862745,-0.066667,1,255,f00
2026-05-22T02:37:45.949+00:00,1779417465949578000,19,R,7511,7758,9006,10211,7511,7758,9006,10211,19130,23417,18406,22103,-130,-222,-16,-0.509804,-0.870588,-0.062745,1,255,000
2026-05-22T02:37:45.949+00:00,1779417465949646000,20,R,7513,7760,9007,10213,7513,7760,9007,10213,19130,23423,18412,22109,-131,-221,-16,-0.513725,-0.866667,-0.062745,1,255,100
2026-05-22T02:37:45.949+00:00,1779417465949709000,21,R,7512,7760,9011,10212,7512,7760,9011,10212,19135,23423,18415,22110,-131,-220,-14,-0.513725,-0.862745,-0.054902,1,255,200
2026-05-22T02:37:45.949+00:00,1779417465949773000,22,R,7513,7758,9012,10217,7513,7758,9012,10217,19137,23424,18413,22111,-131,-219,-13,-0.513725,-0.858824,-0.05098,1,255,300
2026-05-22T02:37:46.099+00:00,1779417466099527000,23,R,7514,7761,9014,10217,7514,7761,9014,10217,19138,23431,18415,22111,-130,-221,-13,-0.509804,-0.866667,-0.05098,1,255,400
2026-05-22T02:37:46.099+00:00,1779417466099662000,24,R,7515,7763,9016,10218,7515,7763,9016,10218,19137,23431,18416,22117,-130,-220,-13,-0.509804,-0.862745,-0.05098,1,255,500
2026-05-22T02:37:46.099+00:00,1779417466099734000,25,R,7518,7763,9016,10218,7518,7763,9016,10218,19143,23436,18419,22115,-129,-220,-14,-0.505882,-0.862745,-0.054902,1,255,600
2026-05-22T02:37:46.099+00:00,1779417466099805000,26,R,7518,7764,9019,10221,7518,7764,9019,10221,19143,23440,18412,22117,-127,-221,-15,-0.498039,-0.866667,-0.058824,1,255,700
2026-05-22T02:37:46.099+00:00,1779417466099871000,27,R,7520,7766,9020,10224,7520,7766,9020,10224,19146,23443,18415,22121,-125,-222,-16,-0.490196,-0.870588,-0.062745,1,255,800
2026-05-22T02:37:46.249+00:00,1779417466249288000,28,R,7522,7764,9023,10227,7522,7764,9023,10227,19141,23445,18413,22124,-124,-222,-16,-0.486275,-0.870588,-0.062745,1,255,900
2026-05-22T02:37:46.249+00:00,1779417466249414000,29,R,7524,7764,9022,10225,7524,7764,9022,10225,19150,23446,18415,22123,-124,-222,-15,-0.486275,-0.870588,-0.058824,1,255,a00
2026-05-22T02:37:46.249+00:00,1779417466249487000,30,R,7525,7767,9024,10227,7525,7767,9024,10227,19152,23453,18419,22125,-124,-221,-15,-0.486275,-0.866667,-0.058824,1,255,b00
2026-05-22T02:37:46.249+00:00,1779417466249554000,31,R,7525,7768,9023,10229,7525,7768,9023,10229,19152,23449,18420,22127,-127,-221,-14,-0.498039,-0.866667,-0.054902,1,255,c00
2026-05-22T02:37:46.249+00:00,1779417466249617000,32,R,7527,7766,9026,10232,7527,7766,9026,10232,19152,23456,18422,22129,-128,-220,-14,-0.501961,-0.862745,-0.054902,1,255,d00
2026-05-22T02:37:46.399+00:00,1779417466399377000,33,R,7529,7768,9030,10231,7529,7768,9030,10231,19150,23455,18423,22128,-130,-220,-14,-0.509804,-0.862745,-0.054902,1,255,e00
2026-05-22T02:37:46.399+00:00,1779417466399465000,34,R,7530,7770,9028,10233,7530,7770,9028,10233,19155,23456,18424,22132,-129,-220,-15,-0.505882,-0.862745,-0.058824,1,255,f00
2026-05-22T02:37:46.399+00:00,1779417466399498000,35,R,7529,7771,9031,10234,7529,7771,9031,10234,19158,23456,18425,22135,-130,-220,-14,-0.509804,-0.862745,-0.054902,1,255,000
2026-05-22T02:37:46.399+00:00,1779417466399526000,36,R,7529,7775,9028,10236,7529,7775,9028,10236,19158,23457,18427,22134,-129,-220,-14,-0.505882,-0.862745,-0.054902,1,255,100
2026-05-22T02:37:46.399+00:00,1779417466399552000,37,R,7530,7774,9032,10236,7530,7774,9032,10236,19159,23463,18426,22137,-129,-221,-14,-0.505882,-0.866667,-0.054902,1,255,200
2026-05-22T02:37:46.399+00:00,1779417466399578000,38,R,7535,7777,9034,10239,7535,7777,9034,10239,19158,23462,18430,22140,-127,-221,-14,-0.498039,-0.866667,-0.054902,1,255,300
2026-05-22T02:37:46.551+00:00,1779417466551776000,39,R,7535,7776,9035,10242,7535,7776,9035,10242,19164,23462,18431,22140,-126,-221,-15,-0.494118,-0.866667,-0.058824,1,255,400
2026-05-22T02:37:46.551+00:00,1779417466551931000,40,R,7536,7776,9036,10240,7536,7776,9036,10240,19165,23466,18430,22142,-126,-221,-14,-0.494118,-0.866667,-0.054902,1,255,500
2026-05-22T02:37:46.551+00:00,1779417466552006000,41,R,7537,7778,9038,10244,7537,7778,9038,10244,19165,23467,18432,22146,-125,-220,-15,-0.490196,-0.862745,-0.058824,1,255,600
2026-05-22T02:37:46.552+00:00,1779417466552105000,42,R,7538,7780,9039,10244,7538,7780,9039,10244,19170,23472,18432,22147,-126,-221,-14,-0.494118,-0.866667,-0.054902,1,255,700
2026-05-22T02:37:46.552+00:00,1779417466552172000,43,R,7540,7781,9042,10247,7540,7781,9042,10247,19174,23471,18436,22151,-127,-220,-14,-0.498039,-0.862745,-0.054902,1,255,800
2026-05-22T02:37:46.700+00:00,1779417466700654000,44,R,7539,7780,9039,10247,7539,7780,9039,10247,19168,23468,18433,22147,-128,-220,-15,-0.501961,-0.862745,-0.058824,1,255,900
2026-05-22T02:37:46.700+00:00,1779417466700767000,45,R,7538,7778,9040,10245,7538,7778,9040,10245,19169,23474,18432,22146,-129,-220,-15,-0.505882,-0.862745,-0.058824,1,255,a00
2026-05-22T02:37:46.700+00:00,1779417466700833000,46,R,7538,7777,9039,10242,7538,7777,9039,10242,19171,23470,18432,22143,-128,-221,-15,-0.501961,-0.866667,-0.058824,1,255,b00
2026-05-22T02:37:46.700+00:00,1779417466700896000,47,R,7534,7772,9035,10237,7534,7772,9035,10237,19166,23463,18425,22137,-128,-222,-15,-0.501961,-0.870588,-0.058824,1,255,c00
2026-05-22T02:37:46.701+00:00,1779417466701192000,48,R,7531,7772,9032,10233,7531,7772,9032,10233,19163,23465,18423,22132,-129,-223,-14,-0.505882,-0.87451,-0.054902,1,255,d00
2026-05-22T02:37:46.851+00:00,1779417466851757000,49,R,7531,7768,9030,10232,7531,7768,9030,10232,19159,23460,18418,22128,-128,-222,-16,-0.501961,-0.870588,-0.062745,1,255,e00
2026-05-22T02:37:46.851+00:00,1779417466851900000,50,R,7529,7767,9028,10225,7529,7767,9028,10225,19158,23455,18419,22125,-128,-220,-16,-0.501961,-0.862745,-0.062745,1,255,f00
2026-05-22T02:37:46.851+00:00,1779417466851975000,51,R,7529,7764,9026,10225,7529,7764,9026,10225,19158,23454,18415,22122,-128,-219,-16,-0.501961,-0.858824,-0.062745,1,255,000
2026-05-22T02:37:46.852+00:00,1779417466852040000,52,R,7526,7765,9024,10224,7526,7765,9024,10224,19155,23449,18415,22119,-128,-220,-16,-0.501961,-0.862745,-0.062745,1,255,100
2026-05-22T02:37:46.852+00:00,1779417466852178000,53,R,7524,7765,9022,10220,7524,7765,9022,10220,19152,23446,18416,22115,-127,-220,-16,-0.498039,-0.862745,-0.062745,1,255,200
2026-05-22T02:37:46.999+00:00,1779417466999676000,54,R,7524,7765,9021,10218,7524,7765,9021,10218,19151,23449,18414,22113,-128,-220,-16,-0.501961,-0.862745,-0.062745,1,255,300
2026-05-22T02:37:46.999+00:00,1779417466999815000,55,R,7524,7763,9020,10215,7524,7763,9020,10215,19149,23450,18414,22115,-129,-221,-16,-0.505882,-0.866667,-0.062745,1,255,400
2026-05-22T02:37:46.999+00:00,1779417466999890000,56,R,7523,7765,9022,10214,7523,7765,9022,10214,19148,23442,18410,22110,-130,-219,-16,-0.509804,-0.858824,-0.062745,1,255,500
2026-05-22T02:37:46.999+00:00,1779417466999956000,57,R,7521,7764,9019,10214,7521,7764,9019,10214,19145,23442,18413,22111,-131,-219,-17,-0.513725,-0.858824,-0.066667,1,255,600
2026-05-22T02:37:47.000+00:00,1779417467000019000,58,R,7519,7759,9021,10215,7519,7759,9021,10215,19144,23439,18414,22109,-132,-220,-16,-0.517647,-0.862745,-0.062745,1,255,700
2026-05-22T02:37:47.000+00:00,1779417467000082000,59,R,7518,7760,9015,10212,7518,7760,9015,10212,19140,23438,18408,22104,-131,-221,-17,-0.513725,-0.866667,-0.066667,1,255,800
2026-05-22T02:37:47.149+00:00,1779417467149426000,60,R,7517,7760,9013,10210,7517,7760,9013,10210,19135,23436,18409,22106,-129,-221,-18,-0.505882,-0.866667,-0.070588,1,255,900
2026-05-22T02:37:47.149+00:00,1779417467149567000,61,R,7517,7762,9015,10212,7517,7762,9015,10212,19136,23432,18408,22101,-128,-220,-17,-0.501961,-0.862745,-0.066667,1,255,a00
2026-05-22T02:37:47.149+00:00,1779417467149641000,62,R,7515,7763,9015,10211,7515,7763,9015,10211,19136,23434,18412,22103,-128,-222,-16,-0.501961,-0.870588,-0.062745,1,255,b00
2026-05-22T02:37:47.149+00:00,1779417467149706000,63,R,7516,7764,9016,10214,7516,7764,9016,10214,19139,23435,18412,22105,-128,-222,-17,-0.501961,-0.870588,-0.066667,1,255,c00
2026-05-22T02:37:47.149+00:00,1779417467149769000,64,R,7516,7765,9017,10213,7516,7765,9017,10213,19138,23432,18413,22103,-127,-219,-17,-0.498039,-0.858824,-0.066667,1,255,d00
2026-05-22T02:37:47.301+00:00,1779417467301934000,65,R,7516,7764,9015,10212,7516,7764,9015,10212,19138,23435,18412,22106,-128,-221,-17,-0.501961,-0.866667,-0.066667,1,255,e00
2026-05-22T02:37:47.302+00:00,1779417467302074000,66,R,7518,7765,9018,10213,7518,7765,9018,10213,19140,23437,18414,22104,-129,-220,-17,-0.505882,-0.862745,-0.066667,1,255,f00
2026-05-22T02:37:47.302+00:00,1779417467302145000,67,R,7516,7763,9017,10213,7516,7763,9017,10213,19138,23435,18416,22104,-130,-221,-14,-0.509804,-0.866667,-0.054902,1,255,000
2026-05-22T02:37:47.302+00:00,1779417467302210000,68,R,7515,7765,9017,10214,7515,7765,9017,10214,19137,23432,18415,22104,-131,-221,-14,-0.513725,-0.866667,-0.054902,1,255,100
2026-05-22T02:37:47.302+00:00,1779417467302272000,69,R,7514,7765,9015,10214,7514,7765,9015,10214,19135,23430,18415,22100,-128,-220,-14,-0.501961,-0.862745,-0.054902,1,255,200
2026-05-22T02:37:47.451+00:00,1779417467451757000,70,R,7513,7764,9015,10213,7513,7764,9015,10213,19134,23436,18415,22103,-127,-220,-15,-0.498039,-0.862745,-0.058824,1,255,300
2026-05-22T02:37:47.451+00:00,1779417467451888000,71,R,7517,7766,9016,10215,7517,7766,9016,10215,19134,23437,18418,22106,-127,-220,-15,-0.498039,-0.862745,-0.058824,1,255,400
2026-05-22T02:37:47.451+00:00,1779417467451965000,72,R,7516,7766,9016,10214,7516,7766,9016,10214,19135,23434,18416,22106,-126,-219,-15,-0.494118,-0.858824,-0.058824,1,255,500
2026-05-22T02:37:47.452+00:00,1779417467452031000,73,R,7517,7767,9016,10216,7517,7767,9016,10216,19135,23439,18417,22106,-128,-220,-14,-0.501961,-0.862745,-0.054902,1,255,600
2026-05-22T02:37:47.452+00:00,1779417467452094000,74,R,7516,7765,9020,10218,7516,7765,9020,10218,19135,23442,18417,22106,-127,-220,-15,-0.498039,-0.862745,-0.058824,1,255,700
2026-05-22T02:37:47.452+00:00,1779417467452157000,75,R,7517,7768,9017,10220,7517,7768,9017,10220,19136,23436,18419,22109,-127,-219,-15,-0.498039,-0.858824,-0.058824,1,255,800
2026-05-22T02:37:47.602+00:00,1779417467602077000,76,R,7516,7768,9019,10218,7516,7768,9019,10218,19137,23440,18422,22105,-127,-221,-16,-0.498039,-0.866667,-0.062745,1,255,900
2026-05-22T02:37:47.602+00:00,1779417467602232000,77,R,7518,7770,9018,10219,7518,7770,9018,10219,19138,23441,18421,22108,-126,-221,-17,-0.494118,-0.866667,-0.066667,1,255,a00
2026-05-22T02:37:47.602+00:00,1779417467602306000,78,R,7517,7772,9020,10222,7517,7772,9020,10222,19137,23440,18422,22113,-128,-221,-17,-0.501961,-0.866667,-0.066667,1,255,b00
2026-05-22T02:37:47.602+00:00,1779417467602382000,79,R,7518,7774,9020,10221,7518,7774,9020,10221,19137,23441,18426,22112,-128,-221,-17,-0.501961,-0.866667,-0.066667,1,255,c00
2026-05-22T02:37:47.602+00:00,1779417467602445000,80,R,7520,7777,9024,10225,7520,7777,9024,10225,19141,23446,18425,22115,-129,-221,-16,-0.505882,-0.866667,-0.062745,1,255,d00
2026-05-22T02:37:47.751+00:00,1779417467751652000,81,R,7518,7776,9020,10226,7518,7776,9020,10226,19135,23443,18425,22115,-130,-221,-16,-0.509804,-0.866667,-0.062745,1,255,e00
2026-05-22T02:37:47.751+00:00,1779417467751689000,82,R,7522,7778,9023,10229,7522,7778,9023,10229,19139,23443,18429,22115,-131,-220,-16,-0.513725,-0.862745,-0.062745,1,255,f00
2026-05-22T02:37:47.751+00:00,1779417467751704000,83,R,7521,7779,9025,10227,7521,7779,9025,10227,19143,23445,18429,22117,-131,-220,-17,-0.513725,-0.862745,-0.066667,1,255,000
2026-05-22T02:37:47.751+00:00,1779417467751718000,84,R,7523,7778,9026,10231,7523,7778,9026,10231,19139,23447,18430,22119,-131,-219,-17,-0.513725,-0.858824,-0.066667,1,255,100
2026-05-22T02:37:47.751+00:00,1779417467751731000,85,R,7524,7779,9025,10232,7524,7779,9025,10232,19144,23448,18434,22123,-131,-220,-16,-0.513725,-0.862745,-0.062745,1,255,200
2026-05-22T02:37:47.902+00:00,1779417467902647000,86,R,7522,7780,9025,10233,7522,7780,9025,10233,19147,23452,18433,22123,-131,-220,-16,-0.513725,-0.862745,-0.062745,1,255,300
2026-05-22T02:37:47.902+00:00,1779417467902679000,87,R,7525,7781,9025,10233,7525,7781,9025,10233,19143,23450,18431,22128,-131,-222,-16,-0.513725,-0.870588,-0.062745,1,255,400
2026-05-22T02:37:47.902+00:00,1779417467902695000,88,R,7527,7784,9031,10240,7527,7784,9031,10240,19145,23453,18437,22127,-130,-222,-16,-0.509804,-0.870588,-0.062745,1,255,500
2026-05-22T02:37:47.902+00:00,1779417467902709000,89,R,7527,7783,9030,10236,7527,7783,9030,10236,19144,23454,18438,22132,-129,-221,-15,-0.505882,-0.866667,-0.058824,1,255,600
2026-05-22T02:37:47.902+00:00,1779417467902722000,90,R,7529,7783,9030,10237,7529,7783,9030,10237,19150,23456,18440,22133,-129,-222,-15,-0.505882,-0.870588,-0.058824,1,255,700
2026-05-22T02:37:47.902+00:00,1779417467902735000,91,R,7529,7783,9033,10238,7529,7783,9033,10238,19149,23456,18440,22130,-129,-220,-14,-0.505882,-0.862745,-0.054902,1,255,800
2026-05-22T02:37:48.053+00:00,1779417468053310000,92,R,7531,7785,9033,10240,7531,7785,9033,10240,19151,23461,18442,22136,-128,-220,-14,-0.501961,-0.862745,-0.054902,1,255,900
2026-05-22T02:37:48.053+00:00,1779417468053479000,93,R,7530,7787,9031,10242,7530,7787,9031,10242,19148,23459,18443,22140,-123,-222,-15,-0.482353,-0.870588,-0.058824,1,255,a00
2026-05-22T02:37:48.053+00:00,1779417468053559000,94,R,7529,7789,9033,10244,7529,7789,9033,10244,19152,23460,18441,22137,-124,-220,-15,-0.486275,-0.862745,-0.058824,1,255,b00
2026-05-22T02:37:48.053+00:00,1779417468053625000,95,R,7530,7788,9037,10245,7530,7788,9037,10245,19151,23462,18442,22139,-124,-220,-16,-0.486275,-0.862745,-0.062745,1,255,c00
2026-05-22T02:37:48.053+00:00,1779417468053688000,96,R,7533,7789,9036,10247,7533,7789,9036,10247,19154,23463,18445,22138,-124,-220,-15,-0.486275,-0.862745,-0.058824,1,255,d00
2026-05-22T02:37:48.202+00:00,1779417468202169000,97,R,7535,7787,9039,10248,7535,7787,9039,10248,19158,23467,18451,22145,-126,-220,-16,-0.494118,-0.862745,-0.062745,1,255,e00
2026-05-22T02:37:48.202+00:00,1779417468202323000,98,R,7532,7790,9040,10249,7532,7790,9040,10249,19157,23467,18442,22142,-128,-220,-15,-0.501961,-0.862745,-0.058824,1,255,f00
2026-05-22T02:37:48.202+00:00,1779417468202397000,99,R,7536,7791,9039,10250,7536,7791,9039,10250,19154,23471,18449,22147,-128,-219,-14,-0.501961,-0.858824,-0.054902,1,255,000
2026-05-22T02:37:48.202+00:00,1779417468202461000,100,R,7542,7789,9050,10252,7542,7789,9050,10252,19158,23473,18451,22148,-129,-218,-12,-0.505882,-0.854902,-0.047059,1,255,100
2026-05-22T02:37:48.202+00:00,1779417468202525000,101,R,7538,7796,9042,10250,7538,7796,9042,10250,19158,23472,18450,22148,-129,-219,-13,-0.505882,-0.858824,-0.05098,1,255,200
2026-05-22T02:37:48.352+00:00,1779417468352315000,102,R,7538,7795,9043,10256,7538,7795,9043,10256,19157,23475,18450,22148,-130,-220,-13,-0.509804,-0.862745,-0.05098,1,255,300
2026-05-22T02:37:48.352+00:00,1779417468352442000,103,R,7540,7796,9044,10256,7540,7796,9044,10256,19161,23472,18455,22153,-131,-220,-13,-0.513725,-0.862745,-0.05098,1,255,400
2026-05-22T02:37:48.352+00:00,1779417468352521000,104,R,7539,7796,9045,10258,7539,7796,9045,10258,19164,23478,18458,22153,-129,-219,-14,-0.505882,-0.858824,-0.054902,1,255,500
2026-05-22T02:37:48.352+00:00,1779417468352589000,105,R,7544,7811,9051,10268,7544,7811,9051,10268,19148,23458,18452,22142,-130,-219,-14,-0.509804,-0.858824,-0.054902,1,255,b1970
2026-05-22T02:37:48.352+00:00,1779417468352652000,106,R,7547,7809,9052,10266,7547,7809,9052,10266,19151,23463,18455,22141,-130,-219,-14,-0.509804,-0.858824,-0.054902,1,255,c1970
2026-05-22T02:37:48.352+00:00,1779417468352716000,107,R,7545,7813,9055,10272,7545,7813,9055,10272,19151,23463,18456,22143,-131,-220,-15,-0.513725,-0.862745,-0.058824,1,255,d1970
2026-05-22T02:37:48.502+00:00,1779417468502711000,108,R,7547,7816,9058,10273,7547,7816,9058,10273,19152,23464,18455,22144,-130,-220,-15,-0.509804,-0.862745,-0.058824,1,255,e1970
2026-05-22T02:37:48.502+00:00,1779417468502761000,109,R,7547,7816,9057,10274,7547,7816,9057,10274,19152,23466,18457,22143,-129,-221,-15,-0.505882,-0.866667,-0.058824,1,255,f1970
2026-05-22T02:37:48.502+00:00,1779417468502777000,110,R,7555,7822,9067,10285,7555,7822,9067,10285,19165,23477,18461,22154,-126,-222,-14,-0.494118,-0.870588,-0.054902,1,255,72040
2026-05-22T02:37:48.502+00:00,1779417468502791000,111,R,7556,7825,9061,10288,7556,7825,9061,10288,19165,23477,18464,22158,-127,-221,-14,-0.498039,-0.866667,-0.054902,1,255,82040
2026-05-22T02:37:48.502+00:00,1779417468502804000,112,R,7555,7822,9065,10284,7555,7822,9065,10284,19167,23479,18464,22159,-127,-221,-14,-0.498039,-0.866667,-0.054902,1,255,92040
2026-05-22T02:37:48.651+00:00,1779417468651486000,113,R,7555,7819,9064,10280,7555,7819,9064,10280,19159,23475,18461,22160,-128,-223,-14,-0.501961,-0.87451,-0.054902,1,255,a2040
2026-05-22T02:37:48.651+00:00,1779417468651548000,114,R,7555,7818,9063,10277,7555,7818,9063,10277,19163,23475,18461,22153,-128,-222,-14,-0.501961,-0.870588,-0.054902,1,255,b2040
2026-05-22T02:37:48.651+00:00,1779417468651581000,115,R,7541,7805,9045,10255,7541,7805,9045,10255,19146,23450,18439,22121,-129,-219,-14,-0.505882,-0.858824,-0.054902,1,255,22100
2026-05-22T02:37:48.651+00:00,1779417468651608000,116,R,7539,7804,9045,10256,7539,7804,9045,10256,19141,23448,18439,22123,-130,-219,-14,-0.509804,-0.858824,-0.054902,1,255,32100
2026-05-22T02:37:48.651+00:00,1779417468651636000,117,R,7540,7800,9048,10254,7540,7800,9048,10254,19143,23447,18438,22123,-130,-219,-15,-0.509804,-0.858824,-0.058824,1,255,42100
2026-05-22T02:37:48.801+00:00,1779417468802037000,118,R,7538,7802,9044,10250,7538,7802,9044,10250,19141,23444,18438,22120,-129,-219,-16,-0.505882,-0.858824,-0.062745,1,255,52100
2026-05-22T02:37:48.802+00:00,1779417468802192000,119,R,7536,7804,9042,10251,7536,7804,9042,10251,19140,23440,18437,22118,-129,-220,-15,-0.505882,-0.862745,-0.058824,1,255,62100
2026-05-22T02:37:48.802+00:00,1779417468802270000,120,R,7533,7802,9040,10250,7533,7802,9040,10250,19133,23434,18436,22113,-128,-220,-15,-0.501961,-0.862745,-0.058824,1,255,f2180
2026-05-22T02:37:48.802+00:00,1779417468802337000,121,R,7534,7802,9037,10249,7534,7802,9037,10249,19134,23432,18438,22111,-127,-222,-15,-0.498039,-0.870588,-0.058824,1,255,02180
2026-05-22T02:37:48.802+00:00,1779417468802401000,122,R,7535,7802,9038,10249,7535,7802,9038,10249,19132,23435,18433,22113,-127,-222,-14,-0.498039,-0.870588,-0.054902,1,255,12180
2026-05-22T02:37:48.951+00:00,1779417468951966000,123,R,7534,7802,9038,10250,7534,7802,9038,10250,19132,23432,18433,22110,-127,-220,-14,-0.498039,-0.862745,-0.054902,1,255,22180
2026-05-22T02:37:48.952+00:00,1779417468952121000,124,R,7534,7800,9039,10252,7534,7800,9039,10252,19132,23434,18433,22113,-127,-221,-13,-0.498039,-0.866667,-0.05098,1,255,32180
2026-05-22T02:37:48.952+00:00,1779417468952196000,125,R,7535,7803,9042,10250,7535,7803,9042,10250,19134,23431,18438,22113,-128,-219,-13,-0.501961,-0.858824,-0.05098,1,255,42180
2026-05-22T02:37:48.952+00:00,1779417468952261000,126,R,7537,7803,9041,10254,7537,7803,9041,10254,19133,23436,18439,22119,-126,-221,-15,-0.494118,-0.866667,-0.058824,1,255,b2240
2026-05-22T02:37:48.952+00:00,1779417468952325000,127,R,7533,7804,9039,10255,7533,7804,9039,10255,19136,23436,18439,22115,-126,-221,-16,-0.494118,-0.866667,-0.062745,1,255,c2240
2026-05-22T02:37:49.101+00:00,1779417469101815000,128,R,7540,7804,9044,10258,7540,7804,9044,10258,19134,23436,18437,22118,-126,-222,-15,-0.494118,-0.870588,-0.058824,1,255,d2240
2026-05-22T02:37:49.101+00:00,1779417469101935000,129,R,7539,7808,9043,10254,7539,7808,9043,10254,19135,23437,18439,22119,-126,-223,-16,-0.494118,-0.87451,-0.062745,1,255,e2240
2026-05-22T02:37:49.102+00:00,1779417469102015000,130,R,7540,7807,9046,10260,7540,7807,9046,10260,19141,23439,18442,22125,-128,-223,-15,-0.501961,-0.87451,-0.058824,1,255,f2240
2026-05-22T02:37:49.102+00:00,1779417469102081000,131,R,7546,7816,9053,10267,7546,7816,9053,10267,19147,23450,18451,22133,-129,-220,-14,-0.505882,-0.862745,-0.054902,1,255,72310
2026-05-22T02:37:49.102+00:00,1779417469102144000,132,R,7545,7814,9052,10269,7545,7814,9052,10269,19150,23449,18451,22133,-127,-221,-15,-0.498039,-0.866667,-0.058824,1,255,82310
2026-05-22T02:37:49.102+00:00,1779417469102206000,133,R,7546,7813,9054,10272,7546,7813,9054,10272,19148,23450,18450,22134,-127,-220,-13,-0.498039,-0.862745,-0.05098,1,255,92310
2026-05-22T02:37:49.252+00:00,1779417469252594000,134,R,7549,7815,9055,10270,7549,7815,9055,10270,19148,23451,18451,22134,-126,-220,-14,-0.494118,-0.862745,-0.054902,1,255,a2310
2026-05-22T02:37:49.252+00:00,1779417469252745000,135,R,7549,7816,9054,10273,7549,7816,9054,10273,19150,23455,18454,22137,-127,-219,-13,-0.498039,-0.858824,-0.05098,1,255,b2310
2026-05-22T02:37:49.252+00:00,1779417469252821000,136,R,7556,7820,9060,10279,7556,7820,9060,10279,19156,23459,18455,22145,-120,-223,-16,-0.470588,-0.87451,-0.062745,1,255,12360
2026-05-22T02:37:49.252+00:00,1779417469252888000,137,R,7555,7821,9061,10280,7555,7821,9061,10280,19158,23459,18454,22147,-122,-223,-16,-0.478431,-0.87451,-0.062745,1,255,22360
2026-05-22T02:37:49.252+00:00,1779417469252952000,138,R,7554,7820,9062,10281,7554,7820,9062,10281,19165,23464,18455,22147,-123,-223,-15,-0.482353,-0.87451,-0.058824,1,255,32360
2026-05-22T02:37:49.402+00:00,1779417469402406000,139,R,7559,7821,9063,10282,7559,7821,9063,10282,19166,23464,18458,22150,-126,-223,-15,-0.494118,-0.87451,-0.058824,1,255,42360
2026-05-22T02:37:49.402+00:00,1779417469402509000,140,R,7559,7824,9062,10285,7559,7824,9062,10285,19166,23462,18457,22145,-127,-222,-16,-0.498039,-0.870588,-0.062745,1,255,52360
2026-05-22T02:37:49.402+00:00,1779417469402539000,141,R,7567,7824,9068,10288,7567,7824,9068,10288,19176,23471,18456,22155,-123,-223,-19,-0.482353,-0.87451,-0.07451,1,255,e2440
2026-05-22T02:37:49.402+00:00,1779417469402566000,142,R,7564,7823,9068,10285,7564,7823,9068,10285,19174,23470,18456,22150,-125,-222,-19,-0.490196,-0.870588,-0.07451,1,255,f2440
2026-05-22T02:37:49.402+00:00,1779417469402592000,143,R,7561,7816,9064,10281,7561,7816,9064,10281,19171,23469,18453,22144,-127,-222,-19,-0.498039,-0.870588,-0.07451,1,255,02440
2026-05-22T02:37:49.552+00:00,1779417469552535000,144,R,7559,7818,9062,10277,7559,7818,9062,10277,19163,23466,18447,22139,-127,-221,-20,-0.498039,-0.866667,-0.078431,1,255,12440
2026-05-22T02:37:49.552+00:00,1779417469552684000,145,R,7555,7813,9059,10269,7555,7813,9059,10269,19162,23460,18447,22134,-127,-222,-20,-0.498039,-0.870588,-0.078431,1,255,22440
2026-05-22T02:37:49.552+00:00,1779417469552757000,146,R,7546,7804,9049,10253,7546,7804,9049,10253,19140,23438,18426,22108,-127,-220,-22,-0.498039,-0.862745,-0.086275,1,255,a2510
2026-05-22T02:37:49.552+00:00,1779417469552824000,147,R,7546,7799,9046,10249,7546,7799,9046,10249,19142,23436,18423,22108,-126,-219,-23,-0.494118,-0.858824,-0.090196,1,255,b2510
2026-05-22T02:37:49.552+00:00,1779417469552888000,148,R,7543,7796,9044,10245,7543,7796,9044,10245,19141,23438,18421,22104,-125,-220,-24,-0.490196,-0.862745,-0.094118,1,255,c2510
2026-05-22T02:37:49.702+00:00,1779417469702737000,149,R,7543,7794,9043,10247,7543,7794,9043,10247,19138,23431,18421,22100,-123,-219,-24,-0.482353,-0.858824,-0.094118,1,255,d2510
2026-05-22T02:37:49.702+00:00,1779417469702899000,150,R,7543,7798,9043,10245,7543,7798,9043,10245,19136,23430,18417,22098,-123,-220,-25,-0.482353,-0.862745,-0.098039,1,255,e2510
2026-05-22T02:37:49.703+00:00,1779417469703261000,151,R,7544,7795,9041,10243,7544,7795,9041,10243,19139,23427,18416,22097,-119,-219,-24,-0.466667,-0.858824,-0.094118,1,255,f2510
2026-05-22T02:37:49.703+00:00,1779417469703338000,152,R,7555,7802,9026,10252,7555,7802,9026,10252,19175,23393,18418,22105,-130,-222,-24,-0.509804,-0.870588,-0.094118,1,255,62570
2026-05-22T02:37:49.703+00:00,1779417469703404000,153,R,7557,7797,9029,10253,7557,7797,9029,10253,19176,23389,18425,22108,-128,-223,-26,-0.501961,-0.87451,-0.101961,1,255,72570
2026-05-22T02:37:50.003+00:00,1779417470003250000,154,R,7560,7801,9028,10255,7560,7801,9028,10255,19180,23385,18421,22108,-126,-222,-29,-0.494118,-0.870588,-0.113725,1,255,82570
2026-05-22T02:37:50.003+00:00,1779417470003405000,155,R,7560,7801,9030,10254,7560,7801,9030,10254,19187,23384,18420,22109,-126,-222,-28,-0.494118,-0.870588,-0.109804,1,255,92570
2026-05-22T02:37:50.003+00:00,1779417470003478000,156,R,7564,7801,9032,10254,7564,7801,9032,10254,19187,23385,18423,22110,-125,-222,-31,-0.490196,-0.870588,-0.121569,1,255,a2570
2026-05-22T02:37:50.003+00:00,1779417470003544000,157,R,7636,7829,9092,10287,7636,7829,9092,10287,19303,23458,18455,22142,-132,-218,-32,-0.517647,-0.854902,-0.12549,1,255,22640
2026-05-22T02:37:50.003+00:00,1779417470003608000,158,R,7652,7832,9100,10297,7652,7832,9100,10297,19338,23466,18461,22157,-133,-221,-32,-0.521569,-0.866667,-0.12549,1,255,32640
2026-05-22T02:37:50.003+00:00,1779417470003671000,159,R,7672,7837,9113,10305,7672,7837,9113,10305,19365,23488,18463,22169,-132,-219,-32,-0.517647,-0.858824,-0.12549,1,255,42640
2026-05-22T02:37:50.151+00:00,1779417470151880000,160,R,7685,7837,9120,10312,7685,7837,9120,10312,19389,23494,18462,22178,-130,-219,-32,-0.509804,-0.858824,-0.12549,1,255,52640
2026-05-22T02:37:50.152+00:00,1779417470152032000,161,R,7693,7838,9126,10316,7693,7838,9126,10316,19409,23500,18465,22189,-129,-219,-32,-0.505882,-0.858824,-0.12549,1,255,62640
2026-05-22T02:37:50.152+00:00,1779417470152106000,162,R,7635,7851,9106,10305,7635,7851,9106,10305,19312,23485,18494,22155,-126,-221,-30,-0.494118,-0.866667,-0.117647,1,255,e2710
2026-05-22T02:37:50.152+00:00,1779417470152173000,163,R,7620,7853,9099,10301,7620,7853,9099,10301,19282,23483,18493,22154,-128,-215,-32,-0.501961,-0.843137,-0.12549,1,255,f2710
2026-05-22T02:37:50.152+00:00,1779417470152236000,164,R,7606,7851,9093,10300,7606,7851,9093,10300,19259,23478,18496,22149,-129,-215,-31,-0.505882,-0.843137,-0.121569,1,255,02710
2026-05-22T02:37:50.301+00:00,1779417470301557000,165,R,7597,7852,9088,10299,7597,7852,9088,10299,19237,23473,18492,22143,-128,-215,-29,-0.501961,-0.843137,-0.113725,1,255,12710
2026-05-22T02:37:50.301+00:00,1779417470301606000,166,R,7587,7849,9085,10295,7587,7849,9085,10295,19217,23472,18492,22144,-121,-221,-27,-0.47451,-0.866667,-0.105882,1,255,22710
2026-05-22T02:37:50.301+00:00,1779417470301622000,167,R,7564,7833,9084,10304,7564,7833,9084,10304,19170,23484,18463,22162,-134,-216,-32,-0.52549,-0.847059,-0.12549,1,255,92770
2026-05-22T02:37:50.301+00:00,1779417470301635000,168,R,7566,7831,9090,10306,7566,7831,9090,10306,19171,23487,18458,22161,-132,-218,-31,-0.517647,-0.854902,-0.121569,1,255,a2770
2026-05-22T02:37:50.301+00:00,1779417470301648000,169,R,7572,7831,9088,10310,7572,7831,9088,10310,19178,23491,18457,22164,-131,-220,-32,-0.513725,-0.862745,-0.12549,1,255,b2770
2026-05-22T02:37:50.451+00:00,1779417470451436000,170,R,7576,7831,9089,10309,7576,7831,9089,10309,19183,23486,18454,22164,-126,-222,-30,-0.494118,-0.870588,-0.117647,1,255,c2770
2026-05-22T02:37:50.451+00:00,1779417470451496000,171,R,7582,7831,9092,10311,7582,7831,9092,10311,19191,23493,18453,22172,-126,-223,-30,-0.494118,-0.87451,-0.117647,1,255,d2770
2026-05-22T02:37:50.451+00:00,1779417470451529000,172,R,7593,7828,9095,10307,7593,7828,9095,10307,19211,23481,18449,22167,-128,-220,-28,-0.501961,-0.862745,-0.109804,0,79,62850
2026-05-22T02:37:50.451+00:00,1779417470451552000,173,R,7591,7828,9089,10307,7591,7828,9089,10307,19212,23479,18442,22161,-128,-221,-28,-0.501961,-0.866667,-0.109804,0,79,72850
2026-05-22T02:37:50.451+00:00,1779417470451573000,174,R,7587,7820,9088,10296,7587,7820,9088,10296,19205,23473,18442,22159,-127,-220,-27,-0.498039,-0.862745,-0.105882,0,79,82850
2026-05-22T02:37:50.601+00:00,1779417470601924000,175,R,7589,7821,9084,10295,7589,7821,9084,10295,19204,23470,18434,22150,-126,-219,-28,-0.494118,-0.858824,-0.109804,0,79,92850
2026-05-22T02:37:50.601+00:00,1779417470601971000,176,R,7586,7816,9081,10292,7586,7816,9081,10292,19201,23468,18432,22146,-126,-219,-27,-0.494118,-0.858824,-0.105882,0,79,a2850
2026-05-22T02:37:50.601+00:00,1779417470601993000,177,R,7585,7815,9082,10287,7585,7815,9082,10287,19203,23466,18427,22144,-123,-218,-28,-0.482353,-0.854902,-0.109804,0,79,b2850
2026-05-22T02:37:50.602+00:00,1779417470602013000,178,R,7578,7803,9077,10277,7578,7803,9077,10277,19187,23464,18409,22126,-128,-219,-25,-0.501961,-0.858824,-0.098039,0,79,12900
2026-05-22T02:37:50.602+00:00,1779417470602032000,179,R,7575,7800,9075,10273,7575,7800,9075,10273,19187,23461,18406,22126,-130,-219,-25,-0.509804,-0.858824,-0.098039,0,79,22900
2026-05-22T02:37:50.602+00:00,1779417470602048000,180,R,7576,7802,9079,10283,7576,7802,9079,10283,19184,23459,18406,22121,-130,-218,-25,-0.509804,-0.854902,-0.098039,0,79,32900
2026-05-22T02:37:50.753+00:00,1779417470753353000,181,R,7571,7799,9074,10273,7571,7799,9074,10273,19186,23454,18400,22120,-130,-220,-24,-0.509804,-0.862745,-0.094118,0,79,42900
2026-05-22T02:37:50.753+00:00,1779417470753538000,182,R,7573,7798,9073,10271,7573,7798,9073,10271,19180,23455,18403,22118,-130,-221,-24,-0.509804,-0.866667,-0.094118,0,79,52900
2026-05-22T02:37:50.753+00:00,1779417470753614000,183,R,7571,7796,9072,10267,7571,7796,9072,10267,19182,23453,18403,22118,-129,-221,-23,-0.505882,-0.866667,-0.090196,0,79,c2960
2026-05-22T02:37:50.753+00:00,1779417470753682000,184,R,7571,7799,9072,10266,7571,7799,9072,10266,19177,23449,18404,22112,-129,-220,-22,-0.505882,-0.862745,-0.086275,0,79,d2960
2026-05-22T02:37:50.753+00:00,1779417470753747000,185,R,7574,7800,9071,10268,7574,7800,9071,10268,19178,23451,18405,22115,-129,-220,-23,-0.505882,-0.862745,-0.090196,0,79,e2960
2026-05-22T02:37:50.902+00:00,1779417470902392000,186,R,7575,7797,9078,10268,7575,7797,9078,10268,19176,23449,18402,22112,-128,-220,-24,-0.501961,-0.862745,-0.094118,0,79,f2960
2026-05-22T02:37:50.902+00:00,1779417470902531000,187,R,7570,7800,9071,10268,7570,7800,9071,10268,19171,23447,18404,22110,-127,-219,-24,-0.498039,-0.858824,-0.094118,0,79,02960
2026-05-22T02:37:50.902+00:00,1779417470902615000,188,R,7571,7810,9072,10275,7571,7810,9072,10275,19172,23451,18421,22119,-129,-220,-25,-0.505882,-0.862745,-0.098039,0,79,a3050
2026-05-22T02:37:50.902+00:00,1779417470902681000,189,R,7567,7810,9069,10275,7567,7810,9069,10275,19174,23452,18423,22120,-130,-219,-25,-0.509804,-0.858824,-0.098039,0,79,b3050
2026-05-22T02:37:50.902+00:00,1779417470902746000,190,R,7572,7811,9075,10276,7572,7811,9075,10276,19172,23456,18423,22117,-129,-219,-26,-0.505882,-0.858824,-0.101961,0,79,c3050
2026-05-22T02:37:51.051+00:00,1779417471051837000,191,R,7572,7813,9073,10277,7572,7813,9073,10277,19174,23453,18423,22119,-127,-219,-26,-0.498039,-0.858824,-0.101961,0,79,d3050
2026-05-22T02:37:51.051+00:00,1779417471051983000,192,R,7572,7815,9074,10277,7572,7815,9074,10277,19173,23454,18422,22122,-127,-219,-26,-0.498039,-0.858824,-0.101961,0,79,e3050
2026-05-22T02:37:51.052+00:00,1779417471052058000,193,R,7573,7813,9077,10279,7573,7813,9077,10279,19175,23456,18425,22123,-128,-220,-26,-0.501961,-0.862745,-0.101961,0,79,f3050
2026-05-22T02:37:51.052+00:00,1779417471052149000,194,R,7575,7822,9078,10287,7575,7822,9078,10287,19180,23459,18430,22130,-128,-220,-24,-0.501961,-0.862745,-0.094118,0,78,63110
2026-05-22T02:37:51.052+00:00,1779417471052229000,195,R,7581,7819,9083,10290,7581,7819,9083,10290,19179,23461,18432,22135,-129,-218,-24,-0.505882,-0.854902,-0.094118,0,78,73110
2026-05-22T02:37:51.201+00:00,1779417471201991000,196,R,7577,7823,9082,10288,7577,7823,9082,10288,19181,23461,18432,22133,-129,-219,-25,-0.505882,-0.858824,-0.098039,0,78,83110
2026-05-22T02:37:51.202+00:00,1779417471202372000,197,R,7580,7824,9083,10289,7580,7824,9083,10289,19181,23465,18435,22133,-128,-220,-24,-0.501961,-0.862745,-0.094118,0,78,93110
2026-05-22T02:37:51.202+00:00,1779417471202456000,198,R,7580,7822,9081,10291,7580,7822,9081,10291,19184,23462,18435,22138,-127,-221,-25,-0.498039,-0.866667,-0.098039,0,78,a3110
2026-05-22T02:37:51.202+00:00,1779417471202524000,199,R,7584,7830,9089,10304,7584,7830,9089,10304,19189,23470,18442,22147,-129,-219,-24,-0.505882,-0.858824,-0.094118,0,78,23180
2026-05-22T02:37:51.202+00:00,1779417471202589000,200,R,7592,7830,9099,10305,7592,7830,9099,10305,19189,23477,18445,22148,-130,-219,-24,-0.509804,-0.858824,-0.094118,0,78,33180
2026-05-22T02:37:51.202+00:00,1779417471202652000,201,R,7585,7832,9093,10303,7585,7832,9093,10303,19192,23478,18446,22148,-130,-220,-24,-0.509804,-0.862745,-0.094118,0,78,43180
2026-05-22T02:37:51.501+00:00,1779417471502017000,202,R,7587,7833,9091,10307,7587,7833,9091,10307,19194,23482,18446,22147,-130,-219,-24,-0.509804,-0.858824,-0.094118,0,78,53180
2026-05-22T02:37:51.502+00:00,1779417471502165000,203,R,7588,7835,9092,10308,7588,7835,9092,10308,19193,23481,18447,22153,-127,-222,-24,-0.498039,-0.870588,-0.094118,0,78,63180
2026-05-22T02:37:51.502+00:00,1779417471502239000,204,R,7580,7823,9083,10290,7580,7823,9083,10290,19185,23464,18439,22136,-130,-220,-25,-0.509804,-0.862745,-0.098039,0,78,e3250
2026-05-22T02:37:51.502+00:00,1779417471502306000,205,R,7574,7817,9078,10283,7574,7817,9078,10283,19182,23466,18432,22130,-129,-219,-25,-0.505882,-0.858824,-0.098039,0,78,f3250
2026-05-22T02:37:51.502+00:00,1779417471502371000,206,R,7579,7821,9082,10288,7579,7821,9082,10288,19179,23463,18430,22124,-128,-219,-26,-0.501961,-0.858824,-0.101961,0,78,03250
2026-05-22T02:37:51.799+00:00,1779417471799179000,207,R,7575,7817,9078,10281,7575,7817,9078,10281,19180,23460,18427,22124,-128,-221,-25,-0.501961,-0.866667,-0.098039,0,78,13250
2026-05-22T02:37:51.799+00:00,1779417471799292000,208,R,7577,7818,9079,10281,7577,7818,9079,10281,19178,23458,18427,22121,-126,-220,-25,-0.494118,-0.862745,-0.098039,0,78,23250
2026-05-22T02:37:51.799+00:00,1779417471799362000,209,R,7565,7812,9068,10268,7565,7812,9068,10268,19163,23444,18419,22102,-127,-220,-25,-0.498039,-0.862745,-0.098039,0,78,a3320
2026-05-22T02:37:51.799+00:00,1779417471799425000,210,R,7571,7814,9069,10270,7571,7814,9069,10270,19156,23438,18416,22100,-128,-220,-25,-0.501961,-0.862745,-0.098039,0,78,b3320
2026-05-22T02:37:51.799+00:00,1779417471799488000,211,R,7565,7813,9067,10269,7565,7813,9067,10269,19162,23440,18418,22103,-127,-222,-24,-0.498039,-0.870588,-0.094118,0,78,c3320
2026-05-22T02:37:52.099+00:00,1779417472099138000,212,R,7566,7811,9068,10269,7566,7811,9068,10269,19161,23439,18421,22102,-127,-222,-25,-0.498039,-0.870588,-0.098039,0,78,d3320
2026-05-22T02:37:52.099+00:00,1779417472099177000,213,R,7568,7814,9067,10270,7568,7814,9067,10270,19164,23435,18419,22103,-126,-219,-26,-0.494118,-0.858824,-0.101961,0,78,e3320
2026-05-22T02:37:52.099+00:00,1779417472099194000,214,R,7569,7816,9067,10270,7569,7816,9067,10270,19166,23436,18424,22103,-127,-218,-25,-0.498039,-0.854902,-0.098039,0,78,f3320
2026-05-22T02:37:52.099+00:00,1779417472099209000,215,R,7581,7821,9069,10269,7581,7821,9069,10269,19189,23433,18428,22099,-125,-217,-25,-0.490196,-0.85098,-0.098039,0,78,53370
2026-05-22T02:37:52.099+00:00,1779417472099223000,216,R,7580,7823,9068,10269,7580,7823,9068,10269,19194,23431,18431,22099,-125,-218,-23,-0.490196,-0.854902,-0.090196,0,78,63370
2026-05-22T02:37:52.250+00:00,1779417472251012000,217,R,7585,7826,9072,10270,7585,7826,9072,10270,19202,23436,18434,22101,-126,-218,-26,-0.494118,-0.854902,-0.101961,0,78,73370
2026-05-22T02:37:52.251+00:00,1779417472251160000,218,R,7588,7825,9077,10273,7588,7825,9077,10273,19210,23436,18437,22101,-125,-220,-25,-0.490196,-0.862745,-0.098039,0,78,83370
2026-05-22T02:37:52.251+00:00,1779417472251233000,219,R,7594,7832,9077,10276,7594,7832,9077,10276,19218,23434,18441,22102,-129,-218,-27,-0.505882,-0.854902,-0.105882,0,78,93370
2026-05-22T02:37:52.251+00:00,1779417472251298000,220,R,7626,7850,9097,10297,7626,7850,9097,10297,19275,23451,18462,22123,-130,-218,-28,-0.509804,-0.854902,-0.109804,0,78,13440
2026-05-22T02:37:52.251+00:00,1779417472251362000,221,R,7628,7851,9102,10300,7628,7851,9102,10300,19278,23450,18466,22127,-130,-217,-29,-0.509804,-0.85098,-0.113725,0,78,23440
2026-05-22T02:37:52.251+00:00,1779417472251424000,222,R,7629,7852,9101,10301,7629,7852,9101,10301,19277,23453,18469,22127,-132,-218,-28,-0.517647,-0.854902,-0.109804,0,78,33440
2026-05-22T02:37:52.549+00:00,1779417472549955000,223,R,7627,7854,9101,10305,7627,7854,9101,10305,19278,23460,18472,22132,-132,-220,-26,-0.517647,-0.862745,-0.101961,0,78,43440
2026-05-22T02:37:52.550+00:00,1779417472550107000,224,R,7628,7851,9102,10302,7628,7851,9102,10302,19276,23461,18469,22131,-133,-217,-28,-0.521569,-0.85098,-0.109804,0,78,53440
2026-05-22T02:37:52.550+00:00,1779417472550185000,225,R,7562,7841,9085,10301,7562,7841,9085,10301,19149,23466,18465,22130,-131,-219,-25,-0.513725,-0.858824,-0.098039,0,78,d3510
2026-05-22T02:37:52.550+00:00,1779417472550694000,226,R,7563,7839,9088,10296,7563,7839,9088,10296,19151,23466,18458,22131,-120,-203,-29,-0.470588,-0.796078,-0.113725,0,78,e3510
2026-05-22T02:37:52.550+00:00,1779417472550793000,227,R,7568,7835,9090,10301,7568,7835,9090,10301,19157,23468,18451,22129,-131,-211,-23,-0.513725,-0.827451,-0.090196,0,78,f3510
2026-05-22T02:37:52.552+00:00,1779417472552393000,228,R,7573,7839,9087,10303,7573,7839,9087,10303,19161,23466,18454,22135,-139,-216,-20,-0.545098,-0.847059,-0.078431,0,78,03510
2026-05-22T02:37:52.552+00:00,1779417472552475000,229,R,7575,7839,9092,10305,7575,7839,9092,10305,19167,23467,18453,22141,-137,-218,-21,-0.537255,-0.854902,-0.082353,0,78,13510
2026-05-22T02:37:52.552+00:00,1779417472552543000,230,R,7597,7837,9107,10317,7597,7837,9107,10317,19201,23477,18440,22157,-128,-218,-22,-0.501961,-0.854902,-0.086275,0,78,93580
2026-05-22T02:37:52.552+00:00,1779417472552606000,231,R,7601,7836,9105,10319,7601,7836,9105,10319,19205,23478,18441,22161,-130,-218,-21,-0.509804,-0.854902,-0.082353,0,78,a3580
2026-05-22T02:37:52.552+00:00,1779417472552669000,232,R,7603,7837,9108,10323,7603,7837,9108,10323,19209,23485,18439,22164,-135,-220,-19,-0.529412,-0.862745,-0.07451,0,78,b3580
2026-05-22T02:37:52.848+00:00,1779417472848928000,233,R,7600,7834,9110,10322,7600,7834,9110,10322,19204,23485,18438,22164,-133,-219,-22,-0.521569,-0.858824,-0.086275,0,78,c3580
2026-05-22T02:37:52.849+00:00,1779417472849037000,234,R,7603,7831,9111,10325,7603,7831,9111,10325,19207,23488,18430,22165,-128,-221,-22,-0.501961,-0.866667,-0.086275,0,78,d3580
2026-05-22T02:37:52.849+00:00,1779417472849091000,235,R,7601,7828,9109,10316,7601,7828,9109,10316,19206,23490,18426,22163,-127,-221,-22,-0.498039,-0.866667,-0.086275,0,78,e3580
2026-05-22T02:37:52.849+00:00,1779417472849139000,236,R,7580,7814,9090,10286,7580,7814,9090,10286,19173,23467,18404,22122,-127,-220,-22,-0.498039,-0.862745,-0.086275,0,78,43630
2026-05-22T02:37:52.849+00:00,1779417472849185000,237,R,7577,7812,9089,10283,7577,7812,9089,10283,19170,23463,18409,22117,-128,-218,-21,-0.501961,-0.854902,-0.082353,0,78,53630
2026-05-22T02:37:52.999+00:00,1779417472999775000,238,R,7577,7813,9087,10283,7577,7813,9087,10283,19166,23461,18403,22115,-130,-217,-22,-0.509804,-0.85098,-0.086275,0,78,63630
2026-05-22T02:37:52.999+00:00,1779417472999923000,239,R,7574,7813,9086,10282,7574,7813,9086,10282,19166,23461,18402,22111,-131,-220,-21,-0.513725,-0.862745,-0.082353,0,78,73630
2026-05-22T02:37:52.999+00:00,1779417472999996000,240,R,7574,7809,9088,10281,7574,7809,9088,10281,19162,23454,18402,22112,-129,-219,-21,-0.505882,-0.858824,-0.082353,0,78,83630
2026-05-22T02:37:53.000+00:00,1779417473000061000,241,R,7567,7810,9079,10275,7567,7810,9079,10275,19148,23445,18402,22105,-122,-222,-23,-0.478431,-0.870588,-0.090196,0,78,13710
2026-05-22T02:37:53.000+00:00,1779417473000123000,242,R,7563,7811,9081,10277,7563,7811,9081,10277,19144,23451,18405,22102,-126,-226,-21,-0.494118,-0.886275,-0.082353,0,78,23710
2026-05-22T02:37:53.000+00:00,1779417473000186000,243,R,7558,7818,9082,10279,7558,7818,9082,10279,19132,23454,18409,22105,-124,-224,-22,-0.486275,-0.878431,-0.086275,0,78,33710
2026-05-22T02:37:53.151+00:00,1779417473151813000,244,R,7550,7817,9083,10280,7550,7817,9083,10280,19127,23459,18417,22106,-125,-222,-22,-0.490196,-0.870588,-0.086275,0,78,43710
2026-05-22T02:37:53.151+00:00,1779417473151962000,245,R,7550,7816,9084,10282,7550,7816,9084,10282,19123,23461,18417,22105,-128,-216,-22,-0.501961,-0.847059,-0.086275,0,78,53710
2026-05-22T02:37:53.152+00:00,1779417473152040000,246,R,7532,7830,9071,10288,7532,7830,9071,10288,19091,23454,18436,22105,-124,-219,-24,-0.486275,-0.858824,-0.094118,0,78,d3780
2026-05-22T02:37:53.152+00:00,1779417473152108000,247,R,7532,7834,9072,10287,7532,7834,9072,10287,19095,23459,18440,22111,-125,-221,-24,-0.490196,-0.866667,-0.094118,0,78,e3780
2026-05-22T02:37:53.152+00:00,1779417473152171000,248,R,7534,7833,9074,10287,7534,7833,9074,10287,19101,23455,18445,22110,-123,-220,-24,-0.482353,-0.862745,-0.094118,0,78,f3780
2026-05-22T02:37:53.301+00:00,1779417473301933000,249,R,7539,7835,9075,10287,7539,7835,9075,10287,19104,23458,18444,22105,-127,-219,-24,-0.498039,-0.858824,-0.094118,0,78,03780
2026-05-22T02:37:53.302+00:00,1779417473302073000,250,R,7541,7835,9077,10286,7541,7835,9077,10286,19113,23460,18441,22103,-130,-220,-23,-0.509804,-0.862745,-0.090196,0,78,13780
2026-05-22T02:37:53.302+00:00,1779417473302149000,251,R,7597,7843,9108,10297,7597,7843,9108,10297,19207,23495,18443,22107,-130,-215,-24,-0.509804,-0.843137,-0.094118,0,78,83840
2026-05-22T02:37:53.302+00:00,1779417473302214000,252,R,7614,7850,9119,10302,7614,7850,9119,10302,19244,23504,18451,22114,-135,-223,-25,-0.529412,-0.87451,-0.098039,0,78,93840
2026-05-22T02:37:53.302+00:00,1779417473302279000,253,R,7630,7856,9132,10308,7630,7856,9132,10308,19275,23519,18458,22121,-133,-218,-25,-0.521569,-0.854902,-0.098039,0,78,a3840
2026-05-22T02:37:53.451+00:00,1779417473451958000,254,R,7647,7859,9138,10312,7647,7859,9138,10312,19306,23532,18462,22130,-130,-221,-26,-0.509804,-0.866667,-0.101961,0,78,b3840
2026-05-22T02:37:53.452+00:00,1779417473452102000,255,R,7663,7861,9149,10317,7663,7861,9149,10317,19335,23540,18461,22139,-130,-220,-27,-0.509804,-0.862745,-0.105882,0,78,c3840
2026-05-22T02:37:53.452+00:00,1779417473452176000,256,R,7675,7860,9161,10322,7675,7860,9161,10322,19359,23552,18463,22152,-132,-213,-29,-0.517647,-0.835294,-0.113725,0,78,d3840
2026-05-22T02:37:53.452+00:00,1779417473452243000,257,R,7692,7875,9161,10343,7692,7875,9161,10343,19397,23533,18482,22186,-124,-220,-27,-0.486275,-0.862745,-0.105882,0,78,43900
2026-05-22T02:37:53.452+00:00,1779417473452307000,258,R,7657,7878,9140,10335,7657,7878,9140,10335,19338,23513,18491,22167,-135,-230,-27,-0.529412,-0.901961,-0.105882,0,77,53900
2026-05-22T02:37:53.602+00:00,1779417473602442000,259,R,7633,7878,9125,10335,7633,7878,9125,10335,19285,23493,18500,22164,-128,-222,-26,-0.501961,-0.870588,-0.101961,0,77,63900
2026-05-22T02:37:53.602+00:00,1779417473602589000,260,R,7624,7870,9117,10333,7624,7870,9117,10333,19258,23486,18490,22165,-128,-216,-24,-0.501961,-0.847059,-0.094118,0,77,73900
2026-05-22T02:37:53.602+00:00,1779417473602665000,261,R,7611,7865,9110,10328,7611,7865,9110,10328,19235,23475,18484,22166,-128,-216,-25,-0.501961,-0.847059,-0.098039,0,77,83900
2026-05-22T02:37:53.602+00:00,1779417473602731000,262,R,7596,7849,9116,10331,7596,7849,9116,10331,19189,23495,18451,22169,-124,-221,-24,-0.486275,-0.866667,-0.094118,0,77,13980
2026-05-22T02:37:53.602+00:00,1779417473602795000,263,R,7598,7846,9117,10330,7598,7846,9117,10330,19190,23491,18447,22167,-126,-223,-24,-0.494118,-0.87451,-0.094118,0,77,23980
2026-05-22T02:37:53.602+00:00,1779417473602858000,264,R,7597,7841,9111,10322,7597,7841,9111,10322,19195,23490,18445,22162,-128,-221,-24,-0.501961,-0.866667,-0.094118,0,77,33980
2026-05-22T02:37:53.902+00:00,1779417473902166000,265,R,7599,7838,9109,10320,7599,7838,9109,10320,19189,23483,18440,22156,-128,-222,-25,-0.501961,-0.870588,-0.098039,0,77,43980
2026-05-22T02:37:53.902+00:00,1779417473902323000,266,R,7595,7834,9107,10315,7595,7834,9107,10315,19191,23480,18433,22151,-130,-218,-23,-0.509804,-0.854902,-0.090196,0,77,53980
2026-05-22T02:37:53.902+00:00,1779417473902398000,267,R,7586,7816,9100,10301,7586,7816,9100,10301,19180,23472,18402,22137,-129,-219,-24,-0.505882,-0.858824,-0.094118,0,77,d4050
2026-05-22T02:37:53.902+00:00,1779417473902464000,268,R,7581,7812,9103,10292,7581,7812,9103,10292,19173,23470,18400,22127,-131,-214,-25,-0.513725,-0.839216,-0.098039,0,77,e4050
2026-05-22T02:37:53.902+00:00,1779417473902526000,269,R,7582,7813,9098,10294,7582,7813,9098,10294,19167,23468,18395,22125,-127,-220,-23,-0.498039,-0.862745,-0.090196,0,77,f4050
2026-05-22T02:37:54.051+00:00,1779417474051032000,270,R,7579,7810,9096,10292,7579,7810,9096,10292,19164,23464,18395,22120,-128,-219,-24,-0.501961,-0.858824,-0.094118,0,77,04050
2026-05-22T02:37:54.051+00:00,1779417474051143000,271,R,7575,7808,9095,10289,7575,7808,9095,10289,19163,23462,18393,22119,-129,-220,-24,-0.505882,-0.862745,-0.094118,0,77,14050
2026-05-22T02:37:54.051+00:00,1779417474051217000,272,R,7577,7811,9094,10287,7577,7811,9094,10287,19160,23457,18392,22114,-129,-222,-21,-0.505882,-0.870588,-0.082353,0,77,94120
2026-05-22T02:37:54.051+00:00,1779417474051443000,273,R,7568,7808,9083,10281,7568,7808,9083,10281,19159,23460,18393,22117,-126,-222,-22,-0.494118,-0.870588,-0.086275,0,77,a4120
2026-05-22T02:37:54.051+00:00,1779417474051527000,274,R,7575,7810,9094,10289,7575,7810,9094,10289,19161,23459,18391,22112,-128,-220,-22,-0.501961,-0.862745,-0.086275,0,77,b4120
2026-05-22T02:37:54.347+00:00,1779417474347509000,275,R,7573,7810,9091,10287,7573,7810,9091,10287,19158,23457,18396,22116,-129,-217,-22,-0.505882,-0.85098,-0.086275,0,77,c4120
2026-05-22T02:37:54.347+00:00,1779417474347673000,276,R,7575,7811,9090,10287,7575,7811,9090,10287,19156,23455,18392,22111,-124,-219,-23,-0.486275,-0.858824,-0.090196,0,77,d4120
2026-05-22T02:37:54.347+00:00,1779417474347749000,277,R,7572,7812,9089,10286,7572,7812,9089,10286,19151,23451,18395,22113,-127,-220,-21,-0.498039,-0.862745,-0.082353,0,77,e4120
2026-05-22T02:37:54.347+00:00,1779417474347814000,278,R,7559,7817,9087,10292,7559,7817,9087,10292,19133,23451,18409,22115,-128,-218,-23,-0.501961,-0.854902,-0.090196,0,77,54180
2026-05-22T02:37:54.347+00:00,1779417474347877000,279,R,7561,7820,9087,10293,7561,7820,9087,10293,19131,23446,18409,22119,-128,-220,-23,-0.501961,-0.862745,-0.090196,0,77,64180
2026-05-22T02:37:54.347+00:00,1779417474347946000,280,R,7559,7822,9082,10295,7559,7822,9082,10295,19128,23439,18416,22121,-129,-221,-24,-0.505882,-0.866667,-0.094118,0,77,74180
2026-05-22T02:37:54.353+00:00,1779417474353994000,281,R,7554,7826,9080,10299,7554,7826,9080,10299,19124,23441,18420,22122,-128,-220,-23,-0.501961,-0.862745,-0.090196,0,77,84180
2026-05-22T02:37:54.354+00:00,1779417474354073000,282,R,7552,7828,9075,10299,7552,7828,9075,10299,19122,23435,18422,22122,-127,-220,-24,-0.498039,-0.862745,-0.094118,0,77,94180
2026-05-22T02:37:54.354+00:00,1779417474354138000,283,R,7560,7832,9022,10324,7560,7832,9022,10324,19130,23332,18434,22191,-129,-219,-23,-0.505882,-0.858824,-0.090196,0,77,f4230
2026-05-22T02:37:54.354+00:00,1779417474354201000,284,R,7563,7831,9015,10328,7563,7831,9015,10328,19137,23321,18431,22206,-127,-220,-23,-0.498039,-0.862745,-0.090196,0,77,04230
2026-05-22T02:37:54.354+00:00,1779417474354263000,285,R,7563,7828,9010,10335,7563,7828,9010,10335,19137,23309,18429,22217,-126,-222,-23,-0.494118,-0.870588,-0.090196,0,77,14230
2026-05-22T02:37:54.501+00:00,1779417474501867000,286,R,7563,7827,9009,10335,7563,7827,9009,10335,19139,23298,18426,22229,-127,-220,-24,-0.498039,-0.862745,-0.094118,0,77,24230
2026-05-22T02:37:54.502+00:00,1779417474502017000,287,R,7572,7827,9008,10344,7572,7827,9008,10344,19145,23296,18425,22234,-128,-220,-25,-0.501961,-0.862745,-0.098039,0,77,34230
2026-05-22T02:37:54.502+00:00,1779417474502091000,288,R,7590,7825,9081,10330,7590,7825,9081,10330,19172,23421,18407,22182,-128,-218,-25,-0.501961,-0.854902,-0.098039,0,77,d4320
2026-05-22T02:37:54.502+00:00,1779417474502158000,289,R,7589,7824,9084,10324,7589,7824,9084,10324,19179,23436,18411,22181,-131,-217,-23,-0.513725,-0.85098,-0.090196,0,77,e4320
2026-05-22T02:37:54.502+00:00,1779417474502223000,290,R,7593,7828,9095,10330,7593,7828,9095,10330,19181,23446,18411,22176,-131,-217,-22,-0.513725,-0.85098,-0.086275,0,77,f4320
2026-05-22T02:37:54.651+00:00,1779417474651946000,291,R,7594,7828,9099,10333,7594,7828,9099,10333,19183,23455,18414,22177,-148,-219,-23,-0.580392,-0.858824,-0.090196,0,77,04320
2026-05-22T02:37:54.652+00:00,1779417474652083000,292,R,7595,7832,9101,10333,7595,7832,9101,10333,19183,23461,18418,22179,-128,-220,-23,-0.501961,-0.862745,-0.090196,0,77,14320
2026-05-22T02:37:54.652+00:00,1779417474652157000,293,R,7595,7828,9101,10332,7595,7828,9101,10332,19182,23460,18416,22175,-125,-221,-23,-0.490196,-0.866667,-0.090196,0,77,24320
2026-05-22T02:37:54.652+00:00,1779417474652222000,294,R,7584,7808,9092,10300,7584,7808,9092,10300,19172,23449,18385,22137,-134,-219,-21,-0.52549,-0.858824,-0.082353,0,77,94380
2026-05-22T02:37:54.652+00:00,1779417474652285000,295,R,7580,7808,9088,10300,7580,7808,9088,10300,19167,23448,18388,22135,-134,-216,-22,-0.52549,-0.847059,-0.086275,0,77,a4380
2026-05-22T02:37:54.803+00:00,1779417474803131000,296,R,7577,7807,9085,10295,7577,7807,9085,10295,19163,23446,18381,22133,-134,-218,-21,-0.52549,-0.854902,-0.082353,0,77,b4380
2026-05-22T02:37:54.803+00:00,1779417474803271000,297,R,7568,7805,9081,10293,7568,7805,9081,10293,19156,23442,18388,22133,-136,-219,-20,-0.533333,-0.858824,-0.078431,0,77,c4380
2026-05-22T02:37:54.803+00:00,1779417474803346000,298,R,7568,7806,9079,10293,7568,7806,9079,10293,19151,23438,18381,22132,-134,-219,-21,-0.52549,-0.858824,-0.082353,0,77,d4380
2026-05-22T02:37:54.803+00:00,1779417474803412000,299,R,7555,7797,9071,10282,7555,7797,9071,10282,19129,23428,18375,22115,-129,-218,-24,-0.505882,-0.854902,-0.094118,0,77,44440
2026-05-22T02:37:54.803+00:00,1779417474803476000,300,R,7555,7799,9072,10283,7555,7799,9072,10283,19133,23424,18374,22110,-131,-217,-23,-0.513725,-0.85098,-0.090196,0,77,54440
2026-05-22T02:37:54.803+00:00,1779417474803804000,301,R,7556,7803,9072,10282,7556,7803,9072,10282,19128,23426,18379,22113,-134,-220,-21,-0.52549,-0.862745,-0.082353,0,77,64440
2026-05-22T02:37:54.951+00:00,1779417474951403000,302,R,7555,7804,9074,10284,7555,7804,9074,10284,19127,23425,18379,22109,-136,-219,-22,-0.533333,-0.858824,-0.086275,0,77,74440
2026-05-22T02:37:54.951+00:00,1779417474951461000,303,R,7558,7807,9075,10286,7558,7807,9075,10286,19130,23426,18384,22111,-133,-216,-24,-0.521569,-0.847059,-0.094118,0,77,84440
2026-05-22T02:37:54.951+00:00,1779417474951494000,304,R,7561,7814,9074,10284,7561,7814,9074,10284,19138,23430,18398,22109,-135,-215,-23,-0.529412,-0.843137,-0.090196,0,77,04510
2026-05-22T02:37:54.951+00:00,1779417474951523000,305,R,7559,7814,9076,10284,7559,7814,9076,10284,19133,23429,18400,22107,-130,-217,-24,-0.509804,-0.85098,-0.094118,0,77,14510
2026-05-22T02:37:54.951+00:00,1779417474951550000,306,R,7561,7814,9076,10284,7561,7814,9076,10284,19140,23425,18399,22103,-131,-216,-27,-0.513725,-0.847059,-0.105882,0,77,24510
2026-05-22T02:37:55.101+00:00,1779417475101901000,307,R,7561,7815,9074,10283,7561,7815,9074,10283,19137,23424,18396,22109,-132,-219,-26,-0.517647,-0.858824,-0.101961,0,77,34510
2026-05-22T02:37:55.102+00:00,1779417475102081000,308,R,7562,7814,9076,10283,7562,7814,9076,10283,19134,23428,18394,22107,-131,-219,-28,-0.513725,-0.858824,-0.109804,0,77,44510
2026-05-22T02:37:55.102+00:00,1779417475102162000,309,R,7570,7822,9081,10291,7570,7822,9081,10291,19149,23435,18406,22118,-133,-217,-25,-0.521569,-0.85098,-0.098039,0,77,c4580
2026-05-22T02:37:55.102+00:00,1779417475102232000,310,R,7571,7821,9081,10293,7571,7821,9081,10293,19153,23432,18410,22116,-132,-217,-25,-0.517647,-0.85098,-0.098039,0,77,d4580
2026-05-22T02:37:55.102+00:00,1779417475102297000,311,R,7573,7822,9083,10293,7573,7822,9083,10293,19156,23437,18411,22117,-131,-218,-25,-0.513725,-0.854902,-0.098039,0,77,e4580
2026-05-22T02:37:55.398+00:00,1779417475398397000,312,R,7572,7823,9084,10293,7572,7823,9084,10293,19153,23435,18410,22113,-130,-217,-25,-0.509804,-0.85098,-0.098039,0,77,f4580
2026-05-22T02:37:55.398+00:00,1779417475398435000,313,R,7572,7823,9081,10292,7572,7823,9081,10292,19155,23437,18411,22118,-129,-218,-26,-0.505882,-0.854902,-0.101961,0,77,04580
2026-05-22T02:37:55.398+00:00,1779417475398451000,314,R,7573,7823,9083,10294,7573,7823,9083,10294,19152,23439,18411,22118,-130,-217,-26,-0.509804,-0.85098,-0.101961,0,77,14580
2026-05-22T02:37:55.398+00:00,1779417475398465000,315,R,7577,7829,9084,10302,7577,7829,9084,10302,19156,23434,18416,22132,-131,-217,-26,-0.513725,-0.85098,-0.101961,0,77,84640
2026-05-22T02:37:55.398+00:00,1779417475398478000,316,R,7578,7831,9084,10301,7578,7831,9084,10301,19157,23438,18420,22127,-130,-219,-25,-0.509804,-0.858824,-0.098039,0,77,94640
2026-05-22T02:37:55.550+00:00,1779417475550796000,317,R,7581,7833,9086,10304,7581,7833,9086,10304,19161,23436,18423,22130,-132,-218,-25,-0.517647,-0.854902,-0.098039,0,77,a4640
2026-05-22T02:37:55.550+00:00,1779417475550925000,318,R,7579,7832,9085,10306,7579,7832,9085,10306,19158,23439,18421,22132,-132,-217,-26,-0.517647,-0.85098,-0.101961,0,77,b4640
2026-05-22T02:37:55.550+00:00,1779417475550998000,319,R,7582,7832,9086,10308,7582,7832,9086,10308,19162,23435,18424,22137,-130,-219,-26,-0.509804,-0.858824,-0.101961,0,77,c4640
2026-05-22T02:37:55.551+00:00,1779417475551066000,320,R,7570,7827,9079,10299,7570,7827,9079,10299,19151,23432,18418,22130,-131,-217,-26,-0.513725,-0.85098,-0.101961,0,76,44710
2026-05-22T02:37:55.551+00:00,1779417475551129000,321,R,7568,7824,9074,10296,7568,7824,9074,10296,19148,23427,18415,22125,-131,-219,-25,-0.513725,-0.858824,-0.098039,0,76,54710
2026-05-22T02:37:55.551+00:00,1779417475551202000,322,R,7564,7824,9075,10291,7564,7824,9075,10291,19137,23422,18412,22119,-131,-220,-26,-0.513725,-0.862745,-0.101961,0,76,64710
2026-05-22T02:37:55.701+00:00,1779417475701206000,323,R,7558,7818,9071,10290,7558,7818,9071,10290,19136,23421,18410,22114,-128,-219,-26,-0.501961,-0.858824,-0.101961,0,76,74710
2026-05-22T02:37:55.701+00:00,1779417475701347000,324,R,7559,7818,9072,10286,7559,7818,9072,10286,19127,23418,18408,22112,-130,-217,-27,-0.509804,-0.85098,-0.105882,0,76,84710
2026-05-22T02:37:55.701+00:00,1779417475701436000,325,R,7543,7807,9060,10271,7543,7807,9060,10271,19104,23405,18391,22091,-127,-221,-25,-0.498039,-0.866667,-0.098039,0,76,04780
2026-05-22T02:37:55.701+00:00,1779417475701502000,326,R,7542,7806,9061,10268,7542,7806,9061,10268,19100,23402,18388,22092,-125,-220,-27,-0.490196,-0.862745,-0.105882,0,76,14780
2026-05-22T02:37:55.701+00:00,1779417475701565000,327,R,7541,7801,9057,10268,7541,7801,9057,10268,19094,23397,18384,22088,-124,-221,-27,-0.486275,-0.866667,-0.105882,0,76,24780
2026-05-22T02:37:55.850+00:00,1779417475851027000,328,R,7541,7802,9056,10266,7541,7802,9056,10266,19094,23392,18384,22086,-125,-220,-27,-0.490196,-0.862745,-0.105882,0,76,34780
2026-05-22T02:37:55.851+00:00,1779417475851168000,329,R,7534,7803,9054,10265,7534,7803,9054,10265,19092,23392,18383,22083,-126,-219,-26,-0.494118,-0.858824,-0.101961,0,76,44780
2026-05-22T02:37:55.851+00:00,1779417475851242000,330,R,7526,7810,9051,10273,7526,7810,9051,10273,19073,23390,18400,22096,-128,-220,-26,-0.501961,-0.862745,-0.101961,0,76,c4850
2026-05-22T02:37:55.851+00:00,1779417475851308000,331,R,7527,7812,9046,10273,7527,7812,9046,10273,19071,23387,18402,22096,-126,-218,-27,-0.494118,-0.854902,-0.105882,0,76,d4850
2026-05-22T02:37:55.851+00:00,1779417475851372000,332,R,7526,7813,9047,10276,7526,7813,9047,10276,19072,23384,18401,22099,-129,-219,-28,-0.505882,-0.858824,-0.109804,0,76,e4850
2026-05-22T02:37:56.146+00:00,1779417476146650000,333,R,7526,7814,9047,10278,7526,7814,9047,10278,19071,23384,18405,22101,-125,-219,-26,-0.490196,-0.858824,-0.101961,0,76,f4850
2026-05-22T02:37:56.146+00:00,1779417476146683000,334,R,7527,7814,9049,10277,7527,7814,9049,10277,19071,23383,18405,22102,-123,-219,-27,-0.482353,-0.858824,-0.105882,0,76,04850
2026-05-22T02:37:56.146+00:00,1779417476146699000,335,R,7528,7814,9048,10279,7528,7814,9048,10279,19072,23382,18409,22105,-135,-219,-25,-0.529412,-0.858824,-0.098039,0,76,14850
2026-05-22T02:37:56.146+00:00,1779417476146714000,336,R,7546,7807,9058,10274,7546,7807,9058,10274,19105,23390,18391,22098,-135,-221,-28,-0.529412,-0.866667,-0.109804,0,76,74900
2026-05-22T02:37:56.146+00:00,1779417476146728000,337,R,7547,7804,9058,10272,7547,7804,9058,10272,19106,23393,18384,22099,-128,-221,-28,-0.501961,-0.866667,-0.109804,0,76,84900
2026-05-22T02:37:56.153+00:00,1779417476153756000,338,R,7551,7804,9060,10275,7551,7804,9060,10275,19109,23389,18382,22097,-135,-225,-28,-0.529412,-0.882353,-0.109804,0,76,94900
2026-05-22T02:37:56.153+00:00,1779417476153783000,339,R,7552,7803,9060,10273,7552,7803,9060,10273,19111,23390,18380,22094,-128,-223,-25,-0.501961,-0.87451,-0.098039,0,76,a4900
2026-05-22T02:37:56.153+00:00,1779417476153801000,340,R,7551,7801,9063,10274,7551,7801,9063,10274,19114,23394,18377,22095,-123,-219,-31,-0.482353,-0.858824,-0.121569,0,76,b4900
2026-05-22T02:37:56.153+00:00,1779417476153814000,341,R,7553,7808,9077,10277,7553,7808,9077,10277,19111,23423,18379,22090,-132,-218,-23,-0.517647,-0.854902,-0.090196,0,76,24960
2026-05-22T02:37:56.153+00:00,1779417476153827000,342,R,7553,7808,9081,10276,7553,7808,9081,10276,19110,23431,18385,22089,-133,-218,-23,-0.521569,-0.854902,-0.090196,0,76,34960
2026-05-22T02:37:56.153+00:00,1779417476153840000,343,R,7549,7807,9081,10276,7549,7807,9081,10276,19110,23433,18383,22091,-130,-217,-25,-0.509804,-0.85098,-0.098039,0,76,44960
2026-05-22T02:37:56.301+00:00,1779417476301824000,344,R,7552,7809,9081,10284,7552,7809,9081,10284,19111,23432,18387,22091,-128,-217,-26,-0.501961,-0.85098,-0.101961,0,76,54960
2026-05-22T02:37:56.301+00:00,1779417476301868000,345,R,7552,7812,9087,10280,7552,7812,9087,10280,19106,23435,18386,22093,-128,-217,-27,-0.501961,-0.85098,-0.105882,0,76,64960
2026-05-22T02:37:56.301+00:00,1779417476301885000,346,R,7548,7820,9089,10290,7548,7820,9089,10290,19099,23445,18400,22103,-122,-222,-30,-0.478431,-0.870588,-0.117647,0,75,05050
2026-05-22T02:37:56.301+00:00,1779417476301899000,347,R,7541,7823,9084,10296,7541,7823,9084,10296,19093,23435,18398,22099,-125,-223,-29,-0.490196,-0.87451,-0.113725,0,75,15050
2026-05-22T02:37:56.301+00:00,1779417476301967000,348,R,7538,7818,9078,10283,7538,7818,9078,10283,19084,23423,18399,22097,-127,-222,-27,-0.498039,-0.870588,-0.105882,0,75,25050
2026-05-22T02:37:56.452+00:00,1779417476452440000,349,R,7537,7816,9066,10281,7537,7816,9066,10281,19080,23409,18400,22097,-127,-220,-26,-0.498039,-0.862745,-0.101961,0,75,35050
2026-05-22T02:37:56.452+00:00,1779417476452584000,350,R,7533,7816,9058,10278,7533,7816,9058,10278,19074,23394,18395,22096,-125,-218,-25,-0.490196,-0.854902,-0.098039,0,75,45050
2026-05-22T02:37:56.452+00:00,1779417476452662000,351,R,7547,7784,9004,10273,7547,7784,9004,10273,19102,23286,18353,22128,-137,-218,-30,-0.537255,-0.854902,-0.117647,0,75,c5120
2026-05-22T02:37:56.452+00:00,1779417476452730000,352,R,7550,7777,9001,10265,7550,7777,9001,10265,19102,23280,18348,22124,-135,-220,-29,-0.529412,-0.862745,-0.113725,0,75,d5120
2026-05-22T02:37:56.452+00:00,1779417476452795000,353,R,7550,7782,9007,10268,7550,7782,9007,10268,19108,23284,18347,22120,-134,-222,-30,-0.52549,-0.870588,-0.117647,0,75,e5120
2026-05-22T02:37:56.601+00:00,1779417476601458000,354,R,7549,7781,9011,10264,7549,7781,9011,10264,19105,23290,18341,22115,-131,-223,-29,-0.513725,-0.87451,-0.113725,0,75,f5120
2026-05-22T02:37:56.601+00:00,1779417476601522000,355,R,7548,7779,9019,10261,7548,7779,9019,10261,19107,23307,18343,22102,-127,-221,-30,-0.498039,-0.866667,-0.117647,0,75,05120
2026-05-22T02:37:56.601+00:00,1779417476601556000,356,R,7549,7779,9026,10259,7549,7779,9026,10259,19107,23324,18338,22091,-127,-220,-29,-0.498039,-0.862745,-0.113725,0,75,15120
2026-05-22T02:37:56.601+00:00,1779417476601586000,357,R,7554,7785,9057,10259,7554,7785,9057,10259,19109,23378,18350,22083,-129,-219,-24,-0.505882,-0.858824,-0.094118,0,75,85180
2026-05-22T02:37:56.601+00:00,1779417476601614000,358,R,7552,7787,9055,10261,7552,7787,9055,10261,19108,23383,18347,22077,-131,-217,-23,-0.513725,-0.85098,-0.090196,0,75,95180
2026-05-22T02:37:56.900+00:00,1779417476900987000,359,R,7552,7786,9059,10257,7552,7786,9059,10257,19111,23382,18353,22080,-129,-218,-23,-0.505882,-0.854902,-0.090196,0,75,a5180
2026-05-22T02:37:56.901+00:00,1779417476901147000,360,R,7553,7788,9061,10259,7553,7788,9061,10259,19111,23389,18351,22078,-131,-217,-23,-0.513725,-0.85098,-0.090196,0,75,b5180
2026-05-22T02:37:56.901+00:00,1779417476901222000,361,R,7554,7787,9060,10261,7554,7787,9060,10261,19112,23389,18350,22079,-129,-216,-24,-0.505882,-0.847059,-0.094118,0,75,c5180
2026-05-22T02:37:56.901+00:00,1779417476901304000,362,R,7558,7787,9066,10263,7558,7787,9066,10263,19113,23400,18349,22081,-135,-219,-25,-0.529412,-0.858824,-0.098039,0,75,45250
2026-05-22T02:37:56.901+00:00,1779417476901367000,363,R,7561,7785,9070,10265,7561,7785,9070,10265,19125,23396,18351,22080,-133,-220,-24,-0.521569,-0.862745,-0.094118,0,75,55250
2026-05-22T02:37:56.901+00:00,1779417476901430000,364,R,7560,7791,9068,10262,7560,7791,9068,10262,19120,23400,18351,22080,-133,-219,-25,-0.521569,-0.858824,-0.098039,0,75,65250
2026-05-22T02:37:57.050+00:00,1779417477050619000,365,R,7560,7789,9070,10265,7560,7789,9070,10265,19125,23402,18350,22079,-132,-218,-26,-0.517647,-0.854902,-0.101961,0,75,75250
2026-05-22T02:37:57.050+00:00,1779417477050679000,366,R,7563,7789,9071,10264,7563,7789,9071,10264,19122,23402,18349,22085,-131,-217,-26,-0.513725,-0.85098,-0.101961,0,75,85250
2026-05-22T02:37:57.050+00:00,1779417477050712000,367,R,7564,7801,9076,10275,7564,7801,9076,10275,19128,23411,18365,22091,-131,-217,-25,-0.513725,-0.85098,-0.098039,0,75,05320
2026-05-22T02:37:57.050+00:00,1779417477050740000,368,R,7567,7798,9075,10273,7567,7798,9075,10273,19134,23417,18370,22089,-133,-217,-25,-0.521569,-0.85098,-0.098039,0,75,15320
2026-05-22T02:37:57.050+00:00,1779417477050766000,369,R,7567,7805,9078,10279,7567,7805,9078,10279,19130,23416,18370,22092,-132,-216,-26,-0.517647,-0.847059,-0.101961,0,75,25320
2026-05-22T02:37:57.200+00:00,1779417477200506000,370,R,7569,7805,9078,10279,7569,7805,9078,10279,19133,23415,18375,22098,-132,-216,-26,-0.517647,-0.847059,-0.101961,0,75,35320
2026-05-22T02:37:57.200+00:00,1779417477200616000,371,R,7569,7807,9078,10283,7569,7807,9078,10283,19134,23422,18378,22100,-131,-219,-27,-0.513725,-0.858824,-0.105882,0,75,45320
2026-05-22T02:37:57.200+00:00,1779417477200687000,372,R,7573,7820,9087,10294,7573,7820,9087,10294,19135,23430,18400,22107,-131,-217,-26,-0.513725,-0.85098,-0.101961,0,75,c5390
2026-05-22T02:37:57.200+00:00,1779417477200751000,373,R,7570,7824,9082,10297,7570,7824,9082,10297,19139,23433,18404,22112,-132,-218,-25,-0.517647,-0.854902,-0.098039,0,75,d5390
2026-05-22T02:37:57.200+00:00,1779417477200815000,374,R,7574,7824,9088,10297,7574,7824,9088,10297,19138,23434,18404,22113,-130,-219,-25,-0.509804,-0.858824,-0.098039,0,75,e5390
2026-05-22T02:37:57.351+00:00,1779417477351438000,375,R,7574,7826,9088,10299,7574,7826,9088,10299,19139,23438,18404,22111,-130,-220,-26,-0.509804,-0.862745,-0.101961,0,75,f5390
2026-05-22T02:37:57.351+00:00,1779417477351887000,376,R,7574,7827,9091,10298,7574,7827,9091,10298,19138,23435,18402,22118,-129,-217,-26,-0.505882,-0.85098,-0.101961,0,75,05390
2026-05-22T02:37:57.351+00:00,1779417477351972000,377,R,7571,7825,9090,10295,7571,7825,9090,10295,19134,23436,18403,22114,-129,-218,-27,-0.505882,-0.854902,-0.105882,0,75,15390
2026-05-22T02:37:57.352+00:00,1779417477352040000,378,R,7563,7814,9075,10277,7563,7814,9075,10277,19123,23419,18391,22093,-130,-217,-27,-0.509804,-0.85098,-0.105882,0,75,75440
2026-05-22T02:37:57.352+00:00,1779417477352105000,379,R,7561,7813,9076,10276,7561,7813,9076,10276,19120,23419,18389,22090,-130,-218,-26,-0.509804,-0.854902,-0.101961,0,75,85440
2026-05-22T02:37:57.352+00:00,1779417477352169000,380,R,7558,7808,9075,10274,7558,7808,9075,10274,19119,23414,18385,22089,-132,-218,-26,-0.517647,-0.854902,-0.101961,0,75,95440
2026-05-22T02:37:57.499+00:00,1779417477499389000,381,R,7559,7811,9075,10272,7559,7811,9075,10272,19117,23417,18389,22085,-131,-218,-27,-0.513725,-0.854902,-0.105882,0,74,a5440
2026-05-22T02:37:57.499+00:00,1779417477499560000,382,R,7558,7812,9071,10271,7558,7812,9071,10271,19113,23414,18388,22083,-131,-218,-27,-0.513725,-0.854902,-0.105882,0,74,b5440
2026-05-22T02:37:57.499+00:00,1779417477499634000,383,R,7550,7803,9057,10263,7550,7803,9057,10263,19102,23387,18373,22072,-133,-217,-26,-0.521569,-0.85098,-0.101961,0,74,35510
2026-05-22T02:37:57.499+00:00,1779417477499700000,384,R,7549,7807,9057,10264,7549,7807,9057,10264,19096,23383,18377,22072,-132,-220,-26,-0.517647,-0.862745,-0.101961,0,74,45510
2026-05-22T02:37:57.499+00:00,1779417477499763000,385,R,7551,7806,9061,10263,7551,7806,9061,10263,19100,23387,18377,22076,-132,-218,-27,-0.517647,-0.854902,-0.105882,0,74,55510
2026-05-22T02:37:57.649+00:00,1779417477649683000,386,R,7549,7804,9062,10264,7549,7804,9062,10264,19098,23390,18380,22073,-130,-218,-28,-0.509804,-0.854902,-0.109804,0,74,65510
2026-05-22T02:37:57.649+00:00,1779417477649818000,387,R,7549,7806,9063,10262,7549,7806,9063,10262,19098,23391,18383,22071,-129,-219,-27,-0.505882,-0.858824,-0.105882,0,74,75510
2026-05-22T02:37:57.649+00:00,1779417477649892000,388,R,7544,7808,9062,10265,7544,7808,9062,10265,19091,23395,18383,22071,-127,-219,-27,-0.498039,-0.858824,-0.105882,0,74,05590
2026-05-22T02:37:57.649+00:00,1779417477649959000,389,R,7543,7807,9056,10266,7543,7807,9056,10266,19094,23396,18383,22070,-131,-219,-27,-0.513725,-0.858824,-0.105882,0,74,15590
2026-05-22T02:37:57.650+00:00,1779417477650023000,390,R,7548,7808,9062,10268,7548,7808,9062,10268,19093,23394,18382,22071,-132,-216,-28,-0.517647,-0.847059,-0.109804,0,74,25590
2026-05-22T02:37:57.799+00:00,1779417477799927000,391,R,7549,7811,9064,10267,7549,7811,9064,10267,19097,23398,18383,22076,-132,-217,-28,-0.517647,-0.85098,-0.109804,0,74,35590
2026-05-22T02:37:57.800+00:00,1779417477800080000,392,R,7549,7811,9065,10271,7549,7811,9065,10271,19098,23397,18383,22076,-135,-217,-28,-0.529412,-0.85098,-0.109804,0,74,45590
2026-05-22T02:37:57.800+00:00,1779417477800157000,393,R,7551,7812,9065,10273,7551,7812,9065,10273,19100,23395,18381,22075,-133,-218,-28,-0.521569,-0.854902,-0.109804,0,74,55590
2026-05-22T02:37:57.800+00:00,1779417477800223000,394,R,7556,7815,9071,10276,7556,7815,9071,10276,19103,23404,18387,22082,-131,-218,-28,-0.513725,-0.854902,-0.109804,0,74,b5640
2026-05-22T02:37:57.800+00:00,1779417477800298000,395,R,7556,7815,9072,10280,7556,7815,9072,10280,19104,23402,18390,22087,-132,-218,-28,-0.517647,-0.854902,-0.109804,0,74,c5640
2026-05-22T02:37:57.949+00:00,1779417477949885000,396,R,7558,7817,9073,10281,7558,7817,9073,10281,19110,23410,18390,22091,-132,-218,-27,-0.517647,-0.854902,-0.105882,0,74,d5640
2026-05-22T02:37:57.950+00:00,1779417477950032000,397,R,7561,7821,9074,10281,7561,7821,9074,10281,19108,23410,18392,22094,-133,-217,-27,-0.521569,-0.85098,-0.105882,0,74,e5640
2026-05-22T02:37:57.950+00:00,1779417477950114000,398,R,7558,7820,9075,10283,7558,7820,9075,10283,19110,23412,18393,22094,-131,-218,-27,-0.513725,-0.854902,-0.105882,0,74,f5640
2026-05-22T02:37:57.950+00:00,1779417477950180000,399,R,7568,7824,9079,10294,7568,7824,9079,10294,19124,23417,18395,22104,-129,-219,-28,-0.505882,-0.858824,-0.109804,0,74,65700
2026-05-22T02:37:57.950+00:00,1779417477950243000,400,R,7571,7825,9082,10295,7571,7825,9082,10295,19126,23418,18396,22108,-128,-217,-28,-0.501961,-0.85098,-0.109804,0,74,75700
2026-05-22T02:37:57.950+00:00,1779417477950307000,401,R,7573,7825,9082,10297,7573,7825,9082,10297,19129,23417,18396,22108,-130,-218,-29,-0.509804,-0.854902,-0.113725,0,74,85700
2026-05-22T02:37:58.099+00:00,1779417478099827000,402,R,7573,7826,9084,10298,7573,7826,9084,10298,19128,23421,18399,22113,-130,-219,-28,-0.509804,-0.858824,-0.109804,0,74,95700
2026-05-22T02:37:58.099+00:00,1779417478099981000,403,R,7574,7827,9085,10300,7574,7827,9085,10300,19130,23421,18398,22111,-130,-218,-28,-0.509804,-0.854902,-0.109804,0,74,a5700
2026-05-22T02:37:58.100+00:00,1779417478100055000,404,R,7586,7833,9096,10313,7586,7833,9096,10313,19145,23435,18406,22128,-131,-218,-28,-0.513725,-0.854902,-0.109804,0,74,35780
2026-05-22T02:37:58.100+00:00,1779417478100122000,405,R,7587,7834,9094,10313,7587,7834,9094,10313,19150,23436,18407,22126,-130,-217,-27,-0.509804,-0.85098,-0.105882,0,74,45780
2026-05-22T02:37:58.100+00:00,1779417478100185000,406,R,7583,7830,9093,10309,7583,7830,9093,10309,19144,23433,18400,22126,-130,-218,-28,-0.509804,-0.854902,-0.109804,0,74,55780
2026-05-22T02:37:58.249+00:00,1779417478249209000,407,R,7584,7829,9092,10310,7584,7829,9092,10310,19145,23432,18404,22128,-130,-219,-28,-0.509804,-0.858824,-0.109804,0,74,65780
2026-05-22T02:37:58.249+00:00,1779417478249365000,408,R,7580,7830,9089,10305,7580,7830,9089,10305,19144,23433,18402,22119,-133,-219,-27,-0.521569,-0.858824,-0.105882,0,74,75780
2026-05-22T02:37:58.249+00:00,1779417478249440000,409,R,7570,7819,9082,10290,7570,7819,9082,10290,19126,23418,18390,22102,-131,-217,-26,-0.513725,-0.85098,-0.101961,0,74,f5850
2026-05-22T02:37:58.249+00:00,1779417478249508000,410,R,7568,7819,9080,10290,7568,7819,9080,10290,19124,23416,18389,22096,-131,-217,-27,-0.513725,-0.85098,-0.105882,0,74,05850
2026-05-22T02:37:58.249+00:00,1779417478249573000,411,R,7568,7821,9078,10291,7568,7821,9078,10291,19128,23414,18388,22098,-131,-217,-26,-0.513725,-0.85098,-0.101961,0,74,15850
2026-05-22T02:37:58.400+00:00,1779417478400844000,412,R,7569,7821,9077,10285,7569,7821,9077,10285,19120,23419,18389,22097,-132,-218,-28,-0.517647,-0.854902,-0.109804,0,74,25850
2026-05-22T02:37:58.400+00:00,1779417478400973000,413,R,7567,7818,9078,10285,7567,7818,9078,10285,19120,23414,18385,22094,-131,-218,-28,-0.513725,-0.854902,-0.109804,0,74,35850
2026-05-22T02:37:58.401+00:00,1779417478401046000,414,R,7563,7815,9076,10284,7563,7815,9076,10284,19119,23409,18385,22092,-130,-219,-28,-0.509804,-0.858824,-0.109804,0,74,45850
2026-05-22T02:37:58.401+00:00,1779417478401111000,415,R,7567,7818,9077,10287,7567,7818,9077,10287,19124,23412,18384,22093,-130,-218,-28,-0.509804,-0.854902,-0.109804,0,74,a5900
2026-05-22T02:37:58.401+00:00,1779417478401175000,416,R,7570,7816,9075,10285,7570,7816,9075,10285,19120,23408,18387,22090,-131,-218,-27,-0.513725,-0.854902,-0.105882,0,74,b5900
2026-05-22T02:37:58.550+00:00,1779417478550945000,417,R,7566,7816,9077,10286,7566,7816,9077,10286,19116,23408,18384,22090,-131,-218,-26,-0.513725,-0.854902,-0.101961,0,74,c5900
2026-05-22T02:37:58.551+00:00,1779417478551088000,418,R,7564,7815,9076,10286,7564,7815,9076,10286,19119,23407,18383,22092,-132,-218,-27,-0.517647,-0.854902,-0.105882,0,74,d5900
2026-05-22T02:37:58.551+00:00,1779417478551160000,419,R,7565,7818,9077,10286,7565,7818,9077,10286,19121,23411,18382,22093,-131,-218,-26,-0.513725,-0.854902,-0.101961,0,74,e5900
2026-05-22T02:37:58.551+00:00,1779417478551225000,420,R,7567,7821,9081,10290,7567,7821,9081,10290,19118,23409,18385,22094,-131,-217,-27,-0.513725,-0.85098,-0.105882,0,74,55960
2026-05-22T02:37:58.551+00:00,1779417478551289000,421,R,7570,7823,9079,10289,7570,7823,9079,10289,19120,23411,18386,22094,-131,-217,-27,-0.513725,-0.85098,-0.105882,0,74,65960
2026-05-22T02:37:58.551+00:00,1779417478551351000,422,R,7568,7824,9080,10290,7568,7824,9080,10290,19122,23414,18386,22094,-132,-218,-28,-0.517647,-0.854902,-0.109804,0,74,75960
2026-05-22T02:37:58.700+00:00,1779417478700791000,423,R,7570,7825,9081,10293,7570,7825,9081,10293,19120,23409,18388,22099,-132,-219,-27,-0.517647,-0.858824,-0.105882,0,74,85960
2026-05-22T02:37:58.700+00:00,1779417478700932000,424,R,7568,7823,9082,10294,7568,7823,9082,10294,19119,23412,18391,22098,-132,-219,-28,-0.517647,-0.858824,-0.109804,0,74,95960
2026-05-22T02:37:58.700+00:00,1779417478701006000,425,R,7578,7829,9088,10307,7578,7829,9088,10307,19128,23424,18401,22113,-130,-217,-26,-0.509804,-0.85098,-0.101961,0,74,36050
2026-05-22T02:37:58.701+00:00,1779417478701084000,426,R,7578,7834,9091,10306,7578,7834,9091,10306,19131,23426,18399,22112,-129,-217,-26,-0.505882,-0.85098,-0.101961,0,74,46050
2026-05-22T02:37:58.701+00:00,1779417478701149000,427,R,7577,7833,9091,10309,7577,7833,9091,10309,19131,23429,18399,22113,-131,-218,-27,-0.513725,-0.854902,-0.105882,0,74,56050
2026-05-22T02:37:58.850+00:00,1779417478851028000,428,R,7580,7835,9090,10308,7580,7835,9090,10308,19132,23427,18403,22117,-131,-218,-26,-0.513725,-0.854902,-0.101961,0,74,66050
2026-05-22T02:37:58.851+00:00,1779417478851173000,429,R,7580,7834,9093,10311,7580,7834,9093,10311,19134,23430,18404,22116,-130,-218,-26,-0.509804,-0.854902,-0.101961,0,74,76050
2026-05-22T02:37:58.851+00:00,1779417478851248000,430,R,7584,7841,9097,10318,7584,7841,9097,10318,19139,23437,18413,22126,-131,-218,-26,-0.513725,-0.854902,-0.101961,0,74,e6110
2026-05-22T02:37:58.851+00:00,1779417478851314000,431,R,7587,7843,9099,10324,7587,7843,9099,10324,19141,23435,18411,22127,-131,-219,-26,-0.513725,-0.858824,-0.101961,0,74,f6110
2026-05-22T02:37:58.851+00:00,1779417478851378000,432,R,7589,7842,9102,10323,7589,7842,9102,10323,19141,23440,18411,22136,-131,-218,-26,-0.513725,-0.854902,-0.101961,0,74,06110
2026-05-22T02:37:58.999+00:00,1779417478999818000,433,R,7587,7842,9099,10326,7587,7842,9099,10326,19143,23439,18412,22132,-131,-216,-27,-0.513725,-0.847059,-0.105882,0,74,16110
2026-05-22T02:37:58.999+00:00,1779417478999978000,434,R,7589,7841,9098,10323,7589,7841,9098,10323,19144,23439,18411,22133,-130,-218,-28,-0.509804,-0.854902,-0.109804,0,74,26110
2026-05-22T02:37:59.000+00:00,1779417479000052000,435,R,7588,7841,9100,10318,7588,7841,9100,10318,19141,23438,18408,22129,-130,-219,-28,-0.509804,-0.858824,-0.109804,0,74,36110
2026-05-22T02:37:59.000+00:00,1779417479000118000,436,R,7573,7825,9086,10299,7573,7825,9086,10299,19126,23421,18394,22103,-131,-216,-27,-0.513725,-0.847059,-0.105882,0,73,b6180
2026-05-22T02:37:59.000+00:00,1779417479000182000,437,R,7571,7828,9080,10295,7571,7828,9080,10295,19121,23417,18390,22098,-132,-216,-27,-0.517647,-0.847059,-0.105882,0,73,c6180
2026-05-22T02:37:59.149+00:00,1779417479149266000,438,R,7570,7827,9081,10296,7570,7827,9081,10296,19120,23416,18388,22099,-131,-217,-27,-0.513725,-0.85098,-0.105882,0,73,d6180
2026-05-22T02:37:59.149+00:00,1779417479149312000,439,R,7572,7822,9082,10292,7572,7822,9082,10292,19115,23410,18387,22097,-130,-217,-27,-0.509804,-0.85098,-0.105882,0,73,e6180
2026-05-22T02:37:59.149+00:00,1779417479149334000,440,R,7568,7824,9081,10293,7568,7824,9081,10293,19114,23414,18386,22094,-132,-217,-26,-0.517647,-0.85098,-0.101961,0,73,f6180
2026-05-22T02:37:59.149+00:00,1779417479149354000,441,R,7563,7823,9078,10288,7563,7823,9078,10288,19109,23404,18382,22086,-130,-216,-27,-0.509804,-0.847059,-0.105882,0,73,76250
2026-05-22T02:37:59.149+00:00,1779417479149372000,442,R,7570,7821,9080,10294,7570,7821,9080,10294,19109,23405,18380,22087,-131,-219,-27,-0.513725,-0.858824,-0.105882,0,73,86250
2026-05-22T02:37:59.149+00:00,1779417479149390000,443,R,7566,7821,9079,10286,7566,7821,9079,10286,19107,23406,18382,22088,-130,-219,-25,-0.509804,-0.858824,-0.098039,0,73,96250
2026-05-22T02:37:59.300+00:00,1779417479301009000,444,R,7564,7823,9077,10291,7564,7823,9077,10291,19104,23403,18382,22086,-132,-219,-26,-0.517647,-0.858824,-0.101961,0,73,a6250
2026-05-22T02:37:59.301+00:00,1779417479301168000,445,R,7566,7821,9078,10290,7566,7821,9078,10290,19108,23403,18384,22089,-131,-218,-26,-0.513725,-0.854902,-0.101961,0,73,b6250
2026-05-22T02:37:59.301+00:00,1779417479301243000,446,R,7565,7823,9082,10292,7565,7823,9082,10292,19108,23405,18383,22088,-130,-218,-28,-0.509804,-0.854902,-0.109804,0,73,36320
2026-05-22T02:37:59.301+00:00,1779417479301310000,447,R,7568,7823,9091,10291,7568,7823,9091,10291,19105,23407,18382,22092,-131,-217,-27,-0.513725,-0.85098,-0.105882,0,73,46320
2026-05-22T02:37:59.301+00:00,1779417479301374000,448,R,7568,7827,9083,10294,7568,7827,9083,10294,19107,23404,18387,22092,-132,-219,-28,-0.517647,-0.858824,-0.109804,0,73,56320
2026-05-22T02:37:59.450+00:00,1779417479450871000,449,R,7566,7823,9083,10293,7566,7823,9083,10293,19106,23405,18386,22090,-132,-218,-28,-0.517647,-0.854902,-0.109804,0,73,66320
2026-05-22T02:37:59.450+00:00,1779417479451004000,450,R,7568,7825,9082,10297,7568,7825,9082,10297,19109,23408,18386,22093,-132,-218,-27,-0.517647,-0.854902,-0.105882,0,73,76320
2026-05-22T02:37:59.451+00:00,1779417479451953000,451,R,7572,7832,9087,10307,7572,7832,9087,10307,19114,23411,18395,22104,-131,-217,-26,-0.513725,-0.85098,-0.101961,0,73,f6390
2026-05-22T02:37:59.452+00:00,1779417479452031000,452,R,7574,7835,9083,10304,7574,7835,9083,10304,19113,23412,18392,22100,-131,-218,-26,-0.513725,-0.854902,-0.101961,0,73,06390
2026-05-22T02:37:59.452+00:00,1779417479452096000,453,R,7573,7832,9088,10308,7573,7832,9088,10308,19117,23416,18395,22105,-131,-217,-26,-0.513725,-0.85098,-0.101961,0,73,16390
2026-05-22T02:37:59.599+00:00,1779417479599848000,454,R,7577,7834,9091,10309,7577,7834,9091,10309,19119,23418,18393,22107,-130,-217,-26,-0.509804,-0.85098,-0.101961,0,73,26390
2026-05-22T02:37:59.599+00:00,1779417479600003000,455,R,7576,7836,9090,10309,7576,7836,9090,10309,19119,23419,18398,22112,-131,-218,-26,-0.513725,-0.854902,-0.101961,0,73,36390
2026-05-22T02:37:59.600+00:00,1779417479600077000,456,R,7575,7837,9090,10310,7575,7837,9090,10310,19123,23419,18398,22112,-130,-217,-27,-0.509804,-0.85098,-0.105882,0,73,46390
2026-05-22T02:37:59.600+00:00,1779417479600143000,457,R,7582,7839,9097,10318,7582,7839,9097,10318,19126,23421,18404,22119,-130,-218,-27,-0.509804,-0.854902,-0.105882,0,73,b6450
2026-05-22T02:37:59.600+00:00,1779417479600217000,458,R,7585,7840,9101,10323,7585,7840,9101,10323,19127,23427,18403,22118,-132,-218,-27,-0.517647,-0.854902,-0.105882,0,73,c6450
2026-05-22T02:37:59.750+00:00,1779417479750864000,459,R,7583,7841,9097,10319,7583,7841,9097,10319,19128,23426,18403,22120,-132,-217,-27,-0.517647,-0.85098,-0.105882,0,73,d6450
2026-05-22T02:37:59.750+00:00,1779417479750984000,460,R,7582,7839,9097,10321,7582,7839,9097,10321,19132,23426,18403,22120,-132,-219,-27,-0.517647,-0.858824,-0.105882,0,73,e6450
2026-05-22T02:37:59.751+00:00,1779417479751060000,461,R,7586,7844,9101,10324,7586,7844,9101,10324,19131,23427,18404,22125,-132,-219,-27,-0.517647,-0.858824,-0.105882,0,73,f6450
2026-05-22T02:37:59.751+00:00,1779417479751127000,462,R,7591,7847,9105,10330,7591,7847,9105,10330,19139,23435,18406,22129,-132,-219,-27,-0.517647,-0.858824,-0.105882,0,73,76520
2026-05-22T02:37:59.751+00:00,1779417479751192000,463,R,7592,7843,9111,10326,7592,7843,9111,10326,19137,23436,18405,22131,-131,-219,-27,-0.513725,-0.858824,-0.105882,0,73,86520
2026-05-22T02:37:59.751+00:00,1779417479751255000,464,R,7584,7841,9101,10323,7584,7841,9101,10323,19135,23428,18400,22123,-131,-219,-27,-0.513725,-0.858824,-0.105882,0,73,96520
2026-05-22T02:37:59.900+00:00,1779417479900869000,465,R,7582,7837,9098,10317,7582,7837,9098,10317,19132,23426,18400,22117,-130,-219,-27,-0.509804,-0.858824,-0.105882,0,73,a6520
2026-05-22T02:37:59.900+00:00,1779417479900970000,466,R,7582,7837,9095,10313,7582,7837,9095,10313,19129,23425,18397,22117,-131,-217,-27,-0.513725,-0.85098,-0.105882,0,73,b6520
2026-05-22T02:37:59.901+00:00,1779417479901008000,467,R,7570,7827,9086,10300,7570,7827,9086,10300,19116,23413,18384,22093,-132,-218,-27,-0.517647,-0.854902,-0.105882,0,73,36590
2026-05-22T02:37:59.901+00:00,1779417479901040000,468,R,7571,7827,9084,10297,7571,7827,9084,10297,19108,23401,18381,22088,-132,-217,-26,-0.517647,-0.85098,-0.101961,0,73,46590
2026-05-22T02:37:59.901+00:00,1779417479901071000,469,R,7570,7827,9083,10295,7570,7827,9083,10295,19110,23408,18381,22092,-131,-218,-26,-0.513725,-0.854902,-0.101961,0,73,56590
2026-05-22T02:38:00.049+00:00,1779417480049267000,470,R,7567,7826,9084,10295,7567,7826,9084,10295,19109,23402,18381,22086,-131,-219,-26,-0.513725,-0.858824,-0.101961,0,73,66590
2026-05-22T02:38:00.049+00:00,1779417480049333000,471,R,7567,7827,9084,10295,7567,7827,9084,10295,19104,23398,18378,22088,-130,-218,-26,-0.509804,-0.854902,-0.101961,0,73,76590
2026-05-22T02:38:00.049+00:00,1779417480049363000,472,R,7567,7825,9082,10294,7567,7825,9082,10294,19105,23399,18379,22087,-131,-218,-25,-0.513725,-0.854902,-0.098039,0,72,f6660
2026-05-22T02:38:00.049+00:00,1779417480049389000,473,R,7572,7823,9082,10293,7572,7823,9082,10293,19104,23401,18381,22090,-130,-218,-26,-0.509804,-0.854902,-0.101961,0,72,06660
2026-05-22T02:38:00.049+00:00,1779417480049415000,474,R,7568,7826,9084,10296,7568,7826,9084,10296,19104,23396,18380,22083,-129,-217,-26,-0.505882,-0.85098,-0.101961,0,72,16660
2026-05-22T02:38:00.345+00:00,1779417480345875000,475,R,7567,7826,9083,10296,7567,7826,9083,10296,19103,23399,18379,22083,-129,-217,-27,-0.505882,-0.85098,-0.105882,0,72,26660
2026-05-22T02:38:00.345+00:00,1779417480345908000,476,R,7567,7824,9082,10294,7567,7824,9082,10294,19104,23398,18379,22087,-130,-216,-26,-0.509804,-0.847059,-0.101961,0,72,36660
2026-05-22T02:38:00.345+00:00,1779417480345924000,477,R,7567,7824,9080,10295,7567,7824,9080,10295,19104,23397,18380,22084,-130,-217,-26,-0.509804,-0.85098,-0.101961,0,72,46660
2026-05-22T02:38:00.345+00:00,1779417480345938000,478,R,7570,7827,9083,10299,7570,7827,9083,10299,19108,23403,18384,22091,-130,-218,-27,-0.509804,-0.854902,-0.105882,0,72,a6710
2026-05-22T02:38:00.345+00:00,1779417480345951000,479,R,7571,7829,9087,10301,7571,7829,9087,10301,19105,23401,18387,22092,-130,-218,-27,-0.509804,-0.854902,-0.105882,0,72,b6710
2026-05-22T02:38:00.345+00:00,1779417480345964000,480,R,7572,7831,9086,10301,7572,7831,9086,10301,19108,23402,18382,22095,-132,-218,-28,-0.517647,-0.854902,-0.109804,0,72,c6710
2026-05-22T02:38:00.351+00:00,1779417480351668000,481,R,7572,7830,9089,10307,7572,7830,9089,10307,19109,23404,18388,22094,-132,-219,-28,-0.517647,-0.858824,-0.109804,0,72,d6710
2026-05-22T02:38:00.351+00:00,1779417480351692000,482,R,7570,7834,9090,10306,7570,7834,9090,10306,19107,23401,18386,22097,-133,-218,-28,-0.521569,-0.854902,-0.109804,0,72,e6710
2026-05-22T02:38:00.351+00:00,1779417480351705000,483,R,7579,7838,9093,10314,7579,7838,9093,10314,19115,23410,18390,22106,-130,-216,-26,-0.509804,-0.847059,-0.101961,0,72,66780
2026-05-22T02:38:00.351+00:00,1779417480351718000,484,R,7579,7838,9095,10313,7579,7838,9095,10313,19121,23417,18393,22107,-130,-217,-25,-0.509804,-0.85098,-0.098039,0,72,76780
2026-05-22T02:38:00.351+00:00,1779417480351739000,485,R,7578,7838,9097,10315,7578,7838,9097,10315,19117,23415,18389,22103,-130,-218,-25,-0.509804,-0.854902,-0.098039,0,72,86780
2026-05-22T02:38:00.501+00:00,1779417480501918000,486,R,7581,7839,9099,10317,7581,7839,9099,10317,19121,23418,18392,22107,-130,-219,-27,-0.509804,-0.858824,-0.105882,0,72,96780
2026-05-22T02:38:00.501+00:00,1779417480501956000,487,R,7581,7839,9097,10318,7581,7839,9097,10318,19122,23414,18391,22106,-129,-220,-26,-0.505882,-0.862745,-0.101961,0,72,a6780
2026-05-22T02:38:00.501+00:00,1779417480501978000,488,R,7589,7848,9107,10329,7589,7848,9107,10329,19130,23424,18401,22119,-129,-219,-27,-0.505882,-0.858824,-0.105882,0,72,26850
2026-05-22T02:38:00.501+00:00,1779417480501999000,489,R,7591,7848,9106,10329,7591,7848,9106,10329,19134,23432,18399,22116,-131,-218,-26,-0.513725,-0.854902,-0.101961,0,72,36850
2026-05-22T02:38:00.502+00:00,1779417480502020000,490,R,7592,7848,9106,10332,7592,7848,9106,10332,19130,23425,18401,22119,-130,-217,-28,-0.509804,-0.85098,-0.109804,0,72,46850
2026-05-22T02:38:00.652+00:00,1779417480652794000,491,R,7593,7851,9108,10333,7593,7851,9108,10333,19135,23431,18404,22121,-130,-218,-27,-0.509804,-0.854902,-0.105882,0,72,56850
2026-05-22T02:38:00.652+00:00,1779417480652838000,492,R,7590,7852,9109,10333,7590,7852,9109,10333,19135,23431,18404,22124,-132,-218,-27,-0.517647,-0.854902,-0.105882,0,72,66850
2026-05-22T02:38:00.652+00:00,1779417480652861000,493,R,7592,7850,9110,10333,7592,7850,9110,10333,19135,23433,18407,22129,-131,-218,-26,-0.513725,-0.854902,-0.101961,0,72,76850
2026-05-22T02:38:00.652+00:00,1779417480652881000,494,R,7600,7859,9118,10341,7600,7859,9118,10341,19146,23443,18416,22137,-132,-219,-27,-0.517647,-0.858824,-0.105882,0,72,d6900
2026-05-22T02:38:00.652+00:00,1779417480652900000,495,R,7599,7857,9117,10344,7599,7857,9117,10344,19151,23443,18414,22135,-130,-219,-28,-0.509804,-0.858824,-0.109804,0,72,e6900
2026-05-22T02:38:00.802+00:00,1779417480802635000,496,R,7600,7858,9117,10344,7600,7858,9117,10344,19146,23444,18414,22137,-129,-218,-29,-0.505882,-0.854902,-0.113725,0,72,f6900
2026-05-22T02:38:00.802+00:00,1779417480802789000,497,R,7601,7856,9118,10346,7601,7856,9118,10346,19151,23439,18410,22137,-131,-219,-29,-0.513725,-0.858824,-0.113725,0,72,06900
2026-05-22T02:38:00.803+00:00,1779417480803049000,498,R,7598,7855,9114,10338,7598,7855,9114,10338,19147,23442,18407,22134,-130,-219,-28,-0.509804,-0.858824,-0.109804,0,72,16900
2026-05-22T02:38:00.803+00:00,1779417480803124000,499,R,7588,7842,9100,10318,7588,7842,9100,10318,19131,23421,18394,22104,-132,-216,-27,-0.517647,-0.847059,-0.105882,0,72,86960
2026-05-22T02:38:00.803+00:00,1779417480803190000,500,R,7585,7841,9099,10316,7585,7841,9099,10316,19131,23421,18394,22102,-131,-216,-28,-0.513725,-0.847059,-0.109804,0,72,96960
2026-05-22T02:38:00.803+00:00,1779417480803253000,501,R,7587,7840,9100,10313,7587,7840,9100,10313,19130,23419,18393,22099,-131,-217,-28,-0.513725,-0.85098,-0.109804,0,72,a6960
2026-05-22T02:38:01.100+00:00,1779417481101025000,502,R,7587,7840,9100,10313,7587,7840,9100,10313,19125,23421,18390,22102,-131,-217,-27,-0.513725,-0.85098,-0.105882,0,72,b6960
2026-05-22T02:38:01.101+00:00,1779417481101175000,503,R,7586,7837,9099,10310,7586,7837,9099,10310,19124,23416,18387,22097,-132,-218,-28,-0.517647,-0.854902,-0.109804,0,72,c6960
2026-05-22T02:38:01.101+00:00,1779417481101249000,504,R,7582,7838,9095,10307,7582,7838,9095,10307,19118,23410,18385,22091,-129,-216,-26,-0.505882,-0.847059,-0.101961,0,72,47030
2026-05-22T02:38:01.101+00:00,1779417481101314000,505,R,7582,7840,9095,10310,7582,7840,9095,10310,19122,23409,18387,22093,-131,-218,-26,-0.513725,-0.854902,-0.101961,0,72,57030
2026-05-22T02:38:01.101+00:00,1779417481101377000,506,R,7583,7838,9096,10308,7583,7838,9096,10308,19119,23410,18384,22092,-132,-218,-25,-0.517647,-0.854902,-0.098039,0,72,67030
2026-05-22T02:38:01.250+00:00,1779417481250321000,507,R,7585,7839,9095,10307,7585,7839,9095,10307,19120,23406,18384,22090,-130,-219,-25,-0.509804,-0.858824,-0.098039,0,72,77030
2026-05-22T02:38:01.250+00:00,1779417481250358000,508,R,7582,7838,9096,10307,7582,7838,9096,10307,19118,23409,18383,22090,-130,-219,-25,-0.509804,-0.858824,-0.098039,0,72,87030
2026-05-22T02:38:01.250+00:00,1779417481250377000,509,R,7585,7840,9097,10312,7585,7840,9097,10312,19119,23408,18387,22092,-129,-218,-27,-0.505882,-0.854902,-0.105882,0,72,27120
2026-05-22T02:38:01.250+00:00,1779417481250395000,510,R,7588,7842,9098,10313,7588,7842,9098,10313,19128,23413,18387,22092,-130,-218,-27,-0.509804,-0.854902,-0.105882,0,72,37120
2026-05-22T02:38:01.250+00:00,1779417481250411000,511,R,7587,7841,9098,10313,7587,7841,9098,10313,19124,23414,18387,22095,-130,-219,-26,-0.509804,-0.858824,-0.101961,0,72,47120
2026-05-22T02:38:01.399+00:00,1779417481399264000,512,R,7587,7839,9100,10313,7587,7839,9100,10313,19126,23412,18391,22097,-132,-219,-28,-0.517647,-0.858824,-0.109804,0,72,57120
2026-05-22T02:38:01.399+00:00,1779417481399403000,513,R,7588,7840,9103,10318,7588,7840,9103,10318,19127,23410,18390,22101,-132,-219,-26,-0.517647,-0.858824,-0.101961,0,72,67120
2026-05-22T02:38:01.399+00:00,1779417481399481000,514,R,7591,7841,9101,10319,7591,7841,9101,10319,19126,23411,18388,22101,-132,-219,-27,-0.517647,-0.858824,-0.105882,0,72,77120
2026-05-22T02:38:01.399+00:00,1779417481399548000,515,R,7596,7844,9109,10326,7596,7844,9109,10326,19140,23419,18391,22109,-130,-217,-26,-0.509804,-0.85098,-0.101961,0,72,e7180
2026-05-22T02:38:01.399+00:00,1779417481399614000,516,R,7598,7845,9110,10319,7598,7845,9110,10319,19140,23424,18390,22111,-131,-217,-26,-0.513725,-0.85098,-0.101961,0,72,f7180
2026-05-22T02:38:01.549+00:00,1779417481550017000,517,R,7597,7847,9111,10326,7597,7847,9111,10326,19144,23423,18391,22113,-130,-217,-26,-0.509804,-0.85098,-0.101961,0,72,07180
2026-05-22T02:38:01.550+00:00,1779417481550150000,518,R,7598,7845,9112,10328,7598,7845,9112,10328,19144,23425,18394,22114,-131,-217,-25,-0.513725,-0.85098,-0.098039,0,72,17180
2026-05-22T02:38:01.550+00:00,1779417481550223000,519,R,7599,7845,9112,10330,7599,7845,9112,10330,19142,23425,18394,22114,-130,-218,-26,-0.509804,-0.854902,-0.101961,0,72,27180
2026-05-22T02:38:01.550+00:00,1779417481550289000,520,R,7608,7852,9120,10337,7608,7852,9120,10337,19152,23431,18397,22119,-132,-219,-27,-0.517647,-0.858824,-0.105882,0,72,a7250
2026-05-22T02:38:01.550+00:00,1779417481550361000,521,R,7605,7850,9115,10336,7605,7850,9115,10336,19152,23432,18393,22119,-131,-220,-26,-0.513725,-0.862745,-0.101961,0,72,b7250
2026-05-22T02:38:01.550+00:00,1779417481550428000,522,R,7609,7851,9121,10340,7609,7851,9121,10340,19156,23436,18395,22125,-130,-218,-26,-0.509804,-0.854902,-0.101961,0,72,c7250
2026-05-22T02:38:01.703+00:00,1779417481703258000,523,R,7611,7853,9125,10340,7611,7853,9125,10340,19159,23443,18396,22126,-129,-218,-26,-0.505882,-0.854902,-0.101961,0,72,d7250
2026-05-22T02:38:01.703+00:00,1779417481703381000,524,R,7612,7852,9126,10343,7612,7852,9126,10343,19159,23443,18395,22124,-130,-218,-26,-0.509804,-0.854902,-0.101961,0,72,e7250
2026-05-22T02:38:01.703+00:00,1779417481703453000,525,R,7608,7850,9116,10342,7608,7850,9116,10342,19152,23424,18391,22129,-129,-220,-27,-0.505882,-0.862745,-0.105882,0,71,67320
2026-05-22T02:38:01.703+00:00,1779417481703749000,526,R,7608,7853,9111,10346,7608,7853,9111,10346,19151,23421,18390,22128,-128,-220,-26,-0.501961,-0.862745,-0.101961,0,71,77320
2026-05-22T02:38:01.703+00:00,1779417481703819000,527,R,7605,7845,9108,10334,7605,7845,9108,10334,19146,23412,18384,22121,-129,-218,-26,-0.505882,-0.854902,-0.101961,0,71,87320
2026-05-22T02:38:01.852+00:00,1779417481852836000,528,R,7603,7842,9103,10330,7603,7842,9103,10330,19140,23408,18382,22116,-129,-216,-27,-0.505882,-0.847059,-0.105882,0,71,97320
2026-05-22T02:38:01.852+00:00,1779417481852985000,529,R,7598,7839,9102,10328,7598,7839,9102,10328,19140,23403,18378,22116,-128,-222,-24,-0.501961,-0.870588,-0.094118,0,71,a7320
2026-05-22T02:38:01.853+00:00,1779417481853060000,530,R,7584,7840,9088,10328,7584,7840,9088,10328,19113,23380,18377,22115,-131,-216,-25,-0.513725,-0.847059,-0.098039,0,71,17380
2026-05-22T02:38:01.853+00:00,1779417481853124000,531,R,7585,7839,9089,10328,7585,7839,9089,10328,19112,23380,18379,22118,-130,-217,-25,-0.509804,-0.85098,-0.098039,0,71,27380
2026-05-22T02:38:01.853+00:00,1779417481853187000,532,R,7578,7839,9090,10322,7578,7839,9090,10322,19108,23378,18377,22111,-131,-221,-24,-0.513725,-0.866667,-0.094118,0,71,37380
2026-05-22T02:38:02.003+00:00,1779417482003319000,533,R,7583,7841,9087,10322,7583,7841,9087,10322,19104,23381,18378,22114,-133,-218,-25,-0.521569,-0.854902,-0.098039,0,71,47380
2026-05-22T02:38:02.003+00:00,1779417482003458000,534,R,7582,7840,9089,10321,7582,7840,9089,10321,19108,23382,18377,22110,-135,-218,-24,-0.529412,-0.854902,-0.094118,0,71,57380
2026-05-22T02:38:02.003+00:00,1779417482003532000,535,R,7585,7838,9085,10313,7585,7838,9085,10313,19110,23374,18374,22100,-131,-220,-26,-0.513725,-0.862745,-0.101961,0,71,67380
2026-05-22T02:38:02.003+00:00,1779417482003598000,536,R,7587,7827,9093,10311,7587,7827,9093,10311,19122,23379,18356,22087,-130,-216,-24,-0.509804,-0.847059,-0.094118,0,71,e7450
2026-05-22T02:38:02.003+00:00,1779417482003661000,537,R,7586,7826,9088,10304,7586,7826,9088,10304,19124,23381,18358,22089,-131,-217,-22,-0.513725,-0.85098,-0.086275,0,71,f7450
2026-05-22T02:38:02.152+00:00,1779417482152470000,538,R,7587,7828,9092,10309,7587,7828,9092,10309,19117,23385,18361,22084,-133,-218,-21,-0.521569,-0.854902,-0.082353,0,71,07450
2026-05-22T02:38:02.152+00:00,1779417482152597000,539,R,7584,7832,9094,10307,7584,7832,9094,10307,19115,23389,18358,22085,-130,-218,-21,-0.509804,-0.854902,-0.082353,0,71,17450
2026-05-22T02:38:02.152+00:00,1779417482152669000,540,R,7585,7832,9095,10309,7585,7832,9095,10309,19114,23389,18362,22083,-129,-218,-21,-0.505882,-0.854902,-0.082353,0,71,27450
2026-05-22T02:38:02.152+00:00,1779417482152735000,541,R,7567,7852,9098,10319,7567,7852,9098,10319,19081,23402,18397,22091,-132,-217,-24,-0.517647,-0.85098,-0.094118,0,71,a7520
2026-05-22T02:38:02.152+00:00,1779417482152798000,542,R,7567,7860,9097,10329,7567,7860,9097,10329,19080,23400,18399,22096,-132,-221,-24,-0.517647,-0.866667,-0.094118,0,71,b7520
2026-05-22T02:38:02.152+00:00,1779417482152861000,543,R,7568,7857,9096,10322,7568,7857,9096,10322,19079,23397,18406,22097,-131,-223,-24,-0.513725,-0.87451,-0.094118,0,71,c7520
2026-05-22T02:38:02.302+00:00,1779417482302838000,544,R,7566,7854,9093,10323,7566,7854,9093,10323,19078,23396,18400,22094,-129,-220,-25,-0.505882,-0.862745,-0.098039,0,71,d7520
2026-05-22T02:38:02.302+00:00,1779417482302991000,545,R,7570,7855,9097,10321,7570,7855,9097,10321,19084,23399,18400,22093,-128,-220,-25,-0.501961,-0.862745,-0.098039,0,71,e7520
2026-05-22T02:38:02.303+00:00,1779417482303065000,546,R,7566,7849,9109,10323,7566,7849,9109,10323,19094,23423,18387,22084,-134,-217,-21,-0.52549,-0.85098,-0.082353,0,71,67590
2026-05-22T02:38:02.303+00:00,1779417482303130000,547,R,7565,7849,9110,10321,7565,7849,9110,10321,19094,23426,18386,22088,-133,-216,-23,-0.521569,-0.847059,-0.090196,0,71,77590
2026-05-22T02:38:02.303+00:00,1779417482303193000,548,R,7568,7849,9111,10324,7568,7849,9111,10324,19094,23426,18387,22087,-131,-215,-23,-0.513725,-0.843137,-0.090196,0,71,87590
2026-05-22T02:38:02.599+00:00,1779417482599833000,549,R,7571,7850,9112,10323,7571,7850,9112,10323,19096,23429,18387,22087,-132,-216,-22,-0.517647,-0.847059,-0.086275,0,71,97590
2026-05-22T02:38:02.599+00:00,1779417482599976000,550,R,7569,7851,9111,10326,7569,7851,9111,10326,19097,23430,18388,22089,-130,-217,-23,-0.509804,-0.85098,-0.090196,0,71,a7590
2026-05-22T02:38:02.600+00:00,1779417482600062000,551,R,7571,7855,9114,10332,7571,7855,9114,10332,19094,23440,18389,22095,-131,-219,-24,-0.513725,-0.858824,-0.094118,0,71,07640
2026-05-22T02:38:02.600+00:00,1779417482600129000,552,R,7567,7857,9115,10333,7567,7857,9115,10333,19098,23443,18390,22096,-131,-219,-25,-0.513725,-0.858824,-0.098039,0,71,17640
2026-05-22T02:38:02.600+00:00,1779417482600195000,553,R,7570,7857,9117,10334,7570,7857,9117,10334,19097,23442,18396,22096,-130,-219,-24,-0.509804,-0.858824,-0.094118,0,70,27640
2026-05-22T02:38:02.749+00:00,1779417482749725000,554,R,7570,7856,9118,10334,7570,7856,9118,10334,19095,23442,18394,22097,-131,-220,-24,-0.513725,-0.862745,-0.094118,0,70,37640
2026-05-22T02:38:02.749+00:00,1779417482749851000,555,R,7568,7858,9118,10336,7568,7858,9118,10336,19095,23448,18393,22100,-130,-219,-25,-0.509804,-0.858824,-0.098039,0,70,47640
2026-05-22T02:38:02.749+00:00,1779417482749925000,556,R,7571,7856,9119,10336,7571,7856,9119,10336,19096,23448,18394,22096,-130,-217,-24,-0.509804,-0.85098,-0.094118,0,70,57640
2026-05-22T02:38:02.749+00:00,1779417482749990000,557,R,7567,7855,9117,10323,7567,7855,9117,10323,19085,23439,18392,22085,-128,-220,-25,-0.501961,-0.862745,-0.098039,0,70,e7720
2026-05-22T02:38:02.750+00:00,1779417482750053000,558,R,7564,7856,9115,10319,7564,7856,9115,10319,19080,23440,18394,22078,-125,-219,-25,-0.490196,-0.858824,-0.098039,0,70,f7720
2026-05-22T02:38:02.901+00:00,1779417482901054000,559,R,7561,7855,9113,10318,7561,7855,9113,10318,19073,23439,18393,22074,-127,-217,-25,-0.498039,-0.85098,-0.098039,0,70,07720
2026-05-22T02:38:02.901+00:00,1779417482901198000,560,R,7560,7857,9113,10316,7560,7857,9113,10316,19071,23435,18392,22073,-128,-217,-25,-0.501961,-0.85098,-0.098039,0,70,17720
2026-05-22T02:38:02.901+00:00,1779417482901271000,561,R,7559,7857,9113,10315,7559,7857,9113,10315,19066,23435,18395,22076,-136,-219,-22,-0.533333,-0.858824,-0.086275,0,70,27720
2026-05-22T02:38:02.901+00:00,1779417482901337000,562,R,7566,7842,9108,10312,7566,7842,9108,10312,19071,23423,18372,22075,-135,-217,-25,-0.529412,-0.85098,-0.098039,0,70,97780
2026-05-22T02:38:02.901+00:00,1779417482901399000,563,R,7571,7842,9109,10313,7571,7842,9109,10313,19076,23413,18371,22076,-137,-216,-27,-0.537255,-0.847059,-0.105882,0,70,a7780
2026-05-22T02:38:02.901+00:00,1779417482901461000,564,R,7576,7838,9106,10312,7576,7838,9106,10312,19078,23412,18363,22078,-134,-218,-28,-0.52549,-0.854902,-0.109804,0,70,b7780
2026-05-22T02:38:03.048+00:00,1779417483048840000,565,R,7574,7836,9102,10309,7574,7836,9102,10309,19085,23404,18360,22073,-130,-220,-28,-0.509804,-0.862745,-0.109804,0,70,c7780
2026-05-22T02:38:03.048+00:00,1779417483048953000,566,R,7577,7837,9102,10309,7577,7837,9102,10309,19084,23401,18359,22075,-129,-220,-27,-0.505882,-0.862745,-0.105882,0,70,d7780
2026-05-22T02:38:03.049+00:00,1779417483049055000,567,R,7589,7832,9103,10308,7589,7832,9103,10308,19105,23390,18354,22073,-137,-217,-29,-0.537255,-0.85098,-0.113725,0,70,57850
2026-05-22T02:38:03.049+00:00,1779417483049122000,568,R,7591,7834,9102,10308,7591,7834,9102,10308,19108,23389,18349,22074,-131,-215,-26,-0.513725,-0.843137,-0.101961,0,70,67850
2026-05-22T02:38:03.049+00:00,1779417483049186000,569,R,7592,7831,9104,10307,7592,7831,9104,10307,19111,23389,18350,22071,-129,-219,-27,-0.505882,-0.858824,-0.105882,0,70,77850
2026-05-22T02:38:03.200+00:00,1779417483200479000,570,R,7596,7831,9105,10306,7596,7831,9105,10306,19111,23396,18354,22073,-128,-217,-26,-0.501961,-0.85098,-0.101961,0,70,87850
2026-05-22T02:38:03.200+00:00,1779417483200630000,571,R,7594,7832,9105,10311,7594,7832,9105,10311,19114,23396,18347,22072,-130,-218,-27,-0.509804,-0.854902,-0.105882,0,70,97850
2026-05-22T02:38:03.200+00:00,1779417483200709000,572,R,7591,7831,9106,10312,7591,7831,9106,10312,19108,23396,18347,22077,-131,-218,-25,-0.513725,-0.854902,-0.098039,0,70,07910
2026-05-22T02:38:03.200+00:00,1779417483200976000,573,R,7591,7834,9110,10313,7591,7834,9110,10313,19112,23402,18351,22074,-132,-218,-26,-0.517647,-0.854902,-0.101961,0,70,17910
2026-05-22T02:38:03.201+00:00,1779417483201048000,574,R,7592,7835,9111,10314,7592,7835,9111,10314,19110,23402,18353,22073,-130,-217,-26,-0.509804,-0.85098,-0.101961,0,70,27910
2026-05-22T02:38:03.349+00:00,1779417483349194000,575,R,7592,7836,9110,10315,7592,7836,9110,10315,19109,23398,18357,22079,-130,-216,-27,-0.509804,-0.847059,-0.105882,0,70,37910
2026-05-22T02:38:03.349+00:00,1779417483349333000,576,R,7594,7840,9110,10316,7594,7840,9110,10316,19111,23400,18357,22075,-129,-218,-26,-0.505882,-0.854902,-0.101961,0,70,47910
2026-05-22T02:38:03.349+00:00,1779417483349407000,577,R,7595,7842,9109,10318,7595,7842,9109,10318,19112,23402,18359,22076,-131,-216,-27,-0.513725,-0.847059,-0.105882,0,70,57910
2026-05-22T02:38:03.349+00:00,1779417483349471000,578,R,7609,7856,9117,10327,7609,7856,9117,10327,19135,23402,18385,22089,-127,-218,-25,-0.498039,-0.854902,-0.098039,0,70,b7960
2026-05-22T02:38:03.349+00:00,1779417483349534000,579,R,7614,7857,9116,10329,7614,7857,9116,10329,19140,23402,18384,22090,-125,-218,-26,-0.490196,-0.854902,-0.101961,0,70,c7960
2026-05-22T02:38:03.349+00:00,1779417483349596000,580,R,7613,7857,9117,10330,7613,7857,9117,10330,19145,23400,18388,22092,-128,-217,-27,-0.501961,-0.85098,-0.105882,0,70,d7960
2026-05-22T02:38:03.501+00:00,1779417483501379000,581,R,7617,7859,9118,10331,7617,7859,9118,10331,19150,23401,18390,22096,-124,-216,-27,-0.486275,-0.847059,-0.105882,0,70,e7960
2026-05-22T02:38:03.501+00:00,1779417483501542000,582,R,7619,7858,9118,10331,7619,7858,9118,10331,19149,23397,18385,22090,-128,-216,-26,-0.501961,-0.847059,-0.101961,0,70,f7960
2026-05-22T02:38:03.501+00:00,1779417483501618000,583,R,7652,7863,9108,10347,7652,7863,9108,10347,19211,23360,18390,22119,-136,-215,-33,-0.533333,-0.843137,-0.129412,0,70,78030
2026-05-22T02:38:03.501+00:00,1779417483501683000,584,R,7664,7863,9103,10350,7664,7863,9103,10350,19224,23344,18392,22129,-140,-216,-35,-0.54902,-0.847059,-0.137255,0,70,88030
2026-05-22T02:38:03.501+00:00,1779417483501746000,585,R,7673,7862,9100,10356,7673,7862,9100,10356,19246,23331,18389,22140,-140,-215,-38,-0.54902,-0.843137,-0.14902,0,70,98030
2026-05-22T02:38:03.650+00:00,1779417483650992000,586,R,7686,7860,9094,10361,7686,7860,9094,10361,19267,23308,18387,22154,-139,-212,-39,-0.545098,-0.831373,-0.152941,0,70,a8030
2026-05-22T02:38:03.651+00:00,1779417483651136000,587,R,7698,7857,9089,10367,7698,7857,9089,10367,19292,23287,18385,22168,-132,-216,-40,-0.517647,-0.847059,-0.156863,0,70,b8030
2026-05-22T02:38:03.651+00:00,1779417483651210000,588,R,7677,7847,9046,10375,7677,7847,9046,10375,19268,23212,18367,22214,-128,-223,-41,-0.501961,-0.87451,-0.160784,0,70,28090
2026-05-22T02:38:03.651+00:00,1779417483651277000,589,R,7656,7836,9044,10362,7656,7836,9044,10362,19223,23217,18357,22194,-127,-221,-43,-0.498039,-0.866667,-0.168627,0,70,38090
2026-05-22T02:38:03.651+00:00,1779417483651341000,590,R,7642,7831,9051,10351,7642,7831,9051,10351,19198,23236,18355,22171,-130,-209,-46,-0.509804,-0.819608,-0.180392,0,70,48090
2026-05-22T02:38:03.799+00:00,1779417483800001000,591,R,7631,7834,9057,10343,7631,7834,9057,10343,19177,23258,18351,22150,-137,-204,-42,-0.537255,-0.8,-0.164706,0,70,58090
2026-05-22T02:38:03.800+00:00,1779417483800155000,592,R,7627,7838,9066,10339,7627,7838,9066,10339,19170,23292,18358,22139,-139,-212,-35,-0.545098,-0.831373,-0.137255,0,70,68090
2026-05-22T02:38:03.800+00:00,1779417483800233000,593,R,7622,7843,9078,10340,7622,7843,9078,10340,19161,23315,18360,22131,-137,-207,-36,-0.537255,-0.811765,-0.141176,0,70,78090
2026-05-22T02:38:03.800+00:00,1779417483800301000,594,R,7634,7855,9113,10326,7634,7855,9113,10326,19184,23375,18375,22079,-138,-212,-42,-0.541176,-0.831373,-0.164706,0,70,18180
2026-05-22T02:38:03.800+00:00,1779417483800367000,595,R,7638,7859,9112,10328,7638,7859,9112,10328,19195,23377,18379,22084,-140,-210,-42,-0.54902,-0.823529,-0.164706,0,70,28180
2026-05-22T02:38:03.949+00:00,1779417483949893000,596,R,7647,7860,9116,10331,7647,7860,9116,10331,19209,23374,18384,22088,-139,-212,-39,-0.545098,-0.831373,-0.152941,0,70,38180
2026-05-22T02:38:03.950+00:00,1779417483950055000,597,R,7659,7865,9120,10338,7659,7865,9120,10338,19228,23374,18394,22102,-143,-216,-36,-0.560784,-0.847059,-0.141176,0,70,48180
2026-05-22T02:38:03.950+00:00,1779417483950129000,598,R,7672,7869,9120,10344,7672,7869,9120,10344,19254,23363,18398,22109,-139,-214,-38,-0.545098,-0.839216,-0.14902,0,70,58180
2026-05-22T02:38:03.950+00:00,1779417483950195000,599,R,7793,7858,9103,10419,7793,7858,9103,10419,19469,23263,18380,22281,-132,-212,-40,-0.517647,-0.831373,-0.156863,0,70,d8250
2026-05-22T02:38:03.950+00:00,1779417483950257000,600,R,7788,7852,9088,10412,7788,7852,9088,10412,19465,23244,18374,22287,-127,-216,-38,-0.498039,-0.847059,-0.14902,0,70,e8250
2026-05-22T02:38:03.950+00:00,1779417483950544000,601,R,7768,7855,9076,10408,7768,7855,9076,10408,19440,23226,18377,22280,-124,-220,-36,-0.486275,-0.862745,-0.141176,0,70,f8250
2026-05-22T02:38:04.099+00:00,1779417484099323000,602,R,7731,7854,9053,10399,7731,7854,9053,10399,19374,23204,18381,22261,-139,-226,-37,-0.545098,-0.886275,-0.145098,0,70,08250
2026-05-22T02:38:04.099+00:00,1779417484099485000,603,R,7691,7850,9030,10386,7691,7850,9030,10386,19303,23178,18382,22246,-142,-225,-36,-0.556863,-0.882353,-0.141176,0,70,18250
2026-05-22T02:38:04.099+00:00,1779417484099561000,604,R,7636,7848,9097,10343,7636,7848,9097,10343,19181,23338,18365,22128,-137,-217,-34,-0.537255,-0.85098,-0.133333,0,70,98320
2026-05-22T02:38:04.099+00:00,1779417484099628000,605,R,7638,7852,9108,10348,7638,7852,9108,10348,19181,23355,18366,22128,-136,-219,-35,-0.533333,-0.858824,-0.137255,0,70,a8320
2026-05-22T02:38:04.099+00:00,1779417484099692000,606,R,7636,7852,9116,10347,7636,7852,9116,10347,19182,23369,18367,22120,-133,-217,-37,-0.521569,-0.85098,-0.145098,0,70,b8320
2026-05-22T02:38:04.249+00:00,1779417484249825000,607,R,7637,7850,9122,10350,7637,7850,9122,10350,19181,23379,18369,22123,-129,-216,-39,-0.505882,-0.847059,-0.152941,0,70,c8320
2026-05-22T02:38:04.249+00:00,1779417484249962000,608,R,7638,7849,9127,10352,7638,7849,9127,10352,19180,23392,18371,22125,-128,-218,-39,-0.501961,-0.854902,-0.152941,0,70,d8320
2026-05-22T02:38:04.250+00:00,1779417484250036000,609,R,7643,7856,9148,10361,7643,7856,9148,10361,19188,23432,18370,22125,-132,-218,-35,-0.517647,-0.854902,-0.137255,0,70,58390
2026-05-22T02:38:04.250+00:00,1779417484250103000,610,R,7654,7852,9159,10359,7654,7852,9159,10359,19190,23431,18373,22133,-130,-216,-35,-0.509804,-0.847059,-0.137255,0,70,68390
2026-05-22T02:38:04.250+00:00,1779417484250168000,611,R,7645,7854,9149,10361,7645,7854,9149,10361,19192,23440,18369,22126,-131,-216,-34,-0.513725,-0.847059,-0.133333,0,70,78390
2026-05-22T02:38:04.400+00:00,1779417484400395000,612,R,7648,7858,9154,10364,7648,7858,9154,10364,19194,23444,18368,22129,-130,-215,-34,-0.509804,-0.843137,-0.133333,0,70,88390
2026-05-22T02:38:04.400+00:00,1779417484400427000,613,R,7646,7857,9154,10363,7646,7857,9154,10363,19191,23444,18373,22132,-130,-215,-34,-0.509804,-0.843137,-0.133333,0,69,98390
2026-05-22T02:38:04.400+00:00,1779417484400443000,614,R,7646,7860,9157,10364,7646,7860,9157,10364,19188,23447,18376,22131,-132,-217,-33,-0.517647,-0.85098,-0.129412,0,69,a8390
2026-05-22T02:38:04.400+00:00,1779417484400457000,615,R,7650,7864,9162,10374,7650,7864,9162,10374,19192,23460,18376,22137,-133,-216,-32,-0.521569,-0.847059,-0.12549,0,69,18450
2026-05-22T02:38:04.400+00:00,1779417484400470000,616,R,7650,7863,9157,10366,7650,7863,9157,10366,19195,23460,18385,22138,-132,-218,-32,-0.517647,-0.854902,-0.12549,0,69,28450
2026-05-22T02:38:04.550+00:00,1779417484550459000,617,R,7651,7862,9162,10375,7651,7862,9162,10375,19193,23457,18380,22141,-131,-217,-33,-0.513725,-0.85098,-0.129412,0,69,38450
2026-05-22T02:38:04.550+00:00,1779417484550494000,618,R,7649,7862,9159,10371,7649,7862,9159,10371,19193,23457,18377,22133,-132,-218,-32,-0.517647,-0.854902,-0.12549,0,69,48450
2026-05-22T02:38:04.550+00:00,1779417484550510000,619,R,7647,7861,9157,10366,7647,7861,9157,10366,19190,23453,18377,22131,-137,-216,-33,-0.537255,-0.847059,-0.129412,0,69,58450
2026-05-22T02:38:04.550+00:00,1779417484550524000,620,R,7616,7864,9137,10340,7616,7864,9137,10340,19148,23429,18389,22089,-133,-214,-29,-0.521569,-0.839216,-0.113725,0,69,d8520
2026-05-22T02:38:04.550+00:00,1779417484550538000,621,R,7613,7866,9131,10343,7613,7866,9131,10343,19152,23433,18394,22092,-133,-214,-31,-0.521569,-0.839216,-0.121569,0,69,e8520
2026-05-22T02:38:04.550+00:00,1779417484550550000,622,R,7614,7867,9135,10339,7614,7867,9135,10339,19147,23432,18393,22086,-133,-217,-31,-0.521569,-0.85098,-0.121569,0,69,f8520
2026-05-22T02:38:04.700+00:00,1779417484700435000,623,R,7614,7868,9133,10338,7614,7868,9133,10338,19146,23424,18396,22084,-131,-214,-32,-0.513725,-0.839216,-0.12549,0,69,08520
2026-05-22T02:38:04.700+00:00,1779417484700466000,624,R,7616,7868,9130,10337,7616,7868,9130,10337,19148,23421,18396,22082,-133,-216,-33,-0.521569,-0.847059,-0.129412,0,69,18520
2026-05-22T02:38:04.700+00:00,1779417484700485000,625,R,7624,7872,9130,10339,7624,7872,9130,10339,19169,23409,18407,22088,-135,-216,-34,-0.529412,-0.847059,-0.133333,0,69,98590
2026-05-22T02:38:04.700+00:00,1779417484700501000,626,R,7636,7870,9141,10344,7636,7870,9141,10344,19177,23411,18403,22092,-134,-215,-35,-0.52549,-0.843137,-0.137255,0,69,a8590
2026-05-22T02:38:04.700+00:00,1779417484700517000,627,R,7632,7876,9130,10342,7632,7876,9130,10342,19185,23410,18407,22093,-131,-215,-35,-0.513725,-0.843137,-0.137255,0,69,b8590
2026-05-22T02:38:04.849+00:00,1779417484849875000,628,R,7634,7878,9130,10345,7634,7878,9130,10345,19189,23403,18407,22096,-132,-214,-35,-0.517647,-0.839216,-0.137255,0,69,c8590
2026-05-22T02:38:04.849+00:00,1779417484850011000,629,R,7639,7875,9128,10347,7639,7875,9128,10347,19194,23400,18405,22100,-132,-216,-33,-0.517647,-0.847059,-0.129412,0,69,d8590
2026-05-22T02:38:04.850+00:00,1779417484850084000,630,R,7608,7846,9120,10332,7608,7846,9120,10332,19141,23394,18361,22086,-136,-200,-40,-0.533333,-0.784314,-0.156863,0,69,38640
2026-05-22T02:38:04.850+00:00,1779417484850151000,631,R,7609,7846,9124,10333,7609,7846,9124,10333,19138,23403,18362,22084,-140,-210,-30,-0.54902,-0.823529,-0.117647,0,69,48640
2026-05-22T02:38:04.850+00:00,1779417484850215000,632,R,7611,7846,9124,10333,7611,7846,9124,10333,19140,23400,18363,22089,-139,-214,-30,-0.545098,-0.839216,-0.117647,0,69,58640
2026-05-22T02:38:04.999+00:00,1779417484999170000,633,R,7616,7852,9126,10338,7616,7852,9126,10338,19137,23405,18362,22090,-139,-216,-30,-0.545098,-0.847059,-0.117647,0,69,68640
2026-05-22T02:38:04.999+00:00,1779417484999308000,634,R,7618,7850,9130,10340,7618,7850,9130,10340,19146,23407,18360,22095,-135,-219,-31,-0.529412,-0.858824,-0.121569,0,69,78640
2026-05-22T02:38:04.999+00:00,1779417484999381000,635,R,7617,7850,9132,10340,7617,7850,9132,10340,19147,23407,18364,22098,-132,-217,-33,-0.517647,-0.85098,-0.129412,0,69,88640
2026-05-22T02:38:04.999+00:00,1779417484999446000,636,R,7630,7857,9144,10354,7630,7857,9144,10354,19161,23423,18369,22113,-134,-217,-31,-0.52549,-0.85098,-0.121569,0,69,18720
2026-05-22T02:38:04.999+00:00,1779417484999509000,637,R,7625,7856,9139,10358,7625,7856,9139,10358,19160,23424,18371,22112,-133,-216,-30,-0.521569,-0.847059,-0.117647,0,69,28720
2026-05-22T02:38:05.149+00:00,1779417485149830000,638,R,7629,7855,9143,10354,7629,7855,9143,10354,19161,23428,18371,22118,-134,-216,-31,-0.52549,-0.847059,-0.121569,0,69,38720
2026-05-22T02:38:05.149+00:00,1779417485149964000,639,R,7631,7858,9145,10356,7631,7858,9145,10356,19163,23429,18370,22115,-132,-217,-31,-0.517647,-0.85098,-0.121569,0,69,48720
2026-05-22T02:38:05.150+00:00,1779417485150037000,640,R,7630,7856,9147,10358,7630,7856,9147,10358,19162,23434,18372,22119,-130,-216,-30,-0.509804,-0.847059,-0.117647,0,69,58720
2026-05-22T02:38:05.150+00:00,1779417485150103000,641,R,7636,7863,9156,10363,7636,7863,9156,10363,19167,23451,18378,22128,-133,-217,-29,-0.521569,-0.85098,-0.113725,0,69,d8790
2026-05-22T02:38:05.150+00:00,1779417485150167000,642,R,7633,7864,9159,10366,7633,7864,9159,10366,19172,23450,18375,22123,-131,-217,-30,-0.513725,-0.85098,-0.117647,0,69,e8790
2026-05-22T02:38:05.150+00:00,1779417485150229000,643,R,7635,7864,9156,10364,7635,7864,9156,10364,19169,23450,18380,22128,-132,-217,-30,-0.517647,-0.85098,-0.117647,0,69,f8790
2026-05-22T02:38:05.300+00:00,1779417485300811000,644,R,7637,7866,9156,10366,7637,7866,9156,10366,19170,23455,18377,22125,-132,-216,-30,-0.517647,-0.847059,-0.117647,0,69,08790
2026-05-22T02:38:05.300+00:00,1779417485300864000,645,R,7636,7862,9157,10369,7636,7862,9157,10369,19172,23453,18377,22127,-133,-218,-30,-0.521569,-0.854902,-0.117647,0,69,18790
2026-05-22T02:38:05.300+00:00,1779417485300881000,646,R,7633,7863,9154,10363,7633,7863,9154,10363,19165,23451,18379,22124,-131,-217,-31,-0.513725,-0.85098,-0.121569,0,69,88850
2026-05-22T02:38:05.300+00:00,1779417485300896000,647,R,7627,7863,9152,10361,7627,7863,9152,10361,19160,23451,18378,22119,-132,-219,-29,-0.517647,-0.858824,-0.113725,0,69,98850
2026-05-22T02:38:05.300+00:00,1779417485300985000,648,R,7625,7860,9149,10356,7625,7860,9149,10356,19152,23443,18377,22114,-132,-217,-29,-0.517647,-0.85098,-0.113725,0,69,a8850
2026-05-22T02:38:05.450+00:00,1779417485450582000,649,R,7620,7861,9145,10352,7620,7861,9145,10352,19149,23444,18380,22113,-130,-215,-30,-0.509804,-0.843137,-0.117647,0,69,b8850
2026-05-22T02:38:05.450+00:00,1779417485450632000,650,R,7615,7859,9142,10350,7615,7859,9142,10350,19142,23443,18380,22107,-131,-213,-31,-0.513725,-0.835294,-0.121569,0,69,c8850
2026-05-22T02:38:05.450+00:00,1779417485450659000,651,R,7598,7861,9132,10338,7598,7861,9132,10338,19116,23430,18383,22090,-132,-217,-30,-0.517647,-0.85098,-0.117647,0,69,38910
2026-05-22T02:38:05.450+00:00,1779417485450682000,652,R,7597,7860,9131,10334,7597,7860,9131,10334,19112,23430,18380,22086,-133,-217,-30,-0.521569,-0.85098,-0.117647,0,69,48910
2026-05-22T02:38:05.450+00:00,1779417485450704000,653,R,7594,7858,9132,10336,7594,7858,9132,10336,19112,23429,18383,22085,-133,-217,-30,-0.521569,-0.85098,-0.117647,0,69,58910
2026-05-22T02:38:05.602+00:00,1779417485602193000,654,R,7592,7856,9128,10334,7592,7856,9128,10334,19106,23425,18381,22084,-133,-217,-31,-0.521569,-0.85098,-0.121569,0,69,68910
2026-05-22T02:38:05.602+00:00,1779417485602333000,655,R,7591,7856,9130,10333,7591,7856,9130,10333,19105,23427,18378,22085,-133,-218,-30,-0.521569,-0.854902,-0.117647,0,69,78910
2026-05-22T02:38:05.602+00:00,1779417485602407000,656,R,7590,7856,9126,10331,7590,7856,9126,10331,19103,23422,18383,22082,-132,-216,-31,-0.517647,-0.847059,-0.121569,0,69,88910
2026-05-22T02:38:05.602+00:00,1779417485602473000,657,R,7587,7856,9127,10333,7587,7856,9127,10333,19094,23418,18375,22081,-131,-217,-31,-0.513725,-0.85098,-0.121569,0,69,08980
2026-05-22T02:38:05.602+00:00,1779417485602536000,658,R,7584,7855,9127,10334,7584,7855,9127,10334,19091,23422,18375,22081,-131,-216,-31,-0.513725,-0.847059,-0.121569,0,69,18980
2026-05-22T02:38:05.752+00:00,1779417485752360000,659,R,7584,7854,9127,10334,7584,7854,9127,10334,19090,23420,18375,22084,-133,-218,-30,-0.521569,-0.854902,-0.117647,0,69,28980
2026-05-22T02:38:05.752+00:00,1779417485752515000,660,R,7587,7857,9125,10332,7587,7857,9125,10332,19091,23421,18375,22083,-131,-219,-31,-0.513725,-0.858824,-0.121569,0,69,38980
2026-05-22T02:38:05.752+00:00,1779417485752589000,661,R,7583,7854,9127,10332,7583,7854,9127,10332,19090,23421,18377,22084,-131,-216,-30,-0.513725,-0.847059,-0.117647,0,69,48980
2026-05-22T02:38:05.752+00:00,1779417485752654000,662,R,7587,7860,9125,10338,7587,7860,9125,10338,19093,23417,18387,22088,-132,-217,-29,-0.517647,-0.85098,-0.113725,0,69,c9050
2026-05-22T02:38:05.752+00:00,1779417485752720000,663,R,7587,7864,9124,10340,7587,7864,9124,10340,19095,23417,18387,22088,-133,-217,-28,-0.521569,-0.85098,-0.109804,0,69,d9050
2026-05-22T02:38:05.752+00:00,1779417485752783000,664,R,7587,7863,9126,10337,7587,7863,9126,10337,19094,23422,18389,22086,-133,-216,-30,-0.521569,-0.847059,-0.117647,0,69,e9050
2026-05-22T02:38:05.902+00:00,1779417485902738000,665,R,7589,7867,9128,10341,7589,7867,9128,10341,19099,23418,18392,22088,-133,-217,-29,-0.521569,-0.85098,-0.113725,0,69,f9050
2026-05-22T02:38:05.902+00:00,1779417485902873000,666,R,7591,7870,9127,10339,7591,7870,9127,10339,19100,23416,18396,22086,-132,-215,-30,-0.517647,-0.843137,-0.117647,0,69,09050
2026-05-22T02:38:05.902+00:00,1779417485902943000,667,R,7620,7884,9140,10354,7620,7884,9140,10354,19153,23419,18413,22099,-134,-217,-29,-0.52549,-0.85098,-0.113725,0,69,89120
2026-05-22T02:38:05.903+00:00,1779417485903008000,668,R,7625,7887,9140,10356,7625,7887,9140,10356,19163,23429,18417,22102,-130,-220,-29,-0.509804,-0.862745,-0.113725,0,69,99120
2026-05-22T02:38:05.903+00:00,1779417485903071000,669,R,7629,7889,9145,10359,7629,7889,9145,10359,19170,23429,18414,22100,-127,-218,-30,-0.498039,-0.854902,-0.117647,0,69,a9120
2026-05-22T02:38:06.053+00:00,1779417486053236000,670,R,7632,7887,9146,10364,7632,7887,9146,10364,19181,23427,18417,22106,-131,-213,-34,-0.513725,-0.835294,-0.133333,0,69,b9120
2026-05-22T02:38:06.053+00:00,1779417486053355000,671,R,7636,7887,9145,10363,7636,7887,9145,10363,19185,23427,18417,22108,-129,-214,-32,-0.505882,-0.839216,-0.12549,0,69,c9120
2026-05-22T02:38:06.053+00:00,1779417486053427000,672,R,7609,7853,9133,10350,7609,7853,9133,10350,19136,23413,18370,22104,-140,-194,-43,-0.54902,-0.760784,-0.168627,0,69,49190
2026-05-22T02:38:06.053+00:00,1779417486053492000,673,R,7615,7857,9138,10352,7615,7857,9138,10352,19138,23417,18372,22106,-136,-213,-30,-0.533333,-0.835294,-0.117647,0,69,59190
2026-05-22T02:38:06.053+00:00,1779417486053556000,674,R,7619,7859,9137,10355,7619,7859,9137,10355,19142,23417,18377,22112,-138,-218,-26,-0.541176,-0.854902,-0.101961,0,69,69190
2026-05-22T02:38:06.202+00:00,1779417486202069000,675,R,7622,7861,9142,10359,7622,7861,9142,10359,19147,23417,18377,22115,-139,-219,-26,-0.545098,-0.858824,-0.101961,0,69,79190
2026-05-22T02:38:06.203+00:00,1779417486203096000,676,R,7624,7864,9141,10364,7624,7864,9141,10364,19152,23423,18378,22121,-135,-218,-28,-0.529412,-0.854902,-0.109804,0,69,89190
2026-05-22T02:38:06.203+00:00,1779417486203197000,677,R,7627,7863,9144,10362,7627,7863,9144,10362,19156,23425,18377,22121,-130,-221,-30,-0.509804,-0.866667,-0.117647,0,69,99190
2026-05-22T02:38:06.203+00:00,1779417486203271000,678,R,7624,7849,9139,10349,7624,7849,9139,10349,19154,23419,18364,22107,-132,-216,-30,-0.517647,-0.847059,-0.117647,0,69,09250
2026-05-22T02:38:06.203+00:00,1779417486203337000,679,R,7626,7849,9140,10347,7626,7849,9140,10347,19154,23420,18361,22110,-133,-219,-30,-0.521569,-0.858824,-0.117647,0,69,19250
2026-05-22T02:38:06.203+00:00,1779417486203403000,680,R,7624,7850,9138,10348,7624,7850,9138,10348,19154,23420,18359,22108,-133,-218,-30,-0.521569,-0.854902,-0.117647,0,69,29250
2026-05-22T02:38:06.501+00:00,1779417486501454000,681,R,7624,7849,9139,10346,7624,7849,9139,10346,19156,23417,18356,22106,-136,-218,-30,-0.533333,-0.854902,-0.117647,0,69,39250
2026-05-22T02:38:06.501+00:00,1779417486501631000,682,R,7626,7848,9134,10347,7626,7848,9134,10347,19151,23419,18356,22108,-132,-216,-32,-0.517647,-0.847059,-0.12549,0,69,49250
2026-05-22T02:38:06.501+00:00,1779417486501710000,683,R,7617,7839,9135,10339,7617,7839,9135,10339,19142,23418,18345,22096,-131,-215,-28,-0.513725,-0.843137,-0.109804,0,69,c9320
2026-05-22T02:38:06.501+00:00,1779417486501776000,684,R,7617,7844,9134,10336,7617,7844,9134,10336,19142,23411,18346,22095,-132,-218,-28,-0.517647,-0.854902,-0.109804,0,69,d9320
2026-05-22T02:38:06.501+00:00,1779417486501840000,685,R,7617,7841,9134,10339,7617,7841,9134,10339,19144,23413,18343,22091,-132,-218,-27,-0.517647,-0.854902,-0.105882,0,69,e9320
2026-05-22T02:38:06.649+00:00,1779417486649855000,686,R,7620,7839,9138,10338,7620,7839,9138,10338,19144,23419,18347,22095,-131,-215,-29,-0.513725,-0.843137,-0.113725,0,69,f9320
2026-05-22T02:38:06.649+00:00,1779417486649992000,687,R,7617,7840,9134,10337,7617,7840,9134,10337,19141,23419,18342,22094,-131,-217,-29,-0.513725,-0.85098,-0.113725,0,69,09320
2026-05-22T02:38:06.650+00:00,1779417486650065000,688,R,7617,7840,9136,10335,7617,7840,9136,10335,19140,23412,18345,22094,-131,-218,-26,-0.513725,-0.854902,-0.101961,0,69,89390
2026-05-22T02:38:06.650+00:00,1779417486650131000,689,R,7614,7837,9139,10338,7614,7837,9139,10338,19141,23415,18344,22089,-131,-216,-27,-0.513725,-0.847059,-0.105882,0,69,99390
2026-05-22T02:38:06.650+00:00,1779417486650193000,690,R,7616,7840,9137,10339,7616,7840,9137,10339,19142,23414,18345,22094,-132,-217,-26,-0.517647,-0.85098,-0.101961,0,69,a9390
2026-05-22T02:38:06.800+00:00,1779417486800389000,691,R,7619,7842,9137,10336,7619,7842,9137,10336,19143,23417,18344,22092,-132,-216,-27,-0.517647,-0.847059,-0.105882,0,69,b9390
2026-05-22T02:38:06.800+00:00,1779417486800529000,692,R,7616,7840,9138,10335,7616,7840,9138,10335,19144,23418,18349,22093,-133,-216,-27,-0.521569,-0.847059,-0.105882,0,69,c9390
2026-05-22T02:38:06.800+00:00,1779417486800606000,693,R,7618,7841,9137,10338,7618,7841,9137,10338,19141,23419,18345,22090,-132,-217,-26,-0.517647,-0.85098,-0.101961,0,69,d9390
2026-05-22T02:38:06.800+00:00,1779417486800673000,694,R,7615,7848,9135,10346,7615,7848,9135,10346,19137,23425,18354,22106,-134,-217,-26,-0.52549,-0.85098,-0.101961,0,69,39440
2026-05-22T02:38:06.800+00:00,1779417486800737000,695,R,7612,7848,9135,10344,7612,7848,9135,10344,19137,23424,18356,22104,-134,-216,-26,-0.52549,-0.847059,-0.101961,0,69,49440
2026-05-22T02:38:06.949+00:00,1779417486950039000,696,R,7616,7845,9144,10349,7616,7845,9144,10349,19133,23423,18354,22106,-136,-217,-25,-0.533333,-0.85098,-0.098039,0,69,59440
2026-05-22T02:38:06.950+00:00,1779417486950179000,697,R,7611,7849,9136,10346,7611,7849,9136,10346,19133,23423,18357,22107,-136,-217,-25,-0.533333,-0.85098,-0.098039,0,69,69440
2026-05-22T02:38:06.950+00:00,1779417486950253000,698,R,7610,7849,9134,10348,7610,7849,9134,10348,19135,23424,18360,22110,-136,-215,-26,-0.533333,-0.843137,-0.101961,0,69,79440
2026-05-22T02:38:06.950+00:00,1779417486950320000,699,R,7619,7866,9145,10362,7619,7866,9145,10362,19140,23430,18381,22116,-130,-216,-26,-0.509804,-0.847059,-0.101961,0,69,09520
2026-05-22T02:38:06.950+00:00,1779417486950382000,700,R,7619,7868,9140,10360,7619,7868,9140,10360,19143,23434,18383,22115,-131,-217,-27,-0.513725,-0.85098,-0.105882,0,69,19520
2026-05-22T02:38:06.950+00:00,1779417486950445000,701,R,7619,7866,9144,10361,7619,7866,9144,10361,19147,23432,18383,22119,-134,-217,-27,-0.52549,-0.85098,-0.105882,0,69,29520
2026-05-22T02:38:07.098+00:00,1779417487099004000,702,R,7623,7868,9147,10363,7623,7868,9147,10363,19146,23436,18386,22119,-136,-218,-27,-0.533333,-0.854902,-0.105882,0,69,39520
2026-05-22T02:38:07.099+00:00,1779417487099129000,703,R,7623,7868,9148,10365,7623,7868,9148,10365,19146,23435,18384,22121,-136,-217,-26,-0.533333,-0.85098,-0.101961,0,69,49520
2026-05-22T02:38:07.099+00:00,1779417487099201000,704,R,7633,7873,9150,10369,7633,7873,9150,10369,19161,23440,18390,22130,-134,-217,-27,-0.52549,-0.85098,-0.105882,0,69,c9590
2026-05-22T02:38:07.099+00:00,1779417487099267000,705,R,7628,7871,9144,10370,7628,7871,9144,10370,19158,23442,18389,22129,-135,-218,-27,-0.529412,-0.854902,-0.105882,0,69,d9590
2026-05-22T02:38:07.099+00:00,1779417487099329000,706,R,7628,7870,9146,10361,7628,7870,9146,10361,19158,23437,18390,22126,-132,-218,-27,-0.517647,-0.854902,-0.105882,0,69,e9590
2026-05-22T02:38:07.397+00:00,1779417487397667000,707,R,7628,7869,9146,10360,7628,7869,9146,10360,19156,23439,18386,22118,-132,-218,-27,-0.517647,-0.854902,-0.105882,0,69,f9590
2026-05-22T02:38:07.397+00:00,1779417487397810000,708,R,7623,7865,9145,10359,7623,7865,9145,10359,19152,23436,18386,22115,-132,-216,-28,-0.517647,-0.847059,-0.109804,0,69,09590
2026-05-22T02:38:07.397+00:00,1779417487397886000,709,R,7614,7860,9136,10342,7614,7860,9136,10342,19135,23427,18377,22095,-134,-216,-26,-0.52549,-0.847059,-0.101961,0,69,89660
2026-05-22T02:38:07.397+00:00,1779417487397952000,710,R,7619,7857,9144,10343,7619,7857,9144,10343,19131,23422,18377,22095,-134,-216,-27,-0.52549,-0.847059,-0.105882,0,69,99660
2026-05-22T02:38:07.398+00:00,1779417487398016000,711,R,7610,7859,9137,10342,7610,7859,9137,10342,19128,23423,18374,22097,-134,-217,-27,-0.52549,-0.85098,-0.105882,0,69,a9660
2026-05-22T02:38:07.403+00:00,1779417487403425000,712,R,7612,7859,9134,10339,7612,7859,9134,10339,19131,23423,18376,22091,-132,-217,-27,-0.517647,-0.85098,-0.105882,0,69,b9660
2026-05-22T02:38:07.403+00:00,1779417487403500000,713,R,7607,7857,9131,10336,7607,7857,9131,10336,19124,23419,18376,22094,-134,-219,-26,-0.52549,-0.858824,-0.101961,0,69,c9660
2026-05-22T02:38:07.403+00:00,1779417487403563000,714,R,7609,7858,9131,10339,7609,7858,9131,10339,19128,23422,18378,22093,-132,-215,-28,-0.517647,-0.843137,-0.109804,0,69,d9660
2026-05-22T02:38:07.403+00:00,1779417487403626000,715,R,7608,7859,9132,10339,7608,7859,9132,10339,19122,23418,18376,22091,-133,-218,-28,-0.521569,-0.854902,-0.109804,0,69,49720
2026-05-22T02:38:07.403+00:00,1779417487403687000,716,R,7608,7857,9124,10339,7608,7857,9124,10339,19122,23412,18375,22090,-132,-216,-28,-0.517647,-0.847059,-0.109804,0,69,59720
2026-05-22T02:38:07.552+00:00,1779417487552240000,717,R,7606,7857,9131,10340,7606,7857,9131,10340,19125,23410,18376,22091,-132,-216,-28,-0.517647,-0.847059,-0.109804,0,69,69720
2026-05-22T02:38:07.552+00:00,1779417487552407000,718,R,7609,7863,9132,10339,7609,7863,9132,10339,19127,23416,18376,22090,-132,-217,-28,-0.517647,-0.85098,-0.109804,0,69,79720
2026-05-22T02:38:07.552+00:00,1779417487552480000,719,R,7607,7857,9130,10340,7607,7857,9130,10340,19121,23411,18376,22095,-131,-216,-27,-0.513725,-0.847059,-0.105882,0,69,89720
2026-05-22T02:38:07.552+00:00,1779417487552547000,720,R,7614,7862,9132,10345,7614,7862,9132,10345,19127,23414,18379,22099,-131,-218,-28,-0.513725,-0.854902,-0.109804,0,69,f9780
2026-05-22T02:38:07.552+00:00,1779417487552611000,721,R,7612,7861,9133,10344,7612,7861,9133,10344,19130,23415,18380,22096,-133,-218,-28,-0.521569,-0.854902,-0.109804,0,69,09780
2026-05-22T02:38:07.552+00:00,1779417487552672000,722,R,7607,7862,9126,10345,7607,7862,9126,10345,19135,23415,18383,22104,-133,-217,-28,-0.521569,-0.85098,-0.109804,0,69,19780
2026-05-22T02:38:07.852+00:00,1779417487852372000,723,R,7613,7862,9135,10349,7613,7862,9135,10349,19131,23419,18382,22104,-133,-216,-28,-0.521569,-0.847059,-0.109804,0,69,29780
2026-05-22T02:38:07.852+00:00,1779417487852524000,724,R,7615,7863,9136,10349,7615,7863,9136,10349,19133,23418,18381,22103,-133,-217,-28,-0.521569,-0.85098,-0.109804,0,69,39780
2026-05-22T02:38:07.852+00:00,1779417487852599000,725,R,7620,7869,9140,10356,7620,7869,9140,10356,19139,23423,18385,22111,-131,-216,-28,-0.513725,-0.847059,-0.109804,0,69,b9850
2026-05-22T02:38:07.852+00:00,1779417487852672000,726,R,7620,7873,9138,10357,7620,7873,9138,10357,19142,23421,18388,22115,-133,-216,-27,-0.521569,-0.847059,-0.105882,0,69,c9850
2026-05-22T02:38:07.852+00:00,1779417487852739000,727,R,7625,7871,9140,10357,7625,7871,9140,10357,19145,23421,18388,22115,-130,-217,-28,-0.509804,-0.85098,-0.109804,0,69,d9850
2026-05-22T02:38:08.003+00:00,1779417488003417000,728,R,7623,7873,9138,10359,7623,7873,9138,10359,19144,23425,18388,22117,-131,-218,-27,-0.513725,-0.854902,-0.105882,0,69,e9850
2026-05-22T02:38:08.003+00:00,1779417488003546000,729,R,7622,7871,9142,10362,7622,7871,9142,10362,19141,23426,18385,22114,-131,-217,-29,-0.513725,-0.85098,-0.113725,0,69,f9850
2026-05-22T02:38:08.003+00:00,1779417488003619000,730,R,7631,7875,9148,10368,7631,7875,9148,10368,19156,23432,18398,22127,-132,-216,-27,-0.517647,-0.847059,-0.105882,0,69,69910
2026-05-22T02:38:08.003+00:00,1779417488003685000,731,R,7630,7879,9148,10368,7630,7879,9148,10368,19153,23437,18396,22121,-132,-218,-27,-0.517647,-0.854902,-0.105882,0,69,79910
2026-05-22T02:38:08.003+00:00,1779417488003750000,732,R,7631,7880,9149,10371,7631,7880,9149,10371,19155,23435,18400,22129,-132,-217,-27,-0.517647,-0.85098,-0.105882,0,69,89910
2026-05-22T02:38:08.152+00:00,1779417488152593000,733,R,7632,7880,9148,10372,7632,7880,9148,10372,19160,23439,18401,22130,-132,-218,-26,-0.517647,-0.854902,-0.101961,0,69,99910
2026-05-22T02:38:08.152+00:00,1779417488152717000,734,R,7629,7878,9148,10372,7629,7878,9148,10372,19157,23437,18401,22130,-131,-217,-28,-0.513725,-0.85098,-0.109804,0,69,a9910
2026-05-22T02:38:08.152+00:00,1779417488152791000,735,R,7633,7878,9150,10368,7633,7878,9150,10368,19158,23438,18399,22131,-131,-217,-28,-0.513725,-0.85098,-0.109804,0,69,b9910
2026-05-22T02:38:08.152+00:00,1779417488152871000,736,R,7622,7867,9141,10351,7622,7867,9141,10351,19144,23421,18386,22107,-133,-217,-28,-0.521569,-0.85098,-0.109804,0,69,39980
2026-05-22T02:38:08.152+00:00,1779417488152934000,737,R,7620,7865,9137,10347,7620,7865,9137,10347,19144,23421,18383,22103,-132,-217,-26,-0.517647,-0.85098,-0.101961,0,69,49980
2026-05-22T02:38:08.447+00:00,1779417488447858000,738,R,7622,7867,9137,10348,7622,7867,9137,10348,19142,23425,18384,22106,-132,-217,-26,-0.517647,-0.85098,-0.101961,0,69,59980
2026-05-22T02:38:08.448+00:00,1779417488448016000,739,R,7620,7865,9135,10349,7620,7865,9135,10349,19143,23415,18383,22103,-132,-216,-27,-0.517647,-0.847059,-0.105882,0,69,69980
2026-05-22T02:38:08.448+00:00,1779417488448091000,740,R,7618,7866,9133,10342,7618,7866,9133,10342,19140,23416,18382,22100,-133,-216,-27,-0.521569,-0.847059,-0.105882,0,69,79980
2026-05-22T02:38:08.448+00:00,1779417488448158000,741,R,7614,7859,9130,10337,7614,7859,9130,10337,19131,23405,18376,22092,-132,-217,-26,-0.517647,-0.85098,-0.101961,0,69,f10050
2026-05-22T02:38:08.448+00:00,1779417488448234000,742,R,7616,7861,9129,10338,7616,7861,9129,10338,19133,23407,18376,22090,-130,-216,-27,-0.509804,-0.847059,-0.105882,0,69,010050
2026-05-22T02:38:08.448+00:00,1779417488448300000,743,R,7616,7859,9129,10339,7616,7859,9129,10339,19135,23405,18375,22092,-129,-219,-26,-0.505882,-0.858824,-0.101961,0,69,110050
2026-05-22T02:38:08.454+00:00,1779417488454243000,744,R,7617,7860,9127,10338,7617,7860,9127,10338,19127,23407,18377,22090,-131,-218,-26,-0.513725,-0.854902,-0.101961,0,69,210050
2026-05-22T02:38:08.454+00:00,1779417488454324000,745,R,7614,7860,9129,10337,7614,7860,9129,10337,19136,23409,18377,22091,-129,-218,-27,-0.505882,-0.854902,-0.105882,0,69,310050
2026-05-22T02:38:08.454+00:00,1779417488454391000,746,R,7616,7862,9129,10339,7616,7862,9129,10339,19130,23404,18377,22092,-132,-217,-27,-0.517647,-0.85098,-0.105882,0,69,b10120
2026-05-22T02:38:08.454+00:00,1779417488454455000,747,R,7618,7862,9130,10339,7618,7862,9130,10339,19134,23405,18377,22091,-133,-217,-27,-0.521569,-0.85098,-0.105882,0,69,c10120
2026-05-22T02:38:08.454+00:00,1779417488454517000,748,R,7619,7863,9131,10340,7619,7863,9131,10340,19134,23405,18378,22094,-133,-217,-28,-0.521569,-0.85098,-0.109804,0,69,d10120
2026-05-22T02:38:08.602+00:00,1779417488602114000,749,R,7617,7863,9131,10340,7617,7863,9131,10340,19134,23401,18378,22094,-132,-218,-28,-0.517647,-0.854902,-0.109804,0,69,e10120
2026-05-22T02:38:08.602+00:00,1779417488602146000,750,R,7617,7862,9130,10339,7617,7862,9130,10339,19135,23405,18376,22094,-132,-218,-27,-0.517647,-0.854902,-0.105882,0,69,f10120
2026-05-22T02:38:08.602+00:00,1779417488602211000,751,R,7622,7863,9135,10346,7622,7863,9135,10346,19141,23408,18380,22096,-131,-218,-28,-0.513725,-0.854902,-0.109804,0,69,610180
2026-05-22T02:38:08.602+00:00,1779417488602227000,752,R,7623,7865,9136,10345,7623,7865,9136,10345,19142,23412,18382,22101,-131,-218,-28,-0.513725,-0.854902,-0.109804,0,69,710180
2026-05-22T02:38:08.602+00:00,1779417488602240000,753,R,7620,7864,9134,10347,7620,7864,9134,10347,19142,23412,18384,22100,-132,-218,-27,-0.517647,-0.854902,-0.105882,0,69,810180
2026-05-22T02:38:08.751+00:00,1779417488751643000,754,R,7623,7866,9134,10350,7623,7866,9134,10350,19144,23414,18385,22099,-131,-217,-27,-0.513725,-0.85098,-0.105882,0,69,910180
2026-05-22T02:38:08.751+00:00,1779417488751683000,755,R,7624,7867,9137,10349,7624,7867,9137,10349,19142,23417,18382,22104,-130,-217,-27,-0.509804,-0.85098,-0.105882,0,69,a10180
2026-05-22T02:38:08.751+00:00,1779417488751701000,756,R,7623,7866,9136,10349,7623,7866,9136,10349,19143,23411,18382,22100,-131,-217,-27,-0.513725,-0.85098,-0.105882,0,69,b10180
2026-05-22T02:38:08.751+00:00,1779417488751716000,757,R,7630,7870,9139,10354,7630,7870,9139,10354,19150,23423,18389,22110,-132,-217,-27,-0.517647,-0.85098,-0.105882,0,69,310250
2026-05-22T02:38:08.751+00:00,1779417488751730000,758,R,7630,7872,9144,10360,7630,7872,9144,10360,19152,23424,18387,22114,-133,-217,-26,-0.521569,-0.85098,-0.101961,0,69,410250
2026-05-22T02:38:08.902+00:00,1779417488902133000,759,R,7633,7875,9142,10360,7633,7875,9142,10360,19156,23423,18391,22113,-131,-218,-27,-0.513725,-0.854902,-0.105882,0,69,510250
2026-05-22T02:38:08.902+00:00,1779417488902269000,760,R,7630,7874,9145,10360,7630,7874,9145,10360,19154,23424,18386,22112,-130,-218,-28,-0.509804,-0.854902,-0.109804,0,69,610250
2026-05-22T02:38:08.902+00:00,1779417488902347000,761,R,7633,7876,9143,10362,7633,7876,9143,10362,19156,23423,18387,22115,-131,-218,-28,-0.513725,-0.854902,-0.109804,0,69,710250
2026-05-22T02:38:08.902+00:00,1779417488902415000,762,R,7630,7872,9143,10355,7630,7872,9143,10355,19154,23424,18389,22115,-130,-219,-27,-0.509804,-0.858824,-0.105882,0,68,f10320
2026-05-22T02:38:08.902+00:00,1779417488902478000,763,R,7629,7870,9139,10353,7629,7870,9139,10353,19152,23421,18383,22108,-129,-219,-28,-0.505882,-0.858824,-0.109804,0,68,010320
2026-05-22T02:38:09.052+00:00,1779417489052366000,764,R,7627,7866,9137,10352,7627,7866,9137,10352,19148,23416,18383,22104,-131,-217,-28,-0.513725,-0.85098,-0.109804,0,68,110320
2026-05-22T02:38:09.052+00:00,1779417489052535000,765,R,7629,7869,9137,10349,7629,7869,9137,10349,19145,23416,18377,22099,-130,-217,-29,-0.509804,-0.85098,-0.113725,0,68,210320
2026-05-22T02:38:09.052+00:00,1779417489052609000,766,R,7626,7866,9137,10345,7626,7866,9137,10345,19146,23415,18381,22100,-132,-216,-27,-0.517647,-0.847059,-0.105882,0,68,310320
2026-05-22T02:38:09.052+00:00,1779417489052676000,767,R,7618,7863,9128,10339,7618,7863,9128,10339,19134,23404,18375,22086,-130,-219,-29,-0.509804,-0.858824,-0.113725,0,68,b10390
2026-05-22T02:38:09.052+00:00,1779417489052740000,768,R,7617,7864,9127,10337,7617,7864,9127,10337,19132,23401,18369,22084,-129,-219,-29,-0.505882,-0.858824,-0.113725,0,68,c10390
2026-05-22T02:38:09.052+00:00,1779417489052802000,769,R,7616,7857,9126,10332,7616,7857,9126,10332,19128,23398,18368,22081,-130,-219,-29,-0.509804,-0.858824,-0.113725,0,68,d10390
2026-05-22T02:38:09.202+00:00,1779417489202634000,770,R,7616,7859,9128,10332,7616,7859,9128,10332,19130,23399,18369,22082,-131,-217,-28,-0.513725,-0.85098,-0.109804,0,68,e10390
2026-05-22T02:38:09.202+00:00,1779417489202769000,771,R,7616,7862,9126,10333,7616,7862,9126,10333,19130,23400,18369,22080,-133,-217,-27,-0.521569,-0.85098,-0.105882,0,68,f10390
2026-05-22T02:38:09.202+00:00,1779417489202850000,772,R,7617,7861,9124,10336,7617,7861,9124,10336,19127,23400,18366,22077,-130,-218,-28,-0.509804,-0.854902,-0.109804,0,68,710460
2026-05-22T02:38:09.202+00:00,1779417489202918000,773,R,7615,7864,9132,10347,7615,7864,9132,10347,19128,23399,18369,22079,-129,-217,-28,-0.505882,-0.85098,-0.109804,0,68,810460
2026-05-22T02:38:09.202+00:00,1779417489202982000,774,R,7615,7860,9124,10332,7615,7860,9124,10332,19127,23395,18370,22083,-130,-217,-28,-0.509804,-0.85098,-0.109804,0,68,910460
2026-05-22T02:38:09.352+00:00,1779417489352095000,775,R,7613,7861,9126,10334,7613,7861,9126,10334,19128,23394,18371,22081,-130,-216,-28,-0.509804,-0.847059,-0.109804,0,68,a10460
2026-05-22T02:38:09.352+00:00,1779417489352225000,776,R,7615,7859,9128,10337,7615,7859,9128,10337,19128,23394,18369,22080,-131,-217,-27,-0.513725,-0.85098,-0.105882,0,68,b10460
2026-05-22T02:38:09.352+00:00,1779417489352300000,777,R,7620,7864,9131,10340,7620,7864,9131,10340,19133,23400,18378,22087,-133,-216,-28,-0.521569,-0.847059,-0.109804,0,68,310530
2026-05-22T02:38:09.352+00:00,1779417489352366000,778,R,7621,7869,9133,10347,7621,7869,9133,10347,19134,23401,18376,22093,-134,-216,-27,-0.52549,-0.847059,-0.105882,0,68,410530
2026-05-22T02:38:09.352+00:00,1779417489352429000,779,R,7620,7867,9130,10344,7620,7867,9130,10344,19133,23402,18376,22094,-132,-216,-27,-0.517647,-0.847059,-0.105882,0,68,510530
2026-05-22T02:38:09.502+00:00,1779417489502609000,780,R,7619,7867,9132,10344,7619,7867,9132,10344,19133,23402,18379,22089,-132,-218,-27,-0.517647,-0.854902,-0.105882,0,68,610530
2026-05-22T02:38:09.502+00:00,1779417489502729000,781,R,7620,7865,9132,10347,7620,7865,9132,10347,19130,23403,18379,22093,-131,-218,-28,-0.513725,-0.854902,-0.109804,0,68,710530
2026-05-22T02:38:09.502+00:00,1779417489502818000,782,R,7620,7867,9131,10344,7620,7867,9131,10344,19134,23404,18380,22091,-130,-218,-27,-0.509804,-0.854902,-0.105882,0,68,810530
2026-05-22T02:38:09.502+00:00,1779417489502885000,783,R,7624,7871,9137,10354,7624,7871,9137,10354,19139,23411,18385,22101,-133,-218,-28,-0.521569,-0.854902,-0.109804,0,68,f10590
2026-05-22T02:38:09.502+00:00,1779417489502948000,784,R,7618,7871,9126,10345,7618,7871,9126,10345,19140,23410,18386,22101,-133,-218,-28,-0.521569,-0.854902,-0.109804,0,68,010590
2026-05-22T02:38:09.652+00:00,1779417489652833000,785,R,7624,7873,9138,10354,7624,7873,9138,10354,19140,23408,18385,22104,-130,-218,-28,-0.509804,-0.854902,-0.109804,0,68,110590
2026-05-22T02:38:09.652+00:00,1779417489652979000,786,R,7627,7872,9139,10355,7627,7872,9139,10355,19141,23413,18386,22107,-129,-219,-29,-0.505882,-0.858824,-0.113725,0,68,210590
2026-05-22T02:38:09.653+00:00,1779417489653053000,787,R,7629,7875,9138,10357,7629,7875,9138,10357,19146,23415,18386,22107,-129,-218,-28,-0.505882,-0.854902,-0.109804,0,68,310590
2026-05-22T02:38:09.653+00:00,1779417489653117000,788,R,7633,7880,9143,10366,7633,7880,9143,10366,19149,23422,18396,22113,-128,-219,-27,-0.501961,-0.858824,-0.105882,0,68,b10660
2026-05-22T02:38:09.653+00:00,1779417489653181000,789,R,7640,7880,9150,10370,7640,7880,9150,10370,19149,23421,18394,22118,-129,-218,-28,-0.505882,-0.854902,-0.109804,0,68,c10660
2026-05-22T02:38:09.653+00:00,1779417489653244000,790,R,7634,7881,9147,10368,7634,7881,9147,10368,19153,23421,18394,22119,-128,-217,-28,-0.501961,-0.85098,-0.109804,0,68,d10660
2026-05-22T02:38:09.802+00:00,1779417489802226000,791,R,7636,7883,9149,10369,7636,7883,9149,10369,19149,23421,18396,22121,-129,-218,-27,-0.505882,-0.854902,-0.105882,0,68,e10660
2026-05-22T02:38:09.802+00:00,1779417489802268000,792,R,7638,7883,9147,10371,7638,7883,9147,10371,19156,23430,18394,22118,-131,-217,-27,-0.513725,-0.85098,-0.105882,0,68,f10660
2026-05-22T02:38:09.802+00:00,1779417489802291000,793,R,7634,7877,9144,10358,7634,7877,9144,10358,19149,23417,18387,22111,-133,-217,-27,-0.521569,-0.85098,-0.105882,0,68,610720
2026-05-22T02:38:09.802+00:00,1779417489802310000,794,R,7629,7873,9143,10356,7629,7873,9143,10356,19148,23419,18386,22110,-131,-217,-27,-0.513725,-0.85098,-0.105882,0,68,710720
2026-05-22T02:38:09.802+00:00,1779417489802328000,795,R,7634,7869,9150,10351,7634,7869,9150,10351,19145,23420,18382,22104,-130,-216,-27,-0.509804,-0.847059,-0.105882,0,68,810720
2026-05-22T02:38:10.103+00:00,1779417490103767000,796,R,7632,7873,9141,10353,7632,7873,9141,10353,19142,23412,18380,22101,-130,-217,-27,-0.509804,-0.85098,-0.105882,0,68,910720
2026-05-22T02:38:10.104+00:00,1779417490104129000,797,R,7627,7872,9138,10351,7627,7872,9138,10351,19145,23413,18382,22097,-129,-217,-28,-0.505882,-0.85098,-0.109804,0,68,a10720
2026-05-22T02:38:10.104+00:00,1779417490104214000,798,R,7618,7865,9131,10340,7618,7865,9131,10340,19129,23401,18371,22089,-133,-218,-28,-0.521569,-0.854902,-0.109804,0,68,310800
2026-05-22T02:38:10.104+00:00,1779417490104282000,799,R,7612,7858,9118,10332,7612,7858,9118,10332,19125,23394,18369,22082,-132,-219,-27,-0.517647,-0.858824,-0.105882,0,68,410800
2026-05-22T02:38:10.104+00:00,1779417490104351000,800,R,7619,7866,9131,10341,7619,7866,9131,10341,19127,23396,18373,22086,-133,-219,-27,-0.521569,-0.858824,-0.105882,0,68,510800
2026-05-22T02:38:10.253+00:00,1779417490253246000,801,R,7617,7864,9130,10341,7617,7864,9130,10341,19128,23398,18374,22088,-131,-217,-28,-0.513725,-0.85098,-0.109804,0,68,610800
2026-05-22T02:38:10.253+00:00,1779417490253419000,802,R,7618,7866,9130,10340,7618,7866,9130,10340,19128,23399,18376,22085,-128,-215,-29,-0.501961,-0.843137,-0.113725,0,68,710800
2026-05-22T02:38:10.253+00:00,1779417490253497000,803,R,7617,7867,9129,10341,7617,7867,9129,10341,19125,23396,18372,22084,-130,-217,-27,-0.509804,-0.85098,-0.105882,0,68,e10860
2026-05-22T02:38:10.253+00:00,1779417490253566000,804,R,7617,7866,9130,10342,7617,7866,9130,10342,19125,23398,18372,22082,-129,-216,-27,-0.505882,-0.847059,-0.105882,0,68,f10860
2026-05-22T02:38:10.253+00:00,1779417490253645000,805,R,7622,7864,9128,10340,7622,7864,9128,10340,19122,23394,18370,22086,-129,-217,-26,-0.505882,-0.85098,-0.101961,0,68,010860
2026-05-22T02:38:10.401+00:00,1779417490401731000,806,R,7618,7865,9128,10341,7618,7865,9128,10341,19125,23398,18373,22084,-132,-218,-25,-0.517647,-0.854902,-0.098039,0,68,110860
2026-05-22T02:38:10.401+00:00,1779417490401779000,807,R,7617,7866,9130,10342,7617,7866,9130,10342,19123,23400,18371,22086,-132,-218,-27,-0.517647,-0.854902,-0.105882,0,68,210860
2026-05-22T02:38:10.401+00:00,1779417490401802000,808,R,7617,7867,9130,10342,7617,7867,9130,10342,19121,23400,18375,22088,-132,-219,-27,-0.517647,-0.858824,-0.105882,0,68,310860
2026-05-22T02:38:10.401+00:00,1779417490401821000,809,R,7620,7871,9134,10348,7620,7871,9134,10348,19122,23399,18374,22091,-132,-218,-27,-0.517647,-0.854902,-0.105882,0,68,910910
2026-05-22T02:38:10.401+00:00,1779417490401840000,810,R,7617,7870,9134,10348,7617,7870,9134,10348,19127,23401,18377,22093,-133,-217,-26,-0.521569,-0.85098,-0.101961,0,68,a10910
2026-05-22T02:38:10.552+00:00,1779417490552241000,811,R,7621,7871,9135,10350,7621,7871,9135,10350,19128,23405,18382,22095,-132,-217,-27,-0.517647,-0.85098,-0.105882,0,68,b10910
2026-05-22T02:38:10.552+00:00,1779417490552387000,812,R,7628,7872,9148,10351,7628,7872,9148,10351,19128,23404,18383,22100,-132,-217,-27,-0.517647,-0.85098,-0.105882,0,68,c10910
2026-05-22T02:38:10.552+00:00,1779417490552460000,813,R,7622,7873,9134,10353,7622,7873,9134,10353,19128,23402,18379,22099,-131,-217,-26,-0.513725,-0.85098,-0.101961,0,68,d10910
2026-05-22T02:38:10.552+00:00,1779417490552526000,814,R,7627,7879,9143,10362,7627,7879,9143,10362,19132,23413,18387,22107,-131,-218,-27,-0.513725,-0.854902,-0.105882,0,68,610990
2026-05-22T02:38:10.552+00:00,1779417490552588000,815,R,7628,7879,9140,10360,7628,7879,9140,10360,19132,23412,18385,22106,-131,-217,-27,-0.513725,-0.85098,-0.105882,0,68,710990
2026-05-22T02:38:10.552+00:00,1779417490552651000,816,R,7630,7878,9145,10363,7630,7878,9145,10363,19133,23412,18385,22107,-131,-218,-27,-0.513725,-0.854902,-0.105882,0,68,810990
2026-05-22T02:38:10.703+00:00,1779417490703818000,817,R,7628,7880,9142,10361,7628,7880,9142,10361,19137,23416,18388,22109,-130,-218,-28,-0.509804,-0.854902,-0.109804,0,68,910990
2026-05-22T02:38:10.703+00:00,1779417490703981000,818,R,7630,7880,9143,10365,7630,7880,9143,10365,19135,23412,18386,22111,-131,-218,-27,-0.513725,-0.854902,-0.105882,0,68,a10990
2026-05-22T02:38:10.704+00:00,1779417490704058000,819,R,7634,7886,9150,10374,7634,7886,9150,10374,19143,23422,18397,22123,-131,-216,-26,-0.513725,-0.847059,-0.101961,0,68,211060
2026-05-22T02:38:10.704+00:00,1779417490704124000,820,R,7634,7883,9150,10373,7634,7883,9150,10373,19143,23419,18392,22118,-131,-216,-26,-0.513725,-0.847059,-0.101961,0,68,311060
2026-05-22T02:38:10.704+00:00,1779417490704189000,821,R,7635,7884,9149,10372,7635,7884,9149,10372,19141,23419,18392,22116,-133,-219,-28,-0.521569,-0.858824,-0.109804,0,68,411060
2026-05-22T02:38:10.999+00:00,1779417490999819000,822,R,7632,7881,9145,10370,7632,7881,9145,10370,19145,23421,18392,22117,-131,-220,-28,-0.513725,-0.862745,-0.109804,0,68,511060
2026-05-22T02:38:10.999+00:00,1779417490999949000,823,R,7634,7880,9145,10365,7634,7880,9145,10365,19144,23416,18387,22114,-131,-221,-28,-0.513725,-0.866667,-0.109804,0,67,611060
2026-05-22T02:38:11.000+00:00,1779417491000022000,824,R,7621,7871,9138,10349,7621,7871,9138,10349,19128,23407,18377,22088,-133,-217,-27,-0.521569,-0.85098,-0.105882,0,67,e11130
2026-05-22T02:38:11.000+00:00,1779417491000088000,825,R,7621,7871,9133,10346,7621,7871,9133,10346,19121,23403,18371,22088,-133,-217,-27,-0.521569,-0.85098,-0.105882,0,67,f11130
2026-05-22T02:38:11.000+00:00,1779417491000307000,826,R,7619,7868,9133,10344,7619,7868,9133,10344,19125,23401,18372,22089,-131,-217,-27,-0.513725,-0.85098,-0.105882,0,67,011130
2026-05-22T02:38:11.299+00:00,1779417491299438000,827,R,7619,7867,9134,10343,7619,7867,9134,10343,19122,23397,18370,22087,-130,-218,-27,-0.509804,-0.854902,-0.105882,0,67,111130
2026-05-22T02:38:11.299+00:00,1779417491299582000,828,R,7618,7866,9131,10342,7618,7866,9131,10342,19117,23397,18369,22085,-129,-218,-27,-0.505882,-0.854902,-0.105882,0,67,211130
2026-05-22T02:38:11.299+00:00,1779417491299656000,829,R,7614,7864,9131,10342,7614,7864,9131,10342,19113,23391,18364,22080,-130,-219,-27,-0.509804,-0.858824,-0.105882,0,67,a11200
2026-05-22T02:38:11.299+00:00,1779417491299724000,830,R,7611,7863,9131,10337,7611,7863,9131,10337,19114,23391,18367,22079,-131,-218,-26,-0.513725,-0.854902,-0.101961,0,67,b11200
2026-05-22T02:38:11.299+00:00,1779417491299789000,831,R,7615,7864,9130,10340,7615,7864,9130,10340,19109,23390,18368,22082,-132,-218,-25,-0.517647,-0.854902,-0.098039,0,67,c11200
2026-05-22T02:38:11.449+00:00,1779417491449440000,832,R,7612,7866,9130,10342,7612,7866,9130,10342,19112,23388,18366,22078,-132,-217,-25,-0.517647,-0.85098,-0.098039,0,67,d11200
2026-05-22T02:38:11.449+00:00,1779417491449509000,833,R,7614,7864,9131,10339,7614,7864,9131,10339,19112,23390,18366,22078,-133,-216,-25,-0.521569,-0.847059,-0.098039,0,67,e11200
2026-05-22T02:38:11.449+00:00,1779417491449550000,834,R,7613,7864,9131,10340,7613,7864,9131,10340,19112,23389,18366,22078,-136,-217,-25,-0.533333,-0.85098,-0.098039,0,67,f11200
2026-05-22T02:38:11.449+00:00,1779417491449585000,835,R,7610,7869,9131,10344,7610,7869,9131,10344,19107,23387,18369,22084,-130,-220,-30,-0.509804,-0.862745,-0.117647,0,67,611260
2026-05-22T02:38:11.449+00:00,1779417491449619000,836,R,7612,7867,9130,10344,7612,7867,9130,10344,19110,23390,18370,22084,-131,-218,-28,-0.513725,-0.854902,-0.109804,0,67,711260
2026-05-22T02:38:11.599+00:00,1779417491599224000,837,R,7617,7869,9131,10345,7617,7869,9131,10345,19111,23393,18372,22087,-131,-217,-27,-0.513725,-0.85098,-0.105882,0,67,811260
2026-05-22T02:38:11.599+00:00,1779417491599355000,838,R,7611,7870,9130,10345,7611,7870,9130,10345,19110,23394,18370,22084,-131,-217,-26,-0.513725,-0.85098,-0.101961,0,67,911260
2026-05-22T02:38:11.599+00:00,1779417491599430000,839,R,7616,7870,9134,10346,7616,7870,9134,10346,19112,23395,18372,22087,-133,-217,-25,-0.521569,-0.85098,-0.098039,0,67,a11260
2026-05-22T02:38:11.599+00:00,1779417491599497000,840,R,7622,7877,9141,10354,7622,7877,9141,10354,19121,23401,18384,22097,-128,-217,-26,-0.501961,-0.85098,-0.101961,0,67,211330
2026-05-22T02:38:11.599+00:00,1779417491599562000,841,R,7620,7874,9138,10357,7620,7874,9138,10357,19121,23403,18380,22097,-128,-217,-25,-0.501961,-0.85098,-0.098039,0,67,311330
2026-05-22T02:38:11.599+00:00,1779417491599625000,842,R,7622,7877,9140,10360,7622,7877,9140,10360,19122,23404,18383,22100,-130,-217,-25,-0.509804,-0.85098,-0.098039,0,67,411330
2026-05-22T02:38:11.750+00:00,1779417491750093000,843,R,7622,7876,9140,10357,7622,7876,9140,10357,19118,23403,18382,22100,-133,-217,-25,-0.521569,-0.85098,-0.098039,0,67,511330
2026-05-22T02:38:11.750+00:00,1779417491750244000,844,R,7623,7878,9141,10360,7623,7878,9141,10360,19123,23407,18383,22102,-134,-217,-24,-0.52549,-0.85098,-0.094118,0,67,611330
2026-05-22T02:38:11.750+00:00,1779417491750317000,845,R,7628,7881,9146,10370,7628,7881,9146,10370,19132,23413,18387,22110,-130,-218,-29,-0.509804,-0.854902,-0.113725,0,67,e11400
2026-05-22T02:38:11.750+00:00,1779417491750400000,846,R,7627,7882,9145,10369,7627,7882,9145,10369,19129,23413,18388,22108,-131,-217,-27,-0.513725,-0.85098,-0.105882,0,67,f11400
2026-05-22T02:38:11.750+00:00,1779417491750464000,847,R,7630,7884,9149,10372,7630,7884,9149,10372,19134,23410,18389,22110,-132,-217,-26,-0.517647,-0.85098,-0.101961,0,67,011400
2026-05-22T02:38:11.900+00:00,1779417491900577000,848,R,7629,7885,9148,10372,7629,7885,9148,10372,19135,23414,18389,22116,-133,-216,-26,-0.521569,-0.847059,-0.101961,0,67,111400
2026-05-22T02:38:11.900+00:00,1779417491900613000,849,R,7630,7885,9148,10372,7630,7885,9148,10372,19133,23417,18391,22114,-135,-217,-26,-0.529412,-0.85098,-0.101961,0,67,211400
2026-05-22T02:38:11.900+00:00,1779417491900629000,850,R,7638,7889,9154,10381,7638,7889,9154,10381,19144,23422,18399,22127,-132,-218,-28,-0.517647,-0.854902,-0.109804,0,67,a11470
2026-05-22T02:38:11.900+00:00,1779417491900643000,851,R,7639,7891,9159,10383,7639,7891,9159,10383,19146,23425,18399,22125,-131,-219,-28,-0.513725,-0.858824,-0.109804,0,67,b11470
2026-05-22T02:38:11.900+00:00,1779417491900656000,852,R,7638,7887,9156,10381,7638,7887,9156,10381,19144,23424,18394,22125,-130,-219,-29,-0.509804,-0.858824,-0.113725,0,67,c11470
2026-05-22T02:38:12.051+00:00,1779417492051627000,853,R,7635,7887,9154,10377,7635,7887,9154,10377,19145,23424,18393,22124,-131,-219,-28,-0.513725,-0.858824,-0.109804,0,67,d11470
2026-05-22T02:38:12.051+00:00,1779417492051798000,854,R,7634,7885,9151,10372,7634,7885,9151,10372,19141,23419,18388,22118,-131,-218,-28,-0.513725,-0.854902,-0.109804,0,67,e11470
2026-05-22T02:38:12.051+00:00,1779417492051876000,855,R,7625,7873,9141,10355,7625,7873,9141,10355,19124,23403,18379,22099,-132,-215,-26,-0.517647,-0.843137,-0.101961,0,67,611540
2026-05-22T02:38:12.051+00:00,1779417492051949000,856,R,7624,7883,9147,10367,7624,7883,9147,10367,19124,23403,18373,22091,-132,-216,-26,-0.517647,-0.847059,-0.101961,0,67,711540
2026-05-22T02:38:12.052+00:00,1779417492052012000,857,R,7621,7873,9138,10350,7621,7873,9138,10350,19124,23405,18376,22088,-132,-216,-27,-0.517647,-0.847059,-0.105882,0,67,811540
2026-05-22T02:38:12.201+00:00,1779417492201380000,858,R,7624,7870,9138,10350,7624,7870,9138,10350,19119,23402,18373,22091,-131,-216,-27,-0.513725,-0.847059,-0.105882,0,67,911540
2026-05-22T02:38:12.201+00:00,1779417492201534000,859,R,7620,7870,9136,10347,7620,7870,9136,10347,19117,23400,18371,22083,-132,-217,-27,-0.517647,-0.85098,-0.105882,0,67,a11540
2026-05-22T02:38:12.201+00:00,1779417492201609000,860,R,7617,7866,9136,10346,7617,7866,9136,10346,19115,23396,18372,22082,-131,-218,-26,-0.513725,-0.854902,-0.101961,0,67,b11540
2026-05-22T02:38:12.201+00:00,1779417492201674000,861,R,7615,7867,9135,10342,7615,7867,9135,10342,19113,23391,18370,22083,-131,-217,-26,-0.513725,-0.85098,-0.101961,0,67,211600
2026-05-22T02:38:12.201+00:00,1779417492201737000,862,R,7606,7868,9137,10337,7606,7868,9137,10337,19114,23397,18371,22079,-130,-218,-27,-0.509804,-0.854902,-0.105882,0,67,311600
2026-05-22T02:38:12.351+00:00,1779417492351256000,863,R,7615,7869,9134,10346,7615,7869,9134,10346,19113,23392,18368,22082,-130,-218,-26,-0.509804,-0.854902,-0.101961,0,67,411600
2026-05-22T02:38:12.351+00:00,1779417492351418000,864,R,7617,7869,9135,10344,7617,7869,9135,10344,19112,23394,18370,22085,-130,-217,-25,-0.509804,-0.85098,-0.098039,0,67,511600
2026-05-22T02:38:12.351+00:00,1779417492351495000,865,R,7615,7867,9137,10344,7615,7867,9137,10344,19113,23389,18371,22080,-130,-218,-27,-0.509804,-0.854902,-0.105882,0,67,611600
2026-05-22T02:38:12.351+00:00,1779417492351560000,866,R,7618,7868,9137,10346,7618,7868,9137,10346,19114,23393,18373,22083,-131,-220,-29,-0.513725,-0.862745,-0.113725,0,67,e11670
2026-05-22T02:38:12.351+00:00,1779417492351624000,867,R,7607,7868,9116,10340,7607,7868,9116,10340,19118,23395,18374,22088,-130,-220,-29,-0.509804,-0.862745,-0.113725,0,67,f11670
2026-05-22T02:38:12.351+00:00,1779417492351685000,868,R,7621,7871,9137,10350,7621,7871,9137,10350,19116,23393,18373,22088,-129,-219,-27,-0.505882,-0.858824,-0.105882,0,67,011670
2026-05-22T02:38:12.501+00:00,1779417492501382000,869,R,7617,7873,9137,10353,7617,7873,9137,10353,19118,23394,18373,22087,-132,-218,-27,-0.517647,-0.854902,-0.105882,0,67,111670
2026-05-22T02:38:12.501+00:00,1779417492501541000,870,R,7622,7870,9139,10353,7622,7870,9139,10353,19117,23397,18374,22088,-134,-217,-27,-0.52549,-0.85098,-0.105882,0,67,211670
2026-05-22T02:38:12.501+00:00,1779417492501617000,871,R,7623,7876,9142,10358,7623,7876,9142,10358,19123,23400,18381,22098,-130,-218,-27,-0.509804,-0.854902,-0.105882,0,67,a11740
2026-05-22T02:38:12.501+00:00,1779417492501899000,872,R,7631,7873,9145,10351,7631,7873,9145,10351,19124,23403,18377,22096,-130,-218,-27,-0.509804,-0.854902,-0.105882,0,67,b11740
2026-05-22T02:38:12.501+00:00,1779417492501972000,873,R,7627,7881,9146,10361,7627,7881,9146,10361,19127,23403,18381,22097,-130,-218,-27,-0.509804,-0.854902,-0.105882,0,67,c11740
2026-05-22T02:38:12.650+00:00,1779417492650517000,874,R,7626,7878,9144,10360,7626,7878,9144,10360,19126,23405,18384,22099,-131,-217,-27,-0.513725,-0.85098,-0.105882,0,67,d11740
2026-05-22T02:38:12.650+00:00,1779417492650560000,875,R,7627,7879,9147,10362,7627,7879,9147,10362,19126,23405,18383,22099,-132,-217,-26,-0.517647,-0.85098,-0.101961,0,67,e11740
2026-05-22T02:38:12.650+00:00,1779417492650576000,876,R,7636,7885,9153,10371,7636,7885,9153,10371,19137,23414,18389,22112,-130,-217,-26,-0.509804,-0.85098,-0.101961,0,67,611810
2026-05-22T02:38:12.650+00:00,1779417492650590000,877,R,7623,7887,9158,10371,7623,7887,9158,10371,19136,23416,18390,22112,-130,-217,-26,-0.509804,-0.85098,-0.101961,0,67,711810
2026-05-22T02:38:12.650+00:00,1779417492650603000,878,R,7640,7889,9153,10375,7640,7889,9153,10375,19142,23416,18390,22114,-131,-218,-26,-0.513725,-0.854902,-0.101961,0,67,811810
2026-05-22T02:38:12.798+00:00,1779417492798549000,879,R,7640,7888,9157,10376,7640,7888,9157,10376,19135,23413,18393,22115,-131,-217,-26,-0.513725,-0.85098,-0.101961,0,67,911810
2026-05-22T02:38:12.798+00:00,1779417492798585000,880,R,7638,7886,9158,10376,7638,7886,9158,10376,19142,23416,18393,22116,-132,-218,-26,-0.517647,-0.854902,-0.101961,0,67,a11810
2026-05-22T02:38:12.798+00:00,1779417492798602000,881,R,7639,7891,9157,10378,7639,7891,9157,10378,19143,23418,18397,22117,-132,-216,-26,-0.517647,-0.847059,-0.101961,0,67,b11810
2026-05-22T02:38:12.798+00:00,1779417492798615000,882,R,7644,7893,9162,10385,7644,7893,9162,10385,19149,23423,18402,22126,-130,-218,-27,-0.509804,-0.854902,-0.105882,0,66,111860
2026-05-22T02:38:12.798+00:00,1779417492798628000,883,R,7647,7894,9161,10385,7647,7894,9161,10385,19154,23423,18402,22127,-130,-217,-27,-0.509804,-0.85098,-0.105882,0,66,211860
2026-05-22T02:38:12.949+00:00,1779417492949330000,884,R,7642,7891,9158,10381,7642,7891,9158,10381,19151,23424,18403,22132,-131,-218,-27,-0.513725,-0.854902,-0.105882,0,66,311860
2026-05-22T02:38:12.949+00:00,1779417492949351000,885,R,7648,7896,9163,10389,7648,7896,9163,10389,19154,23428,18404,22130,-132,-217,-26,-0.517647,-0.85098,-0.101961,0,66,411860
2026-05-22T02:38:12.949+00:00,1779417492949364000,886,R,7650,7898,9168,10390,7650,7898,9168,10390,19152,23429,18405,22131,-133,-218,-26,-0.521569,-0.854902,-0.101961,0,66,511860
2026-05-22T02:38:12.949+00:00,1779417492949376000,887,R,7643,7886,9156,10373,7643,7886,9156,10373,19146,23417,18393,22114,-129,-218,-28,-0.505882,-0.854902,-0.109804,0,66,c11920
2026-05-22T02:38:12.949+00:00,1779417492949389000,888,R,7642,7885,9156,10372,7642,7885,9156,10372,19148,23416,18388,22111,-130,-216,-28,-0.509804,-0.847059,-0.109804,0,66,d11920
2026-05-22T02:38:13.099+00:00,1779417493099961000,889,R,7638,7884,9155,10370,7638,7884,9155,10370,19143,23413,18386,22105,-130,-216,-28,-0.509804,-0.847059,-0.109804,0,66,e11920
2026-05-22T02:38:13.100+00:00,1779417493100092000,890,R,7640,7883,9151,10368,7640,7883,9151,10368,19148,23417,18388,22109,-131,-217,-28,-0.513725,-0.85098,-0.109804,0,66,f11920
2026-05-22T02:38:13.100+00:00,1779417493100168000,891,R,7639,7884,9153,10365,7639,7884,9153,10365,19142,23414,18385,22107,-132,-216,-27,-0.517647,-0.847059,-0.105882,0,66,011920
2026-05-22T02:38:13.100+00:00,1779417493100235000,892,R,7635,7875,9148,10360,7635,7875,9148,10360,19134,23403,18381,22095,-130,-219,-26,-0.509804,-0.858824,-0.101961,0,66,a12010
2026-05-22T02:38:13.100+00:00,1779417493100299000,893,R,7634,7881,9149,10360,7634,7881,9149,10360,19130,23406,18383,22094,-130,-218,-27,-0.509804,-0.854902,-0.105882,0,66,b12010
2026-05-22T02:38:13.100+00:00,1779417493100361000,894,R,7634,7881,9149,10358,7634,7881,9149,10358,19133,23404,18378,22091,-130,-216,-28,-0.509804,-0.847059,-0.109804,0,66,c12010
2026-05-22T02:38:13.399+00:00,1779417493399331000,895,R,7636,7883,9147,10361,7636,7883,9147,10361,19133,23404,18383,22093,-132,-218,-27,-0.517647,-0.854902,-0.105882,0,66,d12010
2026-05-22T02:38:13.399+00:00,1779417493399475000,896,R,7636,7879,9148,10360,7636,7879,9148,10360,19135,23397,18382,22093,-132,-217,-25,-0.517647,-0.85098,-0.098039,0,66,e12010
2026-05-22T02:38:13.399+00:00,1779417493399552000,897,R,7633,7878,9150,10362,7633,7878,9150,10362,19132,23400,18382,22093,-127,-218,-26,-0.498039,-0.854902,-0.101961,0,66,512070
2026-05-22T02:38:13.399+00:00,1779417493399621000,898,R,7634,7881,9146,10361,7634,7881,9146,10361,19131,23395,18384,22094,-128,-218,-27,-0.501961,-0.854902,-0.105882,0,66,612070
2026-05-22T02:38:13.399+00:00,1779417493399686000,899,R,7633,7881,9148,10363,7633,7881,9148,10363,19137,23400,18388,22090,-131,-217,-27,-0.513725,-0.85098,-0.105882,0,66,712070
2026-05-22T02:38:13.549+00:00,1779417493549785000,900,R,7633,7881,9150,10361,7633,7881,9150,10361,19133,23401,18382,22094,-133,-217,-26,-0.521569,-0.85098,-0.101961,0,66,812070
2026-05-22T02:38:13.550+00:00,1779417493550057000,901,R,7636,7884,9150,10365,7636,7884,9150,10365,19136,23399,18384,22096,-134,-217,-26,-0.52549,-0.85098,-0.101961,0,66,912070
2026-05-22T02:38:13.550+00:00,1779417493550137000,902,R,7639,7885,9155,10369,7639,7885,9155,10369,19139,23405,18391,22104,-132,-218,-26,-0.517647,-0.854902,-0.101961,0,66,112140
2026-05-22T02:38:13.550+00:00,1779417493550213000,903,R,7642,7887,9153,10369,7642,7887,9153,10369,19141,23409,18391,22104,-132,-218,-25,-0.517647,-0.854902,-0.098039,0,66,212140
2026-05-22T02:38:13.550+00:00,1779417493550281000,904,R,7638,7887,9155,10372,7638,7887,9155,10372,19141,23411,18391,22107,-134,-217,-26,-0.52549,-0.85098,-0.101961,0,66,312140
2026-05-22T02:38:13.701+00:00,1779417493701440000,905,R,7642,7890,9156,10373,7642,7890,9156,10373,19139,23407,18394,22107,-132,-218,-26,-0.517647,-0.854902,-0.101961,0,66,412140
2026-05-22T02:38:13.701+00:00,1779417493701573000,906,R,7642,7888,9157,10374,7642,7888,9157,10374,19137,23408,18393,22108,-133,-218,-25,-0.521569,-0.854902,-0.098039,0,66,512140
2026-05-22T02:38:13.701+00:00,1779417493701659000,907,R,7642,7891,9159,10376,7642,7891,9159,10376,19142,23406,18395,22110,-131,-219,-26,-0.513725,-0.858824,-0.101961,0,66,612140
2026-05-22T02:38:13.701+00:00,1779417493701723000,908,R,7645,7894,9161,10382,7645,7894,9161,10382,19147,23411,18402,22117,-129,-218,-26,-0.505882,-0.854902,-0.101961,0,66,d12200
2026-05-22T02:38:13.701+00:00,1779417493701786000,909,R,7648,7896,9162,10384,7648,7896,9162,10384,19147,23416,18400,22120,-131,-217,-26,-0.513725,-0.85098,-0.101961,0,66,e12200
2026-05-22T02:38:13.852+00:00,1779417493852713000,910,R,7648,7898,9163,10385,7648,7898,9163,10385,19148,23417,18405,22119,-132,-217,-25,-0.517647,-0.85098,-0.098039,0,66,f12200
2026-05-22T02:38:13.852+00:00,1779417493852843000,911,R,7650,7895,9162,10384,7650,7895,9162,10384,19150,23419,18400,22119,-134,-217,-26,-0.52549,-0.85098,-0.101961,0,66,012200
2026-05-22T02:38:13.852+00:00,1779417493852920000,912,R,7648,7897,9163,10388,7648,7897,9163,10388,19148,23420,18406,22125,-132,-219,-26,-0.517647,-0.858824,-0.101961,0,66,112200
2026-05-22T02:38:13.852+00:00,1779417493852987000,913,R,7655,7906,9169,10399,7655,7906,9169,10399,19159,23425,18415,22133,-133,-217,-25,-0.521569,-0.85098,-0.098039,0,66,912270
2026-05-22T02:38:13.853+00:00,1779417493853051000,914,R,7655,7906,9171,10398,7655,7906,9171,10398,19156,23424,18411,22135,-133,-218,-25,-0.521569,-0.854902,-0.098039,0,66,a12270
2026-05-22T02:38:13.853+00:00,1779417493853113000,915,R,7659,7906,9170,10397,7659,7906,9170,10397,19161,23428,18416,22135,-132,-217,-27,-0.517647,-0.85098,-0.105882,0,66,b12270
2026-05-22T02:38:14.001+00:00,1779417494001982000,916,R,7658,7906,9171,10398,7658,7906,9171,10398,19159,23426,18413,22138,-130,-218,-27,-0.509804,-0.854902,-0.105882,0,66,c12270
2026-05-22T02:38:14.002+00:00,1779417494002093000,917,R,7658,7906,9172,10396,7658,7906,9172,10396,19160,23426,18410,22133,-129,-219,-27,-0.505882,-0.858824,-0.105882,0,66,d12270
2026-05-22T02:38:14.002+00:00,1779417494002165000,918,R,7649,7892,9161,10374,7649,7892,9161,10374,19148,23416,18396,22106,-130,-219,-27,-0.509804,-0.858824,-0.105882,0,66,412330
2026-05-22T02:38:14.002+00:00,1779417494002231000,919,R,7648,7894,9161,10377,7648,7894,9161,10377,19149,23410,18397,22106,-131,-218,-26,-0.513725,-0.854902,-0.101961,0,66,512330
2026-05-22T02:38:14.002+00:00,1779417494002294000,920,R,7649,7892,9160,10370,7649,7892,9160,10370,19144,23405,18397,22104,-130,-217,-26,-0.509804,-0.85098,-0.101961,0,66,612330
2026-05-22T02:38:14.151+00:00,1779417494151944000,921,R,7645,7892,9157,10372,7645,7892,9157,10372,19140,23402,18395,22104,-132,-217,-25,-0.517647,-0.85098,-0.098039,0,66,712330
2026-05-22T02:38:14.152+00:00,1779417494152033000,922,R,7646,7891,9159,10372,7646,7891,9159,10372,19143,23407,18395,22099,-132,-216,-26,-0.517647,-0.847059,-0.101961,0,66,812330
2026-05-22T02:38:14.152+00:00,1779417494152068000,923,R,7643,7889,9154,10365,7643,7889,9154,10365,19138,23397,18388,22095,-130,-219,-25,-0.509804,-0.858824,-0.098039,0,66,012400
2026-05-22T02:38:14.152+00:00,1779417494152099000,924,R,7642,7888,9154,10365,7642,7888,9154,10365,19133,23394,18387,22091,-132,-217,-26,-0.517647,-0.85098,-0.101961,0,66,112400
2026-05-22T02:38:14.152+00:00,1779417494152128000,925,R,7642,7889,9153,10367,7642,7889,9153,10367,19139,23396,18390,22094,-131,-218,-25,-0.513725,-0.854902,-0.098039,0,66,212400
2026-05-22T02:38:14.302+00:00,1779417494302046000,926,R,7644,7888,9154,10368,7644,7888,9154,10368,19136,23402,18390,22091,-133,-217,-24,-0.521569,-0.85098,-0.094118,0,66,312400
2026-05-22T02:38:14.302+00:00,1779417494302166000,927,R,7643,7890,9153,10363,7643,7890,9153,10363,19135,23400,18387,22094,-134,-219,-25,-0.52549,-0.858824,-0.098039,0,66,412400
2026-05-22T02:38:14.302+00:00,1779417494302239000,928,R,7642,7891,9152,10368,7642,7891,9152,10368,19135,23394,18388,22095,-132,-217,-25,-0.517647,-0.85098,-0.098039,0,66,d12480
2026-05-22T02:38:14.302+00:00,1779417494302305000,929,R,7644,7889,9152,10367,7644,7889,9152,10367,19138,23395,18390,22097,-132,-217,-26,-0.517647,-0.85098,-0.101961,0,66,e12480
2026-05-22T02:38:14.302+00:00,1779417494302368000,930,R,7646,7892,9154,10366,7646,7892,9154,10366,19139,23396,18388,22095,-132,-218,-26,-0.517647,-0.854902,-0.101961,0,66,f12480
2026-05-22T02:38:14.452+00:00,1779417494452570000,931,R,7644,7891,9156,10369,7644,7891,9156,10369,19138,23399,18391,22096,-132,-219,-27,-0.517647,-0.858824,-0.105882,0,66,012480
2026-05-22T02:38:14.452+00:00,1779417494452687000,932,R,7647,7894,9157,10370,7647,7894,9157,10370,19137,23396,18393,22098,-132,-218,-26,-0.517647,-0.854902,-0.101961,0,66,112480
2026-05-22T02:38:14.452+00:00,1779417494452758000,933,R,7647,7894,9155,10369,7647,7894,9155,10369,19138,23395,18392,22098,-132,-218,-27,-0.517647,-0.854902,-0.105882,0,66,212480
2026-05-22T02:38:14.452+00:00,1779417494452825000,934,R,7651,7898,9160,10377,7651,7898,9160,10377,19148,23402,18403,22107,-129,-218,-25,-0.505882,-0.854902,-0.098039,0,66,912540
2026-05-22T02:38:14.452+00:00,1779417494452888000,935,R,7652,7898,9161,10388,7652,7898,9161,10388,19146,23404,18397,22105,-129,-217,-26,-0.505882,-0.85098,-0.101961,0,66,a12540
2026-05-22T02:38:14.603+00:00,1779417494603481000,936,R,7651,7897,9161,10378,7651,7897,9161,10378,19151,23405,18398,22107,-130,-216,-25,-0.509804,-0.847059,-0.098039,0,66,b12540
2026-05-22T02:38:14.603+00:00,1779417494603597000,937,R,7650,7898,9160,10380,7650,7898,9160,10380,19147,23403,18398,22111,-132,-217,-25,-0.517647,-0.85098,-0.098039,0,66,c12540
2026-05-22T02:38:14.603+00:00,1779417494603667000,938,R,7652,7901,9160,10378,7652,7901,9160,10378,19148,23399,18404,22109,-132,-217,-24,-0.517647,-0.85098,-0.094118,0,66,d12540
2026-05-22T02:38:14.603+00:00,1779417494603734000,939,R,7656,7906,9168,10389,7656,7906,9168,10389,19153,23411,18411,22118,-131,-218,-23,-0.513725,-0.854902,-0.090196,0,66,512610
2026-05-22T02:38:14.603+00:00,1779417494603798000,940,R,7658,7912,9168,10404,7658,7912,9168,10404,19151,23415,18407,22119,-132,-218,-24,-0.517647,-0.854902,-0.094118,0,66,612610
2026-05-22T02:38:14.603+00:00,1779417494603860000,941,R,7661,7908,9169,10390,7661,7908,9169,10390,19154,23412,18410,22123,-131,-218,-24,-0.513725,-0.854902,-0.094118,0,66,712610
2026-05-22T02:38:14.752+00:00,1779417494752765000,942,R,7661,7909,9170,10392,7661,7909,9170,10392,19158,23414,18407,22119,-130,-218,-25,-0.509804,-0.854902,-0.098039,0,66,812610
2026-05-22T02:38:14.752+00:00,1779417494752892000,943,R,7661,7908,9167,10392,7661,7908,9167,10392,19156,23414,18408,22121,-130,-218,-25,-0.509804,-0.854902,-0.098039,0,66,912610
2026-05-22T02:38:14.752+00:00,1779417494752966000,944,R,7666,7914,9174,10403,7666,7914,9174,10403,19162,23423,18415,22131,-131,-218,-26,-0.513725,-0.854902,-0.101961,0,66,112680
2026-05-22T02:38:14.753+00:00,1779417494753032000,945,R,7666,7905,9174,10391,7666,7905,9174,10391,19165,23422,18417,22134,-130,-218,-25,-0.509804,-0.854902,-0.098039,0,66,212680
2026-05-22T02:38:14.753+00:00,1779417494753096000,946,R,7670,7916,9174,10406,7670,7916,9174,10406,19165,23421,18418,22136,-130,-218,-26,-0.509804,-0.854902,-0.101961,0,66,312680
2026-05-22T02:38:14.902+00:00,1779417494902926000,947,R,7669,7915,9174,10404,7669,7915,9174,10404,19168,23425,18418,22135,-129,-216,-27,-0.505882,-0.847059,-0.105882,0,66,412680
2026-05-22T02:38:14.903+00:00,1779417494903085000,948,R,7669,7914,9177,10404,7669,7914,9177,10404,19168,23425,18415,22132,-130,-218,-27,-0.509804,-0.854902,-0.105882,0,66,512680
2026-05-22T02:38:14.903+00:00,1779417494903169000,949,R,7657,7901,9163,10381,7657,7901,9163,10381,19155,23407,18401,22107,-131,-218,-25,-0.513725,-0.854902,-0.098039,0,66,d12750
2026-05-22T02:38:14.903+00:00,1779417494903237000,950,R,7666,7908,9162,10382,7666,7908,9162,10382,19153,23403,18399,22106,-131,-217,-25,-0.513725,-0.85098,-0.098039,0,66,e12750
2026-05-22T02:38:14.903+00:00,1779417494903302000,951,R,7657,7901,9163,10376,7657,7901,9163,10376,19151,23399,18399,22105,-133,-217,-26,-0.521569,-0.85098,-0.101961,0,66,f12750
2026-05-22T02:38:15.053+00:00,1779417495053153000,952,R,7655,7903,9161,10375,7655,7903,9161,10375,19147,23399,18400,22100,-132,-217,-26,-0.517647,-0.85098,-0.101961,0,66,012750
2026-05-22T02:38:15.053+00:00,1779417495053282000,953,R,7657,7898,9159,10374,7657,7898,9159,10374,19147,23397,18398,22100,-132,-217,-26,-0.517647,-0.85098,-0.101961,0,66,112750
2026-05-22T02:38:15.053+00:00,1779417495053354000,954,R,7650,7897,9155,10367,7650,7897,9155,10367,19137,23388,18390,22087,-129,-219,-25,-0.505882,-0.858824,-0.098039,0,66,812810
2026-05-22T02:38:15.053+00:00,1779417495053427000,955,R,7649,7895,9157,10367,7649,7895,9157,10367,19135,23388,18391,22089,-131,-217,-24,-0.513725,-0.85098,-0.094118,0,66,912810
2026-05-22T02:38:15.053+00:00,1779417495053493000,956,R,7649,7911,9160,10383,7649,7911,9160,10383,19142,23389,18388,22091,-131,-216,-26,-0.513725,-0.847059,-0.101961,0,66,a12810
2026-05-22T02:38:15.203+00:00,1779417495203584000,957,R,7649,7895,9157,10369,7649,7895,9157,10369,19141,23391,18390,22091,-131,-219,-26,-0.513725,-0.858824,-0.101961,0,66,b12810
2026-05-22T02:38:15.203+00:00,1779417495203735000,958,R,7650,7894,9155,10366,7650,7894,9155,10366,19141,23390,18395,22089,-131,-220,-26,-0.513725,-0.862745,-0.101961,0,66,c12810
2026-05-22T02:38:15.203+00:00,1779417495203809000,959,R,7651,7895,9156,10369,7651,7895,9156,10369,19140,23388,18389,22089,-130,-220,-25,-0.509804,-0.862745,-0.098039,0,66,d12810
2026-05-22T02:38:15.203+00:00,1779417495203875000,960,R,7650,7895,9157,10367,7650,7895,9157,10367,19137,23385,18393,22089,-130,-219,-25,-0.509804,-0.858824,-0.098039,0,66,412870
2026-05-22T02:38:15.203+00:00,1779417495203937000,961,R,7650,7896,9155,10367,7650,7896,9155,10367,19138,23388,18393,22087,-130,-218,-26,-0.509804,-0.854902,-0.101961,0,66,512870
2026-05-22T02:38:15.353+00:00,1779417495353195000,962,R,7641,7898,9160,10363,7641,7898,9160,10363,19133,23379,18382,22081,-129,-218,-26,-0.505882,-0.854902,-0.101961,0,66,612870
2026-05-22T02:38:15.353+00:00,1779417495353235000,963,R,7648,7899,9157,10371,7648,7899,9157,10371,19136,23384,18392,22091,-130,-218,-27,-0.509804,-0.854902,-0.105882,0,66,712870
2026-05-22T02:38:15.353+00:00,1779417495353251000,964,R,7650,7896,9155,10372,7650,7896,9155,10372,19140,23388,18391,22089,-132,-217,-25,-0.517647,-0.85098,-0.098039,0,66,812870
2026-05-22T02:38:15.353+00:00,1779417495353265000,965,R,7654,7902,9160,10379,7654,7902,9160,10379,19142,23389,18398,22098,-130,-218,-26,-0.509804,-0.854902,-0.101961,0,66,012940
2026-05-22T02:38:15.353+00:00,1779417495353278000,966,R,7655,7901,9160,10378,7655,7901,9160,10378,19142,23391,18396,22095,-131,-218,-26,-0.513725,-0.854902,-0.101961,0,66,112940
2026-05-22T02:38:15.353+00:00,1779417495353291000,967,R,7649,7898,9151,10373,7649,7898,9151,10373,19147,23384,18398,22089,-130,-218,-26,-0.509804,-0.854902,-0.101961,0,66,212940
2026-05-22T02:38:15.502+00:00,1779417495502302000,968,R,7656,7902,9163,10381,7656,7902,9163,10381,19145,23391,18398,22099,-131,-218,-25,-0.513725,-0.854902,-0.098039,0,66,312940
2026-05-22T02:38:15.502+00:00,1779417495502439000,969,R,7659,7904,9163,10378,7659,7904,9163,10378,19145,23391,18398,22098,-132,-218,-24,-0.517647,-0.854902,-0.094118,0,66,412940
2026-05-22T02:38:15.502+00:00,1779417495502514000,970,R,7662,7909,9168,10389,7662,7909,9168,10389,19151,23397,18403,22107,-128,-218,-26,-0.501961,-0.854902,-0.101961,0,66,b13000
2026-05-22T02:38:15.502+00:00,1779417495502582000,971,R,7664,7908,9170,10390,7664,7908,9170,10390,19150,23399,18401,22106,-130,-218,-27,-0.509804,-0.854902,-0.105882,0,66,c13000
2026-05-22T02:38:15.502+00:00,1779417495502647000,972,R,7663,7905,9169,10391,7663,7905,9169,10391,19152,23399,18406,22114,-130,-220,-26,-0.509804,-0.862745,-0.101961,0,66,d13000
2026-05-22T02:38:15.652+00:00,1779417495652342000,973,R,7664,7912,9171,10392,7664,7912,9171,10392,19158,23407,18411,22115,-132,-218,-26,-0.517647,-0.854902,-0.101961,0,66,e13000
2026-05-22T02:38:15.652+00:00,1779417495652484000,974,R,7665,7912,9170,10393,7665,7912,9170,10393,19153,23403,18401,22115,-132,-217,-26,-0.517647,-0.85098,-0.101961,0,66,f13000
2026-05-22T02:38:15.652+00:00,1779417495652557000,975,R,7670,7914,9174,10400,7670,7914,9174,10400,19157,23407,18412,22121,-129,-218,-26,-0.505882,-0.854902,-0.101961,0,66,613060
2026-05-22T02:38:15.652+00:00,1779417495652816000,976,R,7670,7918,9177,10402,7670,7918,9177,10402,19159,23409,18412,22122,-128,-218,-25,-0.501961,-0.854902,-0.098039,0,66,713060
2026-05-22T02:38:15.652+00:00,1779417495652889000,977,R,7670,7916,9175,10401,7670,7916,9175,10401,19163,23410,18409,22124,-129,-218,-26,-0.505882,-0.854902,-0.101961,0,66,813060
2026-05-22T02:38:15.802+00:00,1779417495802256000,978,R,7672,7918,9176,10406,7672,7918,9176,10406,19161,23411,18412,22124,-129,-218,-26,-0.505882,-0.854902,-0.101961,0,66,913060
2026-05-22T02:38:15.802+00:00,1779417495802397000,979,R,7671,7918,9179,10407,7671,7918,9179,10407,19165,23415,18409,22122,-130,-217,-26,-0.509804,-0.85098,-0.101961,0,66,a13060
2026-05-22T02:38:15.802+00:00,1779417495802473000,980,R,7668,7912,9175,10393,7668,7912,9175,10393,19161,23405,18402,22111,-129,-217,-26,-0.505882,-0.85098,-0.101961,0,66,513160
2026-05-22T02:38:15.802+00:00,1779417495802539000,981,R,7665,7908,9171,10389,7665,7908,9171,10389,19158,23403,18400,22105,-130,-216,-26,-0.509804,-0.847059,-0.101961,0,66,613160
2026-05-22T02:38:15.802+00:00,1779417495802602000,982,R,7667,7910,9170,10388,7667,7910,9170,10388,19156,23401,18397,22106,-129,-217,-25,-0.505882,-0.85098,-0.098039,0,66,713160
2026-05-22T02:38:16.101+00:00,1779417496101399000,983,R,7666,7909,9170,10386,7666,7909,9170,10386,19154,23398,18397,22104,-131,-217,-25,-0.513725,-0.85098,-0.098039,0,66,813160
2026-05-22T02:38:16.101+00:00,1779417496101555000,984,R,7663,7906,9169,10384,7663,7906,9169,10384,19152,23398,18401,22101,-131,-218,-26,-0.513725,-0.854902,-0.101961,0,66,913160
2026-05-22T02:38:16.101+00:00,1779417496101631000,985,R,7663,7907,9170,10384,7663,7907,9170,10384,19152,23398,18399,22104,-132,-217,-26,-0.517647,-0.85098,-0.101961,0,66,a13160
2026-05-22T02:38:16.101+00:00,1779417496101696000,986,R,7659,7902,9164,10376,7659,7902,9164,10376,19144,23387,18392,22095,-130,-221,-26,-0.509804,-0.866667,-0.101961,0,66,013210
2026-05-22T02:38:16.101+00:00,1779417496101760000,987,R,7659,7903,9162,10377,7659,7903,9162,10377,19140,23384,18391,22090,-130,-220,-26,-0.509804,-0.862745,-0.101961,0,66,113210
2026-05-22T02:38:16.251+00:00,1779417496251294000,988,R,7658,7902,9162,10377,7658,7902,9162,10377,19137,23386,18391,22091,-129,-218,-25,-0.505882,-0.854902,-0.098039,0,66,213210
2026-05-22T02:38:16.251+00:00,1779417496251435000,989,R,7656,7902,9161,10376,7656,7902,9161,10376,19143,23386,18391,22090,-130,-218,-25,-0.509804,-0.854902,-0.098039,0,66,313210
2026-05-22T02:38:16.251+00:00,1779417496251512000,990,R,7656,7903,9162,10374,7656,7903,9162,10374,19140,23388,18390,22087,-132,-218,-26,-0.517647,-0.854902,-0.101961,0,66,413210
2026-05-22T02:38:16.251+00:00,1779417496251578000,991,R,7655,7902,9159,10374,7655,7902,9159,10374,19137,23383,18385,22086,-130,-217,-26,-0.509804,-0.85098,-0.101961,0,66,c13280
2026-05-22T02:38:16.251+00:00,1779417496251641000,992,R,7658,7901,9160,10376,7658,7901,9160,10376,19137,23382,18386,22085,-131,-217,-25,-0.513725,-0.85098,-0.098039,0,66,d13280
2026-05-22T02:38:16.251+00:00,1779417496251703000,993,R,7659,7902,9162,10376,7659,7902,9162,10376,19136,23388,18390,22085,-131,-217,-25,-0.513725,-0.85098,-0.098039,0,66,e13280
2026-05-22T02:38:16.401+00:00,1779417496401242000,994,R,7658,7904,9161,10377,7658,7904,9161,10377,19138,23384,18391,22087,-131,-219,-26,-0.513725,-0.858824,-0.101961,0,66,f13280
2026-05-22T02:38:16.401+00:00,1779417496401382000,995,R,7656,7902,9162,10378,7656,7902,9162,10378,19137,23384,18388,22086,-130,-219,-26,-0.509804,-0.858824,-0.101961,0,66,013280
2026-05-22T02:38:16.401+00:00,1779417496401456000,996,R,7659,7906,9164,10382,7659,7906,9164,10382,19142,23388,18393,22094,-131,-217,-26,-0.513725,-0.85098,-0.101961,0,66,813350
2026-05-22T02:38:16.401+00:00,1779417496401523000,997,R,7659,7909,9167,10383,7659,7909,9167,10383,19139,23387,18391,22098,-132,-218,-26,-0.517647,-0.854902,-0.101961,0,66,913350
2026-05-22T02:38:16.401+00:00,1779417496401587000,998,R,7657,7908,9168,10383,7657,7908,9168,10383,19135,23384,18388,22091,-133,-217,-26,-0.521569,-0.85098,-0.101961,0,66,a13350
2026-05-22T02:38:16.697+00:00,1779417496697673000,999,R,7659,7909,9164,10385,7659,7909,9164,10385,19139,23388,18396,22094,-133,-216,-25,-0.521569,-0.847059,-0.098039,0,66,b13350
2026-05-22T02:38:16.697+00:00,1779417496697801000,1000,R,7658,7908,9164,10386,7658,7908,9164,10386,19140,23388,18393,22096,-132,-217,-25,-0.517647,-0.85098,-0.098039,0,66,c13350
2026-05-22T02:38:16.697+00:00,1779417496697876000,1001,R,7665,7914,9172,10392,7665,7914,9172,10392,19142,23392,18398,22103,-131,-218,-26,-0.513725,-0.854902,-0.101961,0,66,413420
2026-05-22T02:38:16.697+00:00,1779417496697941000,1002,R,7665,7914,9171,10394,7665,7914,9171,10394,19142,23394,18399,22105,-132,-218,-25,-0.517647,-0.854902,-0.098039,0,66,513420
2026-05-22T02:38:16.697+00:00,1779417496698005000,1003,R,7664,7913,9172,10396,7664,7913,9172,10396,19140,23391,18398,22106,-132,-217,-25,-0.517647,-0.85098,-0.098039,0,66,613420
2026-05-22T02:38:16.704+00:00,1779417496704587000,1004,R,7667,7915,9174,10397,7667,7915,9174,10397,19146,23398,18400,22110,-132,-217,-25,-0.517647,-0.85098,-0.098039,0,66,713420
2026-05-22T02:38:16.704+00:00,1779417496704680000,1005,R,7666,7913,9174,10398,7666,7913,9174,10398,19148,23399,18401,22110,-131,-218,-25,-0.513725,-0.854902,-0.098039,0,66,813420
2026-05-22T02:38:16.704+00:00,1779417496704748000,1006,R,7666,7917,9174,10400,7666,7917,9174,10400,19149,23397,18402,22110,-131,-218,-26,-0.513725,-0.854902,-0.101961,0,66,913420
2026-05-22T02:38:16.704+00:00,1779417496704834000,1007,R,7672,7921,9181,10409,7672,7921,9181,10409,19152,23404,18408,22118,-133,-218,-26,-0.521569,-0.854902,-0.101961,0,66,013480
2026-05-22T02:38:16.704+00:00,1779417496704901000,1008,R,7671,7920,9179,10409,7671,7920,9179,10409,19153,23405,18407,22117,-132,-218,-26,-0.517647,-0.854902,-0.101961,0,66,113480
2026-05-22T02:38:16.851+00:00,1779417496851532000,1009,R,7674,7922,9183,10410,7674,7922,9183,10410,19153,23406,18407,22120,-133,-217,-26,-0.521569,-0.85098,-0.101961,0,66,213480
2026-05-22T02:38:16.851+00:00,1779417496851564000,1010,R,7673,7925,9180,10410,7673,7925,9180,10410,19153,23402,18408,22120,-132,-217,-26,-0.517647,-0.85098,-0.101961,0,66,313480
2026-05-22T02:38:16.851+00:00,1779417496851580000,1011,R,7673,7923,9183,10409,7673,7923,9183,10409,19155,23407,18410,22122,-133,-217,-26,-0.521569,-0.85098,-0.101961,0,66,413480
2026-05-22T02:38:16.851+00:00,1779417496851593000,1012,R,7664,7910,9173,10392,7664,7910,9173,10392,19147,23397,18395,22100,-130,-217,-27,-0.509804,-0.85098,-0.105882,0,66,c13550
2026-05-22T02:38:16.851+00:00,1779417496851606000,1013,R,7666,7911,9174,10390,7666,7911,9174,10390,19144,23393,18394,22101,-131,-217,-27,-0.513725,-0.85098,-0.105882,0,66,d13550
2026-05-22T02:38:17.149+00:00,1779417497149696000,1014,R,7664,7911,9170,10389,7664,7911,9170,10389,19143,23392,18390,22097,-132,-218,-25,-0.517647,-0.854902,-0.098039,0,66,e13550
2026-05-22T02:38:17.149+00:00,1779417497149871000,1015,R,7664,7909,9169,10387,7664,7909,9169,10387,19141,23391,18388,22093,-132,-217,-26,-0.517647,-0.85098,-0.101961,0,66,f13550
2026-05-22T02:38:17.149+00:00,1779417497149948000,1016,R,7662,7907,9168,10383,7662,7907,9168,10383,19141,23392,18392,22093,-133,-218,-25,-0.521569,-0.854902,-0.098039,0,66,013550
2026-05-22T02:38:17.150+00:00,1779417497150016000,1017,R,7656,7902,9165,10377,7656,7902,9165,10377,19132,23381,18384,22082,-131,-218,-25,-0.513725,-0.854902,-0.098039,0,66,613600
2026-05-22T02:38:17.150+00:00,1779417497150081000,1018,R,7655,7903,9163,10373,7655,7903,9163,10373,19129,23375,18382,22078,-128,-219,-25,-0.501961,-0.858824,-0.098039,0,66,713600
2026-05-22T02:38:17.150+00:00,1779417497150144000,1019,R,7653,7901,9161,10377,7653,7901,9161,10377,19127,23377,18383,22080,-127,-219,-26,-0.498039,-0.858824,-0.101961,0,66,813600
2026-05-22T02:38:17.300+00:00,1779417497301024000,1020,R,7656,7900,9162,10381,7656,7900,9162,10381,19126,23376,18380,22079,-129,-219,-26,-0.505882,-0.858824,-0.101961,0,66,913600
2026-05-22T02:38:17.301+00:00,1779417497301121000,1021,R,7656,7903,9162,10374,7656,7903,9162,10374,19127,23376,18382,22082,-130,-220,-26,-0.509804,-0.862745,-0.101961,0,66,a13600
2026-05-22T02:38:17.301+00:00,1779417497301312000,1022,R,7653,7899,9163,10374,7653,7899,9163,10374,19123,23373,18381,22077,-129,-216,-25,-0.505882,-0.847059,-0.098039,0,66,213670
2026-05-22T02:38:17.301+00:00,1779417497301348000,1023,R,7653,7901,9163,10374,7653,7901,9163,10374,19118,23371,18378,22079,-129,-217,-24,-0.505882,-0.85098,-0.094118,0,66,313670
2026-05-22T02:38:17.301+00:00,1779417497301381000,1024,R,7652,7902,9159,10374,7652,7902,9159,10374,19121,23374,18381,22079,-130,-216,-25,-0.509804,-0.847059,-0.098039,0,66,413670
2026-05-22T02:38:17.451+00:00,1779417497451076000,1025,R,7651,7908,9161,10389,7651,7908,9161,10389,19121,23376,18377,22077,-130,-216,-26,-0.509804,-0.847059,-0.101961,0,66,513670
2026-05-22T02:38:17.451+00:00,1779417497451205000,1026,R,7652,7902,9162,10374,7652,7902,9162,10374,19121,23375,18381,22080,-130,-217,-26,-0.509804,-0.85098,-0.101961,0,66,613670
2026-05-22T02:38:17.451+00:00,1779417497451279000,1027,R,7659,7906,9169,10383,7659,7906,9169,10383,19126,23380,18384,22090,-133,-217,-27,-0.521569,-0.85098,-0.105882,0,66,013760
2026-05-22T02:38:17.451+00:00,1779417497451345000,1028,R,7653,7895,9163,10369,7653,7895,9163,10369,19127,23382,18387,22087,-131,-218,-27,-0.513725,-0.854902,-0.105882,0,66,113760
2026-05-22T02:38:17.451+00:00,1779417497451409000,1029,R,7657,7907,9171,10383,7657,7907,9171,10383,19126,23378,18386,22090,-132,-218,-27,-0.517647,-0.854902,-0.105882,0,66,213760
2026-05-22T02:38:17.600+00:00,1779417497601017000,1030,R,7658,7908,9168,10386,7658,7908,9168,10386,19125,23380,18385,22087,-131,-218,-26,-0.513725,-0.854902,-0.101961,0,66,313760
2026-05-22T02:38:17.601+00:00,1779417497601134000,1031,R,7657,7906,9169,10389,7657,7906,9169,10389,19124,23380,18383,22089,-130,-218,-26,-0.509804,-0.854902,-0.101961,0,66,413760
2026-05-22T02:38:17.601+00:00,1779417497601206000,1032,R,7658,7908,9167,10389,7658,7908,9167,10389,19128,23381,18385,22089,-131,-217,-24,-0.513725,-0.85098,-0.094118,0,66,513760
2026-05-22T02:38:17.601+00:00,1779417497601272000,1033,R,7664,7914,9173,10396,7664,7914,9173,10396,19130,23384,18390,22100,-131,-218,-25,-0.513725,-0.854902,-0.098039,0,66,c13820
2026-05-22T02:38:17.601+00:00,1779417497601335000,1034,R,7660,7919,9159,10399,7660,7919,9159,10399,19133,23387,18391,22099,-129,-219,-25,-0.505882,-0.858824,-0.098039,0,66,d13820
2026-05-22T02:38:17.751+00:00,1779417497751425000,1035,R,7664,7912,9174,10395,7664,7912,9174,10395,19133,23388,18389,22104,-129,-218,-25,-0.505882,-0.854902,-0.098039,0,66,e13820
2026-05-22T02:38:17.751+00:00,1779417497751578000,1036,R,7663,7915,9176,10398,7663,7915,9176,10398,19134,23389,18392,22100,-129,-217,-25,-0.505882,-0.85098,-0.098039,0,66,f13820
2026-05-22T02:38:17.751+00:00,1779417497751651000,1037,R,7665,7915,9175,10398,7665,7915,9175,10398,19135,23390,18394,22102,-130,-218,-25,-0.509804,-0.854902,-0.098039,0,66,013820
2026-05-22T02:38:17.751+00:00,1779417497751716000,1038,R,7669,7918,9183,10405,7669,7918,9183,10405,19144,23395,18398,22110,-133,-218,-26,-0.521569,-0.854902,-0.101961,0,66,713880
2026-05-22T02:38:17.751+00:00,1779417497751778000,1039,R,7670,7920,9182,10407,7670,7920,9182,10407,19141,23395,18399,22109,-132,-218,-26,-0.517647,-0.854902,-0.101961,0,66,813880
2026-05-22T02:38:17.751+00:00,1779417497751840000,1040,R,7672,7931,9182,10425,7672,7931,9182,10425,19140,23396,18399,22114,-132,-217,-27,-0.517647,-0.85098,-0.105882,0,66,913880
2026-05-22T02:38:17.900+00:00,1779417497901001000,1041,R,7669,7921,9182,10409,7669,7921,9182,10409,19143,23400,18400,22114,-130,-217,-27,-0.509804,-0.85098,-0.105882,0,66,a13880
2026-05-22T02:38:17.901+00:00,1779417497901123000,1042,R,7672,7921,9184,10409,7672,7921,9184,10409,19144,23400,18396,22113,-130,-217,-26,-0.509804,-0.85098,-0.101961,0,66,b13880
2026-05-22T02:38:17.901+00:00,1779417497901196000,1043,R,7668,7914,9179,10400,7668,7914,9179,10400,19145,23393,18392,22104,-130,-220,-26,-0.509804,-0.862745,-0.101961,0,66,313950
2026-05-22T02:38:17.901+00:00,1779417497901262000,1044,R,7668,7913,9176,10396,7668,7913,9176,10396,19140,23393,18392,22103,-130,-218,-25,-0.509804,-0.854902,-0.098039,0,66,413950
2026-05-22T02:38:17.901+00:00,1779417497901326000,1045,R,7664,7902,9172,10381,7664,7902,9172,10381,19138,23392,18384,22091,-129,-217,-26,-0.505882,-0.85098,-0.101961,0,66,513950
2026-05-22T02:38:18.049+00:00,1779417498049312000,1046,R,7663,7912,9177,10392,7663,7912,9177,10392,19138,23390,18390,22094,-130,-217,-26,-0.509804,-0.85098,-0.101961,0,66,613950
2026-05-22T02:38:18.049+00:00,1779417498049454000,1047,R,7663,7910,9174,10390,7663,7910,9174,10390,19134,23389,18383,22089,-131,-217,-27,-0.513725,-0.85098,-0.105882,0,66,713950
2026-05-22T02:38:18.049+00:00,1779417498049528000,1048,R,7654,7903,9167,10379,7654,7903,9167,10379,19123,23379,18375,22076,-131,-218,-26,-0.513725,-0.854902,-0.101961,0,66,e14010
2026-05-22T02:38:18.049+00:00,1779417498049596000,1049,R,7655,7901,9166,10376,7655,7901,9166,10376,19121,23376,18375,22079,-132,-218,-26,-0.517647,-0.854902,-0.101961,0,66,f14010
2026-05-22T02:38:18.049+00:00,1779417498049660000,1050,R,7654,7902,9164,10378,7654,7902,9164,10378,19119,23375,18373,22072,-132,-217,-26,-0.517647,-0.85098,-0.101961,0,66,014010
2026-05-22T02:38:18.199+00:00,1779417498199563000,1051,R,7649,7904,9152,10371,7649,7904,9152,10371,19117,23368,18370,22073,-132,-219,-26,-0.517647,-0.858824,-0.101961,0,66,114010
2026-05-22T02:38:18.199+00:00,1779417498199712000,1052,R,7654,7900,9167,10374,7654,7900,9167,10374,19119,23372,18373,22076,-131,-218,-26,-0.513725,-0.854902,-0.101961,0,66,214010
2026-05-22T02:38:18.199+00:00,1779417498199787000,1053,R,7651,7902,9165,10375,7651,7902,9165,10375,19117,23369,18374,22075,-131,-218,-25,-0.513725,-0.854902,-0.098039,0,66,914070
2026-05-22T02:38:18.199+00:00,1779417498199855000,1054,R,7653,7902,9164,10376,7653,7902,9164,10376,19112,23368,18369,22072,-131,-219,-26,-0.513725,-0.858824,-0.101961,0,66,a14070
2026-05-22T02:38:18.199+00:00,1779417498199920000,1055,R,7649,7898,9164,10374,7649,7898,9164,10374,19116,23370,18372,22073,-130,-217,-26,-0.509804,-0.85098,-0.101961,0,66,b14070
2026-05-22T02:38:18.350+00:00,1779417498350215000,1056,R,7652,7903,9166,10375,7652,7903,9166,10375,19113,23366,18370,22072,-129,-217,-26,-0.505882,-0.85098,-0.101961,0,66,c14070
2026-05-22T02:38:18.350+00:00,1779417498350257000,1057,R,7654,7901,9174,10374,7654,7901,9174,10374,19118,23367,18370,22074,-129,-217,-26,-0.505882,-0.85098,-0.101961,0,66,d14070
2026-05-22T02:38:18.350+00:00,1779417498350274000,1058,R,7650,7897,9163,10374,7650,7897,9163,10374,19115,23365,18369,22072,-131,-217,-25,-0.513725,-0.85098,-0.098039,0,66,e14070
2026-05-22T02:38:18.350+00:00,1779417498350287000,1059,R,7657,7905,9168,10380,7657,7905,9168,10380,19120,23369,18373,22077,-130,-218,-26,-0.509804,-0.854902,-0.101961,0,66,814160
2026-05-22T02:38:18.350+00:00,1779417498350301000,1060,R,7655,7904,9165,10384,7655,7904,9165,10384,19120,23373,18373,22075,-131,-219,-26,-0.513725,-0.858824,-0.101961,0,66,914160
2026-05-22T02:38:18.501+00:00,1779417498501287000,1061,R,7657,7905,9169,10381,7657,7905,9169,10381,19123,23370,18373,22078,-131,-218,-26,-0.513725,-0.854902,-0.101961,0,66,a14160
2026-05-22T02:38:18.501+00:00,1779417498501422000,1062,R,7655,7904,9170,10385,7655,7904,9170,10385,19122,23372,18374,22083,-131,-217,-26,-0.513725,-0.85098,-0.101961,0,66,b14160
2026-05-22T02:38:18.501+00:00,1779417498501497000,1063,R,7658,7905,9167,10384,7658,7905,9167,10384,19121,23374,18376,22079,-131,-219,-26,-0.513725,-0.858824,-0.101961,0,66,c14160
2026-05-22T02:38:18.501+00:00,1779417498501562000,1064,R,7662,7909,9174,10394,7662,7909,9174,10394,19124,23378,18384,22090,-130,-217,-26,-0.509804,-0.85098,-0.101961,0,66,314220
2026-05-22T02:38:18.501+00:00,1779417498501626000,1065,R,7662,7910,9174,10391,7662,7910,9174,10391,19127,23380,18381,22090,-131,-217,-25,-0.513725,-0.85098,-0.098039,0,66,414220
2026-05-22T02:38:18.501+00:00,1779417498501689000,1066,R,7651,7909,9163,10393,7651,7909,9163,10393,19126,23378,18379,22090,-132,-218,-25,-0.517647,-0.854902,-0.098039,0,66,514220
2026-05-22T02:38:18.650+00:00,1779417498650136000,1067,R,7663,7910,9176,10395,7663,7910,9176,10395,19129,23381,18380,22091,-130,-217,-26,-0.509804,-0.85098,-0.101961,0,66,614220
2026-05-22T02:38:18.650+00:00,1779417498650290000,1068,R,7662,7911,9176,10391,7662,7911,9176,10391,19128,23383,18381,22094,-130,-220,-27,-0.509804,-0.862745,-0.105882,0,66,714220
2026-05-22T02:38:18.650+00:00,1779417498650365000,1069,R,7669,7917,9182,10402,7669,7917,9182,10402,19134,23391,18388,22102,-132,-217,-26,-0.517647,-0.85098,-0.101961,0,66,f14290
2026-05-22T02:38:18.650+00:00,1779417498650432000,1070,R,7670,7915,9183,10402,7670,7915,9183,10402,19139,23388,18389,22104,-132,-218,-26,-0.517647,-0.854902,-0.101961,0,66,014290
2026-05-22T02:38:18.650+00:00,1779417498650496000,1071,R,7671,7918,9192,10407,7671,7918,9192,10407,19142,23398,18391,22106,-130,-218,-25,-0.509804,-0.854902,-0.098039,0,66,114290
2026-05-22T02:38:18.801+00:00,1779417498801323000,1072,R,7670,7919,9184,10406,7670,7919,9184,10406,19136,23392,18388,22106,-131,-216,-26,-0.513725,-0.847059,-0.101961,0,66,214290
2026-05-22T02:38:18.801+00:00,1779417498801466000,1073,R,7670,7920,9183,10407,7670,7920,9183,10407,19141,23396,18390,22106,-132,-217,-25,-0.517647,-0.85098,-0.098039,0,66,314290
2026-05-22T02:38:18.801+00:00,1779417498801542000,1074,R,7669,7912,9179,10397,7669,7912,9179,10397,19139,23391,18386,22099,-131,-217,-26,-0.513725,-0.85098,-0.101961,0,66,b14360
2026-05-22T02:38:18.801+00:00,1779417498801609000,1075,R,7668,7910,9179,10395,7668,7910,9179,10395,19137,23388,18380,22092,-132,-216,-26,-0.517647,-0.847059,-0.101961,0,66,c14360
2026-05-22T02:38:18.801+00:00,1779417498801675000,1076,R,7666,7909,9179,10390,7666,7909,9179,10390,19138,23389,18378,22091,-132,-216,-26,-0.517647,-0.847059,-0.101961,0,66,d14360
2026-05-22T02:38:18.949+00:00,1779417498949982000,1077,R,7665,7911,9177,10388,7665,7911,9177,10388,19134,23383,18376,22087,-132,-217,-25,-0.517647,-0.85098,-0.098039,0,66,e14360
2026-05-22T02:38:18.950+00:00,1779417498950063000,1078,R,7666,7907,9175,10389,7666,7907,9175,10389,19133,23384,18374,22088,-132,-219,-25,-0.517647,-0.858824,-0.098039,0,66,f14360
2026-05-22T02:38:18.950+00:00,1779417498950092000,1079,R,7656,7898,9171,10378,7656,7898,9171,10378,19120,23370,18366,22067,-132,-219,-27,-0.517647,-0.858824,-0.105882,0,66,714430
2026-05-22T02:38:18.950+00:00,1779417498950118000,1080,R,7655,7899,9168,10375,7655,7899,9168,10375,19120,23367,18368,22071,-133,-219,-27,-0.521569,-0.858824,-0.105882,0,66,814430
2026-05-22T02:38:18.950+00:00,1779417498950143000,1081,R,7656,7899,9169,10375,7656,7899,9169,10375,19120,23369,18368,22069,-131,-218,-27,-0.513725,-0.854902,-0.105882,0,66,914430
2026-05-22T02:38:19.099+00:00,1779417499099370000,1082,R,7653,7901,9167,10376,7653,7901,9167,10376,19117,23368,18367,22067,-131,-220,-26,-0.513725,-0.862745,-0.101961,0,66,a14430
2026-05-22T02:38:19.099+00:00,1779417499099439000,1083,R,7658,7902,9169,10376,7658,7902,9169,10376,19117,23368,18369,22070,-132,-218,-26,-0.517647,-0.854902,-0.101961,0,66,b14430
2026-05-22T02:38:19.099+00:00,1779417499099469000,1084,R,7657,7902,9169,10378,7657,7902,9169,10378,19117,23363,18369,22069,-130,-216,-27,-0.509804,-0.847059,-0.105882,0,66,c14430
2026-05-22T02:38:19.099+00:00,1779417499099495000,1085,R,7656,7898,9167,10374,7656,7898,9167,10374,19114,23364,18367,22068,-129,-217,-28,-0.505882,-0.85098,-0.109804,0,66,214480
2026-05-22T02:38:19.099+00:00,1779417499099521000,1086,R,7653,7897,9166,10373,7653,7897,9166,10373,19117,23366,18367,22070,-129,-217,-26,-0.505882,-0.85098,-0.101961,0,66,314480
2026-05-22T02:38:19.250+00:00,1779417499250314000,1087,R,7654,7898,9166,10373,7654,7898,9166,10373,19116,23364,18365,22068,-130,-217,-27,-0.509804,-0.85098,-0.105882,0,66,414480
2026-05-22T02:38:19.250+00:00,1779417499250510000,1088,R,7656,7899,9166,10375,7656,7899,9166,10375,19112,23361,18366,22066,-130,-217,-26,-0.509804,-0.85098,-0.101961,0,66,514480
2026-05-22T02:38:19.250+00:00,1779417499250586000,1089,R,7656,7902,9166,10377,7656,7902,9166,10377,19113,23364,18367,22069,-132,-218,-26,-0.517647,-0.854902,-0.101961,0,66,614480
2026-05-22T02:38:19.250+00:00,1779417499250652000,1090,R,7658,7903,9170,10380,7658,7903,9170,10380,19119,23367,18371,22076,-129,-218,-26,-0.505882,-0.854902,-0.101961,0,67,f14560
2026-05-22T02:38:19.250+00:00,1779417499250715000,1091,R,7662,7903,9171,10380,7662,7903,9171,10380,19120,23369,18372,22075,-129,-218,-26,-0.505882,-0.854902,-0.101961,0,67,014560
2026-05-22T02:38:19.250+00:00,1779417499250778000,1092,R,7660,7904,9171,10382,7660,7904,9171,10382,19120,23366,18375,22080,-129,-218,-26,-0.505882,-0.854902,-0.101961,0,67,114560
2026-05-22T02:38:19.399+00:00,1779417499399679000,1093,R,7659,7905,9170,10383,7659,7905,9170,10383,19124,23370,18375,22079,-129,-218,-26,-0.505882,-0.854902,-0.101961,0,67,214560
2026-05-22T02:38:19.399+00:00,1779417499399829000,1094,R,7661,7906,9172,10385,7661,7906,9172,10385,19117,23368,18375,22077,-131,-217,-27,-0.513725,-0.85098,-0.105882,0,67,314560
2026-05-22T02:38:19.399+00:00,1779417499399903000,1095,R,7664,7911,9174,10391,7664,7911,9174,10391,19127,23378,18376,22085,-130,-217,-27,-0.509804,-0.85098,-0.105882,0,67,b14630
2026-05-22T02:38:19.399+00:00,1779417499399970000,1096,R,7665,7913,9179,10392,7665,7913,9179,10392,19130,23379,18383,22088,-129,-218,-27,-0.505882,-0.854902,-0.105882,0,67,c14630
2026-05-22T02:38:19.400+00:00,1779417499400224000,1097,R,7667,7908,9176,10391,7667,7908,9176,10391,19130,23376,18383,22089,-130,-217,-27,-0.509804,-0.85098,-0.105882,0,67,d14630
2026-05-22T02:38:19.550+00:00,1779417499550124000,1098,R,7667,7913,9179,10396,7667,7913,9179,10396,19131,23379,18381,22087,-130,-219,-27,-0.509804,-0.858824,-0.105882,0,67,e14630
2026-05-22T02:38:19.550+00:00,1779417499550259000,1099,R,7667,7911,9180,10396,7667,7911,9180,10396,19132,23378,18383,22091,-131,-218,-27,-0.513725,-0.854902,-0.105882,0,67,f14630
2026-05-22T02:38:19.550+00:00,1779417499550333000,1100,R,7673,7916,9185,10403,7673,7916,9185,10403,19138,23390,18390,22102,-130,-218,-27,-0.509804,-0.854902,-0.105882,0,67,714700
2026-05-22T02:38:19.550+00:00,1779417499550400000,1101,R,7673,7916,9185,10407,7673,7916,9185,10407,19137,23388,18390,22104,-129,-218,-28,-0.505882,-0.854902,-0.109804,0,67,814700
2026-05-22T02:38:19.550+00:00,1779417499550463000,1102,R,7673,7917,9183,10404,7673,7917,9183,10404,19137,23387,18391,22100,-131,-219,-26,-0.513725,-0.858824,-0.101961,0,67,914700
2026-05-22T02:38:19.701+00:00,1779417499701206000,1103,R,7669,7914,9183,10399,7669,7914,9183,10399,19139,23382,18386,22095,-132,-219,-27,-0.517647,-0.858824,-0.105882,0,67,a14700
2026-05-22T02:38:19.701+00:00,1779417499701332000,1104,R,7670,7914,9180,10394,7670,7914,9180,10394,19137,23385,18381,22094,-131,-220,-26,-0.513725,-0.862745,-0.101961,0,67,b14700
2026-05-22T02:38:19.701+00:00,1779417499701406000,1105,R,7663,7900,9171,10378,7663,7900,9171,10378,19124,23373,18373,22074,-133,-217,-27,-0.521569,-0.85098,-0.105882,0,67,314770
2026-05-22T02:38:19.701+00:00,1779417499701483000,1106,R,7660,7890,9169,10379,7660,7890,9169,10379,19120,23370,18369,22069,-131,-217,-27,-0.513725,-0.85098,-0.105882,0,67,414770
2026-05-22T02:38:19.701+00:00,1779417499701548000,1107,R,7659,7899,9171,10373,7659,7899,9171,10373,19117,23367,18368,22072,-132,-217,-26,-0.517647,-0.85098,-0.101961,0,67,514770
2026-05-22T02:38:19.851+00:00,1779417499851162000,1108,R,7659,7900,9169,10372,7659,7900,9169,10372,19116,23362,18364,22068,-131,-218,-26,-0.513725,-0.854902,-0.101961,0,67,614770
2026-05-22T02:38:19.851+00:00,1779417499851290000,1109,R,7657,7901,9169,10371,7657,7901,9169,10371,19116,23363,18368,22066,-132,-218,-26,-0.517647,-0.854902,-0.101961,0,67,714770
2026-05-22T02:38:19.851+00:00,1779417499851367000,1110,R,7656,7897,9166,10368,7656,7897,9166,10368,19118,23362,18368,22065,-131,-219,-26,-0.513725,-0.858824,-0.101961,0,67,814770
2026-05-22T02:38:19.851+00:00,1779417499851434000,1111,R,7654,7896,9164,10369,7654,7896,9164,10369,19115,23357,18365,22060,-131,-218,-26,-0.513725,-0.854902,-0.101961,0,67,f14830
2026-05-22T02:38:19.851+00:00,1779417499851497000,1112,R,7656,7888,9153,10355,7656,7888,9153,10355,19114,23358,18364,22061,-131,-218,-26,-0.513725,-0.854902,-0.101961,0,67,014830
2026-05-22T02:38:20.001+00:00,1779417500001412000,1113,R,7654,7895,9165,10367,7654,7895,9165,10367,19112,23356,18366,22058,-131,-220,-26,-0.513725,-0.862745,-0.101961,0,67,114830
2026-05-22T02:38:20.001+00:00,1779417500001574000,1114,R,7654,7895,9163,10367,7654,7895,9163,10367,19112,23356,18361,22060,-131,-218,-26,-0.513725,-0.854902,-0.101961,0,67,214830
2026-05-22T02:38:20.001+00:00,1779417500001652000,1115,R,7655,7897,9162,10366,7655,7897,9162,10366,19113,23358,18363,22058,-130,-218,-26,-0.509804,-0.854902,-0.101961,0,67,314830
2026-05-22T02:38:20.001+00:00,1779417500001904000,1116,R,7655,7898,9163,10367,7655,7898,9163,10367,19113,23357,18365,22064,-131,-218,-27,-0.513725,-0.854902,-0.105882,0,67,a14890
2026-05-22T02:38:20.002+00:00,1779417500002014000,1117,R,7655,7897,9164,10369,7655,7897,9164,10369,19113,23357,18365,22060,-131,-218,-27,-0.513725,-0.854902,-0.105882,0,67,b14890
2026-05-22T02:38:20.002+00:00,1779417500002089000,1118,R,7649,7901,9157,10375,7649,7901,9157,10375,19115,23356,18366,22062,-132,-218,-26,-0.517647,-0.854902,-0.101961,0,67,c14890
2026-05-22T02:38:20.149+00:00,1779417500149218000,1119,R,7654,7898,9165,10371,7654,7898,9165,10371,19114,23358,18368,22066,-133,-216,-26,-0.521569,-0.847059,-0.101961,0,67,d14890
2026-05-22T02:38:20.149+00:00,1779417500149354000,1120,R,7656,7900,9166,10373,7656,7900,9166,10373,19115,23356,18368,22067,-133,-217,-26,-0.521569,-0.85098,-0.101961,0,67,e14890
2026-05-22T02:38:20.149+00:00,1779417500149430000,1121,R,7664,7902,9171,10378,7664,7902,9171,10378,19121,23362,18371,22072,-130,-218,-27,-0.509804,-0.854902,-0.105882,0,67,514950
2026-05-22T02:38:20.149+00:00,1779417500149505000,1122,R,7662,7905,9170,10378,7662,7905,9170,10378,19121,23368,18371,22072,-131,-218,-26,-0.513725,-0.854902,-0.101961,0,67,614950
2026-05-22T02:38:20.149+00:00,1779417500149579000,1123,R,7661,7904,9169,10379,7661,7904,9169,10379,19120,23364,18371,22074,-131,-218,-26,-0.513725,-0.854902,-0.101961,0,67,714950
2026-05-22T02:38:20.298+00:00,1779417500298999000,1124,R,7679,7895,9188,10383,7679,7895,9188,10383,19124,23368,18373,22076,-131,-218,-26,-0.513725,-0.854902,-0.101961,0,67,814950
2026-05-22T02:38:20.299+00:00,1779417500299054000,1125,R,7663,7902,9172,10379,7663,7902,9172,10379,19123,23367,18376,22076,-132,-217,-25,-0.517647,-0.85098,-0.098039,0,67,914950
2026-05-22T02:38:20.299+00:00,1779417500299140000,1126,R,7667,7909,9176,10388,7667,7909,9176,10388,19129,23374,18382,22089,-127,-218,-27,-0.498039,-0.854902,-0.105882,0,67,115020
2026-05-22T02:38:20.299+00:00,1779417500299156000,1127,R,7668,7906,9176,10392,7668,7906,9176,10392,19129,23372,18382,22086,-128,-219,-27,-0.501961,-0.858824,-0.105882,0,67,215020
2026-05-22T02:38:20.299+00:00,1779417500299169000,1128,R,7669,7912,9177,10393,7669,7912,9177,10393,19131,23372,18382,22085,-129,-219,-27,-0.505882,-0.858824,-0.105882,0,67,315020
2026-05-22T02:38:20.448+00:00,1779417500448977000,1129,R,7668,7911,9173,10385,7668,7911,9173,10385,19127,23374,18383,22083,-130,-219,-26,-0.509804,-0.858824,-0.101961,0,67,415020
2026-05-22T02:38:20.449+00:00,1779417500449028000,1130,R,7670,7912,9178,10394,7670,7912,9178,10394,19131,23378,18389,22089,-133,-217,-26,-0.521569,-0.85098,-0.101961,0,67,515020
2026-05-22T02:38:20.449+00:00,1779417500449045000,1131,R,7671,7916,9178,10393,7671,7916,9178,10393,19135,23378,18388,22089,-135,-218,-26,-0.529412,-0.854902,-0.101961,0,67,615020
2026-05-22T02:38:20.449+00:00,1779417500449058000,1132,R,7676,7919,9184,10403,7676,7919,9184,10403,19142,23386,18393,22102,-131,-215,-26,-0.513725,-0.843137,-0.101961,0,67,c15070
2026-05-22T02:38:20.449+00:00,1779417500449071000,1133,R,7675,7916,9185,10401,7675,7916,9185,10401,19140,23384,18391,22105,-131,-216,-26,-0.513725,-0.847059,-0.101961,0,67,d15070
2026-05-22T02:38:20.599+00:00,1779417500600015000,1134,R,7679,7919,9187,10406,7679,7919,9187,10406,19143,23386,18394,22106,-131,-217,-26,-0.513725,-0.85098,-0.101961,0,67,e15070
2026-05-22T02:38:20.600+00:00,1779417500600141000,1135,R,7678,7919,9186,10405,7678,7919,9186,10405,19145,23387,18390,22103,-131,-216,-27,-0.513725,-0.847059,-0.105882,0,67,f15070
2026-05-22T02:38:20.600+00:00,1779417500600216000,1136,R,7681,7918,9186,10407,7681,7918,9186,10407,19147,23390,18392,22108,-130,-218,-27,-0.509804,-0.854902,-0.105882,0,67,015070
2026-05-22T02:38:20.600+00:00,1779417500600281000,1137,R,7668,7908,9175,10383,7668,7908,9175,10383,19129,23376,18377,22082,-132,-218,-27,-0.517647,-0.854902,-0.105882,0,67,715130
2026-05-22T02:38:20.600+00:00,1779417500600344000,1138,R,7669,7906,9175,10380,7669,7906,9175,10380,19133,23377,18379,22077,-131,-218,-27,-0.513725,-0.854902,-0.105882,0,67,815130
2026-05-22T02:38:20.897+00:00,1779417500897913000,1139,R,7669,7906,9174,10381,7669,7906,9174,10381,19132,23373,18380,22080,-131,-218,-27,-0.513725,-0.854902,-0.105882,0,67,915130
2026-05-22T02:38:20.898+00:00,1779417500898059000,1140,R,7666,7905,9174,10379,7666,7905,9174,10379,19130,23372,18380,22079,-131,-217,-27,-0.513725,-0.85098,-0.105882,0,67,a15130
2026-05-22T02:38:20.898+00:00,1779417500898135000,1141,R,7667,7905,9171,10376,7667,7905,9171,10376,19128,23367,18379,22075,-132,-217,-26,-0.517647,-0.85098,-0.101961,0,67,b15130
2026-05-22T02:38:20.898+00:00,1779417500898201000,1142,R,7659,7899,9167,10366,7659,7899,9167,10366,19120,23355,18367,22060,-133,-217,-25,-0.521569,-0.85098,-0.098039,0,67,315200
2026-05-22T02:38:20.898+00:00,1779417500898265000,1143,R,7659,7900,9166,10366,7659,7900,9166,10366,19119,23356,18366,22062,-131,-218,-24,-0.513725,-0.854902,-0.094118,0,67,415200
2026-05-22T02:38:20.898+00:00,1779417500898327000,1144,R,7661,7901,9168,10370,7661,7901,9168,10370,19117,23359,18375,22062,-131,-217,-25,-0.513725,-0.85098,-0.098039,0,67,515200
2026-05-22T02:38:20.904+00:00,1779417500904526000,1145,R,7659,7899,9165,10368,7659,7899,9165,10368,19117,23361,18366,22063,-131,-217,-26,-0.513725,-0.85098,-0.101961,0,67,615200
2026-05-22T02:38:20.904+00:00,1779417500904604000,1146,R,7660,7900,9166,10367,7660,7900,9166,10367,19122,23357,18369,22063,-131,-218,-26,-0.513725,-0.854902,-0.101961,0,67,715200
2026-05-22T02:38:20.904+00:00,1779417500904668000,1147,R,7660,7899,9164,10371,7660,7899,9164,10371,19118,23360,18371,22065,-132,-217,-26,-0.517647,-0.85098,-0.101961,0,67,215300
2026-05-22T02:38:20.904+00:00,1779417500904729000,1148,R,7663,7901,9167,10369,7663,7901,9167,10369,19118,23359,18369,22064,-132,-217,-27,-0.517647,-0.85098,-0.105882,0,67,315300
2026-05-22T02:38:20.904+00:00,1779417500904789000,1149,R,7661,7902,9170,10370,7661,7902,9170,10370,19119,23360,18368,22064,-131,-217,-27,-0.513725,-0.85098,-0.105882,0,67,415300
2026-05-22T02:38:21.051+00:00,1779417501051741000,1150,R,7661,7904,9166,10370,7661,7904,9166,10370,19117,23358,18373,22066,-132,-217,-26,-0.517647,-0.85098,-0.101961,0,67,515300
2026-05-22T02:38:21.051+00:00,1779417501051791000,1151,R,7664,7903,9168,10373,7664,7903,9168,10373,19119,23356,18373,22066,-131,-218,-27,-0.513725,-0.854902,-0.105882,0,67,615300
2026-05-22T02:38:21.051+00:00,1779417501051807000,1152,R,7669,7907,9171,10379,7669,7907,9171,10379,19125,23369,18377,22078,-130,-217,-26,-0.509804,-0.85098,-0.101961,0,67,e15370
2026-05-22T02:38:21.051+00:00,1779417501051821000,1153,R,7670,7907,9174,10382,7670,7907,9174,10382,19128,23366,18381,22079,-131,-218,-27,-0.513725,-0.854902,-0.105882,0,67,f15370
2026-05-22T02:38:21.051+00:00,1779417501051834000,1154,R,7669,7906,9176,10382,7669,7906,9176,10382,19131,23370,18375,22081,-130,-218,-26,-0.509804,-0.854902,-0.101961,0,67,015370
2026-05-22T02:38:21.202+00:00,1779417501202413000,1155,R,7669,7908,9176,10382,7669,7908,9176,10382,19127,23369,18378,22078,-130,-217,-26,-0.509804,-0.85098,-0.101961,0,67,115370
2026-05-22T02:38:21.202+00:00,1779417501202454000,1156,R,7669,7906,9176,10385,7669,7906,9176,10385,19134,23368,18379,22080,-129,-217,-26,-0.505882,-0.85098,-0.101961,0,66,215370
2026-05-22T02:38:21.202+00:00,1779417501202471000,1157,R,7670,7909,9177,10383,7670,7909,9177,10383,19131,23372,18377,22081,-131,-218,-26,-0.513725,-0.854902,-0.101961,0,66,315370
2026-05-22T02:38:21.202+00:00,1779417501202484000,1158,R,7674,7914,9182,10392,7674,7914,9182,10392,19133,23375,18386,22090,-131,-218,-26,-0.513725,-0.854902,-0.101961,0,66,a15430
2026-05-22T02:38:21.202+00:00,1779417501202498000,1159,R,7676,7915,9182,10392,7676,7915,9182,10392,19134,23379,18387,22094,-131,-218,-26,-0.513725,-0.854902,-0.101961,0,66,b15430
2026-05-22T02:38:21.352+00:00,1779417501352285000,1160,R,7677,7915,9181,10395,7677,7915,9181,10395,19135,23376,18381,22086,-130,-217,-26,-0.509804,-0.85098,-0.101961,0,66,c15430
2026-05-22T02:38:21.352+00:00,1779417501352410000,1161,R,7677,7916,9182,10396,7677,7916,9182,10396,19139,23377,18387,22091,-130,-218,-26,-0.509804,-0.854902,-0.101961,0,66,d15430
2026-05-22T02:38:21.352+00:00,1779417501352486000,1162,R,7677,7916,9184,10395,7677,7916,9184,10395,19143,23381,18388,22098,-131,-219,-27,-0.513725,-0.858824,-0.105882,0,66,e15430
2026-05-22T02:38:21.352+00:00,1779417501352552000,1163,R,7684,7920,9189,10406,7684,7920,9189,10406,19148,23388,18394,22106,-131,-218,-26,-0.513725,-0.854902,-0.101961,0,66,615500
2026-05-22T02:38:21.352+00:00,1779417501352615000,1164,R,7682,7922,9189,10407,7682,7922,9189,10407,19151,23390,18396,22106,-131,-217,-26,-0.513725,-0.85098,-0.101961,0,66,715500
2026-05-22T02:38:21.352+00:00,1779417501352678000,1165,R,7693,7924,9188,10407,7693,7924,9188,10407,19147,23388,18394,22108,-131,-218,-26,-0.513725,-0.854902,-0.101961,0,66,815500
2026-05-22T02:38:21.502+00:00,1779417501502900000,1166,R,7684,7924,9191,10408,7684,7924,9191,10408,19149,23390,18398,22108,-132,-219,-27,-0.517647,-0.858824,-0.105882,0,66,915500
2026-05-22T02:38:21.503+00:00,1779417501503037000,1167,R,7689,7926,9191,10409,7689,7926,9191,10409,19150,23391,18397,22113,-132,-219,-27,-0.517647,-0.858824,-0.105882,0,66,a15500
2026-05-22T02:38:21.503+00:00,1779417501503111000,1168,R,7682,7913,9181,10388,7682,7913,9181,10388,19144,23382,18385,22092,-130,-218,-26,-0.509804,-0.854902,-0.101961,0,66,215570
2026-05-22T02:38:21.503+00:00,1779417501503180000,1169,R,7680,7912,9182,10390,7680,7912,9182,10390,19142,23377,18379,22086,-130,-217,-26,-0.509804,-0.85098,-0.101961,0,66,315570
2026-05-22T02:38:21.503+00:00,1779417501503244000,1170,R,7678,7910,9185,10388,7678,7910,9185,10388,19140,23377,18383,22084,-132,-216,-26,-0.517647,-0.847059,-0.101961,0,66,415570
2026-05-22T02:38:21.651+00:00,1779417501651969000,1171,R,7677,7912,9181,10387,7677,7912,9181,10387,19140,23378,18378,22084,-131,-217,-26,-0.513725,-0.85098,-0.101961,0,66,515570
2026-05-22T02:38:21.652+00:00,1779417501652724000,1172,R,7676,7910,9181,10386,7676,7910,9181,10386,19139,23377,18382,22083,-132,-216,-27,-0.517647,-0.847059,-0.105882,0,66,615570
2026-05-22T02:38:21.652+00:00,1779417501652822000,1173,R,7669,7905,9175,10376,7669,7905,9175,10376,19131,23367,18373,22072,-130,-220,-26,-0.509804,-0.862745,-0.101961,0,66,e15640
2026-05-22T02:38:21.652+00:00,1779417501652892000,1174,R,7672,7906,9174,10380,7672,7906,9174,10380,19132,23364,18374,22073,-132,-220,-25,-0.517647,-0.862745,-0.098039,0,66,f15640
2026-05-22T02:38:21.652+00:00,1779417501652963000,1175,R,7671,7907,9177,10379,7671,7907,9177,10379,19131,23368,18377,22075,-130,-217,-28,-0.509804,-0.85098,-0.109804,0,66,015640
2026-05-22T02:38:21.802+00:00,1779417501802425000,1176,R,7672,7906,9174,10377,7672,7906,9174,10377,19132,23370,18373,22073,-130,-217,-28,-0.509804,-0.85098,-0.109804,0,66,115640
2026-05-22T02:38:21.802+00:00,1779417501802560000,1177,R,7670,7907,9176,10380,7670,7907,9176,10380,19128,23364,18371,22074,-131,-218,-26,-0.513725,-0.854902,-0.101961,0,66,215640
2026-05-22T02:38:21.802+00:00,1779417501802634000,1178,R,7669,7905,9174,10378,7669,7905,9174,10378,19127,23364,18374,22068,-131,-217,-26,-0.513725,-0.85098,-0.101961,0,66,a15710
2026-05-22T02:38:21.802+00:00,1779417501802700000,1179,R,7669,7906,9175,10377,7669,7906,9175,10377,19128,23362,18375,22073,-132,-218,-26,-0.517647,-0.854902,-0.101961,0,66,b15710
2026-05-22T02:38:21.802+00:00,1779417501802764000,1180,R,7671,7906,9176,10380,7671,7906,9176,10380,19127,23364,18372,22072,-130,-216,-27,-0.509804,-0.847059,-0.105882,0,66,c15710
2026-05-22T02:38:21.952+00:00,1779417501952317000,1181,R,7673,7908,9178,10377,7673,7908,9178,10377,19126,23364,18375,22075,-131,-217,-27,-0.513725,-0.85098,-0.105882,0,66,d15710
2026-05-22T02:38:21.952+00:00,1779417501952451000,1182,R,7669,7905,9172,10379,7669,7905,9172,10379,19124,23364,18372,22078,-131,-217,-27,-0.513725,-0.85098,-0.105882,0,66,e15710
2026-05-22T02:38:21.952+00:00,1779417501952527000,1183,R,7669,7906,9175,10383,7669,7906,9175,10383,19129,23369,18372,22075,-132,-217,-28,-0.517647,-0.85098,-0.109804,0,66,f15710
2026-05-22T02:38:21.952+00:00,1779417501952596000,1184,R,7667,7909,9177,10383,7667,7909,9177,10383,19125,23369,18380,22081,-132,-217,-28,-0.517647,-0.85098,-0.109804,0,66,515760
2026-05-22T02:38:21.952+00:00,1779417501952661000,1185,R,7668,7911,9177,10386,7668,7911,9177,10386,19127,23366,18376,22080,-133,-216,-27,-0.521569,-0.847059,-0.105882,0,66,615760
2026-05-22T02:38:22.102+00:00,1779417502102334000,1186,R,7671,7910,9177,10387,7671,7910,9177,10387,19123,23367,18377,22080,-133,-216,-27,-0.521569,-0.847059,-0.105882,0,66,715760
2026-05-22T02:38:22.102+00:00,1779417502102502000,1187,R,7667,7908,9177,10386,7667,7908,9177,10386,19123,23369,18379,22085,-132,-216,-26,-0.517647,-0.847059,-0.101961,0,66,815760
2026-05-22T02:38:22.102+00:00,1779417502102575000,1188,R,7671,7911,9179,10389,7671,7911,9179,10389,19127,23368,18381,22084,-133,-217,-26,-0.521569,-0.85098,-0.101961,0,65,915760
2026-05-22T02:38:22.102+00:00,1779417502102623000,1189,R,7670,7920,9181,10396,7670,7920,9181,10396,19122,23377,18390,22092,-131,-218,-28,-0.513725,-0.854902,-0.109804,0,65,215840
2026-05-22T02:38:22.102+00:00,1779417502102669000,1190,R,7667,7919,9183,10389,7667,7919,9183,10389,19121,23378,18393,22094,-132,-218,-28,-0.517647,-0.854902,-0.109804,0,65,315840
2026-05-22T02:38:22.102+00:00,1779417502102714000,1191,R,7668,7921,9185,10400,7668,7921,9185,10400,19117,23377,18394,22092,-134,-216,-28,-0.52549,-0.847059,-0.109804,0,65,415840
2026-05-22T02:38:22.253+00:00,1779417502253551000,1192,R,7666,7924,9185,10399,7666,7924,9185,10399,19115,23382,18397,22098,-133,-217,-28,-0.521569,-0.85098,-0.109804,0,65,515840
2026-05-22T02:38:22.253+00:00,1779417502253695000,1193,R,7665,7921,9186,10403,7665,7921,9186,10403,19114,23383,18395,22096,-135,-218,-28,-0.529412,-0.854902,-0.109804,0,65,615840
2026-05-22T02:38:22.253+00:00,1779417502253773000,1194,R,7664,7933,9187,10411,7664,7933,9187,10411,19106,23390,18412,22101,-133,-216,-28,-0.521569,-0.847059,-0.109804,0,65,e15910
2026-05-22T02:38:22.253+00:00,1779417502253840000,1195,R,7662,7933,9187,10408,7662,7933,9187,10408,19107,23391,18417,22100,-132,-215,-29,-0.517647,-0.843137,-0.113725,0,65,f15910
2026-05-22T02:38:22.253+00:00,1779417502253905000,1196,R,7663,7937,9187,10408,7663,7937,9187,10408,19109,23388,18414,22098,-133,-217,-28,-0.521569,-0.85098,-0.109804,0,65,015910
2026-05-22T02:38:22.402+00:00,1779417502402413000,1197,R,7662,7937,9186,10404,7662,7937,9186,10404,19110,23388,18415,22095,-135,-218,-28,-0.529412,-0.854902,-0.109804,0,65,115910
2026-05-22T02:38:22.402+00:00,1779417502402557000,1198,R,7664,7936,9184,10402,7664,7936,9184,10402,19110,23386,18414,22094,-133,-218,-28,-0.521569,-0.854902,-0.109804,0,65,215910
2026-05-22T02:38:22.402+00:00,1779417502402635000,1199,R,7667,7928,9179,10389,7667,7928,9179,10389,19126,23373,18404,22079,-135,-215,-29,-0.529412,-0.843137,-0.113725,0,65,915970
2026-05-22T02:38:22.402+00:00,1779417502402704000,1200,R,7667,7929,9175,10387,7667,7929,9175,10387,19129,23368,18405,22072,-137,-213,-35,-0.537255,-0.835294,-0.137255,0,65,a15970
2026-05-22T02:38:22.402+00:00,1779417502402986000,1201,R,7669,7940,9183,10400,7669,7940,9183,10400,19134,23369,18405,22074,-137,-214,-31,-0.537255,-0.839216,-0.121569,0,65,b15970
2026-05-22T02:38:22.552+00:00,1779417502552021000,1202,R,7678,7929,9182,10388,7678,7929,9182,10388,19139,23368,18400,22073,-133,-215,-29,-0.521569,-0.843137,-0.113725,0,65,c15970
2026-05-22T02:38:22.552+00:00,1779417502552062000,1203,R,7679,7929,9182,10387,7679,7929,9182,10387,19153,23373,18402,22074,-134,-214,-27,-0.52549,-0.839216,-0.105882,0,65,d15970
2026-05-22T02:38:22.552+00:00,1779417502552079000,1204,R,7720,7939,9199,10407,7720,7939,9199,10407,19221,23376,18413,22092,-131,-215,-31,-0.513725,-0.843137,-0.121569,0,65,416030
2026-05-22T02:38:22.552+00:00,1779417502552094000,1205,R,7720,7937,9200,10406,7720,7937,9200,10406,19225,23370,18412,22096,-130,-217,-31,-0.509804,-0.85098,-0.121569,0,65,516030
2026-05-22T02:38:22.552+00:00,1779417502552107000,1206,R,7721,7935,9199,10407,7721,7935,9199,10407,19227,23367,18411,22095,-133,-218,-29,-0.521569,-0.854902,-0.113725,0,65,616030
2026-05-22T02:38:22.703+00:00,1779417502703942000,1207,R,7711,7935,9199,10402,7711,7935,9199,10402,19223,23364,18402,22093,-132,-221,-25,-0.517647,-0.866667,-0.098039,0,65,716030
2026-05-22T02:38:22.704+00:00,1779417502704114000,1208,R,7712,7930,9191,10405,7712,7930,9191,10405,19212,23363,18405,22098,-133,-221,-25,-0.521569,-0.866667,-0.098039,0,65,816030
2026-05-22T02:38:22.704+00:00,1779417502704187000,1209,R,7698,7927,9183,10401,7698,7927,9183,10401,19189,23355,18407,22100,-131,-223,-26,-0.513725,-0.87451,-0.101961,0,65,916030
2026-05-22T02:38:22.704+00:00,1779417502704257000,1210,R,7665,7909,9185,10388,7665,7909,9185,10388,19113,23369,18377,22083,-141,-213,-27,-0.552941,-0.835294,-0.105882,0,65,f16080
2026-05-22T02:38:22.704+00:00,1779417502704335000,1211,R,7667,7912,9184,10392,7667,7912,9184,10392,19117,23367,18380,22083,-137,-216,-25,-0.537255,-0.847059,-0.098039,0,65,016080
2026-05-22T02:38:22.852+00:00,1779417502852892000,1212,R,7670,7917,9185,10394,7670,7917,9185,10394,19119,23370,18383,22086,-136,-216,-27,-0.533333,-0.847059,-0.105882,0,65,116080
2026-05-22T02:38:22.853+00:00,1779417502853030000,1213,R,7671,7914,9188,10395,7671,7914,9188,10395,19120,23368,18382,22085,-131,-219,-28,-0.513725,-0.858824,-0.109804,0,65,216080
2026-05-22T02:38:22.853+00:00,1779417502853108000,1214,R,7683,7924,9186,10402,7683,7924,9186,10402,19128,23366,18387,22097,-132,-218,-28,-0.517647,-0.854902,-0.109804,0,65,316080
2026-05-22T02:38:22.853+00:00,1779417502853176000,1215,R,7690,7916,9193,10412,7690,7916,9193,10412,19155,23372,18382,22114,-131,-218,-29,-0.513725,-0.854902,-0.113725,0,65,c16160
2026-05-22T02:38:22.853+00:00,1779417502853240000,1216,R,7693,7915,9197,10415,7693,7915,9197,10415,19158,23375,18377,22114,-133,-218,-27,-0.521569,-0.854902,-0.105882,0,65,d16160
2026-05-22T02:38:22.853+00:00,1779417502853304000,1217,R,7692,7915,9197,10418,7692,7915,9197,10418,19156,23379,18377,22118,-130,-219,-27,-0.509804,-0.858824,-0.105882,0,65,e16160
2026-05-22T02:38:23.002+00:00,1779417503002341000,1218,R,7695,7926,9205,10433,7695,7926,9205,10433,19158,23386,18374,22121,-130,-217,-28,-0.509804,-0.85098,-0.109804,0,65,f16160
2026-05-22T02:38:23.002+00:00,1779417503002458000,1219,R,7693,7913,9201,10416,7693,7913,9201,10416,19160,23387,18376,22117,-131,-216,-26,-0.513725,-0.847059,-0.101961,0,65,016160
2026-05-22T02:38:23.002+00:00,1779417503002526000,1220,R,7702,7916,9212,10421,7702,7916,9212,10421,19172,23394,18374,22123,-131,-218,-26,-0.513725,-0.854902,-0.101961,0,64,a16250
2026-05-22T02:38:23.002+00:00,1779417503002575000,1221,R,7699,7916,9209,10423,7699,7916,9209,10423,19172,23398,18372,22117,-131,-218,-25,-0.513725,-0.854902,-0.098039,0,64,b16250
2026-05-22T02:38:23.002+00:00,1779417503002621000,1222,R,7701,7918,9212,10422,7701,7918,9212,10422,19170,23399,18376,22123,-132,-219,-25,-0.517647,-0.858824,-0.098039,0,64,c16250
2026-05-22T02:38:23.152+00:00,1779417503152300000,1223,R,7702,7916,9211,10423,7702,7916,9211,10423,19168,23401,18377,22122,-132,-218,-25,-0.517647,-0.854902,-0.098039,0,64,d16250
2026-05-22T02:38:23.152+00:00,1779417503152428000,1224,R,7702,7919,9210,10423,7702,7919,9210,10423,19169,23400,18377,22121,-132,-218,-24,-0.517647,-0.854902,-0.094118,0,64,e16250
2026-05-22T02:38:23.152+00:00,1779417503152515000,1225,R,7699,7932,9212,10427,7699,7932,9212,10427,19171,23408,18397,22124,-132,-217,-25,-0.517647,-0.85098,-0.098039,0,64,616320
2026-05-22T02:38:23.152+00:00,1779417503152582000,1226,R,7690,7933,9199,10426,7690,7933,9199,10426,19171,23402,18399,22121,-134,-220,-24,-0.52549,-0.862745,-0.094118,0,64,716320
2026-05-22T02:38:23.152+00:00,1779417503152645000,1227,R,7700,7933,9208,10423,7700,7933,9208,10423,19175,23400,18402,22117,-131,-220,-24,-0.513725,-0.862745,-0.094118,0,64,816320
2026-05-22T02:38:23.302+00:00,1779417503302839000,1228,R,7697,7931,9204,10420,7697,7931,9204,10420,19171,23396,18400,22114,-130,-219,-26,-0.509804,-0.858824,-0.101961,0,64,916320
2026-05-22T02:38:23.302+00:00,1779417503302962000,1229,R,7699,7930,9205,10416,7699,7930,9205,10416,19170,23396,18399,22111,-130,-217,-27,-0.509804,-0.85098,-0.105882,0,64,a16320
2026-05-22T02:38:23.303+00:00,1779417503303035000,1230,R,7685,7923,9193,10406,7685,7923,9193,10406,19151,23383,18393,22103,-133,-217,-26,-0.521569,-0.85098,-0.101961,0,64,216390
2026-05-22T02:38:23.303+00:00,1779417503303109000,1231,R,7682,7922,9190,10404,7682,7922,9190,10404,19143,23374,18390,22101,-133,-216,-27,-0.521569,-0.847059,-0.105882,0,64,316390
2026-05-22T02:38:23.303+00:00,1779417503303175000,1232,R,7679,7919,9188,10403,7679,7919,9188,10403,19143,23380,18386,22095,-133,-216,-27,-0.521569,-0.847059,-0.105882,0,64,416390
2026-05-22T02:38:23.453+00:00,1779417503454039000,1233,R,7675,7917,9188,10402,7675,7917,9188,10402,19141,23377,18388,22097,-134,-217,-27,-0.52549,-0.85098,-0.105882,0,64,516390
2026-05-22T02:38:23.454+00:00,1779417503454193000,1234,R,7675,7917,9186,10400,7675,7917,9186,10400,19141,23377,18387,22093,-131,-217,-27,-0.513725,-0.85098,-0.105882,0,64,616390
2026-05-22T02:38:23.454+00:00,1779417503454272000,1235,R,7674,7917,9185,10401,7674,7917,9185,10401,19133,23375,18384,22090,-132,-218,-26,-0.517647,-0.854902,-0.101961,0,64,716390
2026-05-22T02:38:23.454+00:00,1779417503454340000,1236,R,7669,7913,9184,10395,7669,7913,9184,10395,19122,23369,18380,22093,-131,-218,-26,-0.513725,-0.854902,-0.101961,0,64,d16440
2026-05-22T02:38:23.454+00:00,1779417503454404000,1237,R,7667,7913,9181,10398,7667,7913,9181,10398,19125,23369,18378,22090,-133,-220,-27,-0.521569,-0.862745,-0.105882,0,64,e16440
2026-05-22T02:38:23.602+00:00,1779417503602899000,1238,R,7668,7914,9180,10396,7668,7914,9180,10396,19119,23370,18374,22087,-131,-218,-27,-0.513725,-0.854902,-0.105882,0,64,f16440
2026-05-22T02:38:23.603+00:00,1779417503603036000,1239,R,7668,7912,9181,10395,7668,7912,9181,10395,19119,23365,18377,22089,-130,-217,-27,-0.509804,-0.85098,-0.105882,0,64,016440
2026-05-22T02:38:23.603+00:00,1779417503603118000,1240,R,7668,7912,9182,10396,7668,7912,9182,10396,19119,23365,18381,22089,-132,-219,-27,-0.517647,-0.858824,-0.105882,0,64,116440
2026-05-22T02:38:23.603+00:00,1779417503603184000,1241,R,7672,7914,9187,10404,7672,7914,9187,10404,19125,23368,18382,22098,-131,-217,-27,-0.513725,-0.85098,-0.105882,0,64,916510
2026-05-22T02:38:23.603+00:00,1779417503603248000,1242,R,7672,7915,9188,10405,7672,7915,9188,10405,19123,23370,18380,22098,-131,-217,-27,-0.513725,-0.85098,-0.105882,0,64,a16510
2026-05-22T02:38:23.603+00:00,1779417503603310000,1243,R,7673,7914,9188,10404,7673,7914,9188,10404,19121,23367,18377,22097,-131,-217,-26,-0.513725,-0.85098,-0.101961,0,64,b16510
2026-05-22T02:38:23.752+00:00,1779417503752476000,1244,R,7678,7916,9186,10407,7678,7916,9186,10407,19127,23366,18382,22104,-133,-218,-26,-0.521569,-0.854902,-0.101961,0,64,c16510
2026-05-22T02:38:23.752+00:00,1779417503752623000,1245,R,7675,7917,9188,10408,7675,7917,9188,10408,19128,23371,18381,22103,-131,-218,-26,-0.513725,-0.854902,-0.101961,0,64,d16510
2026-05-22T02:38:23.752+00:00,1779417503752700000,1246,R,7683,7917,9194,10414,7683,7917,9194,10414,19139,23375,18383,22114,-130,-218,-27,-0.509804,-0.854902,-0.105882,0,64,516580
2026-05-22T02:38:23.752+00:00,1779417503752873000,1247,R,7683,7919,9194,10416,7683,7919,9194,10416,19141,23380,18385,22116,-132,-218,-27,-0.517647,-0.854902,-0.105882,0,64,616580
2026-05-22T02:38:23.752+00:00,1779417503752943000,1248,R,7683,7919,9195,10416,7683,7919,9195,10416,19136,23372,18385,22115,-130,-218,-27,-0.509804,-0.854902,-0.105882,0,64,716580
2026-05-22T02:38:23.902+00:00,1779417503902344000,1249,R,7682,7920,9194,10416,7682,7920,9194,10416,19140,23379,18385,22117,-131,-217,-27,-0.513725,-0.85098,-0.105882,0,64,816580
2026-05-22T02:38:23.902+00:00,1779417503902479000,1250,R,7686,7921,9197,10418,7686,7921,9197,10418,19143,23377,18385,22117,-131,-218,-26,-0.513725,-0.854902,-0.101961,0,64,916580
2026-05-22T02:38:23.902+00:00,1779417503902552000,1251,R,7689,7926,9200,10427,7689,7926,9200,10427,19148,23389,18389,22121,-132,-217,-26,-0.517647,-0.85098,-0.101961,0,64,016640
2026-05-22T02:38:23.902+00:00,1779417503902618000,1252,R,7690,7927,9201,10427,7690,7927,9201,10427,19148,23387,18390,22127,-131,-218,-26,-0.513725,-0.854902,-0.101961,0,64,116640
2026-05-22T02:38:23.902+00:00,1779417503902681000,1253,R,7691,7927,9202,10428,7691,7927,9202,10428,19149,23387,18391,22129,-131,-218,-26,-0.513725,-0.854902,-0.101961,0,64,216640
2026-05-22T02:38:24.052+00:00,1779417504052318000,1254,R,7692,7928,9203,10428,7692,7928,9203,10428,19153,23391,18393,22127,-132,-218,-26,-0.517647,-0.854902,-0.101961,0,64,316640
2026-05-22T02:38:24.052+00:00,1779417504052466000,1255,R,7691,7926,9204,10426,7691,7926,9204,10426,19154,23389,18395,22127,-132,-218,-26,-0.517647,-0.854902,-0.101961,0,64,416640
2026-05-22T02:38:24.052+00:00,1779417504052548000,1256,R,7695,7931,9203,10430,7695,7931,9203,10430,19149,23390,18395,22131,-132,-218,-27,-0.517647,-0.854902,-0.105882,0,64,516640
2026-05-22T02:38:24.052+00:00,1779417504052615000,1257,R,7699,7932,9207,10435,7699,7932,9207,10435,19159,23396,18395,22136,-131,-219,-27,-0.513725,-0.858824,-0.105882,0,64,d16710
2026-05-22T02:38:24.052+00:00,1779417504052678000,1258,R,7696,7932,9209,10436,7696,7932,9209,10436,19158,23397,18397,22137,-131,-220,-27,-0.513725,-0.862745,-0.105882,0,64,e16710
2026-05-22T02:38:24.202+00:00,1779417504202406000,1259,R,7696,7929,9205,10430,7696,7929,9205,10430,19158,23393,18397,22134,-131,-219,-27,-0.513725,-0.858824,-0.105882,0,64,f16710
2026-05-22T02:38:24.202+00:00,1779417504202546000,1260,R,7695,7925,9203,10425,7695,7925,9203,10425,19157,23395,18392,22132,-131,-218,-27,-0.513725,-0.854902,-0.105882,0,64,016710
2026-05-22T02:38:24.202+00:00,1779417504202620000,1261,R,7695,7925,9201,10424,7695,7925,9201,10424,19155,23389,18389,22126,-130,-217,-27,-0.509804,-0.85098,-0.105882,0,64,116710
2026-05-22T02:38:24.202+00:00,1779417504202687000,1262,R,7688,7918,9195,10414,7688,7918,9195,10414,19148,23380,18380,22115,-133,-217,-25,-0.521569,-0.85098,-0.098039,0,64,916780
2026-05-22T02:38:24.202+00:00,1779417504202751000,1263,R,7687,7916,9193,10413,7687,7916,9193,10413,19146,23380,18382,22114,-133,-218,-26,-0.521569,-0.854902,-0.101961,0,64,a16780
2026-05-22T02:38:24.352+00:00,1779417504352319000,1264,R,7687,7914,9194,10411,7687,7914,9194,10411,19143,23371,18379,22112,-132,-218,-27,-0.517647,-0.854902,-0.105882,0,64,b16780
2026-05-22T02:38:24.352+00:00,1779417504352449000,1265,R,7684,7916,9189,10411,7684,7916,9189,10411,19142,23376,18375,22109,-132,-218,-27,-0.517647,-0.854902,-0.105882,0,64,c16780
2026-05-22T02:38:24.352+00:00,1779417504352522000,1266,R,7683,7913,9192,10410,7683,7913,9192,10410,19145,23375,18375,22109,-130,-219,-27,-0.509804,-0.858824,-0.105882,0,64,d16780
2026-05-22T02:38:24.352+00:00,1779417504352586000,1267,R,7688,7911,9192,10409,7688,7911,9192,10409,19147,23375,18369,22109,-131,-218,-25,-0.513725,-0.854902,-0.098039,0,64,516850
2026-05-22T02:38:24.352+00:00,1779417504352650000,1268,R,7686,7910,9194,10411,7686,7910,9194,10411,19147,23375,18369,22107,-131,-217,-26,-0.513725,-0.85098,-0.101961,0,64,616850
2026-05-22T02:38:24.352+00:00,1779417504352713000,1269,R,7687,7911,9191,10409,7687,7911,9191,10409,19146,23376,18368,22110,-132,-218,-25,-0.517647,-0.854902,-0.098039,0,64,716850
2026-05-22T02:38:24.502+00:00,1779417504502335000,1270,R,7686,7912,9191,10409,7686,7912,9191,10409,19146,23374,18370,22109,-130,-217,-25,-0.509804,-0.85098,-0.098039,0,64,816850
2026-05-22T02:38:24.502+00:00,1779417504502437000,1271,R,7685,7910,9191,10407,7685,7910,9191,10407,19147,23374,18369,22104,-131,-216,-25,-0.513725,-0.847059,-0.098039,0,64,916850
2026-05-22T02:38:24.502+00:00,1779417504502504000,1272,R,7690,7913,9196,10415,7690,7913,9196,10415,19148,23377,18370,22113,-131,-219,-26,-0.513725,-0.858824,-0.101961,0,64,116920
2026-05-22T02:38:24.502+00:00,1779417504502551000,1273,R,7686,7903,9194,10403,7686,7903,9194,10403,19148,23382,18370,22113,-133,-217,-26,-0.521569,-0.85098,-0.101961,0,64,216920
2026-05-22T02:38:24.502+00:00,1779417504502597000,1274,R,7690,7915,9197,10414,7690,7915,9197,10414,19148,23383,18374,22117,-132,-218,-27,-0.517647,-0.854902,-0.105882,0,64,316920
2026-05-22T02:38:24.652+00:00,1779417504652321000,1275,R,7691,7915,9197,10414,7691,7915,9197,10414,19150,23381,18371,22115,-133,-218,-26,-0.521569,-0.854902,-0.101961,0,64,416920
2026-05-22T02:38:24.652+00:00,1779417504652610000,1276,R,7690,7916,9196,10415,7690,7916,9196,10415,19151,23382,18371,22116,-132,-218,-26,-0.517647,-0.854902,-0.101961,0,64,516920
2026-05-22T02:38:24.652+00:00,1779417504652688000,1277,R,7690,7919,9198,10420,7690,7919,9198,10420,19148,23385,18377,22114,-131,-217,-27,-0.513725,-0.85098,-0.105882,0,64,c16980
2026-05-22T02:38:24.652+00:00,1779417504652755000,1278,R,7689,7923,9199,10420,7689,7923,9199,10420,19150,23388,18379,22115,-131,-219,-26,-0.513725,-0.858824,-0.101961,0,64,d16980
2026-05-22T02:38:24.652+00:00,1779417504652819000,1279,R,7688,7925,9199,10426,7688,7925,9199,10426,19142,23385,18381,22114,-128,-218,-25,-0.501961,-0.854902,-0.098039,0,64,e16980
2026-05-22T02:38:24.802+00:00,1779417504802331000,1280,R,7686,7921,9200,10420,7686,7921,9200,10420,19142,23392,18387,22114,-129,-217,-26,-0.505882,-0.85098,-0.101961,0,64,f16980
2026-05-22T02:38:24.802+00:00,1779417504802390000,1281,R,7682,7923,9200,10418,7682,7923,9200,10418,19139,23395,18388,22114,-129,-216,-26,-0.505882,-0.847059,-0.101961,0,64,016980
2026-05-22T02:38:24.802+00:00,1779417504802407000,1282,R,7682,7926,9202,10418,7682,7926,9202,10418,19140,23396,18391,22114,-128,-216,-25,-0.501961,-0.847059,-0.098039,0,64,116980
2026-05-22T02:38:24.802+00:00,1779417504802421000,1283,R,7677,7937,9207,10429,7677,7937,9207,10429,19127,23410,18405,22117,-131,-218,-26,-0.513725,-0.854902,-0.101961,0,64,917050
2026-05-22T02:38:24.802+00:00,1779417504802434000,1284,R,7676,7925,9212,10431,7676,7925,9212,10431,19122,23409,18406,22115,-133,-216,-26,-0.521569,-0.847059,-0.101961,0,64,a17050
2026-05-22T02:38:24.952+00:00,1779417504952377000,1285,R,7677,7939,9208,10429,7677,7939,9208,10429,19123,23415,18408,22118,-134,-217,-25,-0.52549,-0.85098,-0.098039,0,64,b17050
2026-05-22T02:38:24.952+00:00,1779417504952592000,1286,R,7673,7938,9207,10428,7673,7938,9207,10428,19121,23414,18414,22118,-134,-216,-25,-0.52549,-0.847059,-0.098039,0,64,c17050
2026-05-22T02:38:24.952+00:00,1779417504952658000,1287,R,7675,7941,9208,10428,7675,7941,9208,10428,19123,23416,18415,22121,-133,-216,-26,-0.521569,-0.847059,-0.101961,0,64,d17050
2026-05-22T02:38:24.952+00:00,1779417504952698000,1288,R,7689,7941,9204,10411,7689,7941,9204,10411,19157,23403,18415,22092,-140,-215,-33,-0.54902,-0.843137,-0.129412,0,64,517120
2026-05-22T02:38:24.952+00:00,1779417504952733000,1289,R,7700,7932,9201,10400,7700,7932,9201,10400,19172,23406,18415,22086,-137,-209,-26,-0.537255,-0.819608,-0.101961,0,64,617120
2026-05-22T02:38:24.952+00:00,1779417504952768000,1290,R,7713,7942,9219,10412,7713,7942,9219,10412,19203,23416,18408,22085,-146,-201,-27,-0.572549,-0.788235,-0.105882,0,64,717120
2026-05-22T02:38:25.102+00:00,1779417505102166000,1291,R,7732,7949,9229,10414,7732,7949,9229,10414,19233,23424,18418,22091,-142,-220,-28,-0.556863,-0.862745,-0.109804,0,64,817120
2026-05-22T02:38:25.102+00:00,1779417505102224000,1292,R,7742,7949,9239,10419,7742,7949,9239,10419,19262,23432,18420,22094,-134,-212,-27,-0.52549,-0.831373,-0.105882,0,64,917120
2026-05-22T02:38:25.102+00:00,1779417505102241000,1293,R,7851,7944,9278,10464,7851,7944,9278,10464,19459,23456,18405,22180,-138,-216,-30,-0.541176,-0.847059,-0.117647,0,64,117190
2026-05-22T02:38:25.102+00:00,1779417505102255000,1294,R,7849,7948,9265,10471,7849,7948,9265,10471,19470,23451,18406,22191,-134,-215,-26,-0.52549,-0.843137,-0.101961,0,64,217190
2026-05-22T02:38:25.102+00:00,1779417505102268000,1295,R,7839,7946,9268,10460,7839,7946,9268,10460,19451,23438,18414,22180,-124,-220,-24,-0.486275,-0.862745,-0.094118,0,64,317190
2026-05-22T02:38:25.251+00:00,1779417505251838000,1296,R,7798,7952,9250,10446,7798,7952,9250,10446,19390,23419,18425,22154,-135,-215,-34,-0.529412,-0.843137,-0.133333,0,64,417190
2026-05-22T02:38:25.251+00:00,1779417505251871000,1297,R,7754,7951,9226,10434,7754,7951,9226,10434,19306,23398,18435,22136,-138,-225,-29,-0.541176,-0.882353,-0.113725,0,64,517190
2026-05-22T02:38:25.251+00:00,1779417505251887000,1298,R,7686,7925,9208,10415,7686,7925,9208,10415,19152,23402,18400,22105,-135,-217,-28,-0.529412,-0.85098,-0.109804,0,64,d17260
2026-05-22T02:38:25.251+00:00,1779417505251901000,1299,R,7693,7917,9217,10420,7693,7917,9217,10420,19157,23401,18398,22111,-135,-220,-28,-0.529412,-0.862745,-0.109804,0,64,e17260
2026-05-22T02:38:25.251+00:00,1779417505251914000,1300,R,7693,7928,9211,10420,7693,7928,9211,10420,19159,23402,18399,22113,-133,-221,-27,-0.521569,-0.866667,-0.105882,0,64,f17260
2026-05-22T02:38:25.401+00:00,1779417505401945000,1301,R,7696,7925,9213,10419,7696,7925,9213,10419,19166,23404,18399,22118,-128,-218,-30,-0.501961,-0.854902,-0.117647,0,64,017260
2026-05-22T02:38:25.401+00:00,1779417505401987000,1302,R,7698,7923,9213,10424,7698,7923,9213,10424,19167,23404,18396,22122,-126,-221,-30,-0.494118,-0.866667,-0.117647,0,64,117260
2026-05-22T02:38:25.402+00:00,1779417505402003000,1303,R,7711,7924,9223,10433,7711,7924,9223,10433,19195,23417,18390,22134,-117,-225,-29,-0.458824,-0.882353,-0.113725,0,64,917330
2026-05-22T02:38:25.402+00:00,1779417505402017000,1304,R,7717,7924,9217,10432,7717,7924,9217,10432,19197,23415,18394,22135,-118,-226,-30,-0.462745,-0.886275,-0.117647,0,64,a17330
2026-05-22T02:38:25.402+00:00,1779417505402029000,1305,R,7715,7923,9225,10435,7715,7923,9225,10435,19202,23416,18391,22136,-117,-226,-30,-0.458824,-0.886275,-0.117647,0,64,b17330
2026-05-22T02:38:25.700+00:00,1779417505700215000,1306,R,7718,7925,9226,10437,7718,7925,9226,10437,19200,23415,18387,22139,-115,-227,-31,-0.45098,-0.890196,-0.121569,0,64,c17330
2026-05-22T02:38:25.700+00:00,1779417505700353000,1307,R,7720,7923,9226,10437,7720,7923,9226,10437,19201,23417,18387,22135,-114,-229,-31,-0.447059,-0.898039,-0.121569,0,64,d17330
2026-05-22T02:38:25.700+00:00,1779417505700426000,1308,R,7719,7920,9229,10435,7719,7920,9229,10435,19204,23422,18386,22140,-113,-229,-31,-0.443137,-0.898039,-0.121569,0,64,e17330
2026-05-22T02:38:25.700+00:00,1779417505700492000,1309,R,7726,7919,9233,10439,7726,7919,9233,10439,19209,23424,18380,22145,-103,-231,-34,-0.403922,-0.905882,-0.133333,0,64,517390
2026-05-22T02:38:25.700+00:00,1779417505700565000,1310,R,7716,7922,9220,10441,7716,7922,9220,10441,19218,23431,18384,22141,-102,-230,-34,-0.4,-0.901961,-0.133333,0,64,617390
2026-05-22T02:38:25.849+00:00,1779417505849721000,1311,R,7726,7920,9235,10441,7726,7920,9235,10441,19213,23428,18375,22143,-101,-230,-33,-0.396078,-0.901961,-0.129412,0,64,717390
2026-05-22T02:38:25.849+00:00,1779417505849873000,1312,R,7726,7921,9235,10442,7726,7921,9235,10442,19214,23429,18378,22142,-100,-230,-34,-0.392157,-0.901961,-0.133333,0,64,817390
2026-05-22T02:38:25.849+00:00,1779417505849947000,1313,R,7726,7920,9234,10440,7726,7920,9234,10440,19214,23425,18376,22142,-99,-231,-34,-0.388235,-0.905882,-0.133333,0,64,917390
2026-05-22T02:38:25.850+00:00,1779417505850012000,1314,R,7729,7925,9241,10448,7729,7925,9241,10448,19215,23437,18382,22150,-92,-234,-34,-0.360784,-0.917647,-0.133333,0,64,017450
2026-05-22T02:38:25.850+00:00,1779417505850075000,1315,R,7727,7923,9239,10446,7727,7923,9239,10446,19214,23437,18381,22149,-92,-235,-34,-0.360784,-0.921569,-0.133333,0,64,117450
2026-05-22T02:38:25.850+00:00,1779417505850137000,1316,R,7723,7922,9235,10445,7723,7922,9235,10445,19212,23434,18381,22153,-91,-237,-35,-0.356863,-0.929412,-0.137255,0,64,217450
2026-05-22T02:38:25.999+00:00,1779417505999557000,1317,R,7722,7917,9233,10444,7722,7917,9233,10444,19206,23434,18373,22145,-92,-236,-34,-0.360784,-0.92549,-0.133333,0,64,317450
2026-05-22T02:38:25.999+00:00,1779417505999698000,1318,R,7718,7916,9231,10437,7718,7916,9231,10437,19202,23431,18377,22144,-90,-237,-34,-0.352941,-0.929412,-0.133333,0,64,417450
2026-05-22T02:38:25.999+00:00,1779417505999775000,1319,R,7711,7913,9224,10424,7711,7913,9224,10424,19193,23420,18368,22126,-81,-235,-37,-0.317647,-0.921569,-0.145098,0,64,c17520
2026-05-22T02:38:25.999+00:00,1779417505999844000,1320,R,7711,7907,9224,10421,7711,7907,9224,10421,19192,23419,18372,22124,-81,-237,-38,-0.317647,-0.929412,-0.14902,0,64,d17520
2026-05-22T02:38:25.999+00:00,1779417505999909000,1321,R,7712,7911,9223,10419,7712,7911,9223,10419,19191,23414,18370,22120,-79,-238,-37,-0.309804,-0.933333,-0.145098,0,64,e17520
2026-05-22T02:38:26.150+00:00,1779417506150228000,1322,R,7711,7909,9221,10418,7711,7909,9221,10418,19190,23416,18370,22119,-79,-240,-38,-0.309804,-0.941176,-0.14902,0,64,f17520
2026-05-22T02:38:26.150+00:00,1779417506150364000,1323,R,7711,7910,9218,10415,7711,7910,9218,10415,19191,23412,18372,22120,-78,-241,-38,-0.305882,-0.945098,-0.14902,0,64,017520
2026-05-22T02:38:26.150+00:00,1779417506150435000,1324,R,7714,7916,9216,10417,7714,7916,9216,10417,19194,23400,18383,22118,-74,-241,-39,-0.290196,-0.945098,-0.152941,0,64,817590
2026-05-22T02:38:26.150+00:00,1779417506150510000,1325,R,7713,7918,9213,10417,7713,7918,9213,10417,19191,23398,18385,22117,-76,-241,-39,-0.298039,-0.945098,-0.152941,0,64,917590
2026-05-22T02:38:26.150+00:00,1779417506150573000,1326,R,7712,7920,9212,10415,7712,7920,9212,10415,19200,23396,18390,22117,-75,-241,-39,-0.294118,-0.945098,-0.152941,0,64,a17590
2026-05-22T02:38:26.299+00:00,1779417506299510000,1327,R,7713,7918,9214,10419,7713,7918,9214,10419,19197,23395,18386,22119,-74,-241,-39,-0.290196,-0.945098,-0.152941,0,64,b17590
2026-05-22T02:38:26.299+00:00,1779417506299632000,1328,R,7713,7920,9214,10419,7713,7920,9214,10419,19196,23399,18386,22116,-75,-242,-39,-0.294118,-0.94902,-0.152941,0,64,c17590
2026-05-22T02:38:26.299+00:00,1779417506299705000,1329,R,7714,7923,9216,10420,7714,7923,9216,10420,19199,23396,18394,22119,-75,-242,-39,-0.294118,-0.94902,-0.152941,0,64,417660
2026-05-22T02:38:26.299+00:00,1779417506299780000,1330,R,7714,7922,9214,10417,7714,7922,9214,10417,19197,23398,18395,22119,-75,-242,-39,-0.294118,-0.94902,-0.152941,0,64,517660
2026-05-22T02:38:26.299+00:00,1779417506299852000,1331,R,7715,7924,9214,10419,7715,7924,9214,10419,19198,23401,18397,22124,-75,-242,-38,-0.294118,-0.94902,-0.14902,0,64,617660
2026-05-22T02:38:26.452+00:00,1779417506452682000,1332,R,7712,7926,9214,10420,7712,7926,9214,10420,19194,23402,18396,22118,-74,-242,-38,-0.290196,-0.94902,-0.14902,0,64,717660
2026-05-22T02:38:26.452+00:00,1779417506452827000,1333,R,7714,7927,9213,10421,7714,7927,9213,10421,19193,23401,18400,22123,-75,-241,-38,-0.294118,-0.945098,-0.14902,0,64,817660
2026-05-22T02:38:26.452+00:00,1779417506452902000,1334,R,7714,7927,9214,10422,7714,7927,9214,10422,19191,23402,18400,22122,-76,-241,-37,-0.298039,-0.945098,-0.145098,0,64,917660
2026-05-22T02:38:26.452+00:00,1779417506452969000,1335,R,7712,7932,9218,10429,7712,7932,9218,10429,19187,23407,18401,22131,-75,-240,-37,-0.294118,-0.941176,-0.145098,0,64,017720
2026-05-22T02:38:26.453+00:00,1779417506453036000,1336,R,7713,7933,9219,10428,7713,7933,9219,10428,19192,23411,18407,22133,-74,-241,-37,-0.290196,-0.945098,-0.145098,0,64,117720
2026-05-22T02:38:26.602+00:00,1779417506602547000,1337,R,7715,7933,9220,10431,7715,7933,9220,10431,19188,23408,18408,22133,-72,-242,-38,-0.282353,-0.94902,-0.14902,0,64,217720
2026-05-22T02:38:26.602+00:00,1779417506602688000,1338,R,7713,7933,9219,10431,7713,7933,9219,10431,19191,23409,18406,22135,-73,-243,-37,-0.286275,-0.952941,-0.145098,0,64,317720
2026-05-22T02:38:26.602+00:00,1779417506602763000,1339,R,7715,7934,9220,10435,7715,7934,9220,10435,19190,23412,18408,22136,-73,-244,-37,-0.286275,-0.956863,-0.145098,0,64,417720
2026-05-22T02:38:26.602+00:00,1779417506602828000,1340,R,7719,7940,9223,10435,7719,7940,9223,10435,19195,23418,18412,22142,-73,-240,-37,-0.286275,-0.941176,-0.145098,0,64,c17790
2026-05-22T02:38:26.602+00:00,1779417506602892000,1341,R,7723,7939,9226,10438,7723,7939,9226,10438,19198,23420,18415,22147,-75,-238,-35,-0.294118,-0.933333,-0.137255,0,64,d17790
2026-05-22T02:38:26.602+00:00,1779417506602955000,1342,R,7722,7940,9225,10442,7722,7940,9225,10442,19197,23416,18415,22148,-73,-238,-37,-0.286275,-0.933333,-0.145098,0,64,e17790
2026-05-22T02:38:26.752+00:00,1779417506752548000,1343,R,7722,7939,9225,10443,7722,7939,9225,10443,19198,23419,18415,22147,-72,-239,-37,-0.282353,-0.937255,-0.145098,0,64,f17790
2026-05-22T02:38:26.752+00:00,1779417506752680000,1344,R,7723,7940,9229,10442,7723,7940,9229,10442,19200,23421,18415,22149,-72,-239,-38,-0.282353,-0.937255,-0.14902,0,64,017790
2026-05-22T02:38:26.752+00:00,1779417506752753000,1345,R,7719,7934,9220,10434,7719,7934,9220,10434,19201,23413,18410,22139,-73,-242,-37,-0.286275,-0.94902,-0.145098,0,64,717850
2026-05-22T02:38:26.752+00:00,1779417506752818000,1346,R,7719,7932,9223,10433,7719,7932,9223,10433,19198,23415,18412,22143,-73,-242,-38,-0.286275,-0.94902,-0.14902,0,64,817850
2026-05-22T02:38:26.752+00:00,1779417506752881000,1347,R,7720,7933,9219,10427,7720,7933,9219,10427,19197,23410,18407,22135,-73,-241,-38,-0.286275,-0.945098,-0.14902,0,64,917850
2026-05-22T02:38:26.902+00:00,1779417506902308000,1348,R,7715,7929,9217,10427,7715,7929,9217,10427,19191,23409,18407,22131,-72,-241,-37,-0.282353,-0.945098,-0.145098,0,64,a17850
2026-05-22T02:38:26.902+00:00,1779417506902438000,1349,R,7717,7929,9217,10424,7717,7929,9217,10424,19194,23408,18409,22131,-72,-241,-37,-0.282353,-0.945098,-0.145098,0,64,b17850
2026-05-22T02:38:26.902+00:00,1779417506902510000,1350,R,7708,7925,9211,10413,7708,7925,9211,10413,19186,23397,18397,22116,-74,-243,-34,-0.290196,-0.952941,-0.133333,0,64,217910
2026-05-22T02:38:26.902+00:00,1779417506902778000,1351,R,7711,7923,9211,10413,7711,7923,9211,10413,19188,23401,18399,22119,-74,-242,-34,-0.290196,-0.94902,-0.133333,0,64,317910
2026-05-22T02:38:26.902+00:00,1779417506902851000,1352,R,7710,7921,9212,10411,7710,7921,9212,10411,19185,23395,18397,22118,-73,-244,-34,-0.286275,-0.956863,-0.133333,0,64,417910
2026-05-22T02:38:27.052+00:00,1779417507052466000,1353,R,7709,7921,9209,10410,7709,7921,9209,10410,19184,23393,18396,22117,-72,-242,-34,-0.282353,-0.94902,-0.133333,0,64,517910
2026-05-22T02:38:27.052+00:00,1779417507052613000,1354,R,7711,7922,9208,10409,7711,7922,9208,10409,19183,23397,18393,22113,-72,-242,-34,-0.282353,-0.94902,-0.133333,0,64,617910
2026-05-22T02:38:27.052+00:00,1779417507052689000,1355,R,7709,7921,9210,10412,7709,7921,9210,10412,19184,23396,18392,22113,-70,-240,-34,-0.27451,-0.941176,-0.133333,0,64,f17990
2026-05-22T02:38:27.052+00:00,1779417507052755000,1356,R,7709,7919,9208,10410,7709,7919,9208,10410,19186,23395,18396,22114,-71,-240,-34,-0.278431,-0.941176,-0.133333,0,64,017990
2026-05-22T02:38:27.052+00:00,1779417507052819000,1357,R,7709,7933,9207,10416,7709,7933,9207,10416,19184,23396,18395,22118,-72,-241,-34,-0.282353,-0.945098,-0.133333,0,64,117990
2026-05-22T02:38:27.203+00:00,1779417507203161000,1358,R,7708,7922,9210,10411,7708,7922,9210,10411,19180,23393,18397,22116,-75,-242,-33,-0.294118,-0.94902,-0.129412,0,64,217990
2026-05-22T02:38:27.203+00:00,1779417507203297000,1359,R,7708,7919,9210,10414,7708,7919,9210,10414,19181,23396,18398,22118,-76,-244,-32,-0.298039,-0.956863,-0.12549,0,64,317990
2026-05-22T02:38:27.203+00:00,1779417507203375000,1360,R,7708,7923,9209,10414,7708,7923,9209,10414,19183,23398,18399,22124,-76,-243,-34,-0.298039,-0.952941,-0.133333,0,64,417990
2026-05-22T02:38:27.203+00:00,1779417507203445000,1361,R,7711,7924,9211,10416,7711,7924,9211,10416,19188,23397,18404,22127,-76,-240,-32,-0.298039,-0.941176,-0.12549,0,64,a18040
2026-05-22T02:38:27.203+00:00,1779417507203509000,1362,R,7716,7927,9213,10419,7716,7927,9213,10419,19184,23395,18403,22130,-76,-240,-32,-0.298039,-0.941176,-0.12549,0,64,b18040
2026-05-22T02:38:27.352+00:00,1779417507352578000,1363,R,7715,7929,9214,10421,7715,7929,9214,10421,19188,23397,18404,22127,-76,-239,-32,-0.298039,-0.937255,-0.12549,0,64,c18040
2026-05-22T02:38:27.352+00:00,1779417507352732000,1364,R,7714,7936,9223,10445,7714,7936,9223,10445,19190,23399,18402,22128,-75,-239,-32,-0.294118,-0.937255,-0.12549,0,64,d18040
2026-05-22T02:38:27.352+00:00,1779417507352806000,1365,R,7714,7927,9212,10418,7714,7927,9212,10418,19195,23398,18402,22129,-75,-241,-33,-0.294118,-0.945098,-0.129412,0,64,e18040
2026-05-22T02:38:27.352+00:00,1779417507352873000,1366,R,7718,7925,9216,10425,7718,7925,9216,10425,19197,23401,18401,22134,-72,-242,-34,-0.282353,-0.94902,-0.133333,0,64,518100
2026-05-22T02:38:27.352+00:00,1779417507352937000,1367,R,7719,7927,9218,10427,7719,7927,9218,10427,19197,23406,18401,22134,-74,-243,-33,-0.290196,-0.952941,-0.129412,0,64,618100
2026-05-22T02:38:27.352+00:00,1779417507353000000,1368,R,7720,7927,9217,10428,7720,7927,9217,10428,19196,23400,18400,22139,-74,-242,-33,-0.290196,-0.94902,-0.129412,0,64,718100
2026-05-22T02:38:27.502+00:00,1779417507503032000,1369,R,7722,7926,9217,10432,7722,7926,9217,10432,19200,23404,18402,22140,-74,-242,-33,-0.290196,-0.94902,-0.129412,0,64,818100
2026-05-22T02:38:27.503+00:00,1779417507503110000,1370,R,7735,7922,9231,10431,7735,7922,9231,10431,19199,23406,18401,22138,-76,-242,-33,-0.298039,-0.94902,-0.129412,0,64,918100
2026-05-22T02:38:27.503+00:00,1779417507503137000,1371,R,7721,7926,9215,10425,7721,7926,9215,10425,19203,23404,18404,22141,-73,-242,-34,-0.286275,-0.94902,-0.133333,0,64,418200
2026-05-22T02:38:27.503+00:00,1779417507503166000,1372,R,7721,7933,9208,10426,7721,7933,9208,10426,19199,23402,18403,22136,-72,-242,-33,-0.282353,-0.94902,-0.129412,0,64,518200
2026-05-22T02:38:27.503+00:00,1779417507503191000,1373,R,7721,7925,9215,10423,7721,7925,9215,10423,19197,23402,18402,22136,-73,-240,-33,-0.286275,-0.941176,-0.129412,0,64,618200
2026-05-22T02:38:27.653+00:00,1779417507653720000,1374,R,7719,7923,9214,10420,7719,7923,9214,10420,19199,23400,18400,22135,-74,-240,-33,-0.290196,-0.941176,-0.129412,0,64,718200
2026-05-22T02:38:27.653+00:00,1779417507653836000,1375,R,7718,7924,9213,10421,7718,7924,9213,10421,19196,23400,18401,22137,-74,-242,-33,-0.290196,-0.94902,-0.129412,0,64,818200
2026-05-22T02:38:27.653+00:00,1779417507653910000,1376,R,7711,7922,9209,10411,7711,7922,9209,10411,19183,23391,18400,22123,-78,-241,-33,-0.305882,-0.945098,-0.129412,0,64,018270
2026-05-22T02:38:27.653+00:00,1779417507653975000,1377,R,7708,7923,9202,10418,7708,7923,9202,10418,19183,23400,18400,22128,-78,-241,-32,-0.305882,-0.945098,-0.12549,0,64,118270
2026-05-22T02:38:27.654+00:00,1779417507654040000,1378,R,7707,7923,9207,10412,7707,7923,9207,10412,19185,23391,18400,22125,-78,-243,-32,-0.305882,-0.952941,-0.12549,0,64,218270
2026-05-22T02:38:27.802+00:00,1779417507802787000,1379,R,7711,7923,9208,10414,7711,7923,9208,10414,19182,23393,18403,22126,-77,-242,-33,-0.301961,-0.94902,-0.129412,0,64,318270
2026-05-22T02:38:27.802+00:00,1779417507802943000,1380,R,7710,7923,9208,10414,7710,7923,9208,10414,19181,23391,18404,22126,-77,-239,-34,-0.301961,-0.937255,-0.133333,0,64,418270
2026-05-22T02:38:27.803+00:00,1779417507803022000,1381,R,7709,7922,9209,10413,7709,7922,9209,10413,19185,23392,18402,22125,-78,-241,-32,-0.305882,-0.945098,-0.12549,0,64,518270
2026-05-22T02:38:27.803+00:00,1779417507803089000,1382,R,7708,7925,9207,10411,7708,7925,9207,10411,19179,23392,18404,22128,-75,-241,-31,-0.294118,-0.945098,-0.121569,0,64,b18320
2026-05-22T02:38:27.803+00:00,1779417507803152000,1383,R,7709,7925,9208,10418,7709,7925,9208,10418,19181,23390,18403,22126,-75,-241,-31,-0.294118,-0.945098,-0.121569,0,64,c18320
2026-05-22T02:38:27.952+00:00,1779417507952446000,1384,R,7720,7917,9220,10422,7720,7917,9220,10422,19178,23391,18404,22129,-76,-241,-31,-0.298039,-0.945098,-0.121569,0,64,d18320
2026-05-22T02:38:27.952+00:00,1779417507952586000,1385,R,7709,7925,9210,10416,7709,7925,9210,10416,19180,23389,18404,22126,-74,-240,-31,-0.290196,-0.941176,-0.121569,0,64,e18320
2026-05-22T02:38:27.952+00:00,1779417507952659000,1386,R,7710,7925,9210,10416,7710,7925,9210,10416,19181,23389,18406,22127,-76,-240,-31,-0.298039,-0.941176,-0.121569,0,64,f18320
2026-05-22T02:38:27.952+00:00,1779417507952725000,1387,R,7713,7929,9212,10423,7713,7929,9212,10423,19183,23397,18409,22136,-74,-242,-34,-0.290196,-0.94902,-0.133333,0,64,818400
2026-05-22T02:38:27.952+00:00,1779417507952789000,1388,R,7713,7927,9202,10425,7713,7927,9202,10425,19179,23394,18405,22132,-75,-242,-33,-0.294118,-0.94902,-0.129412,0,64,918400
2026-05-22T02:38:28.102+00:00,1779417508102506000,1389,R,7711,7929,9212,10426,7711,7929,9212,10426,19184,23396,18410,22138,-75,-242,-33,-0.294118,-0.94902,-0.129412,0,64,a18400
2026-05-22T02:38:28.102+00:00,1779417508102640000,1390,R,7712,7931,9213,10427,7712,7931,9213,10427,19184,23399,18411,22140,-76,-242,-33,-0.298039,-0.94902,-0.129412,0,64,b18400
2026-05-22T02:38:28.102+00:00,1779417508102715000,1391,R,7714,7930,9212,10424,7714,7930,9212,10424,19184,23397,18413,22140,-77,-242,-32,-0.301961,-0.94902,-0.12549,0,64,c18400
2026-05-22T02:38:28.102+00:00,1779417508102783000,1392,R,7719,7936,9217,10435,7719,7936,9217,10435,19190,23408,18417,22150,-73,-240,-32,-0.286275,-0.941176,-0.12549,0,64,418470
2026-05-22T02:38:28.102+00:00,1779417508102846000,1393,R,7711,7934,9202,10435,7711,7934,9202,10435,19188,23405,18418,22145,-72,-241,-32,-0.282353,-0.945098,-0.12549,0,64,518470
2026-05-22T02:38:28.102+00:00,1779417508102910000,1394,R,7719,7936,9219,10437,7719,7936,9219,10437,19194,23407,18422,22151,-72,-240,-32,-0.282353,-0.941176,-0.12549,0,64,618470
2026-05-22T02:38:28.252+00:00,1779417508252398000,1395,R,7720,7938,9219,10438,7720,7938,9219,10438,19195,23407,18419,22150,-73,-241,-33,-0.286275,-0.945098,-0.129412,0,64,718470
2026-05-22T02:38:28.252+00:00,1779417508252566000,1396,R,7719,7937,9220,10438,7719,7937,9220,10438,19196,23410,18420,22154,-72,-241,-32,-0.282353,-0.945098,-0.12549,0,64,818470
2026-05-22T02:38:28.252+00:00,1779417508252820000,1397,R,7723,7942,9222,10445,7723,7942,9222,10445,19198,23412,18426,22163,-75,-244,-32,-0.294118,-0.956863,-0.12549,0,64,018540
2026-05-22T02:38:28.252+00:00,1779417508252896000,1398,R,7722,7941,9223,10443,7722,7941,9223,10443,19202,23414,18425,22166,-75,-243,-32,-0.294118,-0.952941,-0.12549,0,64,118540
2026-05-22T02:38:28.252+00:00,1779417508252961000,1399,R,7720,7938,9221,10440,7720,7938,9221,10440,19199,23411,18422,22155,-75,-243,-31,-0.294118,-0.952941,-0.121569,0,64,218540
2026-05-22T02:38:28.552+00:00,1779417508552938000,1400,R,7720,7937,9218,10436,7720,7937,9218,10436,19197,23407,18420,22151,-75,-242,-30,-0.294118,-0.94902,-0.117647,0,64,318540
2026-05-22T02:38:28.553+00:00,1779417508553065000,1401,R,7718,7934,9217,10431,7718,7934,9217,10431,19194,23406,18418,22149,-75,-242,-31,-0.294118,-0.94902,-0.121569,0,64,418540
2026-05-22T02:38:28.553+00:00,1779417508553138000,1402,R,7711,7925,9210,10418,7711,7925,9210,10418,19185,23396,18411,22133,-69,-241,-32,-0.270588,-0.945098,-0.12549,0,64,b18600
2026-05-22T02:38:28.553+00:00,1779417508553205000,1403,R,7711,7926,9209,10417,7711,7926,9209,10417,19184,23394,18402,22129,-70,-241,-32,-0.27451,-0.945098,-0.12549,0,64,c18600
2026-05-22T02:38:28.553+00:00,1779417508553269000,1404,R,7710,7923,9209,10418,7710,7923,9209,10418,19178,23389,18404,22128,-72,-241,-32,-0.282353,-0.945098,-0.12549,0,64,d18600
2026-05-22T02:38:28.702+00:00,1779417508702480000,1405,R,7708,7925,9207,10416,7708,7925,9207,10416,19181,23393,18404,22128,-75,-242,-32,-0.294118,-0.94902,-0.12549,0,64,e18600
2026-05-22T02:38:28.702+00:00,1779417508702619000,1406,R,7707,7925,9206,10415,7707,7925,9206,10415,19180,23394,18405,22127,-75,-243,-31,-0.294118,-0.952941,-0.121569,0,64,f18600
2026-05-22T02:38:28.702+00:00,1779417508702696000,1407,R,7705,7922,9205,10413,7705,7922,9205,10413,19173,23388,18403,22125,-75,-245,-31,-0.294118,-0.960784,-0.121569,0,64,018600
2026-05-22T02:38:28.702+00:00,1779417508702778000,1408,R,7702,7922,9204,10414,7702,7922,9204,10414,19167,23385,18401,22126,-74,-243,-33,-0.290196,-0.952941,-0.129412,0,64,718660
2026-05-22T02:38:28.702+00:00,1779417508702841000,1409,R,7699,7921,9203,10414,7699,7921,9203,10414,19164,23389,18400,22126,-73,-242,-32,-0.286275,-0.94902,-0.12549,0,64,818660
2026-05-22T02:38:28.852+00:00,1779417508852049000,1410,R,7703,7921,9201,10414,7703,7921,9201,10414,19166,23381,18395,22120,-72,-242,-31,-0.282353,-0.94902,-0.121569,0,64,918660
2026-05-22T02:38:28.852+00:00,1779417508852086000,1411,R,7700,7920,9203,10415,7700,7920,9203,10415,19166,23387,18395,22127,-72,-241,-32,-0.282353,-0.945098,-0.12549,0,64,a18660
2026-05-22T02:38:28.852+00:00,1779417508852101000,1412,R,7701,7921,9202,10413,7701,7921,9202,10413,19165,23392,18401,22125,-72,-241,-32,-0.282353,-0.945098,-0.12549,0,64,b18660
2026-05-22T02:38:28.852+00:00,1779417508852115000,1413,R,7701,7922,9207,10418,7701,7922,9207,10418,19166,23390,18405,22129,-73,-243,-32,-0.286275,-0.952941,-0.12549,0,64,318730
2026-05-22T02:38:28.852+00:00,1779417508852128000,1414,R,7702,7921,9206,10417,7702,7921,9206,10417,19169,23393,18404,22129,-74,-243,-32,-0.290196,-0.952941,-0.12549,0,64,418730
2026-05-22T02:38:28.852+00:00,1779417508852141000,1415,R,7704,7922,9206,10420,7704,7922,9206,10420,19172,23396,18401,22135,-75,-243,-32,-0.294118,-0.952941,-0.12549,0,64,518730
2026-05-22T02:38:29.002+00:00,1779417509002055000,1416,R,7703,7923,9208,10421,7703,7923,9208,10421,19169,23393,18404,22129,-74,-244,-32,-0.290196,-0.956863,-0.12549,0,64,618730
2026-05-22T02:38:29.002+00:00,1779417509002089000,1417,R,7704,7923,9208,10421,7704,7923,9208,10421,19168,23395,18405,22131,-75,-243,-31,-0.294118,-0.952941,-0.121569,0,64,718730
2026-05-22T02:38:29.002+00:00,1779417509002105000,1418,R,7709,7928,9213,10427,7709,7928,9213,10427,19175,23399,18407,22141,-72,-241,-32,-0.282353,-0.945098,-0.12549,0,64,f18800
2026-05-22T02:38:29.002+00:00,1779417509002119000,1419,R,7712,7925,9213,10427,7712,7925,9213,10427,19179,23397,18408,22144,-71,-242,-32,-0.278431,-0.94902,-0.12549,0,64,018800
2026-05-22T02:38:29.002+00:00,1779417509002132000,1420,R,7710,7929,9212,10429,7710,7929,9212,10429,19179,23399,18409,22143,-71,-242,-32,-0.278431,-0.94902,-0.12549,0,64,118800
2026-05-22T02:38:29.152+00:00,1779417509152546000,1421,R,7711,7928,9209,10430,7711,7928,9209,10430,19179,23402,18409,22141,-71,-241,-33,-0.278431,-0.945098,-0.129412,0,64,218800
2026-05-22T02:38:29.152+00:00,1779417509152672000,1422,R,7713,7929,9213,10431,7713,7929,9213,10431,19181,23405,18410,22147,-71,-242,-31,-0.278431,-0.94902,-0.121569,0,64,318800
2026-05-22T02:38:29.152+00:00,1779417509152749000,1423,R,7720,7936,9216,10438,7720,7936,9216,10438,19191,23404,18415,22153,-69,-244,-33,-0.270588,-0.956863,-0.129412,0,64,b18870
2026-05-22T02:38:29.152+00:00,1779417509152816000,1424,R,7718,7936,9217,10441,7718,7936,9217,10441,19191,23407,18417,22154,-70,-244,-31,-0.27451,-0.956863,-0.121569,0,64,c18870
2026-05-22T02:38:29.152+00:00,1779417509152879000,1425,R,7718,7936,9216,10441,7718,7936,9216,10441,19190,23405,18419,22157,-71,-243,-32,-0.278431,-0.952941,-0.12549,0,64,d18870
2026-05-22T02:38:29.301+00:00,1779417509301994000,1426,R,7721,7938,9218,10442,7721,7938,9218,10442,19191,23408,18416,22158,-72,-243,-31,-0.282353,-0.952941,-0.121569,0,64,e18870
2026-05-22T02:38:29.302+00:00,1779417509302032000,1427,R,7721,7938,9223,10444,7721,7938,9223,10444,19193,23406,18424,22159,-72,-243,-31,-0.282353,-0.952941,-0.121569,0,64,f18870
2026-05-22T02:38:29.302+00:00,1779417509302048000,1428,R,7727,7945,9225,10450,7727,7945,9225,10450,19202,23415,18428,22167,-73,-241,-33,-0.286275,-0.945098,-0.129412,0,64,718940
2026-05-22T02:38:29.302+00:00,1779417509302062000,1429,R,7725,7943,9224,10450,7725,7943,9224,10450,19198,23414,18424,22168,-72,-242,-33,-0.282353,-0.94902,-0.129412,0,64,818940
2026-05-22T02:38:29.302+00:00,1779417509302075000,1430,R,7725,7939,9223,10448,7725,7939,9223,10448,19197,23414,18425,22165,-73,-243,-32,-0.286275,-0.952941,-0.12549,0,64,918940
2026-05-22T02:38:29.452+00:00,1779417509452636000,1431,R,7723,7940,9222,10445,7723,7940,9222,10445,19197,23410,18423,22162,-71,-243,-32,-0.278431,-0.952941,-0.12549,0,64,a18940
2026-05-22T02:38:29.452+00:00,1779417509452677000,1432,R,7719,7937,9220,10440,7719,7937,9220,10440,19195,23411,18420,22160,-72,-243,-32,-0.282353,-0.952941,-0.12549,0,64,b18940
2026-05-22T02:38:29.452+00:00,1779417509452693000,1433,R,7722,7936,9218,10437,7722,7936,9218,10437,19192,23408,18418,22154,-72,-242,-33,-0.282353,-0.94902,-0.129412,0,64,c18940
2026-05-22T02:38:29.452+00:00,1779417509452706000,1434,R,7714,7930,9212,10427,7714,7930,9212,10427,19189,23401,18412,22141,-71,-243,-32,-0.278431,-0.952941,-0.12549,0,63,218990
2026-05-22T02:38:29.452+00:00,1779417509452720000,1435,R,7714,7929,9213,10426,7714,7929,9213,10426,19183,23401,18411,22139,-71,-242,-32,-0.278431,-0.94902,-0.12549,0,63,318990
2026-05-22T02:38:29.748+00:00,1779417509748127000,1436,R,7715,7929,9211,10425,7715,7929,9211,10425,19185,23397,18409,22139,-71,-243,-32,-0.278431,-0.952941,-0.12549,0,63,418990
2026-05-22T02:38:29.748+00:00,1779417509748268000,1437,R,7711,7927,9210,10423,7711,7927,9210,10423,19185,23398,18407,22137,-72,-243,-33,-0.282353,-0.952941,-0.129412,0,63,518990
2026-05-22T02:38:29.748+00:00,1779417509748345000,1438,R,7708,7925,9210,10421,7708,7925,9210,10421,19181,23394,18407,22137,-70,-243,-33,-0.27451,-0.952941,-0.129412,0,63,618990
2026-05-22T02:38:29.748+00:00,1779417509748410000,1439,R,7706,7922,9208,10416,7706,7922,9208,10416,19176,23386,18404,22125,-69,-240,-33,-0.270588,-0.941176,-0.129412,0,63,d19050
2026-05-22T02:38:29.748+00:00,1779417509748473000,1440,R,7709,7924,9208,10418,7709,7924,9208,10418,19175,23386,18402,22127,-69,-241,-33,-0.270588,-0.945098,-0.129412,0,63,e19050
2026-05-22T02:38:29.748+00:00,1779417509748535000,1441,R,7708,7926,9205,10416,7708,7926,9205,10416,19175,23389,18400,22128,-70,-242,-33,-0.27451,-0.94902,-0.129412,0,63,f19050
2026-05-22T02:38:29.754+00:00,1779417509754774000,1442,R,7709,7932,9205,10414,7709,7932,9205,10414,19176,23384,18404,22125,-69,-242,-33,-0.270588,-0.94902,-0.129412,0,63,019050
2026-05-22T02:38:29.754+00:00,1779417509754874000,1443,R,7708,7922,9207,10416,7708,7922,9207,10416,19173,23387,18402,22125,-69,-243,-33,-0.270588,-0.952941,-0.129412,0,63,119050
2026-05-22T02:38:29.754+00:00,1779417509754946000,1444,R,7708,7925,9206,10419,7708,7925,9206,10419,19177,23383,18404,22129,-70,-243,-32,-0.27451,-0.952941,-0.12549,0,63,819110
2026-05-22T02:38:29.755+00:00,1779417509755011000,1445,R,7708,7926,9206,10418,7708,7926,9206,10418,19176,23384,18405,22129,-70,-243,-32,-0.27451,-0.952941,-0.12549,0,63,919110
2026-05-22T02:38:29.755+00:00,1779417509755077000,1446,R,7708,7927,9206,10422,7708,7927,9206,10422,19174,23387,18405,22129,-69,-244,-33,-0.270588,-0.956863,-0.129412,0,63,a19110
2026-05-22T02:38:29.903+00:00,1779417509903850000,1447,R,7710,7927,9206,10421,7710,7927,9206,10421,19175,23385,18406,22131,-68,-244,-33,-0.266667,-0.956863,-0.129412,0,63,b19110
2026-05-22T02:38:29.903+00:00,1779417509903987000,1448,R,7710,7926,9217,10429,7710,7926,9217,10429,19177,23386,18404,22133,-68,-243,-34,-0.266667,-0.952941,-0.133333,0,63,c19110
2026-05-22T02:38:29.904+00:00,1779417509904061000,1449,R,7713,7932,9212,10427,7713,7932,9212,10427,19185,23391,18411,22138,-71,-243,-32,-0.278431,-0.952941,-0.12549,0,63,719210
2026-05-22T02:38:29.904+00:00,1779417509904126000,1450,R,7717,7929,9224,10430,7717,7929,9224,10430,19185,23391,18412,22138,-69,-243,-33,-0.270588,-0.952941,-0.129412,0,63,819210
2026-05-22T02:38:29.904+00:00,1779417509904189000,1451,R,7715,7933,9212,10434,7715,7933,9212,10434,19184,23391,18410,22140,-67,-243,-33,-0.262745,-0.952941,-0.129412,0,63,919210
2026-05-22T02:38:30.196+00:00,1779417510197009000,1452,R,7716,7931,9211,10431,7716,7931,9211,10431,19185,23396,18411,22140,-67,-243,-33,-0.262745,-0.952941,-0.129412,0,63,a19210
2026-05-22T02:38:30.197+00:00,1779417510197135000,1453,R,7718,7933,9218,10433,7718,7933,9218,10433,19188,23393,18415,22146,-66,-245,-33,-0.258824,-0.960784,-0.129412,0,63,b19210
2026-05-22T02:38:30.197+00:00,1779417510197209000,1454,R,7721,7938,9219,10440,7721,7938,9219,10440,19193,23401,18421,22154,-70,-243,-32,-0.27451,-0.952941,-0.12549,0,63,319280
2026-05-22T02:38:30.197+00:00,1779417510197275000,1455,R,7713,7931,9202,10434,7713,7931,9202,10434,19194,23402,18420,22157,-71,-243,-32,-0.278431,-0.952941,-0.12549,0,63,419280
2026-05-22T02:38:30.197+00:00,1779417510197338000,1456,R,7722,7940,9221,10444,7722,7940,9221,10444,19191,23403,18422,22159,-71,-242,-31,-0.278431,-0.94902,-0.121569,0,63,519280
2026-05-22T02:38:30.202+00:00,1779417510202601000,1457,R,7721,7941,9223,10443,7721,7941,9223,10443,19198,23407,18423,22158,-71,-242,-31,-0.278431,-0.94902,-0.121569,0,63,619280
2026-05-22T02:38:30.202+00:00,1779417510202686000,1458,R,7722,7941,9223,10447,7722,7941,9223,10447,19198,23408,18425,22159,-71,-241,-32,-0.278431,-0.945098,-0.12549,0,63,719280
2026-05-22T02:38:30.202+00:00,1779417510202753000,1459,R,7727,7944,9223,10448,7727,7944,9223,10448,19195,23404,18425,22156,-71,-240,-30,-0.278431,-0.941176,-0.117647,0,63,819280
2026-05-22T02:38:30.202+00:00,1779417510202816000,1460,R,7729,7945,9225,10460,7729,7945,9225,10460,19202,23406,18427,22170,-71,-243,-32,-0.278431,-0.952941,-0.12549,0,63,f19340
2026-05-22T02:38:30.202+00:00,1779417510202877000,1461,R,7735,7947,9226,10464,7735,7947,9226,10464,19200,23402,18423,22174,-72,-243,-31,-0.282353,-0.952941,-0.121569,0,63,019340
2026-05-22T02:38:30.500+00:00,1779417510500445000,1462,R,7728,7945,9220,10456,7728,7945,9220,10456,19202,23396,18427,22171,-73,-243,-31,-0.286275,-0.952941,-0.121569,0,63,119340
2026-05-22T02:38:30.500+00:00,1779417510500586000,1463,R,7729,7948,9220,10460,7729,7948,9220,10460,19202,23402,18426,22177,-74,-243,-32,-0.290196,-0.952941,-0.12549,0,63,219340
2026-05-22T02:38:30.500+00:00,1779417510500661000,1464,R,7726,7947,9218,10462,7726,7947,9218,10462,19204,23402,18428,22178,-72,-242,-32,-0.282353,-0.94902,-0.12549,0,63,319340
2026-05-22T02:38:30.500+00:00,1779417510500727000,1465,R,7720,7936,9215,10438,7720,7936,9215,10438,19190,23400,18414,22153,-70,-241,-31,-0.27451,-0.945098,-0.121569,0,63,b19410
2026-05-22T02:38:30.500+00:00,1779417510500790000,1466,R,7729,7930,9234,10436,7729,7930,9234,10436,19186,23402,18412,22150,-71,-243,-31,-0.278431,-0.952941,-0.121569,0,63,c19410
2026-05-22T02:38:30.500+00:00,1779417510500853000,1467,R,7720,7931,9217,10435,7720,7931,9217,10435,19188,23398,18411,22146,-71,-243,-30,-0.278431,-0.952941,-0.117647,0,63,d19410
2026-05-22T02:38:30.650+00:00,1779417510650536000,1468,R,7719,7933,9215,10436,7719,7933,9215,10436,19185,23395,18411,22142,-71,-243,-31,-0.278431,-0.952941,-0.121569,0,63,e19410
2026-05-22T02:38:30.650+00:00,1779417510650670000,1469,R,7717,7933,9216,10435,7717,7933,9216,10435,19186,23402,18409,22144,-72,-242,-31,-0.282353,-0.94902,-0.121569,0,63,f19410
2026-05-22T02:38:30.650+00:00,1779417510650746000,1470,R,7715,7930,9214,10426,7715,7930,9214,10426,19178,23396,18406,22136,-70,-244,-30,-0.27451,-0.956863,-0.117647,0,63,719480
2026-05-22T02:38:30.650+00:00,1779417510650812000,1471,R,7703,7918,9195,10417,7703,7918,9195,10417,19177,23390,18402,22130,-68,-242,-32,-0.266667,-0.94902,-0.12549,0,63,819480
2026-05-22T02:38:30.651+00:00,1779417510651060000,1472,R,7714,7927,9214,10425,7714,7927,9214,10425,19183,23396,18403,22134,-68,-243,-32,-0.266667,-0.952941,-0.12549,0,63,919480
2026-05-22T02:38:30.801+00:00,1779417510801804000,1473,R,7716,7930,9215,10427,7716,7930,9215,10427,19186,23396,18404,22132,-69,-243,-31,-0.270588,-0.952941,-0.121569,0,63,a19480
2026-05-22T02:38:30.801+00:00,1779417510801951000,1474,R,7716,7929,9215,10427,7716,7929,9215,10427,19182,23394,18404,22133,-69,-243,-32,-0.270588,-0.952941,-0.12549,0,63,b19480
2026-05-22T02:38:30.802+00:00,1779417510802028000,1475,R,7716,7930,9215,10426,7716,7930,9215,10426,19182,23396,18404,22133,-69,-243,-31,-0.270588,-0.952941,-0.121569,0,63,119530
2026-05-22T02:38:30.802+00:00,1779417510802093000,1476,R,7716,7930,9214,10426,7716,7930,9214,10426,19181,23397,18402,22132,-70,-243,-32,-0.27451,-0.952941,-0.12549,0,63,219530
2026-05-22T02:38:30.802+00:00,1779417510802157000,1477,R,7716,7929,9214,10426,7716,7929,9214,10426,19181,23396,18408,22130,-68,-243,-31,-0.266667,-0.952941,-0.121569,0,63,319530
2026-05-22T02:38:30.951+00:00,1779417510951623000,1478,R,7722,7928,9220,10434,7722,7928,9220,10434,19177,23391,18404,22132,-68,-243,-32,-0.266667,-0.952941,-0.12549,0,63,419530
2026-05-22T02:38:30.951+00:00,1779417510951764000,1479,R,7714,7930,9218,10429,7714,7930,9218,10429,19183,23394,18407,22130,-68,-243,-32,-0.266667,-0.952941,-0.12549,0,63,519530
2026-05-22T02:38:30.951+00:00,1779417510951838000,1480,R,7721,7936,9219,10435,7721,7936,9219,10435,19185,23397,18414,22143,-69,-242,-31,-0.270588,-0.94902,-0.121569,0,63,e19610
2026-05-22T02:38:30.951+00:00,1779417510951905000,1481,R,7722,7936,9219,10432,7722,7936,9219,10432,19188,23397,18412,22139,-71,-243,-33,-0.278431,-0.952941,-0.129412,0,63,f19610
2026-05-22T02:38:30.951+00:00,1779417510951969000,1482,R,7721,7939,9220,10436,7721,7939,9220,10436,19190,23398,18415,22143,-69,-243,-31,-0.270588,-0.952941,-0.121569,0,63,019610
2026-05-22T02:38:31.101+00:00,1779417511101017000,1483,R,7723,7937,9220,10438,7723,7937,9220,10438,19191,23398,18417,22142,-70,-244,-31,-0.27451,-0.956863,-0.121569,0,63,119610
2026-05-22T02:38:31.101+00:00,1779417511101050000,1484,R,7724,7940,9221,10437,7724,7940,9221,10437,19188,23396,18416,22140,-71,-244,-32,-0.278431,-0.956863,-0.12549,0,63,219610
2026-05-22T02:38:31.101+00:00,1779417511101065000,1485,R,7723,7939,9222,10439,7723,7939,9222,10439,19193,23400,18419,22144,-68,-244,-32,-0.266667,-0.956863,-0.12549,0,63,319610
2026-05-22T02:38:31.101+00:00,1779417511101079000,1486,R,7725,7940,9223,10444,7725,7940,9223,10444,19195,23402,18420,22150,-68,-243,-32,-0.266667,-0.952941,-0.12549,0,63,a19670
2026-05-22T02:38:31.101+00:00,1779417511101092000,1487,R,7730,7945,9225,10447,7730,7945,9225,10447,19196,23403,18418,22154,-68,-242,-32,-0.266667,-0.94902,-0.12549,0,63,b19670
2026-05-22T02:38:31.250+00:00,1779417511250211000,1488,R,7730,7945,9226,10446,7730,7945,9226,10446,19191,23401,18417,22147,-68,-243,-32,-0.266667,-0.952941,-0.12549,0,63,c19670
2026-05-22T02:38:31.250+00:00,1779417511250334000,1489,R,7730,7943,9226,10448,7730,7943,9226,10448,19196,23407,18421,22154,-67,-244,-32,-0.262745,-0.956863,-0.12549,0,63,d19670
2026-05-22T02:38:31.250+00:00,1779417511250405000,1490,R,7732,7946,9228,10449,7732,7946,9228,10449,19198,23401,18423,22154,-68,-243,-32,-0.266667,-0.952941,-0.12549,0,63,e19670
2026-05-22T02:38:31.250+00:00,1779417511250470000,1491,R,7736,7950,9234,10456,7736,7950,9234,10456,19207,23413,18429,22164,-68,-244,-32,-0.266667,-0.956863,-0.12549,0,63,619740
2026-05-22T02:38:31.250+00:00,1779417511250532000,1492,R,7736,7954,9232,10457,7736,7954,9232,10457,19208,23411,18431,22164,-68,-244,-32,-0.266667,-0.956863,-0.12549,0,63,719740
2026-05-22T02:38:31.250+00:00,1779417511250593000,1493,R,7740,7953,9234,10458,7740,7953,9234,10458,19205,23409,18427,22160,-67,-244,-33,-0.262745,-0.956863,-0.129412,0,63,819740
2026-05-22T02:38:31.401+00:00,1779417511401619000,1494,R,7737,7951,9233,10460,7737,7951,9233,10460,19209,23414,18427,22166,-67,-243,-33,-0.262745,-0.952941,-0.129412,0,63,919740
2026-05-22T02:38:31.401+00:00,1779417511401779000,1495,R,7738,7950,9233,10459,7738,7950,9233,10459,19208,23411,18426,22168,-66,-245,-33,-0.258824,-0.960784,-0.129412,0,63,a19740
2026-05-22T02:38:31.401+00:00,1779417511401859000,1496,R,7728,7938,9222,10434,7728,7938,9222,10434,19199,23395,18418,22137,-68,-244,-32,-0.266667,-0.956863,-0.12549,0,63,219810
2026-05-22T02:38:31.401+00:00,1779417511401926000,1497,R,7729,7936,9222,10432,7729,7936,9222,10432,19195,23396,18414,22135,-67,-243,-33,-0.262745,-0.952941,-0.129412,0,63,319810
2026-05-22T02:38:31.401+00:00,1779417511401990000,1498,R,7725,7938,9219,10433,7725,7938,9219,10433,19194,23395,18413,22139,-66,-244,-33,-0.258824,-0.956863,-0.129412,0,63,419810
2026-05-22T02:38:31.553+00:00,1779417511553828000,1499,R,7726,7939,9219,10430,7726,7939,9219,10430,19191,23393,18413,22133,-66,-244,-33,-0.258824,-0.956863,-0.129412,0,63,519810
2026-05-22T02:38:31.553+00:00,1779417511553961000,1500,R,7725,7935,9220,10429,7725,7935,9220,10429,19192,23391,18410,22129,-65,-245,-33,-0.254902,-0.960784,-0.129412,0,63,619810
2026-05-22T02:38:31.554+00:00,1779417511554296000,1501,R,7722,7933,9215,10424,7722,7933,9215,10424,19185,23383,18406,22122,-67,-242,-32,-0.262745,-0.94902,-0.12549,0,62,e19880
2026-05-22T02:38:31.554+00:00,1779417511554370000,1502,R,7722,7932,9216,10424,7722,7932,9216,10424,19186,23382,18407,22124,-67,-242,-31,-0.262745,-0.94902,-0.121569,0,62,f19880
2026-05-22T02:38:31.554+00:00,1779417511554451000,1503,R,7720,7931,9212,10419,7720,7931,9212,10419,19180,23383,18405,22125,-66,-243,-32,-0.258824,-0.952941,-0.12549,0,62,019880
2026-05-22T02:38:31.703+00:00,1779417511703299000,1504,R,7720,7935,9214,10424,7720,7935,9214,10424,19184,23383,18408,22121,-66,-243,-32,-0.258824,-0.952941,-0.12549,0,62,119880
2026-05-22T02:38:31.703+00:00,1779417511703447000,1505,R,7722,7936,9213,10423,7722,7936,9213,10423,19185,23383,18409,22122,-67,-244,-32,-0.262745,-0.956863,-0.12549,0,62,219880
2026-05-22T02:38:31.703+00:00,1779417511703522000,1506,R,7717,7930,9211,10423,7717,7930,9211,10423,19183,23385,18403,22119,-67,-244,-32,-0.262745,-0.956863,-0.12549,0,62,319880
2026-05-22T02:38:31.703+00:00,1779417511703599000,1507,R,7719,7934,9213,10424,7719,7934,9213,10424,19183,23376,18407,22123,-67,-243,-32,-0.262745,-0.952941,-0.12549,0,62,a19940
2026-05-22T02:38:31.703+00:00,1779417511703663000,1508,R,7721,7931,9215,10419,7721,7931,9215,10419,19183,23383,18409,22126,-67,-243,-33,-0.262745,-0.952941,-0.129412,0,62,b19940
2026-05-22T02:38:31.852+00:00,1779417511852860000,1509,R,7718,7933,9214,10426,7718,7933,9214,10426,19185,23380,18407,22123,-67,-244,-32,-0.262745,-0.956863,-0.12549,0,62,c19940
2026-05-22T02:38:31.853+00:00,1779417511853018000,1510,R,7723,7932,9215,10423,7723,7932,9215,10423,19182,23382,18407,22124,-66,-243,-32,-0.258824,-0.952941,-0.12549,0,62,d19940
2026-05-22T02:38:31.853+00:00,1779417511853094000,1511,R,7720,7936,9212,10428,7720,7936,9212,10428,19183,23381,18411,22126,-68,-244,-33,-0.266667,-0.956863,-0.129412,0,62,e19940
2026-05-22T02:38:31.853+00:00,1779417511853163000,1512,R,7724,7940,9219,10431,7724,7940,9219,10431,19187,23387,18415,22133,-66,-243,-32,-0.258824,-0.952941,-0.12549,0,62,520000
2026-05-22T02:38:31.853+00:00,1779417511853227000,1513,R,7723,7939,9219,10433,7723,7939,9219,10433,19185,23383,18413,22131,-66,-244,-33,-0.258824,-0.956863,-0.129412,0,62,620000
2026-05-22T02:38:32.002+00:00,1779417512002905000,1514,R,7727,7939,9219,10432,7727,7939,9219,10432,19188,23386,18412,22132,-66,-244,-33,-0.258824,-0.956863,-0.129412,0,62,720000
2026-05-22T02:38:32.003+00:00,1779417512003019000,1515,R,7723,7938,9219,10435,7723,7938,9219,10435,19186,23389,18414,22134,-67,-243,-32,-0.262745,-0.952941,-0.12549,0,62,820000
2026-05-22T02:38:32.003+00:00,1779417512003058000,1516,R,7726,7940,9221,10434,7726,7940,9221,10434,19191,23387,18411,22133,-67,-243,-32,-0.262745,-0.952941,-0.12549,0,62,920000
2026-05-22T02:38:32.003+00:00,1779417512003088000,1517,R,7731,7945,9224,10442,7731,7945,9224,10442,19193,23389,18418,22142,-67,-243,-32,-0.262745,-0.952941,-0.12549,0,62,020060
2026-05-22T02:38:32.003+00:00,1779417512003116000,1518,R,7731,7946,9222,10444,7731,7946,9222,10444,19193,23391,18421,22143,-68,-243,-33,-0.266667,-0.952941,-0.129412,0,62,120060
2026-05-22T02:38:32.003+00:00,1779417512003142000,1519,R,7731,7946,9226,10443,7731,7946,9226,10443,19193,23394,18421,22143,-68,-244,-32,-0.266667,-0.956863,-0.12549,0,62,220060
2026-05-22T02:38:32.152+00:00,1779417512152930000,1520,R,7732,7949,9224,10446,7732,7949,9224,10446,19197,23393,18420,22145,-69,-242,-32,-0.270588,-0.94902,-0.12549,0,62,320060
2026-05-22T02:38:32.153+00:00,1779417512153046000,1521,R,7733,7948,9225,10446,7733,7948,9225,10446,19196,23396,18420,22147,-68,-244,-32,-0.266667,-0.956863,-0.12549,0,62,420060
2026-05-22T02:38:32.153+00:00,1779417512153119000,1522,R,7740,7952,9231,10456,7740,7952,9231,10456,19201,23403,18427,22159,-68,-243,-32,-0.266667,-0.952941,-0.12549,0,62,c20130
2026-05-22T02:38:32.153+00:00,1779417512153183000,1523,R,7739,7952,9234,10456,7739,7952,9234,10456,19203,23401,18427,22158,-66,-243,-33,-0.258824,-0.952941,-0.129412,0,62,d20130
2026-05-22T02:38:32.153+00:00,1779417512153247000,1524,R,7739,7954,9232,10455,7739,7954,9232,10455,19204,23401,18428,22159,-67,-243,-32,-0.262745,-0.952941,-0.12549,0,62,e20130
2026-05-22T02:38:32.302+00:00,1779417512302840000,1525,R,7740,7960,9234,10457,7740,7960,9234,10457,19206,23403,18427,22158,-67,-244,-32,-0.262745,-0.956863,-0.12549,0,62,f20130
2026-05-22T02:38:32.302+00:00,1779417512302940000,1526,R,7742,7957,9235,10461,7742,7957,9235,10461,19208,23406,18432,22161,-67,-243,-32,-0.262745,-0.952941,-0.12549,0,62,020130
2026-05-22T02:38:32.302+00:00,1779417512303006000,1527,R,7738,7948,9229,10443,7738,7948,9229,10443,19203,23395,18423,22147,-66,-243,-33,-0.258824,-0.952941,-0.129412,0,62,a20220
2026-05-22T02:38:32.303+00:00,1779417512303069000,1528,R,7734,7945,9234,10446,7734,7945,9234,10446,19199,23394,18421,22139,-67,-242,-33,-0.262745,-0.94902,-0.129412,0,62,b20220
2026-05-22T02:38:32.303+00:00,1779417512303132000,1529,R,7734,7943,9224,10437,7734,7943,9224,10437,19200,23393,18419,22141,-68,-242,-33,-0.266667,-0.94902,-0.129412,0,62,c20220
2026-05-22T02:38:32.452+00:00,1779417512452926000,1530,R,7733,7943,9226,10434,7733,7943,9226,10434,19199,23393,18414,22135,-68,-243,-33,-0.266667,-0.952941,-0.129412,0,62,d20220
2026-05-22T02:38:32.453+00:00,1779417512453036000,1531,R,7733,7944,9224,10433,7733,7944,9224,10433,19195,23391,18417,22134,-67,-243,-33,-0.262745,-0.952941,-0.129412,0,62,e20220
2026-05-22T02:38:32.453+00:00,1779417512453103000,1532,R,7732,7941,9222,10435,7732,7941,9222,10435,19196,23392,18413,22134,-66,-244,-32,-0.258824,-0.956863,-0.12549,0,62,f20220
2026-05-22T02:38:32.453+00:00,1779417512453166000,1533,R,7728,7938,9218,10425,7728,7938,9218,10425,19186,23381,18409,22124,-68,-244,-33,-0.266667,-0.956863,-0.129412,0,62,620280
2026-05-22T02:38:32.453+00:00,1779417512453228000,1534,R,7716,7938,9218,10419,7716,7938,9218,10419,19188,23377,18410,22120,-68,-243,-33,-0.266667,-0.952941,-0.129412,0,62,720280
2026-05-22T02:38:32.748+00:00,1779417512748136000,1535,R,7727,7940,9217,10425,7727,7940,9217,10425,19184,23376,18409,22122,-68,-244,-33,-0.266667,-0.956863,-0.129412,0,62,820280
2026-05-22T02:38:32.748+00:00,1779417512748268000,1536,R,7727,7936,9215,10424,7727,7936,9215,10424,19187,23376,18411,22121,-68,-243,-32,-0.266667,-0.952941,-0.12549,0,62,920280
2026-05-22T02:38:32.748+00:00,1779417512748341000,1537,R,7724,7937,9215,10424,7724,7937,9215,10424,19185,23377,18409,22122,-67,-241,-33,-0.262745,-0.945098,-0.129412,0,62,a20280
2026-05-22T02:38:32.748+00:00,1779417512748407000,1538,R,7727,7936,9217,10424,7727,7936,9217,10424,19182,23372,18406,22117,-68,-243,-31,-0.266667,-0.952941,-0.121569,0,62,220350
2026-05-22T02:38:32.748+00:00,1779417512748471000,1539,R,7716,7932,9206,10412,7716,7932,9206,10412,19182,23378,18408,22121,-67,-243,-31,-0.262745,-0.952941,-0.121569,0,62,320350
2026-05-22T02:38:32.748+00:00,1779417512748533000,1540,R,7725,7936,9215,10424,7725,7936,9215,10424,19184,23375,18407,22117,-68,-244,-31,-0.266667,-0.956863,-0.121569,0,62,420350
2026-05-22T02:38:32.754+00:00,1779417512754775000,1541,R,7726,7937,9216,10424,7726,7937,9216,10424,19187,23372,18408,22116,-67,-243,-32,-0.262745,-0.952941,-0.12549,0,62,520350
2026-05-22T02:38:32.754+00:00,1779417512754853000,1542,R,7727,7938,9217,10425,7727,7938,9217,10425,19181,23374,18408,22123,-66,-243,-32,-0.258824,-0.952941,-0.12549,0,62,620350
2026-05-22T02:38:32.754+00:00,1779417512754918000,1543,R,7729,7943,9218,10430,7729,7943,9218,10430,19188,23378,18409,22125,-68,-242,-32,-0.266667,-0.94902,-0.12549,0,62,e20420
2026-05-22T02:38:32.754+00:00,1779417512754981000,1544,R,7732,7941,9224,10435,7732,7941,9224,10435,19186,23379,18412,22125,-68,-243,-32,-0.266667,-0.952941,-0.12549,0,62,f20420
2026-05-22T02:38:32.755+00:00,1779417512755043000,1545,R,7728,7941,9218,10432,7728,7941,9218,10432,19187,23373,18411,22125,-67,-243,-32,-0.262745,-0.952941,-0.12549,0,62,020420
2026-05-22T02:38:32.903+00:00,1779417512903296000,1546,R,7731,7943,9221,10435,7731,7943,9221,10435,19190,23379,18415,22130,-67,-243,-32,-0.262745,-0.952941,-0.12549,0,62,120420
2026-05-22T02:38:32.903+00:00,1779417512903382000,1547,R,7730,7942,9222,10436,7730,7942,9222,10436,19188,23379,18415,22131,-68,-243,-32,-0.266667,-0.952941,-0.12549,0,62,220420
2026-05-22T02:38:32.903+00:00,1779417512903400000,1548,R,7733,7948,9224,10442,7733,7948,9224,10442,19194,23381,18415,22136,-69,-243,-33,-0.270588,-0.952941,-0.129412,0,62,920480
2026-05-22T02:38:32.903+00:00,1779417512903415000,1549,R,7734,7948,9226,10442,7734,7948,9226,10442,19194,23382,18417,22138,-69,-244,-33,-0.270588,-0.956863,-0.129412,0,62,a20480
2026-05-22T02:38:32.903+00:00,1779417512903428000,1550,R,7723,7949,9229,10434,7723,7949,9229,10434,19189,23380,18415,22136,-69,-242,-32,-0.270588,-0.94902,-0.12549,0,62,b20480
2026-05-22T02:38:33.052+00:00,1779417513052760000,1551,R,7734,7950,9226,10444,7734,7950,9226,10444,19195,23384,18421,22140,-69,-243,-32,-0.270588,-0.952941,-0.12549,0,62,c20480
2026-05-22T02:38:33.052+00:00,1779417513052841000,1552,R,7737,7951,9229,10445,7737,7951,9229,10445,19198,23386,18421,22140,-68,-243,-32,-0.266667,-0.952941,-0.12549,0,62,d20480
2026-05-22T02:38:33.052+00:00,1779417513052880000,1553,R,7740,7954,9233,10456,7740,7954,9233,10456,19201,23392,18424,22147,-67,-243,-33,-0.262745,-0.952941,-0.129412,0,62,620560
2026-05-22T02:38:33.052+00:00,1779417513052915000,1554,R,7738,7951,9222,10442,7738,7951,9222,10442,19208,23386,18430,22147,-66,-244,-33,-0.258824,-0.956863,-0.129412,0,62,720560
2026-05-22T02:38:33.052+00:00,1779417513052950000,1555,R,7747,7956,9236,10456,7747,7956,9236,10456,19205,23395,18426,22156,-66,-245,-33,-0.258824,-0.960784,-0.129412,0,62,820560
2026-05-22T02:38:33.202+00:00,1779417513202463000,1556,R,7746,7957,9235,10458,7746,7957,9235,10458,19206,23393,18427,22151,-65,-245,-32,-0.254902,-0.960784,-0.12549,0,62,920560
2026-05-22T02:38:33.202+00:00,1779417513202503000,1557,R,7746,7956,9237,10459,7746,7956,9237,10459,19207,23395,18427,22154,-66,-244,-32,-0.258824,-0.956863,-0.12549,0,62,a20560
2026-05-22T02:38:33.202+00:00,1779417513202519000,1558,R,7744,7959,9236,10460,7744,7959,9236,10460,19210,23397,18430,22156,-67,-244,-33,-0.262745,-0.956863,-0.129412,0,62,b20560
2026-05-22T02:38:33.202+00:00,1779417513202533000,1559,R,7752,7963,9240,10467,7752,7963,9240,10467,19214,23405,18432,22162,-66,-244,-31,-0.258824,-0.956863,-0.121569,0,62,120610
2026-05-22T02:38:33.202+00:00,1779417513202547000,1560,R,7752,7962,9243,10469,7752,7962,9243,10469,19216,23403,18435,22162,-65,-243,-33,-0.254902,-0.952941,-0.129412,0,62,220610
2026-05-22T02:38:33.354+00:00,1779417513354149000,1561,R,7754,7972,9246,10482,7754,7972,9246,10482,19221,23400,18437,22155,-66,-243,-33,-0.258824,-0.952941,-0.129412,0,62,320610
2026-05-22T02:38:33.354+00:00,1779417513354303000,1562,R,7750,7961,9239,10463,7750,7961,9239,10463,19216,23402,18430,22161,-66,-245,-32,-0.258824,-0.960784,-0.12549,0,62,420610
2026-05-22T02:38:33.354+00:00,1779417513354378000,1563,R,7749,7959,9237,10460,7749,7959,9237,10460,19213,23397,18431,22156,-68,-244,-32,-0.266667,-0.956863,-0.12549,0,62,520610
2026-05-22T02:38:33.354+00:00,1779417513354446000,1564,R,7739,7948,9225,10440,7739,7948,9225,10440,19204,23386,18416,22131,-66,-243,-32,-0.258824,-0.952941,-0.12549,0,62,e20690
2026-05-22T02:38:33.354+00:00,1779417513354522000,1565,R,7739,7945,9228,10436,7739,7945,9228,10436,19201,23388,18412,22128,-67,-243,-32,-0.262745,-0.952941,-0.12549,0,62,f20690
2026-05-22T02:38:33.354+00:00,1779417513354584000,1566,R,7737,7946,9224,10437,7737,7946,9224,10437,19203,23383,18414,22130,-67,-244,-33,-0.262745,-0.956863,-0.129412,0,62,020690
2026-05-22T02:38:33.502+00:00,1779417513502535000,1567,R,7737,7946,9226,10435,7737,7946,9226,10435,19197,23380,18413,22129,-67,-244,-33,-0.262745,-0.956863,-0.129412,0,62,120690
2026-05-22T02:38:33.502+00:00,1779417513502564000,1568,R,7737,7944,9224,10438,7737,7944,9224,10438,19197,23383,18411,22128,-68,-245,-33,-0.266667,-0.960784,-0.129412,0,62,220690
2026-05-22T02:38:33.502+00:00,1779417513502580000,1569,R,7736,7943,9222,10434,7736,7943,9222,10434,19196,23373,18408,22124,-69,-243,-33,-0.270588,-0.952941,-0.129412,0,62,920750
2026-05-22T02:38:33.502+00:00,1779417513502594000,1570,R,7736,7943,9225,10434,7736,7943,9225,10434,19191,23376,18410,22125,-67,-243,-33,-0.262745,-0.952941,-0.129412,0,62,a20750
2026-05-22T02:38:33.502+00:00,1779417513502607000,1571,R,7736,7944,9222,10432,7736,7944,9222,10432,19197,23373,18412,22119,-68,-244,-32,-0.266667,-0.956863,-0.12549,0,62,b20750
2026-05-22T02:38:33.652+00:00,1779417513652653000,1572,R,7735,7943,9223,10433,7735,7943,9223,10433,19190,23376,18409,22122,-68,-243,-33,-0.266667,-0.952941,-0.129412,0,62,c20750
2026-05-22T02:38:33.652+00:00,1779417513652693000,1573,R,7734,7944,9221,10434,7734,7944,9221,10434,19192,23375,18410,22119,-67,-243,-33,-0.262745,-0.952941,-0.129412,0,62,d20750
2026-05-22T02:38:33.652+00:00,1779417513652709000,1574,R,7732,7944,9223,10436,7732,7944,9223,10436,19191,23371,18411,22124,-65,-244,-34,-0.254902,-0.956863,-0.133333,0,63,520820
2026-05-22T02:38:33.652+00:00,1779417513652722000,1575,R,7735,7943,9221,10436,7735,7943,9221,10436,19190,23372,18405,22121,-64,-245,-33,-0.25098,-0.960784,-0.129412,0,63,620820
2026-05-22T02:38:33.652+00:00,1779417513652804000,1576,R,7735,7945,9223,10436,7735,7945,9223,10436,19193,23375,18414,22126,-66,-243,-34,-0.258824,-0.952941,-0.133333,0,63,720820
2026-05-22T02:38:33.803+00:00,1779417513803836000,1577,R,7738,7945,9224,10433,7738,7945,9224,10433,19191,23375,18410,22122,-66,-244,-34,-0.258824,-0.956863,-0.133333,0,63,820820
2026-05-22T02:38:33.803+00:00,1779417513803962000,1578,R,7736,7945,9221,10436,7736,7945,9221,10436,19193,23377,18405,22125,-66,-244,-34,-0.258824,-0.956863,-0.133333,0,63,920820
2026-05-22T02:38:33.804+00:00,1779417513804036000,1579,R,7740,7950,9229,10443,7740,7950,9229,10443,19195,23376,18414,22129,-66,-244,-33,-0.258824,-0.956863,-0.129412,0,63,120890
2026-05-22T02:38:33.804+00:00,1779417513804104000,1580,R,7740,7949,9227,10445,7740,7949,9227,10445,19197,23382,18413,22131,-67,-245,-34,-0.262745,-0.960784,-0.133333,0,63,220890
2026-05-22T02:38:33.804+00:00,1779417513804168000,1581,R,7739,7951,9226,10444,7739,7951,9226,10444,19195,23382,18418,22134,-67,-243,-35,-0.262745,-0.952941,-0.137255,0,63,320890
2026-05-22T02:38:33.953+00:00,1779417513953415000,1582,R,7743,7952,9227,10444,7743,7952,9227,10444,19193,23376,18414,22134,-67,-243,-34,-0.262745,-0.952941,-0.133333,0,63,420890
2026-05-22T02:38:33.953+00:00,1779417513953573000,1583,R,7741,7951,9229,10446,7741,7951,9229,10446,19195,23377,18418,22133,-67,-244,-34,-0.262745,-0.956863,-0.133333,0,63,520890
2026-05-22T02:38:33.953+00:00,1779417513953650000,1584,R,7741,7951,9227,10447,7741,7951,9227,10447,19197,23378,18417,22135,-67,-244,-34,-0.262745,-0.956863,-0.133333,0,63,620890
2026-05-22T02:38:33.953+00:00,1779417513953718000,1585,R,7746,7955,9234,10456,7746,7955,9234,10456,19200,23382,18419,22139,-66,-243,-35,-0.258824,-0.952941,-0.137255,0,63,d20950
2026-05-22T02:38:33.953+00:00,1779417513953797000,1586,R,7744,7954,9233,10454,7744,7954,9233,10454,19204,23387,18420,22143,-67,-243,-35,-0.262745,-0.952941,-0.137255,0,63,e20950
2026-05-22T02:38:34.103+00:00,1779417514103714000,1587,R,7749,7958,9233,10456,7749,7958,9233,10456,19201,23385,18420,22142,-67,-243,-34,-0.262745,-0.952941,-0.133333,0,63,f20950
2026-05-22T02:38:34.103+00:00,1779417514103828000,1588,R,7748,7957,9235,10457,7748,7957,9235,10457,19203,23387,18420,22146,-66,-243,-35,-0.258824,-0.952941,-0.137255,0,63,020950
2026-05-22T02:38:34.103+00:00,1779417514103901000,1589,R,7746,7959,9237,10458,7746,7959,9237,10458,19203,23387,18425,22147,-67,-244,-34,-0.262745,-0.956863,-0.133333,0,63,120950
2026-05-22T02:38:34.103+00:00,1779417514103966000,1590,R,7751,7963,9240,10467,7751,7963,9240,10467,19210,23394,18424,22151,-67,-243,-34,-0.262745,-0.952941,-0.133333,0,63,821010
2026-05-22T02:38:34.104+00:00,1779417514104029000,1591,R,7752,7961,9243,10465,7752,7961,9243,10465,19210,23389,18422,22153,-66,-244,-35,-0.258824,-0.956863,-0.137255,0,63,921010
2026-05-22T02:38:34.104+00:00,1779417514104100000,1592,R,7753,7961,9240,10466,7753,7961,9240,10466,19211,23393,18425,22150,-65,-244,-36,-0.254902,-0.956863,-0.141176,0,63,a21010
2026-05-22T02:38:34.252+00:00,1779417514252510000,1593,R,7751,7960,9239,10465,7751,7960,9239,10465,19211,23382,18430,22149,-64,-245,-35,-0.25098,-0.960784,-0.137255,0,63,b21010
2026-05-22T02:38:34.252+00:00,1779417514252636000,1594,R,7752,7959,9237,10458,7752,7959,9237,10458,19211,23390,18422,22147,-65,-245,-35,-0.254902,-0.960784,-0.137255,0,63,c21010
2026-05-22T02:38:34.252+00:00,1779417514252719000,1595,R,7744,7947,9228,10439,7744,7947,9228,10439,19198,23377,18407,22126,-63,-243,-34,-0.247059,-0.952941,-0.133333,0,63,321070
2026-05-22T02:38:34.252+00:00,1779417514252786000,1596,R,7743,7948,9227,10441,7743,7948,9227,10441,19196,23375,18405,22122,-65,-243,-34,-0.254902,-0.952941,-0.133333,0,63,421070
2026-05-22T02:38:34.252+00:00,1779417514252850000,1597,R,7743,7947,9227,10439,7743,7947,9227,10439,19195,23374,18405,22121,-64,-244,-33,-0.25098,-0.956863,-0.129412,0,63,521070
2026-05-22T02:38:34.550+00:00,1779417514550553000,1598,R,7741,7945,9223,10437,7741,7945,9223,10437,19195,23370,18409,22120,-65,-243,-34,-0.254902,-0.952941,-0.133333,0,63,621070
2026-05-22T02:38:34.550+00:00,1779417514550699000,1599,R,7739,7944,9226,10435,7739,7944,9226,10435,19196,23375,18404,22117,-65,-244,-33,-0.254902,-0.956863,-0.129412,0,63,721070
2026-05-22T02:38:34.550+00:00,1779417514550772000,1600,R,7735,7942,9219,10430,7735,7942,9219,10430,19186,23364,18400,22115,-65,-244,-33,-0.254902,-0.956863,-0.129412,0,63,e21130
2026-05-22T02:38:34.550+00:00,1779417514550840000,1601,R,7736,7942,9221,10431,7736,7942,9221,10431,19186,23364,18402,22115,-64,-242,-34,-0.25098,-0.94902,-0.133333,0,63,f21130
2026-05-22T02:38:34.550+00:00,1779417514550904000,1602,R,7738,7940,9223,10428,7738,7940,9223,10428,19187,23364,18401,22112,-64,-243,-33,-0.25098,-0.952941,-0.129412,0,63,021130
2026-05-22T02:38:34.701+00:00,1779417514701724000,1603,R,7735,7942,9220,10432,7735,7942,9220,10432,19187,23360,18401,22114,-64,-243,-34,-0.25098,-0.952941,-0.133333,0,63,121130
2026-05-22T02:38:34.701+00:00,1779417514701875000,1604,R,7738,7942,9219,10431,7738,7942,9219,10431,19186,23365,18400,22112,-63,-244,-34,-0.247059,-0.956863,-0.133333,0,63,221130
2026-05-22T02:38:34.701+00:00,1779417514701950000,1605,R,7734,7941,9221,10432,7734,7941,9221,10432,19181,23362,18400,22113,-64,-245,-35,-0.25098,-0.960784,-0.137255,0,63,a21200
2026-05-22T02:38:34.702+00:00,1779417514702017000,1606,R,7735,7943,9221,10435,7735,7943,9221,10435,19184,23359,18400,22109,-64,-245,-35,-0.25098,-0.960784,-0.137255,0,63,b21200
2026-05-22T02:38:34.702+00:00,1779417514702080000,1607,R,7734,7942,9219,10432,7734,7942,9219,10432,19179,23361,18402,22114,-63,-245,-35,-0.247059,-0.960784,-0.137255,0,63,c21200
2026-05-22T02:38:34.851+00:00,1779417514851320000,1608,R,7735,7942,9219,10434,7735,7942,9219,10434,19181,23361,18402,22116,-63,-246,-35,-0.247059,-0.964706,-0.137255,0,63,d21200
2026-05-22T02:38:34.851+00:00,1779417514851424000,1609,R,7736,7941,9222,10443,7736,7941,9222,10443,19184,23361,18400,22115,-63,-246,-35,-0.247059,-0.964706,-0.137255,0,63,e21200
2026-05-22T02:38:34.851+00:00,1779417514851493000,1610,R,7737,7944,9223,10431,7737,7944,9223,10431,19185,23364,18403,22117,-64,-245,-35,-0.25098,-0.960784,-0.137255,0,63,f21200
2026-05-22T02:38:34.851+00:00,1779417514851559000,1611,R,7738,7945,9225,10441,7738,7945,9225,10441,19189,23367,18404,22119,-63,-243,-34,-0.247059,-0.952941,-0.133333,0,63,521250
2026-05-22T02:38:34.851+00:00,1779417514851621000,1612,R,7737,7945,9224,10439,7737,7945,9224,10439,19184,23362,18404,22120,-65,-245,-34,-0.254902,-0.960784,-0.133333,0,63,621250
2026-05-22T02:38:34.999+00:00,1779417514999506000,1613,R,7738,7946,9226,10439,7738,7946,9226,10439,19189,23365,18408,22120,-64,-244,-34,-0.25098,-0.956863,-0.133333,0,63,721250
2026-05-22T02:38:34.999+00:00,1779417514999627000,1614,R,7740,7945,9226,10441,7740,7945,9226,10441,19189,23369,18405,22123,-64,-244,-35,-0.25098,-0.956863,-0.137255,0,63,821250
2026-05-22T02:38:34.999+00:00,1779417514999706000,1615,R,7737,7948,9226,10441,7737,7948,9226,10441,19190,23367,18406,22123,-63,-244,-34,-0.247059,-0.956863,-0.133333,0,63,921250
2026-05-22T02:38:34.999+00:00,1779417514999772000,1616,R,7744,7953,9234,10453,7744,7953,9234,10453,19193,23373,18416,22134,-65,-243,-34,-0.254902,-0.952941,-0.133333,0,63,521360
2026-05-22T02:38:34.999+00:00,1779417514999835000,1617,R,7743,7943,9232,10445,7743,7943,9232,10445,19195,23374,18411,22131,-65,-243,-33,-0.254902,-0.952941,-0.129412,0,63,621360
2026-05-22T02:38:34.999+00:00,1779417514999897000,1618,R,7747,7955,9232,10453,7747,7955,9232,10453,19194,23372,18412,22134,-63,-245,-34,-0.247059,-0.960784,-0.133333,0,63,721360
2026-05-22T02:38:35.598+00:00,1779417515598185000,1619,R,7746,7957,9234,10454,7746,7957,9234,10454,19197,23374,18415,22138,-64,-244,-34,-0.25098,-0.956863,-0.133333,0,63,821360
2026-05-22T02:38:35.598+00:00,1779417515598335000,1620,R,7745,7958,9236,10458,7745,7958,9236,10458,19197,23380,18416,22139,-63,-244,-35,-0.247059,-0.956863,-0.137255,0,63,921360
2026-05-22T02:38:35.598+00:00,1779417515598420000,1621,R,7752,7961,9239,10467,7752,7961,9239,10467,19203,23382,18422,22148,-64,-244,-35,-0.25098,-0.956863,-0.137255,0,63,121430
2026-05-22T02:38:35.598+00:00,1779417515598861000,1622,R,7753,7969,9229,10475,7753,7969,9229,10475,19205,23386,18423,22150,-64,-244,-35,-0.25098,-0.956863,-0.137255,0,63,221430
2026-05-22T02:38:35.598+00:00,1779417515598957000,1623,R,7753,7962,9241,10468,7753,7962,9241,10468,19207,23382,18424,22150,-64,-243,-35,-0.25098,-0.952941,-0.137255,0,63,321430
2026-05-22T02:38:35.604+00:00,1779417515604893000,1624,R,7754,7962,9245,10471,7754,7962,9245,10471,19207,23384,18424,22150,-64,-245,-35,-0.25098,-0.960784,-0.137255,0,63,421430
2026-05-22T02:38:35.604+00:00,1779417515604982000,1625,R,7757,7964,9243,10470,7757,7964,9243,10470,19208,23385,18425,22155,-63,-244,-34,-0.247059,-0.956863,-0.133333,0,63,521430
2026-05-22T02:38:35.605+00:00,1779417515605050000,1626,R,7750,7955,9234,10452,7750,7955,9234,10452,19202,23376,18410,22133,-64,-243,-34,-0.25098,-0.952941,-0.133333,0,63,d21500
2026-05-22T02:38:35.605+00:00,1779417515605121000,1627,R,7746,7962,9238,10463,7746,7962,9238,10463,19198,23375,18408,22130,-63,-243,-34,-0.247059,-0.952941,-0.133333,0,63,e21500
2026-05-22T02:38:35.605+00:00,1779417515605183000,1628,R,7745,7950,9231,10446,7745,7950,9231,10446,19199,23376,18409,22129,-63,-243,-34,-0.247059,-0.952941,-0.133333,0,63,f21500
2026-05-22T02:38:35.752+00:00,1779417515752466000,1629,R,7746,7950,9231,10445,7746,7950,9231,10445,19194,23369,18407,22123,-64,-243,-33,-0.25098,-0.952941,-0.129412,0,63,021500
2026-05-22T02:38:35.752+00:00,1779417515752529000,1630,R,7745,7951,9230,10445,7745,7951,9230,10445,19194,23370,18408,22125,-64,-244,-34,-0.25098,-0.956863,-0.133333,0,63,121500
2026-05-22T02:38:35.752+00:00,1779417515752558000,1631,R,7744,7950,9230,10443,7744,7950,9230,10443,19192,23367,18403,22121,-62,-243,-33,-0.243137,-0.952941,-0.129412,0,63,221500
2026-05-22T02:38:35.752+00:00,1779417515752584000,1632,R,7737,7941,9223,10431,7737,7941,9223,10431,19183,23359,18400,22110,-65,-245,-34,-0.254902,-0.960784,-0.133333,0,63,921560
2026-05-22T02:38:35.752+00:00,1779417515752610000,1633,R,7733,7931,9219,10419,7733,7931,9219,10419,19182,23358,18394,22106,-65,-243,-34,-0.254902,-0.952941,-0.133333,0,63,a21560
2026-05-22T02:38:35.902+00:00,1779417515902492000,1634,R,7739,7945,9223,10433,7739,7945,9223,10433,19184,23358,18399,22108,-65,-245,-33,-0.254902,-0.960784,-0.129412,0,63,b21560
2026-05-22T02:38:35.902+00:00,1779417515902530000,1635,R,7735,7944,9222,10434,7735,7944,9222,10434,19183,23360,18399,22110,-65,-242,-33,-0.254902,-0.94902,-0.129412,0,63,c21560
2026-05-22T02:38:35.902+00:00,1779417515902547000,1636,R,7737,7945,9222,10432,7737,7945,9222,10432,19180,23359,18399,22109,-64,-242,-34,-0.25098,-0.94902,-0.133333,0,63,d21560
2026-05-22T02:38:35.902+00:00,1779417515902561000,1637,R,7732,7940,9220,10432,7732,7940,9220,10432,19179,23352,18395,22106,-64,-243,-33,-0.25098,-0.952941,-0.129412,0,63,521630
2026-05-22T02:38:35.902+00:00,1779417515902574000,1638,R,7730,7950,9209,10433,7730,7950,9209,10433,19177,23346,18392,22101,-65,-244,-33,-0.254902,-0.956863,-0.129412,0,63,621630
2026-05-22T02:38:36.052+00:00,1779417516052806000,1639,R,7736,7944,9223,10434,7736,7944,9223,10434,19178,23351,18397,22106,-64,-244,-34,-0.25098,-0.956863,-0.133333,0,63,721630
2026-05-22T02:38:36.052+00:00,1779417516052869000,1640,R,7737,7943,9223,10432,7737,7943,9223,10432,19181,23352,18394,22107,-63,-244,-34,-0.247059,-0.956863,-0.133333,0,63,821630
2026-05-22T02:38:36.052+00:00,1779417516052899000,1641,R,7733,7941,9221,10435,7733,7941,9221,10435,19177,23354,18396,22108,-61,-245,-35,-0.239216,-0.960784,-0.137255,0,63,921630
2026-05-22T02:38:36.052+00:00,1779417516052932000,1642,R,7737,7945,9222,10440,7737,7945,9222,10440,19183,23356,18397,22109,-64,-243,-35,-0.25098,-0.952941,-0.137255,0,63,121700
2026-05-22T02:38:36.052+00:00,1779417516052957000,1643,R,7736,7944,9233,10439,7736,7944,9233,10439,19182,23357,18397,22114,-65,-245,-34,-0.254902,-0.960784,-0.133333,0,63,221700
2026-05-22T02:38:36.052+00:00,1779417516052982000,1644,R,7738,7946,9224,10441,7738,7946,9224,10441,19178,23356,18397,22113,-64,-243,-35,-0.25098,-0.952941,-0.137255,0,63,321700
2026-05-22T02:38:36.202+00:00,1779417516202641000,1645,R,7740,7948,9226,10439,7740,7948,9226,10439,19179,23354,18402,22110,-63,-243,-35,-0.247059,-0.952941,-0.137255,0,63,421700
2026-05-22T02:38:36.202+00:00,1779417516202675000,1646,R,7739,7947,9228,10443,7739,7947,9228,10443,19180,23354,18401,22114,-64,-244,-35,-0.25098,-0.956863,-0.137255,0,63,521700
2026-05-22T02:38:36.202+00:00,1779417516202691000,1647,R,7742,7949,9228,10448,7742,7949,9228,10448,19186,23360,18402,22119,-63,-244,-35,-0.247059,-0.956863,-0.137255,0,63,c21760
2026-05-22T02:38:36.202+00:00,1779417516202705000,1648,R,7742,7948,9229,10450,7742,7948,9229,10450,19186,23360,18405,22121,-62,-244,-35,-0.243137,-0.956863,-0.137255,0,63,d21760
2026-05-22T02:38:36.202+00:00,1779417516202718000,1649,R,7742,7951,9230,10449,7742,7951,9230,10449,19184,23361,18399,22114,-63,-244,-35,-0.247059,-0.956863,-0.137255,0,63,e21760
2026-05-22T02:38:36.502+00:00,1779417516502345000,1650,R,7743,7949,9232,10449,7743,7949,9232,10449,19186,23364,18404,22119,-63,-244,-34,-0.247059,-0.956863,-0.133333,0,63,f21760
2026-05-22T02:38:36.502+00:00,1779417516502565000,1651,R,7743,7950,9229,10451,7743,7950,9229,10451,19188,23361,18406,22123,-62,-245,-34,-0.243137,-0.960784,-0.133333,0,63,021760
2026-05-22T02:38:36.502+00:00,1779417516502598000,1652,R,7750,7958,9237,10458,7750,7958,9237,10458,19194,23370,18409,22134,-63,-244,-34,-0.247059,-0.956863,-0.133333,0,63,821830
2026-05-22T02:38:36.502+00:00,1779417516502623000,1653,R,7750,7956,9236,10458,7750,7956,9236,10458,19193,23368,18408,22130,-63,-243,-34,-0.247059,-0.952941,-0.133333,0,63,921830
2026-05-22T02:38:36.502+00:00,1779417516502648000,1654,R,7752,7963,9230,10466,7752,7963,9230,10466,19198,23374,18408,22135,-64,-244,-34,-0.25098,-0.956863,-0.133333,0,63,a21830
2026-05-22T02:38:36.652+00:00,1779417516652960000,1655,R,7754,7956,9238,10458,7754,7956,9238,10458,19198,23371,18413,22135,-63,-245,-34,-0.247059,-0.960784,-0.133333,0,63,b21830
2026-05-22T02:38:36.653+00:00,1779417516653072000,1656,R,7750,7959,9236,10464,7750,7959,9236,10464,19195,23371,18414,22135,-64,-245,-34,-0.25098,-0.960784,-0.133333,0,63,c21830
2026-05-22T02:38:36.653+00:00,1779417516653127000,1657,R,7754,7960,9241,10462,7754,7960,9241,10462,19196,23370,18412,22140,-65,-244,-34,-0.254902,-0.956863,-0.133333,0,63,d21830
2026-05-22T02:38:36.653+00:00,1779417516653174000,1658,R,7758,7965,9244,10473,7758,7965,9244,10473,19204,23378,18418,22143,-65,-243,-33,-0.254902,-0.952941,-0.129412,0,63,421890
2026-05-22T02:38:36.653+00:00,1779417516653218000,1659,R,7756,7964,9243,10469,7756,7964,9243,10469,19204,23378,18419,22145,-64,-244,-33,-0.25098,-0.956863,-0.129412,0,63,521890
2026-05-22T02:38:36.803+00:00,1779417516803253000,1660,R,7758,7964,9248,10472,7758,7964,9248,10472,19204,23378,18421,22147,-64,-244,-34,-0.25098,-0.956863,-0.133333,0,63,621890
2026-05-22T02:38:36.803+00:00,1779417516803394000,1661,R,7756,7966,9245,10470,7756,7966,9245,10470,19204,23382,18418,22146,-63,-243,-35,-0.247059,-0.952941,-0.137255,0,63,721890
2026-05-22T02:38:36.803+00:00,1779417516803469000,1662,R,7759,7963,9244,10471,7759,7963,9244,10471,19208,23382,18418,22147,-63,-245,-35,-0.247059,-0.960784,-0.137255,0,63,821890
2026-05-22T02:38:36.803+00:00,1779417516803534000,1663,R,7749,7952,9235,10448,7749,7952,9235,10448,19196,23367,18404,22123,-61,-243,-33,-0.239216,-0.952941,-0.129412,0,63,021960
2026-05-22T02:38:36.803+00:00,1779417516803597000,1664,R,7750,7951,9235,10448,7750,7951,9235,10448,19193,23362,18404,22122,-64,-245,-34,-0.25098,-0.960784,-0.133333,0,63,121960
2026-05-22T02:38:36.803+00:00,1779417516803658000,1665,R,7747,7950,9232,10445,7747,7950,9232,10445,19195,23363,18399,22117,-63,-244,-35,-0.247059,-0.956863,-0.137255,0,63,221960
2026-05-22T02:38:36.953+00:00,1779417516953511000,1666,R,7749,7951,9231,10444,7749,7951,9231,10444,19194,23365,18398,22120,-63,-244,-34,-0.247059,-0.956863,-0.133333,0,63,321960
2026-05-22T02:38:36.953+00:00,1779417516953549000,1667,R,7746,7948,9230,10445,7746,7948,9230,10445,19194,23361,18399,22115,-62,-243,-35,-0.243137,-0.952941,-0.137255,0,63,421960
2026-05-22T02:38:36.953+00:00,1779417516953565000,1668,R,7742,7944,9228,10439,7742,7944,9228,10439,19183,23356,18392,22104,-65,-246,-34,-0.254902,-0.964706,-0.133333,0,63,b22020
2026-05-22T02:38:36.953+00:00,1779417516953578000,1669,R,7743,7945,9226,10438,7743,7945,9226,10438,19183,23350,18391,22108,-65,-244,-35,-0.254902,-0.956863,-0.137255,0,63,c22020
2026-05-22T02:38:36.953+00:00,1779417516953591000,1670,R,7742,7946,9227,10435,7742,7946,9227,10435,19184,23353,18393,22105,-64,-243,-36,-0.25098,-0.952941,-0.141176,0,63,d22020
2026-05-22T02:38:37.102+00:00,1779417517102610000,1671,R,7739,7943,9227,10436,7739,7943,9227,10436,19185,23356,18394,22105,-63,-243,-36,-0.247059,-0.952941,-0.141176,0,63,e22020
2026-05-22T02:38:37.102+00:00,1779417517102741000,1672,R,7741,7945,9227,10437,7741,7945,9227,10437,19182,23350,18395,22104,-64,-244,-36,-0.25098,-0.956863,-0.141176,0,63,f22020
2026-05-22T02:38:37.102+00:00,1779417517102815000,1673,R,7740,7944,9224,10436,7740,7944,9224,10436,19177,23345,18390,22102,-63,-244,-35,-0.247059,-0.956863,-0.137255,0,63,622080
2026-05-22T02:38:37.102+00:00,1779417517102882000,1674,R,7741,7945,9223,10436,7741,7945,9223,10436,19179,23348,18390,22100,-64,-244,-36,-0.25098,-0.956863,-0.141176,0,63,722080
2026-05-22T02:38:37.102+00:00,1779417517102945000,1675,R,7741,7944,9224,10435,7741,7944,9224,10435,19179,23347,18389,22099,-63,-245,-36,-0.247059,-0.960784,-0.141176,0,63,822080
2026-05-22T02:38:37.252+00:00,1779417517252606000,1676,R,7741,7944,9223,10436,7741,7944,9223,10436,19180,23345,18387,22101,-62,-244,-36,-0.243137,-0.956863,-0.141176,0,63,922080
2026-05-22T02:38:37.252+00:00,1779417517252748000,1677,R,7740,7941,9225,10437,7740,7941,9225,10437,19175,23340,18394,22102,-62,-244,-36,-0.243137,-0.956863,-0.141176,0,63,a22080
2026-05-22T02:38:37.252+00:00,1779417517252825000,1678,R,7743,7948,9229,10440,7743,7948,9229,10440,19178,23354,18397,22109,-63,-243,-35,-0.247059,-0.952941,-0.137255,0,63,222150
2026-05-22T02:38:37.252+00:00,1779417517252893000,1679,R,7742,7947,9226,10441,7742,7947,9226,10441,19182,23349,18397,22111,-63,-244,-36,-0.247059,-0.956863,-0.141176,0,63,322150
2026-05-22T02:38:37.252+00:00,1779417517252965000,1680,R,7740,7948,9226,10442,7740,7948,9226,10442,19182,23352,18395,22108,-62,-244,-36,-0.243137,-0.956863,-0.141176,0,63,422150
2026-05-22T02:38:37.403+00:00,1779417517403173000,1681,R,7744,7949,9227,10443,7744,7949,9227,10443,19182,23350,18397,22111,-63,-245,-36,-0.247059,-0.960784,-0.141176,0,63,522150
2026-05-22T02:38:37.403+00:00,1779417517403299000,1682,R,7746,7951,9229,10445,7746,7951,9229,10445,19183,23352,18398,22109,-64,-245,-36,-0.25098,-0.960784,-0.141176,0,63,622150
2026-05-22T02:38:37.403+00:00,1779417517403372000,1683,R,7742,7950,9231,10444,7742,7950,9231,10444,19181,23353,18398,22115,-63,-244,-36,-0.247059,-0.956863,-0.141176,0,63,722150
2026-05-22T02:38:37.403+00:00,1779417517403440000,1684,R,7747,7954,9235,10450,7747,7954,9235,10450,19183,23355,18400,22116,-64,-243,-34,-0.25098,-0.952941,-0.133333,0,63,d22200
2026-05-22T02:38:37.403+00:00,1779417517403504000,1685,R,7746,7950,9232,10448,7746,7950,9232,10448,19188,23357,18405,22119,-62,-244,-34,-0.243137,-0.956863,-0.133333,0,63,e22200
2026-05-22T02:38:37.552+00:00,1779417517552597000,1686,R,7749,7956,9233,10450,7749,7956,9233,10450,19187,23357,18402,22121,-64,-243,-34,-0.25098,-0.952941,-0.133333,0,63,f22200
2026-05-22T02:38:37.552+00:00,1779417517552636000,1687,R,7748,7953,9233,10451,7748,7953,9233,10451,19186,23358,18404,22120,-63,-244,-34,-0.247059,-0.956863,-0.133333,0,63,022200
2026-05-22T02:38:37.552+00:00,1779417517552653000,1688,R,7747,7952,9234,10452,7747,7952,9234,10452,19184,23358,18401,22117,-62,-243,-34,-0.243137,-0.952941,-0.133333,0,63,122200
2026-05-22T02:38:37.552+00:00,1779417517552666000,1689,R,7751,7955,9236,10460,7751,7955,9236,10460,19194,23363,18409,22127,-64,-245,-35,-0.25098,-0.960784,-0.137255,0,63,822260
2026-05-22T02:38:37.552+00:00,1779417517552679000,1690,R,7751,7959,9237,10462,7751,7959,9237,10462,19192,23362,18410,22129,-63,-245,-35,-0.247059,-0.960784,-0.137255,0,63,922260
2026-05-22T02:38:37.552+00:00,1779417517552692000,1691,R,7754,7959,9239,10463,7754,7959,9239,10463,19195,23368,18407,22132,-63,-244,-35,-0.247059,-0.956863,-0.137255,0,63,a22260
2026-05-22T02:38:37.702+00:00,1779417517702054000,1692,R,7755,7958,9240,10464,7755,7958,9240,10464,19194,23367,18407,22132,-63,-244,-35,-0.247059,-0.956863,-0.137255,0,63,b22260
2026-05-22T02:38:37.702+00:00,1779417517702086000,1693,R,7752,7960,9240,10464,7752,7960,9240,10464,19197,23367,18409,22131,-63,-244,-36,-0.247059,-0.956863,-0.141176,0,63,c22260
2026-05-22T02:38:37.702+00:00,1779417517702101000,1694,R,7752,7952,9234,10449,7752,7952,9234,10449,19191,23362,18399,22115,-62,-244,-36,-0.243137,-0.956863,-0.141176,0,63,822370
2026-05-22T02:38:37.702+00:00,1779417517702115000,1695,R,7750,7938,9233,10448,7750,7938,9233,10448,19190,23359,18400,22114,-63,-243,-35,-0.247059,-0.952941,-0.137255,0,63,922370
2026-05-22T02:38:37.702+00:00,1779417517702128000,1696,R,7749,7951,9233,10446,7749,7951,9233,10446,19188,23355,18396,22110,-63,-243,-35,-0.247059,-0.952941,-0.137255,0,63,a22370
2026-05-22T02:38:37.852+00:00,1779417517852033000,1697,R,7750,7950,9231,10443,7750,7950,9231,10443,19187,23355,18394,22108,-63,-244,-35,-0.247059,-0.956863,-0.137255,0,63,b22370
2026-05-22T02:38:37.852+00:00,1779417517852060000,1698,R,7749,7950,9231,10442,7749,7950,9231,10442,19183,23351,18391,22109,-62,-244,-35,-0.243137,-0.956863,-0.137255,0,63,c22370
2026-05-22T02:38:37.852+00:00,1779417517852074000,1699,R,7740,7944,9223,10431,7740,7944,9223,10431,19175,23340,18389,22098,-63,-245,-35,-0.247059,-0.960784,-0.137255,0,63,422440
2026-05-22T02:38:37.852+00:00,1779417517852087000,1700,R,7739,7934,9214,10418,7739,7934,9214,10418,19172,23340,18384,22096,-64,-245,-36,-0.25098,-0.960784,-0.141176,0,63,522440
2026-05-22T02:38:37.852+00:00,1779417517852101000,1701,R,7740,7943,9221,10430,7740,7943,9221,10430,19177,23342,18387,22093,-65,-245,-36,-0.254902,-0.960784,-0.141176,0,63,622440
2026-05-22T02:38:38.003+00:00,1779417518003142000,1702,R,7738,7943,9223,10431,7738,7943,9223,10431,19173,23340,18387,22093,-64,-244,-34,-0.25098,-0.956863,-0.133333,0,63,722440
2026-05-22T02:38:38.003+00:00,1779417518003269000,1703,R,7738,7939,9222,10431,7738,7939,9222,10431,19173,23340,18385,22092,-63,-242,-35,-0.247059,-0.94902,-0.137255,0,63,822440
2026-05-22T02:38:38.003+00:00,1779417518003342000,1704,R,7739,7942,9221,10428,7739,7942,9221,10428,19169,23335,18384,22089,-62,-243,-35,-0.243137,-0.952941,-0.137255,0,63,e22490
2026-05-22T02:38:38.003+00:00,1779417518003406000,1705,R,7738,7941,9220,10428,7738,7941,9220,10428,19170,23334,18383,22091,-62,-244,-35,-0.243137,-0.956863,-0.137255,0,63,f22490
2026-05-22T02:38:38.003+00:00,1779417518003469000,1706,R,7738,7941,9220,10429,7738,7941,9220,10429,19170,23340,18384,22089,-62,-243,-35,-0.243137,-0.952941,-0.137255,0,63,022490
2026-05-22T02:38:38.152+00:00,1779417518152699000,1707,R,7729,7945,9206,10434,7729,7945,9206,10434,19170,23336,18385,22091,-63,-245,-35,-0.247059,-0.960784,-0.137255,0,63,122490
2026-05-22T02:38:38.152+00:00,1779417518152839000,1708,R,7738,7941,9220,10428,7738,7941,9220,10428,19176,23338,18386,22091,-61,-244,-35,-0.239216,-0.956863,-0.137255,0,63,222490
2026-05-22T02:38:38.152+00:00,1779417518152915000,1709,R,7739,7942,9222,10429,7739,7942,9222,10429,19174,23337,18383,22092,-63,-244,-35,-0.247059,-0.956863,-0.137255,0,63,322490
2026-05-22T02:38:38.152+00:00,1779417518152988000,1710,R,7742,7936,9223,10432,7742,7936,9223,10432,19177,23335,18372,22097,-38,-250,-46,-0.14902,-0.980392,-0.180392,0,63,c22570
2026-05-22T02:38:38.153+00:00,1779417518153053000,1711,R,7744,7927,9228,10435,7744,7927,9228,10435,19184,23334,18373,22096,-41,-255,-42,-0.160784,-1.0,-0.164706,0,63,d22570
2026-05-22T02:38:38.302+00:00,1779417518302635000,1712,R,7744,7939,9224,10434,7744,7939,9224,10434,19181,23331,18374,22097,-39,-253,-44,-0.152941,-0.992157,-0.172549,0,63,e22570
2026-05-22T02:38:38.302+00:00,1779417518302770000,1713,R,7746,7938,9223,10434,7746,7938,9223,10434,19181,23336,18372,22099,-38,-248,-46,-0.14902,-0.972549,-0.180392,0,63,f22570
2026-05-22T02:38:38.302+00:00,1779417518302864000,1714,R,7748,7936,9222,10433,7748,7936,9222,10433,19182,23338,18372,22098,-36,-247,-49,-0.141176,-0.968627,-0.192157,0,63,022570
2026-05-22T02:38:38.302+00:00,1779417518302930000,1715,R,7748,7939,9229,10438,7748,7939,9229,10438,19182,23344,18376,22102,-63,-240,-42,-0.247059,-0.941176,-0.164706,0,63,622620
2026-05-22T02:38:38.302+00:00,1779417518302993000,1716,R,7747,7942,9231,10436,7747,7942,9231,10436,19185,23347,18376,22105,-69,-241,-40,-0.270588,-0.945098,-0.156863,0,63,722620
2026-05-22T02:38:38.303+00:00,1779417518303056000,1717,R,7746,7943,9232,10441,7746,7943,9232,10441,19184,23348,18379,22103,-70,-238,-42,-0.27451,-0.933333,-0.164706,0,63,822620
2026-05-22T02:38:38.452+00:00,1779417518452420000,1718,R,7750,7932,9224,10427,7750,7932,9224,10427,19186,23349,18381,22101,-74,-235,-40,-0.290196,-0.921569,-0.156863,0,63,922620
2026-05-22T02:38:38.452+00:00,1779417518452527000,1719,R,7747,7943,9231,10440,7747,7943,9231,10440,19183,23352,18375,22100,-81,-235,-39,-0.317647,-0.921569,-0.152941,0,63,a22620
2026-05-22T02:38:38.452+00:00,1779417518452608000,1720,R,7750,7954,9243,10452,7750,7954,9243,10452,19185,23376,18393,22112,-100,-231,-35,-0.392157,-0.905882,-0.137255,0,63,422710
2026-05-22T02:38:38.452+00:00,1779417518452674000,1721,R,7747,7958,9230,10452,7747,7958,9230,10452,19183,23371,18390,22111,-97,-229,-36,-0.380392,-0.898039,-0.141176,0,63,522710
2026-05-22T02:38:38.452+00:00,1779417518452737000,1722,R,7750,7953,9244,10453,7750,7953,9244,10453,19185,23379,18392,22117,-98,-232,-35,-0.384314,-0.909804,-0.137255,0,63,622710
2026-05-22T02:38:38.602+00:00,1779417518602629000,1723,R,7754,7955,9246,10455,7754,7955,9246,10455,19186,23378,18395,22114,-99,-234,-36,-0.388235,-0.917647,-0.141176,0,63,722710
2026-05-22T02:38:38.602+00:00,1779417518602754000,1724,R,7753,7957,9248,10458,7753,7957,9248,10458,19183,23377,18394,22121,-99,-234,-36,-0.388235,-0.917647,-0.141176,0,63,822710
2026-05-22T02:38:38.602+00:00,1779417518602826000,1725,R,7757,7958,9251,10468,7757,7958,9251,10468,19193,23387,18397,22131,-92,-242,-41,-0.360784,-0.94902,-0.160784,0,63,022780
2026-05-22T02:38:38.603+00:00,1779417518603074000,1726,R,7756,7958,9256,10466,7756,7958,9256,10466,19194,23385,18397,22135,-92,-240,-42,-0.360784,-0.941176,-0.164706,0,63,122780
2026-05-22T02:38:38.603+00:00,1779417518603145000,1727,R,7755,7957,9245,10461,7755,7957,9245,10461,19192,23382,18393,22128,-89,-236,-43,-0.34902,-0.92549,-0.168627,0,63,222780
2026-05-22T02:38:38.752+00:00,1779417518752801000,1728,R,7757,7954,9248,10457,7757,7954,9248,10457,19190,23386,18388,22125,-89,-235,-43,-0.34902,-0.921569,-0.168627,0,63,322780
2026-05-22T02:38:38.752+00:00,1779417518752937000,1729,R,7753,7952,9247,10456,7753,7952,9247,10456,19185,23381,18386,22120,-88,-238,-43,-0.345098,-0.933333,-0.168627,0,63,422780
2026-05-22T02:38:38.753+00:00,1779417518753013000,1730,R,7750,7941,9239,10439,7750,7941,9239,10439,19188,23370,18374,22105,-85,-233,-43,-0.333333,-0.913725,-0.168627,0,63,c22850
2026-05-22T02:38:38.753+00:00,1779417518753080000,1731,R,7753,7940,9239,10437,7753,7940,9239,10437,19187,23370,18364,22096,-87,-234,-43,-0.341176,-0.917647,-0.168627,0,63,d22850
2026-05-22T02:38:38.753+00:00,1779417518753144000,1732,R,7754,7940,9238,10435,7754,7940,9238,10435,19189,23363,18366,22098,-90,-236,-43,-0.352941,-0.92549,-0.168627,0,63,e22850
2026-05-22T02:38:38.902+00:00,1779417518902561000,1733,R,7754,7940,9239,10437,7754,7940,9239,10437,19192,23365,18367,22098,-88,-237,-43,-0.345098,-0.929412,-0.168627,0,63,f22850
2026-05-22T02:38:38.902+00:00,1779417518902686000,1734,R,7758,7936,9237,10434,7758,7936,9237,10434,19192,23363,18363,22097,-87,-236,-44,-0.341176,-0.92549,-0.172549,0,63,022850
2026-05-22T02:38:38.902+00:00,1779417518902760000,1735,R,7756,7935,9237,10434,7756,7935,9237,10434,19197,23358,18362,22101,-85,-238,-44,-0.333333,-0.933333,-0.172549,0,63,122850
2026-05-22T02:38:38.902+00:00,1779417518902829000,1736,R,7756,7930,9237,10434,7756,7930,9237,10434,19199,23359,18351,22098,-90,-236,-44,-0.352941,-0.92549,-0.172549,0,63,622890
2026-05-22T02:38:38.902+00:00,1779417518902894000,1737,R,7757,7930,9238,10432,7757,7930,9238,10432,19201,23364,18350,22094,-93,-235,-42,-0.364706,-0.921569,-0.164706,0,63,722890
2026-05-22T02:38:39.198+00:00,1779417519198165000,1738,R,7759,7929,9238,10431,7759,7929,9238,10431,19194,23362,18349,22094,-98,-234,-42,-0.384314,-0.917647,-0.164706,0,63,822890
2026-05-22T02:38:39.198+00:00,1779417519198302000,1739,R,7746,7930,9226,10429,7746,7930,9226,10429,19196,23361,18343,22088,-99,-233,-41,-0.388235,-0.913725,-0.160784,0,63,922890
2026-05-22T02:38:39.198+00:00,1779417519198378000,1740,R,7758,7930,9240,10428,7758,7930,9240,10428,19197,23366,18348,22095,-103,-233,-39,-0.403922,-0.913725,-0.152941,0,63,a22890
2026-05-22T02:38:39.198+00:00,1779417519198479000,1741,R,7754,7930,9241,10428,7754,7930,9241,10428,19190,23369,18346,22082,-94,-235,-43,-0.368627,-0.921569,-0.168627,0,63,322970
2026-05-22T02:38:39.198+00:00,1779417519198545000,1742,R,7753,7930,9240,10425,7753,7930,9240,10425,19193,23365,18349,22080,-95,-235,-42,-0.372549,-0.921569,-0.164706,0,63,422970
2026-05-22T02:38:39.198+00:00,1779417519198624000,1743,R,7754,7929,9240,10424,7754,7929,9240,10424,19193,23366,18350,22081,-99,-232,-41,-0.388235,-0.909804,-0.160784,0,63,522970
2026-05-22T02:38:39.204+00:00,1779417519204877000,1744,R,7757,7934,9239,10426,7757,7934,9239,10426,19194,23374,18354,22079,-95,-232,-41,-0.372549,-0.909804,-0.160784,0,63,622970
2026-05-22T02:38:39.204+00:00,1779417519204973000,1745,R,7757,7935,9242,10426,7757,7935,9242,10426,19199,23370,18357,22079,-99,-229,-41,-0.388235,-0.898039,-0.160784,0,63,722970
2026-05-22T02:38:39.205+00:00,1779417519205045000,1746,R,7763,7947,9248,10435,7763,7947,9248,10435,19220,23375,18371,22080,-101,-227,-42,-0.396078,-0.890196,-0.164706,0,63,e23030
2026-05-22T02:38:39.205+00:00,1779417519205112000,1747,R,7761,7945,9247,10436,7761,7945,9247,10436,19221,23378,18373,22080,-100,-226,-44,-0.392157,-0.886275,-0.172549,0,63,f23030
2026-05-22T02:38:39.205+00:00,1779417519205176000,1748,R,7764,7950,9250,10436,7764,7950,9250,10436,19215,23379,18374,22082,-99,-231,-42,-0.388235,-0.905882,-0.164706,0,63,023030
2026-05-22T02:38:39.353+00:00,1779417519353568000,1749,R,7760,7954,9242,10441,7760,7954,9242,10441,19210,23378,18372,22079,-95,-232,-42,-0.372549,-0.909804,-0.164706,0,63,123030
2026-05-22T02:38:39.353+00:00,1779417519353688000,1750,R,7755,7952,9248,10439,7755,7952,9248,10439,19207,23382,18381,22080,-91,-234,-43,-0.356863,-0.917647,-0.168627,0,63,223030
2026-05-22T02:38:39.353+00:00,1779417519353760000,1751,R,7729,7959,9245,10458,7729,7959,9245,10458,19147,23395,18393,22108,-93,-235,-39,-0.364706,-0.921569,-0.152941,0,63,a23100
2026-05-22T02:38:39.353+00:00,1779417519353826000,1752,R,7729,7958,9246,10459,7729,7958,9246,10459,19149,23396,18389,22111,-93,-231,-41,-0.364706,-0.905882,-0.160784,0,63,b23100
2026-05-22T02:38:39.353+00:00,1779417519353892000,1753,R,7735,7957,9252,10458,7735,7957,9252,10458,19151,23396,18385,22108,-98,-231,-41,-0.384314,-0.905882,-0.160784,0,63,c23100
2026-05-22T02:38:39.503+00:00,1779417519503105000,1754,R,7740,7957,9251,10459,7740,7957,9251,10459,19158,23395,18384,22115,-99,-234,-38,-0.388235,-0.917647,-0.14902,0,63,d23100
2026-05-22T02:38:39.503+00:00,1779417519503227000,1755,R,7745,7957,9255,10461,7745,7957,9255,10461,19163,23394,18382,22116,-100,-233,-39,-0.392157,-0.913725,-0.152941,0,63,e23100
2026-05-22T02:38:39.503+00:00,1779417519503300000,1756,R,7750,7955,9253,10461,7750,7955,9253,10461,19173,23391,18379,22118,-100,-231,-41,-0.392157,-0.905882,-0.160784,0,63,f23100
2026-05-22T02:38:39.503+00:00,1779417519503365000,1757,R,7767,7936,9256,10451,7767,7936,9256,10451,19212,23389,18356,22117,-95,-231,-42,-0.372549,-0.905882,-0.164706,0,63,723170
2026-05-22T02:38:39.503+00:00,1779417519503429000,1758,R,7767,7937,9255,10449,7767,7937,9255,10449,19207,23391,18352,22114,-94,-231,-41,-0.368627,-0.905882,-0.160784,0,63,823170
2026-05-22T02:38:39.653+00:00,1779417519653576000,1759,R,7764,7935,9252,10446,7764,7935,9252,10446,19205,23384,18350,22112,-94,-232,-40,-0.368627,-0.909804,-0.156863,0,63,923170
2026-05-22T02:38:39.653+00:00,1779417519653613000,1760,R,7764,7936,9251,10444,7764,7936,9251,10444,19205,23390,18353,22108,-95,-233,-40,-0.372549,-0.913725,-0.156863,0,63,a23170
2026-05-22T02:38:39.653+00:00,1779417519653629000,1761,R,7763,7936,9254,10443,7763,7936,9254,10443,19202,23387,18348,22104,-99,-233,-39,-0.388235,-0.913725,-0.152941,0,63,b23170
2026-05-22T02:38:39.653+00:00,1779417519653643000,1762,R,7755,7932,9247,10435,7755,7932,9247,10435,19194,23381,18348,22095,-114,-233,-33,-0.447059,-0.913725,-0.129412,0,63,323240
2026-05-22T02:38:39.653+00:00,1779417519653656000,1763,R,7755,7932,9246,10430,7755,7932,9246,10430,19190,23383,18352,22094,-120,-233,-32,-0.470588,-0.913725,-0.12549,0,63,423240
2026-05-22T02:38:39.803+00:00,1779417519803159000,1764,R,7752,7931,9246,10432,7752,7931,9246,10432,19188,23382,18354,22092,-129,-231,-29,-0.505882,-0.905882,-0.113725,0,63,523240
2026-05-22T02:38:39.803+00:00,1779417519803282000,1765,R,7752,7934,9245,10432,7752,7934,9245,10432,19193,23383,18353,22093,-140,-225,-30,-0.54902,-0.882353,-0.117647,0,63,623240
2026-05-22T02:38:39.803+00:00,1779417519803356000,1766,R,7752,7932,9247,10429,7752,7932,9247,10429,19188,23386,18360,22095,-138,-219,-28,-0.541176,-0.858824,-0.109804,0,63,723240
2026-05-22T02:38:39.803+00:00,1779417519803423000,1767,R,7749,7929,9244,10429,7749,7929,9244,10429,19186,23374,18354,22090,-106,-222,-50,-0.415686,-0.870588,-0.196078,0,63,f23310
2026-05-22T02:38:39.803+00:00,1779417519803486000,1768,R,7748,7929,9239,10430,7748,7929,9239,10430,19190,23370,18353,22091,-95,-220,-57,-0.372549,-0.862745,-0.223529,0,63,023310
2026-05-22T02:38:39.803+00:00,1779417519803549000,1769,R,7750,7927,9239,10425,7750,7927,9239,10425,19188,23368,18352,22089,-92,-222,-59,-0.360784,-0.870588,-0.231373,0,63,123310
2026-05-22T02:38:40.104+00:00,1779417520104389000,1770,R,7753,7929,9240,10431,7753,7929,9240,10431,19194,23368,18350,22086,-89,-225,-59,-0.34902,-0.882353,-0.231373,0,63,223310
2026-05-22T02:38:40.104+00:00,1779417520104547000,1771,R,7754,7931,9239,10429,7754,7931,9239,10429,19196,23365,18349,22088,-88,-226,-59,-0.345098,-0.886275,-0.231373,0,63,323310
2026-05-22T02:38:40.104+00:00,1779417520104835000,1772,R,7746,7936,9236,10434,7746,7936,9236,10434,19186,23362,18364,22098,-58,-240,-65,-0.227451,-0.941176,-0.254902,0,63,b23380
2026-05-22T02:38:40.104+00:00,1779417520104912000,1773,R,7746,7937,9236,10437,7746,7937,9236,10437,19189,23363,18366,22095,-55,-242,-65,-0.215686,-0.94902,-0.254902,0,63,c23380
2026-05-22T02:38:40.104+00:00,1779417520104976000,1774,R,7746,7936,9236,10437,7746,7936,9236,10437,19182,23361,18367,22093,-53,-241,-64,-0.207843,-0.945098,-0.25098,0,63,d23380
2026-05-22T02:38:40.254+00:00,1779417520254220000,1775,R,7746,7943,9236,10438,7746,7943,9236,10438,19189,23361,18370,22095,-53,-245,-60,-0.207843,-0.960784,-0.235294,0,63,e23380
2026-05-22T02:38:40.254+00:00,1779417520254364000,1776,R,7748,7946,9236,10439,7748,7946,9236,10439,19188,23364,18375,22097,-54,-249,-59,-0.211765,-0.976471,-0.231373,0,63,f23380
2026-05-22T02:38:40.254+00:00,1779417520254440000,1777,R,7750,7965,9245,10449,7750,7965,9245,10449,19198,23377,18412,22105,-61,-243,-56,-0.239216,-0.952941,-0.219608,0,63,723450
2026-05-22T02:38:40.254+00:00,1779417520254506000,1778,R,7752,7961,9247,10456,7752,7961,9247,10456,19205,23379,18412,22108,-71,-241,-51,-0.278431,-0.945098,-0.2,0,63,823450
2026-05-22T02:38:40.254+00:00,1779417520254568000,1779,R,7753,7971,9248,10456,7753,7971,9248,10456,19203,23379,18421,22108,-74,-245,-52,-0.290196,-0.960784,-0.203922,0,63,923450
2026-05-22T02:38:40.402+00:00,1779417520402791000,1780,R,7755,7976,9250,10460,7755,7976,9250,10460,19208,23381,18427,22115,-69,-250,-50,-0.270588,-0.980392,-0.196078,0,63,a23450
2026-05-22T02:38:40.402+00:00,1779417520402828000,1781,R,7761,7980,9250,10464,7761,7980,9250,10464,19216,23383,18433,22112,-60,-242,-56,-0.235294,-0.94902,-0.219608,0,63,b23450
2026-05-22T02:38:40.402+00:00,1779417520402845000,1782,R,7765,7980,9252,10465,7765,7980,9252,10465,19220,23379,18430,22114,-58,-244,-55,-0.227451,-0.956863,-0.215686,0,63,c23450
2026-05-22T02:38:40.402+00:00,1779417520402858000,1783,R,7792,7976,9254,10480,7792,7976,9254,10480,19277,23360,18432,22153,-61,-246,-45,-0.239216,-0.964706,-0.176471,0,63,323510
2026-05-22T02:38:40.402+00:00,1779417520402871000,1784,R,7787,7970,9244,10471,7787,7970,9244,10471,19273,23360,18427,22149,-65,-247,-44,-0.254902,-0.968627,-0.172549,0,63,423510
2026-05-22T02:38:40.554+00:00,1779417520554893000,1785,R,7774,7970,9244,10471,7774,7970,9244,10471,19245,23355,18420,22142,-60,-254,-40,-0.235294,-0.996078,-0.156863,0,63,523510
2026-05-22T02:38:40.555+00:00,1779417520555026000,1786,R,7761,7965,9238,10463,7761,7965,9238,10463,19221,23357,18423,22139,-60,-257,-38,-0.235294,-1.007843,-0.14902,0,63,623510
2026-05-22T02:38:40.555+00:00,1779417520555101000,1787,R,7745,7959,9235,10455,7745,7959,9235,10455,19196,23358,18419,22134,-58,-250,-38,-0.227451,-0.980392,-0.14902,0,63,723510
2026-05-22T02:38:40.555+00:00,1779417520555168000,1788,R,7743,7956,9247,10455,7743,7956,9247,10455,19172,23380,18412,22122,-68,-242,-28,-0.266667,-0.94902,-0.109804,0,63,f23580
2026-05-22T02:38:40.555+00:00,1779417520555231000,1789,R,7743,7956,9243,10453,7743,7956,9243,10453,19181,23382,18409,22120,-67,-241,-27,-0.262745,-0.945098,-0.105882,0,63,023580
2026-05-22T02:38:40.555+00:00,1779417520555293000,1790,R,7743,7954,9248,10451,7743,7954,9248,10451,19181,23380,18410,22121,-66,-241,-27,-0.258824,-0.945098,-0.105882,0,63,123580
2026-05-22T02:38:40.702+00:00,1779417520702625000,1791,R,7747,7953,9248,10452,7747,7953,9248,10452,19183,23382,18407,22121,-65,-242,-26,-0.254902,-0.94902,-0.101961,0,63,223580
2026-05-22T02:38:40.702+00:00,1779417520702752000,1792,R,7747,7952,9246,10452,7747,7952,9246,10452,19183,23380,18405,22123,-64,-243,-26,-0.25098,-0.952941,-0.101961,0,63,323580
2026-05-22T02:38:40.702+00:00,1779417520702845000,1793,R,7751,7955,9252,10455,7751,7955,9252,10455,19192,23382,18409,22131,-63,-243,-23,-0.247059,-0.952941,-0.090196,0,63,b23650
2026-05-22T02:38:40.702+00:00,1779417520702914000,1794,R,7758,7950,9260,10460,7758,7950,9260,10460,19194,23382,18411,22130,-64,-243,-23,-0.25098,-0.952941,-0.090196,0,63,c23650
2026-05-22T02:38:40.702+00:00,1779417520702977000,1795,R,7751,7954,9250,10456,7751,7954,9250,10456,19195,23386,18409,22126,-64,-242,-22,-0.25098,-0.94902,-0.086275,0,63,d23650
2026-05-22T02:38:40.999+00:00,1779417520999908000,1796,R,7753,7955,9252,10455,7753,7955,9252,10455,19190,23385,18409,22131,-64,-242,-21,-0.25098,-0.94902,-0.082353,0,63,e23650
2026-05-22T02:38:40.999+00:00,1779417520999940000,1797,R,7751,7951,9252,10459,7751,7951,9252,10459,19189,23392,18411,22130,-62,-241,-21,-0.243137,-0.945098,-0.082353,0,63,f23650
2026-05-22T02:38:40.999+00:00,1779417520999956000,1798,R,7753,7956,9256,10461,7753,7956,9256,10461,19196,23392,18408,22134,-63,-244,-24,-0.247059,-0.956863,-0.094118,0,63,723720
2026-05-22T02:38:40.999+00:00,1779417520999970000,1799,R,7756,7952,9251,10453,7756,7952,9251,10453,19194,23395,18415,22137,-63,-246,-23,-0.247059,-0.964706,-0.090196,0,63,823720
2026-05-22T02:38:40.999+00:00,1779417520999983000,1800,R,7756,7954,9255,10460,7756,7954,9255,10460,19196,23395,18413,22136,-64,-246,-23,-0.25098,-0.964706,-0.090196,0,63,923720
2026-05-22T02:38:41.149+00:00,1779417521149698000,1801,R,7755,7954,9257,10465,7755,7954,9257,10465,19197,23393,18410,22143,-63,-246,-23,-0.247059,-0.964706,-0.090196,0,62,a23720
2026-05-22T02:38:41.149+00:00,1779417521149838000,1802,R,7753,7955,9257,10464,7753,7955,9257,10464,19199,23394,18413,22140,-64,-246,-23,-0.25098,-0.964706,-0.090196,0,62,b23720
2026-05-22T02:38:41.149+00:00,1779417521149911000,1803,R,7757,7960,9257,10468,7757,7960,9257,10468,19202,23396,18419,22148,-64,-245,-23,-0.25098,-0.960784,-0.090196,0,62,223780
2026-05-22T02:38:41.149+00:00,1779417521149976000,1804,R,7757,7961,9258,10469,7757,7961,9258,10469,19202,23401,18420,22145,-65,-245,-23,-0.254902,-0.960784,-0.090196,0,62,323780
2026-05-22T02:38:41.150+00:00,1779417521150040000,1805,R,7756,7964,9253,10470,7756,7964,9253,10470,19207,23401,18421,22148,-65,-243,-24,-0.254902,-0.952941,-0.094118,0,62,423780
2026-05-22T02:38:41.300+00:00,1779417521300397000,1806,R,7756,7964,9255,10473,7756,7964,9255,10473,19203,23400,18422,22149,-64,-243,-24,-0.25098,-0.952941,-0.094118,0,62,523780
2026-05-22T02:38:41.300+00:00,1779417521300527000,1807,R,7757,7965,9257,10471,7757,7965,9257,10471,19203,23396,18422,22149,-64,-241,-24,-0.25098,-0.945098,-0.094118,0,62,623780
2026-05-22T02:38:41.300+00:00,1779417521300599000,1808,R,7758,7964,9259,10473,7758,7964,9259,10473,19205,23402,18424,22151,-63,-242,-25,-0.247059,-0.94902,-0.098039,0,62,723780
2026-05-22T02:38:41.300+00:00,1779417521300665000,1809,R,7756,7971,9259,10480,7756,7971,9259,10480,19201,23402,18439,22162,-62,-249,-24,-0.243137,-0.976471,-0.094118,0,62,f23850
2026-05-22T02:38:41.300+00:00,1779417521300730000,1810,R,7758,7973,9262,10483,7758,7973,9262,10483,19202,23402,18438,22168,-63,-247,-24,-0.247059,-0.968627,-0.094118,0,62,023850
2026-05-22T02:38:41.449+00:00,1779417521449900000,1811,R,7760,7973,9263,10484,7760,7973,9263,10484,19202,23406,18438,22165,-63,-246,-24,-0.247059,-0.964706,-0.094118,0,62,123850
2026-05-22T02:38:41.450+00:00,1779417521450037000,1812,R,7758,7973,9260,10485,7758,7973,9260,10485,19205,23405,18439,22165,-64,-245,-23,-0.25098,-0.960784,-0.090196,0,62,223850
2026-05-22T02:38:41.450+00:00,1779417521450109000,1813,R,7757,7973,9261,10485,7757,7973,9261,10485,19202,23403,18442,22168,-65,-244,-22,-0.254902,-0.956863,-0.086275,0,62,323850
2026-05-22T02:38:41.450+00:00,1779417521450190000,1814,R,7753,7967,9252,10474,7753,7967,9252,10474,19201,23403,18432,22159,-63,-242,-19,-0.247059,-0.94902,-0.07451,0,62,923900
2026-05-22T02:38:41.450+00:00,1779417521450254000,1815,R,7751,7968,9254,10470,7751,7968,9254,10470,19197,23402,18430,22155,-65,-242,-19,-0.254902,-0.94902,-0.07451,0,62,a23900
2026-05-22T02:38:41.450+00:00,1779417521450315000,1816,R,7750,7964,9252,10467,7750,7964,9252,10467,19192,23398,18432,22151,-66,-244,-19,-0.258824,-0.956863,-0.07451,0,62,b23900
2026-05-22T02:38:41.600+00:00,1779417521600458000,1817,R,7751,7966,9251,10465,7751,7966,9251,10465,19194,23394,18433,22151,-66,-246,-20,-0.258824,-0.964706,-0.078431,0,62,c23900
2026-05-22T02:38:41.600+00:00,1779417521600587000,1818,R,7749,7967,9249,10467,7749,7967,9249,10467,19188,23391,18430,22147,-65,-247,-18,-0.254902,-0.968627,-0.070588,0,62,d23900
2026-05-22T02:38:41.600+00:00,1779417521600660000,1819,R,7724,7962,9227,10448,7724,7962,9227,10448,19153,23364,18432,22126,-66,-250,-19,-0.258824,-0.980392,-0.07451,0,62,623980
2026-05-22T02:38:41.600+00:00,1779417521600726000,1820,R,7723,7962,9228,10447,7723,7962,9228,10447,19144,23358,18436,22124,-68,-248,-19,-0.266667,-0.972549,-0.07451,0,62,723980
2026-05-22T02:38:41.600+00:00,1779417521600788000,1821,R,7718,7960,9224,10444,7718,7960,9224,10444,19144,23355,18437,22125,-69,-245,-18,-0.270588,-0.960784,-0.070588,0,62,823980
2026-05-22T02:38:41.749+00:00,1779417521749121000,1822,R,7716,7960,9220,10442,7716,7960,9220,10442,19137,23349,18439,22122,-68,-244,-18,-0.266667,-0.956863,-0.070588,0,62,923980
2026-05-22T02:38:41.749+00:00,1779417521749160000,1823,R,7716,7964,9222,10444,7716,7964,9222,10444,19135,23347,18439,22119,-68,-242,-18,-0.266667,-0.94902,-0.070588,0,62,a23980
2026-05-22T02:38:41.749+00:00,1779417521749176000,1824,R,7695,7969,9214,10446,7695,7969,9214,10446,19113,23350,18453,22122,-68,-246,-19,-0.266667,-0.964706,-0.07451,0,62,124040
2026-05-22T02:38:41.749+00:00,1779417521749190000,1825,R,7696,7970,9216,10448,7696,7970,9216,10448,19108,23351,18453,22125,-65,-246,-21,-0.254902,-0.964706,-0.082353,0,62,224040
2026-05-22T02:38:41.749+00:00,1779417521749204000,1826,R,7694,7971,9216,10449,7694,7971,9216,10449,19103,23356,18458,22126,-65,-243,-21,-0.254902,-0.952941,-0.082353,0,62,324040
2026-05-22T02:38:41.901+00:00,1779417521901135000,1827,R,7694,7972,9219,10451,7694,7972,9219,10451,19106,23360,18454,22127,-65,-243,-21,-0.254902,-0.952941,-0.082353,0,62,424040
2026-05-22T02:38:41.901+00:00,1779417521901173000,1828,R,7695,7972,9218,10452,7695,7972,9218,10452,19102,23360,18453,22127,-64,-247,-16,-0.25098,-0.968627,-0.062745,0,62,524040
2026-05-22T02:38:41.901+00:00,1779417521901190000,1829,R,7724,7957,9237,10458,7724,7957,9237,10458,19141,23365,18417,22135,-69,-245,-23,-0.270588,-0.960784,-0.090196,0,62,d24110
2026-05-22T02:38:41.901+00:00,1779417521901204000,1830,R,7724,7953,9240,10457,7724,7953,9240,10457,19144,23368,18421,22142,-66,-247,-22,-0.258824,-0.968627,-0.086275,0,62,e24110
2026-05-22T02:38:41.901+00:00,1779417521901217000,1831,R,7724,7955,9237,10457,7724,7955,9237,10457,19144,23369,18421,22138,-65,-246,-22,-0.254902,-0.964706,-0.086275,0,62,f24110
2026-05-22T02:38:42.051+00:00,1779417522051801000,1832,R,7726,7957,9238,10457,7726,7957,9238,10457,19147,23372,18421,22139,-61,-245,-24,-0.239216,-0.960784,-0.094118,0,62,024110
2026-05-22T02:38:42.051+00:00,1779417522051940000,1833,R,7728,7955,9238,10459,7728,7955,9238,10459,19149,23367,18422,22141,-64,-243,-25,-0.25098,-0.952941,-0.098039,0,62,124110
2026-05-22T02:38:42.052+00:00,1779417522052016000,1834,R,7729,7957,9240,10460,7729,7957,9240,10460,19151,23370,18422,22139,-70,-244,-24,-0.27451,-0.956863,-0.094118,0,62,224110
2026-05-22T02:38:42.052+00:00,1779417522052083000,1835,R,7738,7959,9247,10469,7738,7959,9247,10469,19166,23384,18423,22154,-62,-246,-24,-0.243137,-0.964706,-0.094118,0,62,824160
2026-05-22T02:38:42.052+00:00,1779417522052148000,1836,R,7737,7958,9245,10470,7737,7958,9245,10470,19175,23384,18427,22158,-68,-250,-15,-0.266667,-0.980392,-0.058824,0,62,924160
2026-05-22T02:38:42.201+00:00,1779417522201816000,1837,R,7741,7959,9246,10470,7741,7959,9246,10470,19174,23389,18427,22163,-60,-248,-25,-0.235294,-0.972549,-0.098039,0,62,a24160
2026-05-22T02:38:42.201+00:00,1779417522201964000,1838,R,7741,7960,9249,10471,7741,7960,9249,10471,19174,23384,18426,22158,-63,-246,-24,-0.247059,-0.964706,-0.094118,0,62,b24160
2026-05-22T02:38:42.202+00:00,1779417522202038000,1839,R,7742,7960,9247,10470,7742,7960,9247,10470,19175,23387,18423,22161,-64,-246,-24,-0.25098,-0.964706,-0.094118,0,62,c24160
2026-05-22T02:38:42.202+00:00,1779417522202104000,1840,R,7758,7963,9253,10474,7758,7963,9253,10474,19198,23389,18425,22164,-58,-246,-26,-0.227451,-0.964706,-0.101961,0,62,624250
2026-05-22T02:38:42.202+00:00,1779417522202167000,1841,R,7760,7964,9255,10476,7760,7964,9255,10476,19202,23394,18426,22168,-60,-246,-25,-0.235294,-0.964706,-0.098039,0,62,724250
2026-05-22T02:38:42.202+00:00,1779417522202230000,1842,R,7758,7962,9255,10475,7758,7962,9255,10475,19202,23395,18430,22168,-60,-247,-25,-0.235294,-0.968627,-0.098039,0,62,824250
2026-05-22T02:38:42.350+00:00,1779417522350407000,1843,R,7760,7964,9253,10479,7760,7964,9253,10479,19205,23396,18428,22171,-61,-247,-24,-0.239216,-0.968627,-0.094118,0,62,924250
2026-05-22T02:38:42.350+00:00,1779417522350553000,1844,R,7761,7963,9258,10480,7761,7963,9258,10480,19207,23397,18431,22172,-61,-246,-24,-0.239216,-0.964706,-0.094118,0,62,a24250
2026-05-22T02:38:42.350+00:00,1779417522350627000,1845,R,7760,7960,9252,10470,7760,7960,9252,10470,19207,23397,18426,22162,-63,-246,-24,-0.247059,-0.964706,-0.094118,0,62,224320
2026-05-22T02:38:42.350+00:00,1779417522350695000,1846,R,7759,7957,9253,10465,7759,7957,9253,10465,19204,23394,18425,22164,-62,-245,-24,-0.243137,-0.960784,-0.094118,0,62,324320
2026-05-22T02:38:42.350+00:00,1779417522350912000,1847,R,7758,7957,9251,10463,7758,7957,9251,10463,19207,23395,18422,22152,-63,-244,-23,-0.247059,-0.956863,-0.090196,0,62,424320
2026-05-22T02:38:42.500+00:00,1779417522500564000,1848,R,7755,7958,9250,10462,7755,7958,9250,10462,19205,23389,18419,22151,-63,-244,-23,-0.247059,-0.956863,-0.090196,0,62,524320
2026-05-22T02:38:42.500+00:00,1779417522500700000,1849,R,7754,7955,9249,10458,7754,7955,9249,10458,19206,23388,18421,22153,-64,-244,-23,-0.25098,-0.956863,-0.090196,0,62,624320
2026-05-22T02:38:42.500+00:00,1779417522500774000,1850,R,7746,7951,9240,10448,7746,7951,9240,10448,19194,23379,18420,22136,-65,-245,-24,-0.254902,-0.960784,-0.094118,0,62,e24390
2026-05-22T02:38:42.500+00:00,1779417522500840000,1851,R,7744,7950,9240,10446,7744,7950,9240,10446,19190,23377,18420,22133,-65,-245,-24,-0.254902,-0.960784,-0.094118,0,62,f24390
2026-05-22T02:38:42.500+00:00,1779417522500904000,1852,R,7743,7951,9239,10445,7743,7951,9239,10445,19188,23371,18421,22133,-64,-245,-23,-0.25098,-0.960784,-0.090196,0,62,024390
2026-05-22T02:38:42.649+00:00,1779417522649751000,1853,R,7743,7953,9238,10445,7743,7953,9238,10445,19188,23372,18425,22131,-64,-247,-24,-0.25098,-0.968627,-0.094118,0,62,124390
2026-05-22T02:38:42.649+00:00,1779417522649897000,1854,R,7744,7952,9237,10445,7744,7952,9237,10445,19187,23375,18421,22132,-65,-245,-23,-0.254902,-0.960784,-0.090196,0,62,224390
2026-05-22T02:38:42.649+00:00,1779417522649973000,1855,R,7752,7956,9237,10445,7752,7956,9237,10445,19202,23368,18424,22130,-62,-246,-25,-0.243137,-0.964706,-0.098039,0,62,a24460
2026-05-22T02:38:42.650+00:00,1779417522650039000,1856,R,7752,7954,9236,10446,7752,7954,9236,10446,19206,23368,18426,22132,-63,-245,-25,-0.247059,-0.960784,-0.098039,0,62,b24460
2026-05-22T02:38:42.650+00:00,1779417522650102000,1857,R,7751,7954,9235,10445,7751,7954,9235,10445,19208,23368,18425,22132,-63,-244,-25,-0.247059,-0.956863,-0.098039,0,62,c24460
2026-05-22T02:38:42.800+00:00,1779417522800053000,1858,R,7754,7956,9238,10443,7754,7956,9238,10443,19209,23369,18429,22131,-64,-246,-25,-0.25098,-0.964706,-0.098039,0,62,d24460
2026-05-22T02:38:42.800+00:00,1779417522800232000,1859,R,7753,7956,9236,10448,7753,7956,9236,10448,19212,23370,18429,22133,-64,-246,-26,-0.25098,-0.964706,-0.101961,0,62,e24460
2026-05-22T02:38:42.800+00:00,1779417522800327000,1860,R,7754,7958,9236,10449,7754,7958,9236,10449,19210,23366,18427,22129,-65,-245,-25,-0.254902,-0.960784,-0.098039,0,62,f24460
2026-05-22T02:38:42.800+00:00,1779417522800407000,1861,R,7761,7964,9240,10456,7761,7964,9240,10456,19220,23372,18437,22141,-65,-246,-25,-0.254902,-0.964706,-0.098039,0,62,624520
2026-05-22T02:38:42.800+00:00,1779417522800483000,1862,R,7758,7959,9240,10458,7758,7959,9240,10458,19221,23377,18436,22140,-65,-245,-25,-0.254902,-0.960784,-0.098039,0,62,724520
2026-05-22T02:38:42.950+00:00,1779417522950826000,1863,R,7763,7965,9242,10458,7763,7965,9242,10458,19223,23375,18435,22143,-65,-245,-25,-0.254902,-0.960784,-0.098039,0,62,824520
2026-05-22T02:38:42.950+00:00,1779417522950979000,1864,R,7761,7965,9242,10456,7761,7965,9242,10456,19225,23375,18437,22138,-65,-244,-24,-0.254902,-0.956863,-0.094118,0,62,924520
2026-05-22T02:38:42.951+00:00,1779417522951055000,1865,R,7761,7966,9243,10459,7761,7966,9243,10459,19227,23380,18440,22146,-65,-245,-24,-0.254902,-0.960784,-0.094118,0,62,a24520
2026-05-22T02:38:42.951+00:00,1779417522951120000,1866,R,7761,7968,9246,10464,7761,7968,9246,10464,19226,23387,18441,22149,-63,-244,-23,-0.247059,-0.956863,-0.090196,0,62,024570
2026-05-22T02:38:42.951+00:00,1779417522951184000,1867,R,7762,7967,9247,10467,7762,7967,9247,10467,19227,23388,18444,22153,-64,-244,-23,-0.25098,-0.956863,-0.090196,0,62,124570
2026-05-22T02:38:42.951+00:00,1779417522951249000,1868,R,7760,7969,9246,10466,7760,7969,9246,10466,19225,23389,18444,22152,-65,-244,-22,-0.254902,-0.956863,-0.086275,0,62,224570
2026-05-22T02:38:43.100+00:00,1779417523100496000,1869,R,7762,7969,9244,10464,7762,7969,9244,10464,19225,23388,18445,22153,-65,-244,-22,-0.254902,-0.956863,-0.086275,0,62,324570
2026-05-22T02:38:43.100+00:00,1779417523100636000,1870,R,7761,7968,9249,10467,7761,7968,9249,10467,19224,23389,18446,22157,-64,-244,-23,-0.25098,-0.956863,-0.090196,0,62,424570
2026-05-22T02:38:43.100+00:00,1779417523100713000,1871,R,7762,7974,9252,10477,7762,7974,9252,10477,19222,23404,18451,22168,-66,-245,-24,-0.258824,-0.960784,-0.094118,0,62,e24660
2026-05-22T02:38:43.100+00:00,1779417523100781000,1872,R,7760,7973,9250,10481,7760,7973,9250,10481,19222,23401,18453,22170,-66,-244,-23,-0.258824,-0.956863,-0.090196,0,62,f24660
2026-05-22T02:38:43.100+00:00,1779417523100847000,1873,R,7757,7976,9254,10482,7757,7976,9254,10482,19217,23402,18453,22169,-66,-244,-25,-0.258824,-0.956863,-0.098039,0,62,024660
2026-05-22T02:38:43.250+00:00,1779417523250290000,1874,R,7761,7972,9253,10477,7761,7972,9253,10477,19219,23400,18453,22172,-65,-246,-25,-0.254902,-0.964706,-0.098039,0,62,124660
2026-05-22T02:38:43.250+00:00,1779417523250426000,1875,R,7761,7977,9252,10476,7761,7977,9252,10476,19217,23400,18448,22166,-66,-246,-24,-0.258824,-0.964706,-0.094118,0,62,224660
2026-05-22T02:38:43.250+00:00,1779417523250785000,1876,R,7749,7965,9244,10462,7749,7965,9244,10462,19201,23387,18441,22150,-65,-244,-25,-0.254902,-0.956863,-0.098039,0,62,a24730
2026-05-22T02:38:43.250+00:00,1779417523250860000,1877,R,7755,7961,9249,10459,7755,7961,9249,10459,19204,23391,18439,22149,-65,-244,-25,-0.254902,-0.956863,-0.098039,0,62,b24730
2026-05-22T02:38:43.250+00:00,1779417523250926000,1878,R,7750,7962,9241,10458,7750,7962,9241,10458,19204,23388,18440,22149,-64,-243,-25,-0.25098,-0.952941,-0.098039,0,62,c24730
2026-05-22T02:38:43.401+00:00,1779417523401711000,1879,R,7746,7962,9241,10453,7746,7962,9241,10453,19198,23385,18438,22141,-65,-244,-25,-0.254902,-0.956863,-0.098039,0,62,d24730
2026-05-22T02:38:43.401+00:00,1779417523401844000,1880,R,7747,7965,9240,10452,7747,7965,9240,10452,19198,23385,18439,22144,-65,-245,-24,-0.254902,-0.960784,-0.094118,0,62,e24730
2026-05-22T02:38:43.401+00:00,1779417523401917000,1881,R,7745,7961,9238,10453,7745,7961,9238,10453,19194,23383,18436,22142,-65,-246,-25,-0.254902,-0.964706,-0.098039,0,62,f24730
2026-05-22T02:38:43.401+00:00,1779417523401981000,1882,R,7740,7955,9231,10445,7740,7955,9231,10445,19188,23380,18432,22134,-66,-246,-23,-0.258824,-0.964706,-0.090196,0,62,524780
2026-05-22T02:38:43.402+00:00,1779417523402043000,1883,R,7740,7958,9236,10447,7740,7958,9236,10447,19189,23376,18433,22136,-64,-245,-23,-0.25098,-0.960784,-0.090196,0,62,624780
2026-05-22T02:38:43.550+00:00,1779417523550825000,1884,R,7742,7963,9229,10445,7742,7963,9229,10445,19183,23375,18433,22132,-64,-244,-24,-0.25098,-0.956863,-0.094118,0,62,724780
2026-05-22T02:38:43.550+00:00,1779417523550934000,1885,R,7740,7959,9233,10444,7740,7959,9233,10444,19188,23375,18435,22133,-66,-245,-24,-0.258824,-0.960784,-0.094118,0,62,824780
2026-05-22T02:38:43.550+00:00,1779417523550988000,1886,R,7741,7956,9236,10446,7741,7956,9236,10446,19193,23376,18436,22135,-65,-245,-24,-0.254902,-0.960784,-0.094118,0,62,924780
2026-05-22T02:38:43.551+00:00,1779417523551035000,1887,R,7740,7959,9233,10449,7740,7959,9233,10449,19187,23374,18439,22137,-64,-245,-23,-0.25098,-0.960784,-0.090196,0,62,224860
2026-05-22T02:38:43.551+00:00,1779417523551080000,1888,R,7744,7955,9235,10449,7744,7955,9235,10449,19189,23377,18439,22142,-64,-245,-23,-0.25098,-0.960784,-0.090196,0,62,324860
2026-05-22T02:38:43.701+00:00,1779417523701687000,1889,R,7739,7959,9234,10448,7739,7959,9234,10448,19187,23375,18439,22136,-65,-246,-24,-0.254902,-0.964706,-0.094118,0,62,424860
2026-05-22T02:38:43.701+00:00,1779417523701827000,1890,R,7740,7958,9236,10448,7740,7958,9236,10448,19187,23375,18439,22140,-65,-245,-23,-0.254902,-0.960784,-0.090196,0,62,524860
2026-05-22T02:38:43.701+00:00,1779417523701900000,1891,R,7742,7961,9237,10450,7742,7961,9237,10450,19189,23376,18436,22140,-66,-245,-24,-0.258824,-0.960784,-0.094118,0,62,624860
2026-05-22T02:38:43.701+00:00,1779417523701964000,1892,R,7741,7962,9237,10455,7741,7962,9237,10455,19193,23384,18443,22149,-65,-244,-24,-0.254902,-0.956863,-0.094118,0,62,e24930
2026-05-22T02:38:43.702+00:00,1779417523702029000,1893,R,7749,7963,9244,10459,7749,7963,9244,10459,19190,23383,18440,22152,-65,-245,-24,-0.254902,-0.960784,-0.094118,0,62,f24930
2026-05-22T02:38:43.702+00:00,1779417523702091000,1894,R,7746,7966,9238,10458,7746,7966,9238,10458,19193,23382,18441,22149,-64,-245,-24,-0.25098,-0.960784,-0.094118,0,62,024930
2026-05-22T02:38:43.850+00:00,1779417523851012000,1895,R,7744,7966,9238,10459,7744,7966,9238,10459,19191,23385,18445,22148,-64,-245,-24,-0.25098,-0.960784,-0.094118,0,62,124930
2026-05-22T02:38:43.851+00:00,1779417523851055000,1896,R,7744,7965,9237,10458,7744,7965,9237,10458,19193,23382,18444,22150,-65,-245,-24,-0.254902,-0.960784,-0.094118,0,62,224930
2026-05-22T02:38:43.851+00:00,1779417523851071000,1897,R,7750,7969,9245,10464,7750,7969,9245,10464,19197,23391,18449,22160,-65,-246,-24,-0.254902,-0.964706,-0.094118,0,62,924990
2026-05-22T02:38:43.851+00:00,1779417523851085000,1898,R,7751,7970,9244,10465,7751,7970,9244,10465,19200,23392,18450,22163,-66,-245,-24,-0.258824,-0.960784,-0.094118,0,62,a24990
2026-05-22T02:38:43.851+00:00,1779417523851098000,1899,R,7751,7970,9245,10468,7751,7970,9245,10468,19195,23386,18448,22160,-66,-245,-25,-0.258824,-0.960784,-0.098039,0,62,b24990
2026-05-22T02:38:44.003+00:00,1779417524003662000,1900,R,7748,7973,9244,10470,7748,7973,9244,10470,19202,23391,18451,22164,-65,-245,-24,-0.254902,-0.960784,-0.094118,0,62,c24990
2026-05-22T02:38:44.003+00:00,1779417524003819000,1901,R,7752,7971,9245,10469,7752,7971,9245,10469,19197,23389,18452,22162,-65,-245,-24,-0.254902,-0.960784,-0.094118,0,62,d24990
2026-05-22T02:38:44.003+00:00,1779417524003895000,1902,R,7754,7975,9248,10477,7754,7975,9248,10477,19209,23398,18457,22174,-66,-246,-23,-0.258824,-0.964706,-0.090196,0,61,425050
2026-05-22T02:38:44.003+00:00,1779417524003962000,1903,R,7757,7976,9253,10478,7757,7976,9253,10478,19208,23400,18461,22174,-65,-245,-23,-0.254902,-0.960784,-0.090196,0,61,525050
2026-05-22T02:38:44.004+00:00,1779417524004027000,1904,R,7760,7977,9251,10479,7760,7977,9251,10479,19207,23399,18458,22176,-64,-245,-23,-0.25098,-0.960784,-0.090196,0,61,625050
2026-05-22T02:38:44.298+00:00,1779417524298214000,1905,R,7760,7978,9252,10481,7760,7978,9252,10481,19205,23398,18455,22172,-65,-244,-22,-0.254902,-0.956863,-0.086275,0,61,725050
2026-05-22T02:38:44.298+00:00,1779417524298338000,1906,R,7759,7978,9254,10480,7759,7978,9254,10480,19208,23404,18459,22175,-64,-244,-22,-0.25098,-0.956863,-0.086275,0,61,825050
2026-05-22T02:38:44.298+00:00,1779417524298415000,1907,R,7760,7978,9253,10485,7760,7978,9253,10485,19213,23401,18463,22175,-65,-245,-22,-0.254902,-0.960784,-0.086275,0,61,925050
2026-05-22T02:38:44.298+00:00,1779417524298481000,1908,R,7757,7975,9249,10473,7757,7975,9249,10473,19211,23401,18458,22175,-63,-245,-23,-0.247059,-0.960784,-0.090196,0,61,025110
2026-05-22T02:38:44.298+00:00,1779417524298547000,1909,R,7757,7974,9245,10472,7757,7974,9245,10472,19212,23399,18458,22168,-65,-245,-23,-0.254902,-0.960784,-0.090196,0,61,125110
2026-05-22T02:38:44.304+00:00,1779417524305012000,1910,R,7756,7972,9247,10470,7756,7972,9247,10470,19206,23396,18453,22170,-65,-243,-23,-0.254902,-0.952941,-0.090196,0,61,225110
2026-05-22T02:38:44.305+00:00,1779417524305112000,1911,R,7754,7972,9248,10467,7754,7972,9248,10467,19209,23401,18450,22162,-64,-245,-23,-0.25098,-0.960784,-0.090196,0,61,325110
2026-05-22T02:38:44.305+00:00,1779417524305185000,1912,R,7755,7971,9245,10465,7755,7971,9245,10465,19204,23398,18454,22164,-65,-244,-23,-0.254902,-0.956863,-0.090196,0,61,425110
2026-05-22T02:38:44.305+00:00,1779417524305264000,1913,R,7746,7966,9240,10452,7746,7966,9240,10452,19196,23388,18444,22150,-66,-245,-24,-0.258824,-0.960784,-0.094118,0,61,b25170
2026-05-22T02:38:44.305+00:00,1779417524305326000,1914,R,7747,7966,9236,10455,7747,7966,9236,10455,19196,23385,18449,22152,-66,-246,-24,-0.258824,-0.964706,-0.094118,0,61,c25170
2026-05-22T02:38:44.305+00:00,1779417524305388000,1915,R,7746,7964,9239,10452,7746,7964,9239,10452,19192,23386,18444,22149,-67,-246,-24,-0.262745,-0.964706,-0.094118,0,61,d25170
2026-05-22T02:38:44.454+00:00,1779417524454383000,1916,R,7743,7965,9238,10450,7743,7965,9238,10450,19190,23387,18448,22151,-67,-246,-25,-0.262745,-0.964706,-0.098039,0,61,e25170
2026-05-22T02:38:44.454+00:00,1779417524454534000,1917,R,7744,7962,9237,10449,7744,7962,9237,10449,19193,23379,18443,22149,-66,-246,-24,-0.258824,-0.964706,-0.094118,0,61,f25170
2026-05-22T02:38:44.454+00:00,1779417524454684000,1918,R,7740,7964,9232,10451,7740,7964,9232,10451,19191,23379,18446,22145,-66,-244,-24,-0.258824,-0.956863,-0.094118,0,61,625230
2026-05-22T02:38:44.454+00:00,1779417524454780000,1919,R,7745,7963,9235,10451,7745,7963,9235,10451,19193,23378,18444,22149,-68,-245,-25,-0.266667,-0.960784,-0.098039,0,61,725230
2026-05-22T02:38:44.454+00:00,1779417524454850000,1920,R,7742,7963,9232,10451,7742,7963,9232,10451,19189,23377,18444,22144,-66,-245,-23,-0.258824,-0.960784,-0.090196,0,61,825230
2026-05-22T02:38:44.602+00:00,1779417524602755000,1921,R,7743,7964,9235,10449,7743,7964,9235,10449,19188,23383,18443,22149,-66,-244,-24,-0.258824,-0.956863,-0.094118,0,61,925230
2026-05-22T02:38:44.603+00:00,1779417524603654000,1922,R,7745,7964,9236,10449,7745,7964,9236,10449,19190,23380,18443,22149,-66,-244,-24,-0.258824,-0.956863,-0.094118,0,61,a25230
2026-05-22T02:38:44.603+00:00,1779417524603735000,1923,R,7742,7964,9237,10454,7742,7964,9237,10454,19192,23383,18443,22149,-66,-244,-23,-0.258824,-0.956863,-0.090196,0,61,125290
2026-05-22T02:38:44.603+00:00,1779417524603801000,1924,R,7745,7961,9236,10453,7745,7961,9236,10453,19193,23381,18444,22147,-66,-244,-24,-0.258824,-0.956863,-0.094118,0,61,225290
2026-05-22T02:38:44.603+00:00,1779417524603866000,1925,R,7746,7965,9237,10454,7746,7965,9237,10454,19195,23383,18448,22148,-66,-244,-22,-0.258824,-0.956863,-0.086275,0,61,325290
2026-05-22T02:38:44.903+00:00,1779417524903215000,1926,R,7745,7964,9239,10455,7745,7964,9239,10455,19190,23385,18446,22147,-67,-244,-23,-0.262745,-0.956863,-0.090196,0,61,425290
2026-05-22T02:38:44.903+00:00,1779417524903345000,1927,R,7746,7965,9236,10456,7746,7965,9236,10456,19191,23380,18445,22153,-66,-245,-24,-0.258824,-0.960784,-0.094118,0,61,525290
2026-05-22T02:38:44.903+00:00,1779417524903426000,1928,R,7745,7973,9243,10466,7745,7973,9243,10466,19190,23391,18452,22157,-67,-244,-22,-0.262745,-0.956863,-0.086275,0,61,125400
2026-05-22T02:38:44.903+00:00,1779417524903492000,1929,R,7748,7970,9243,10465,7748,7970,9243,10465,19190,23395,18452,22161,-66,-243,-23,-0.258824,-0.952941,-0.090196,0,61,225400
2026-05-22T02:38:44.903+00:00,1779417524903555000,1930,R,7748,7972,9244,10468,7748,7972,9244,10468,19191,23393,18456,22159,-66,-243,-23,-0.258824,-0.952941,-0.090196,0,61,325400
2026-05-22T02:38:45.201+00:00,1779417525201979000,1931,R,7748,7973,9246,10467,7748,7973,9246,10467,19193,23394,18454,22161,-68,-245,-22,-0.266667,-0.960784,-0.086275,0,61,425400
2026-05-22T02:38:45.202+00:00,1779417525202136000,1932,R,7749,7974,9246,10467,7749,7974,9246,10467,19191,23398,18454,22157,-67,-246,-21,-0.262745,-0.964706,-0.082353,0,61,525400
2026-05-22T02:38:45.202+00:00,1779417525202211000,1933,R,7751,7974,9245,10469,7751,7974,9245,10469,19192,23401,18456,22162,-67,-245,-22,-0.262745,-0.960784,-0.086275,0,61,625400
2026-05-22T02:38:45.202+00:00,1779417525202275000,1934,R,7754,7978,9250,10475,7754,7978,9250,10475,19199,23394,18458,22170,-67,-245,-25,-0.262745,-0.960784,-0.098039,0,61,d25460
2026-05-22T02:38:45.202+00:00,1779417525202338000,1935,R,7755,7978,9248,10476,7755,7978,9248,10476,19202,23398,18458,22168,-66,-245,-24,-0.258824,-0.960784,-0.094118,0,61,e25460
2026-05-22T02:38:45.351+00:00,1779417525351079000,1936,R,7755,7979,9247,10476,7755,7979,9247,10476,19200,23397,18455,22171,-67,-245,-24,-0.262745,-0.960784,-0.094118,0,61,f25460
2026-05-22T02:38:45.351+00:00,1779417525351113000,1937,R,7755,7978,9246,10476,7755,7978,9246,10476,19202,23399,18459,22173,-67,-244,-25,-0.262745,-0.956863,-0.098039,0,61,025460
2026-05-22T02:38:45.351+00:00,1779417525351129000,1938,R,7756,7978,9250,10478,7756,7978,9250,10478,19201,23393,18459,22170,-65,-245,-25,-0.254902,-0.960784,-0.098039,0,61,125460
2026-05-22T02:38:45.351+00:00,1779417525351142000,1939,R,7762,7978,9241,10482,7762,7978,9241,10482,19207,23379,18462,22186,-63,-247,-27,-0.247059,-0.968627,-0.105882,0,61,925530
2026-05-22T02:38:45.351+00:00,1779417525351156000,1940,R,7763,7982,9246,10485,7763,7982,9246,10485,19207,23382,18459,22183,-61,-246,-27,-0.239216,-0.964706,-0.105882,0,61,a25530
2026-05-22T02:38:45.351+00:00,1779417525351169000,1941,R,7761,7982,9245,10485,7761,7982,9245,10485,19209,23381,18460,22188,-62,-245,-25,-0.243137,-0.960784,-0.098039,0,61,b25530
2026-05-22T02:38:45.503+00:00,1779417525503399000,1942,R,7761,7981,9245,10488,7761,7981,9245,10488,19210,23379,18461,22185,-63,-245,-26,-0.247059,-0.960784,-0.101961,0,61,c25530
2026-05-22T02:38:45.503+00:00,1779417525503535000,1943,R,7762,7984,9246,10486,7762,7984,9246,10486,19207,23383,18461,22188,-65,-245,-27,-0.254902,-0.960784,-0.105882,0,61,d25530
2026-05-22T02:38:45.503+00:00,1779417525503609000,1944,R,7754,7975,9240,10472,7754,7975,9240,10472,19199,23379,18452,22168,-68,-242,-27,-0.266667,-0.94902,-0.105882,0,61,525600
2026-05-22T02:38:45.503+00:00,1779417525503676000,1945,R,7753,7971,9238,10463,7753,7971,9238,10463,19198,23377,18457,22172,-68,-244,-25,-0.266667,-0.956863,-0.098039,0,61,625600
2026-05-22T02:38:45.503+00:00,1779417525503755000,1946,R,7752,7975,9238,10470,7752,7975,9238,10470,19192,23377,18456,22168,-69,-243,-26,-0.270588,-0.952941,-0.101961,0,61,725600
2026-05-22T02:38:45.653+00:00,1779417525653228000,1947,R,7749,7972,9236,10469,7749,7972,9236,10469,19190,23374,18454,22168,-70,-242,-24,-0.27451,-0.94902,-0.094118,0,61,825600
2026-05-22T02:38:45.653+00:00,1779417525653360000,1948,R,7750,7971,9236,10468,7750,7971,9236,10468,19190,23374,18453,22166,-67,-244,-26,-0.262745,-0.956863,-0.101961,0,61,925600
2026-05-22T02:38:45.653+00:00,1779417525653435000,1949,R,7746,7968,9231,10463,7746,7968,9231,10463,19184,23359,18450,22162,-67,-242,-23,-0.262745,-0.94902,-0.090196,0,61,125670
2026-05-22T02:38:45.653+00:00,1779417525653509000,1950,R,7741,7963,9220,10452,7741,7963,9220,10452,19187,23356,18446,22158,-69,-245,-26,-0.270588,-0.960784,-0.101961,0,61,225670
2026-05-22T02:38:45.653+00:00,1779417525653744000,1951,R,7748,7966,9228,10463,7748,7966,9228,10463,19190,23355,18446,22164,-69,-245,-26,-0.270588,-0.960784,-0.101961,0,61,325670
2026-05-22T02:38:45.803+00:00,1779417525803829000,1952,R,7750,7968,9231,10464,7750,7968,9231,10464,19191,23356,18445,22163,-71,-243,-27,-0.278431,-0.952941,-0.105882,0,61,425670
2026-05-22T02:38:45.803+00:00,1779417525803959000,1953,R,7750,7966,9227,10460,7750,7966,9227,10460,19191,23358,18447,22165,-69,-242,-26,-0.270588,-0.94902,-0.101961,0,61,525670
2026-05-22T02:38:45.804+00:00,1779417525804042000,1954,R,7751,7965,9230,10460,7751,7965,9230,10460,19192,23352,18443,22155,-64,-244,-29,-0.25098,-0.956863,-0.113725,0,61,d25740
2026-05-22T02:38:45.804+00:00,1779417525804111000,1955,R,7752,7964,9234,10463,7752,7964,9234,10463,19190,23351,18441,22154,-63,-245,-30,-0.247059,-0.960784,-0.117647,0,61,e25740
2026-05-22T02:38:45.804+00:00,1779417525804176000,1956,R,7748,7965,9227,10459,7748,7965,9227,10459,19193,23351,18444,22160,-62,-246,-29,-0.243137,-0.964706,-0.113725,0,61,f25740
2026-05-22T02:38:45.952+00:00,1779417525952188000,1957,R,7751,7964,9226,10460,7751,7964,9226,10460,19193,23349,18443,22157,-64,-245,-30,-0.25098,-0.960784,-0.117647,0,61,025740
2026-05-22T02:38:45.952+00:00,1779417525952221000,1958,R,7753,7964,9226,10460,7753,7964,9226,10460,19195,23351,18441,22159,-63,-246,-31,-0.247059,-0.964706,-0.121569,0,61,125740
2026-05-22T02:38:45.952+00:00,1779417525952236000,1959,R,7753,7969,9227,10462,7753,7969,9227,10462,19193,23344,18446,22159,-63,-247,-32,-0.247059,-0.968627,-0.12549,0,61,225740
2026-05-22T02:38:45.952+00:00,1779417525952250000,1960,R,7763,7966,9230,10466,7763,7966,9230,10466,19214,23348,18441,22172,-65,-243,-30,-0.254902,-0.952941,-0.117647,0,61,925800
2026-05-22T02:38:45.952+00:00,1779417525952263000,1961,R,7771,7970,9236,10466,7771,7970,9236,10466,19213,23350,18441,22169,-66,-243,-31,-0.258824,-0.952941,-0.121569,0,62,a25800
2026-05-22T02:38:46.102+00:00,1779417526102491000,1962,R,7770,7964,9230,10467,7770,7964,9230,10467,19216,23349,18439,22175,-67,-244,-31,-0.262745,-0.956863,-0.121569,0,62,b25800
2026-05-22T02:38:46.102+00:00,1779417526102537000,1963,R,7767,7965,9231,10471,7767,7965,9231,10471,19221,23346,18437,22172,-67,-244,-30,-0.262745,-0.956863,-0.117647,0,62,c25800
2026-05-22T02:38:46.102+00:00,1779417526102554000,1964,R,7773,7963,9233,10471,7773,7963,9233,10471,19226,23348,18436,22175,-67,-244,-31,-0.262745,-0.956863,-0.121569,0,62,d25800
2026-05-22T02:38:46.102+00:00,1779417526102567000,1965,R,7776,7967,9236,10475,7776,7967,9236,10475,19235,23354,18435,22181,-67,-245,-30,-0.262745,-0.960784,-0.117647,0,62,325850
2026-05-22T02:38:46.102+00:00,1779417526102580000,1966,R,7776,7966,9239,10475,7776,7966,9239,10475,19234,23357,18434,22181,-66,-244,-30,-0.258824,-0.956863,-0.117647,0,62,425850
2026-05-22T02:38:46.102+00:00,1779417526102593000,1967,R,7775,7968,9237,10478,7775,7968,9237,10478,19234,23358,18438,22185,-65,-245,-30,-0.254902,-0.960784,-0.117647,0,62,525850
2026-05-22T02:38:46.252+00:00,1779417526252978000,1968,R,7770,7966,9233,10473,7770,7966,9233,10473,19231,23356,18436,22183,-66,-245,-28,-0.258824,-0.960784,-0.109804,0,62,625850
2026-05-22T02:38:46.253+00:00,1779417526253112000,1969,R,7778,7967,9242,10480,7778,7967,9242,10480,19234,23362,18439,22184,-65,-244,-28,-0.254902,-0.956863,-0.109804,0,62,725850
2026-05-22T02:38:46.253+00:00,1779417526253188000,1970,R,7774,7980,9252,10495,7774,7980,9252,10495,19229,23386,18454,22189,-62,-244,-26,-0.243137,-0.956863,-0.101961,0,62,125940
2026-05-22T02:38:46.253+00:00,1779417526253256000,1971,R,7777,7981,9254,10492,7777,7981,9254,10492,19230,23389,18458,22192,-64,-243,-27,-0.25098,-0.952941,-0.105882,0,62,225940
2026-05-22T02:38:46.253+00:00,1779417526253322000,1972,R,7772,7979,9252,10490,7772,7979,9252,10490,19225,23389,18456,22183,-64,-244,-27,-0.25098,-0.956863,-0.105882,0,62,325940
2026-05-22T02:38:46.402+00:00,1779417526402968000,1973,R,7771,7981,9255,10488,7771,7981,9255,10488,19223,23390,18455,22184,-64,-244,-28,-0.25098,-0.956863,-0.109804,0,62,425940
2026-05-22T02:38:46.403+00:00,1779417526403140000,1974,R,7768,7981,9249,10483,7768,7981,9249,10483,19219,23393,18458,22181,-64,-245,-28,-0.25098,-0.960784,-0.109804,0,62,525940
2026-05-22T02:38:46.403+00:00,1779417526403218000,1975,R,7757,7971,9239,10464,7757,7971,9239,10464,19200,23378,18451,22160,-63,-244,-30,-0.247059,-0.956863,-0.117647,0,62,c26000
2026-05-22T02:38:46.403+00:00,1779417526403287000,1976,R,7751,7972,9238,10463,7751,7972,9238,10463,19194,23377,18451,22159,-65,-244,-29,-0.254902,-0.956863,-0.113725,0,62,d26000
2026-05-22T02:38:46.403+00:00,1779417526403353000,1977,R,7758,7971,9246,10459,7758,7971,9246,10459,19197,23371,18448,22153,-64,-244,-30,-0.25098,-0.956863,-0.117647,0,62,e26000
2026-05-22T02:38:46.554+00:00,1779417526554320000,1978,R,7754,7969,9236,10461,7754,7969,9236,10461,19190,23368,18444,22152,-64,-243,-31,-0.25098,-0.952941,-0.121569,0,62,f26000
2026-05-22T02:38:46.554+00:00,1779417526554477000,1979,R,7750,7966,9237,10460,7750,7966,9237,10460,19187,23370,18444,22150,-64,-242,-31,-0.25098,-0.94902,-0.121569,0,62,026000
2026-05-22T02:38:46.554+00:00,1779417526554553000,1980,R,7743,7964,9229,10452,7743,7964,9229,10452,19180,23358,18439,22143,-64,-243,-29,-0.25098,-0.952941,-0.113725,0,62,926080
2026-05-22T02:38:46.554+00:00,1779417526554621000,1981,R,7743,7963,9228,10450,7743,7963,9228,10450,19180,23356,18436,22140,-64,-243,-30,-0.25098,-0.952941,-0.117647,0,62,a26080
2026-05-22T02:38:46.554+00:00,1779417526554686000,1982,R,7740,7960,9227,10449,7740,7960,9227,10449,19180,23359,18440,22141,-63,-244,-29,-0.247059,-0.956863,-0.113725,0,62,b26080
2026-05-22T02:38:46.704+00:00,1779417526704486000,1983,R,7742,7963,9228,10448,7742,7963,9228,10448,19174,23358,18438,22143,-65,-245,-30,-0.254902,-0.960784,-0.117647,0,62,c26080
2026-05-22T02:38:46.704+00:00,1779417526704635000,1984,R,7742,7962,9227,10451,7742,7962,9227,10451,19180,23355,18440,22142,-64,-244,-29,-0.25098,-0.956863,-0.113725,0,62,d26080
2026-05-22T02:38:46.704+00:00,1779417526704711000,1985,R,7741,7964,9228,10450,7741,7964,9228,10450,19178,23354,18436,22137,-64,-244,-29,-0.25098,-0.956863,-0.113725,0,62,e26080
2026-05-22T02:38:46.704+00:00,1779417526704779000,1986,R,7740,7960,9226,10448,7740,7960,9226,10448,19173,23354,18434,22138,-62,-245,-29,-0.243137,-0.960784,-0.113725,0,62,526140
2026-05-22T02:38:46.704+00:00,1779417526704843000,1987,R,7741,7962,9226,10450,7741,7962,9226,10450,19172,23356,18437,22136,-62,-245,-29,-0.243137,-0.960784,-0.113725,0,62,626140
2026-05-22T02:38:46.853+00:00,1779417526853647000,1988,R,7741,7961,9229,10449,7741,7961,9229,10449,19175,23355,18436,22139,-62,-246,-29,-0.243137,-0.964706,-0.113725,0,62,726140
2026-05-22T02:38:46.853+00:00,1779417526853803000,1989,R,7741,7959,9230,10451,7741,7959,9230,10451,19174,23354,18437,22141,-62,-246,-29,-0.243137,-0.964706,-0.113725,0,62,826140
2026-05-22T02:38:46.853+00:00,1779417526853881000,1990,R,7740,7962,9229,10449,7740,7962,9229,10449,19174,23355,18436,22139,-63,-246,-28,-0.247059,-0.964706,-0.109804,0,62,926140
2026-05-22T02:38:46.853+00:00,1779417526853948000,1991,R,7742,7964,9231,10457,7742,7964,9231,10457,19175,23359,18438,22147,-63,-246,-28,-0.247059,-0.964706,-0.109804,0,62,026200
2026-05-22T02:38:46.854+00:00,1779417526854013000,1992,R,7743,7966,9231,10456,7743,7966,9231,10456,19172,23355,18437,22146,-62,-244,-28,-0.243137,-0.956863,-0.109804,0,62,126200
2026-05-22T02:38:46.854+00:00,1779417526854076000,1993,R,7743,7964,9230,10457,7743,7964,9230,10457,19172,23358,18440,22147,-63,-245,-28,-0.247059,-0.960784,-0.109804,0,62,226200
2026-05-22T02:38:47.004+00:00,1779417527004459000,1994,R,7742,7966,9234,10458,7742,7966,9234,10458,19177,23359,18440,22151,-62,-245,-28,-0.243137,-0.960784,-0.109804,0,62,326200
2026-05-22T02:38:47.004+00:00,1779417527004619000,1995,R,7743,7965,9231,10460,7743,7965,9231,10460,19179,23360,18440,22152,-62,-245,-28,-0.243137,-0.960784,-0.109804,0,62,426200
2026-05-22T02:38:47.004+00:00,1779417527004695000,1996,R,7747,7968,9235,10464,7747,7968,9235,10464,19177,23361,18444,22155,-62,-245,-29,-0.243137,-0.960784,-0.113725,0,62,b26260
2026-05-22T02:38:47.004+00:00,1779417527004979000,1997,R,7747,7968,9235,10466,7747,7968,9235,10466,19182,23361,18443,22155,-63,-245,-29,-0.247059,-0.960784,-0.113725,0,62,c26260
2026-05-22T02:38:47.005+00:00,1779417527005052000,1998,R,7750,7972,9235,10469,7750,7972,9235,10469,19186,23364,18445,22160,-64,-244,-30,-0.25098,-0.956863,-0.117647,0,62,d26260
2026-05-22T02:38:47.153+00:00,1779417527153607000,1999,R,7748,7971,9237,10466,7748,7971,9237,10466,19182,23362,18442,22154,-62,-244,-30,-0.243137,-0.956863,-0.117647,0,62,e26260
2026-05-22T02:38:47.153+00:00,1779417527153759000,2000,R,7751,7970,9238,10469,7751,7970,9238,10469,19180,23364,18443,22160,-62,-245,-30,-0.243137,-0.960784,-0.117647,0,62,f26260
2026-05-22T02:38:47.153+00:00,1779417527153830000,2001,R,7760,7972,9240,10476,7760,7972,9240,10476,19195,23362,18441,22164,-42,-251,-37,-0.164706,-0.984314,-0.145098,0,62,826340
2026-05-22T02:38:47.153+00:00,1779417527153895000,2002,R,7761,7971,9240,10477,7761,7971,9240,10477,19199,23363,18434,22164,-31,-246,-45,-0.121569,-0.964706,-0.176471,0,62,926340
2026-05-22T02:38:47.153+00:00,1779417527153968000,2003,R,7763,7966,9239,10475,7763,7966,9239,10475,19198,23364,18426,22165,-23,-256,-47,-0.090196,-1.003922,-0.184314,0,62,a26340
2026-05-22T02:38:47.304+00:00,1779417527304421000,2004,R,7767,7964,9240,10474,7767,7964,9240,10474,19208,23358,18426,22169,-23,-261,-47,-0.090196,-1.023529,-0.184314,0,62,b26340
2026-05-22T02:38:47.304+00:00,1779417527304576000,2005,R,7765,7963,9241,10476,7765,7963,9241,10476,19206,23356,18419,22165,-29,-264,-45,-0.113725,-1.035294,-0.176471,0,62,c26340
2026-05-22T02:38:47.304+00:00,1779417527304651000,2006,R,7765,7962,9239,10473,7765,7962,9239,10473,19210,23355,18421,22168,-37,-262,-44,-0.145098,-1.027451,-0.172549,0,62,d26340
2026-05-22T02:38:47.304+00:00,1779417527304718000,2007,R,7755,7959,9236,10450,7755,7959,9236,10450,19191,23359,18416,22141,-88,-247,-32,-0.345098,-0.968627,-0.12549,0,62,426400
2026-05-22T02:38:47.304+00:00,1779417527304782000,2008,R,7752,7956,9233,10451,7752,7956,9233,10451,19187,23365,18419,22138,-94,-244,-31,-0.368627,-0.956863,-0.121569,0,62,526400
2026-05-22T02:38:47.453+00:00,1779417527453278000,2009,R,7750,7954,9237,10449,7750,7954,9237,10449,19182,23362,18418,22132,-94,-238,-31,-0.368627,-0.933333,-0.121569,0,62,626400
2026-05-22T02:38:47.453+00:00,1779417527453378000,2010,R,7750,7955,9237,10446,7750,7955,9237,10446,19185,23367,18415,22129,-92,-232,-31,-0.360784,-0.909804,-0.121569,0,62,726400
2026-05-22T02:38:47.453+00:00,1779417527453407000,2011,R,7746,7951,9233,10443,7746,7951,9233,10443,19182,23363,18412,22126,-85,-229,-33,-0.333333,-0.898039,-0.129412,0,62,826400
2026-05-22T02:38:47.453+00:00,1779417527453438000,2012,R,7746,7948,9231,10434,7746,7948,9231,10434,19173,23358,18404,22118,-91,-228,-32,-0.356863,-0.894118,-0.12549,0,62,e26450
2026-05-22T02:38:47.453+00:00,1779417527453463000,2013,R,7742,7945,9229,10433,7742,7945,9229,10433,19179,23355,18399,22111,-85,-224,-34,-0.333333,-0.878431,-0.133333,0,62,f26450
2026-05-22T02:38:47.603+00:00,1779417527603426000,2014,R,7743,7942,9228,10431,7743,7942,9228,10431,19175,23355,18396,22110,-83,-227,-34,-0.32549,-0.890196,-0.133333,0,62,026450
2026-05-22T02:38:47.603+00:00,1779417527603564000,2015,R,7744,7942,9228,10431,7744,7942,9228,10431,19173,23355,18394,22110,-82,-228,-35,-0.321569,-0.894118,-0.137255,0,62,126450
2026-05-22T02:38:47.603+00:00,1779417527603641000,2016,R,7744,7941,9226,10431,7744,7941,9226,10431,19177,23352,18393,22108,-79,-229,-36,-0.309804,-0.898039,-0.141176,0,62,226450
2026-05-22T02:38:47.603+00:00,1779417527603710000,2017,R,7747,7936,9222,10432,7747,7936,9222,10432,19176,23338,18383,22114,-69,-250,-39,-0.270588,-0.980392,-0.152941,0,62,c26540
2026-05-22T02:38:47.603+00:00,1779417527603787000,2018,R,7745,7936,9223,10432,7745,7936,9223,10432,19179,23341,18383,22115,-69,-251,-38,-0.270588,-0.984314,-0.14902,0,62,d26540
2026-05-22T02:38:47.603+00:00,1779417527603852000,2019,R,7745,7936,9224,10432,7745,7936,9224,10432,19178,23337,18386,22112,-69,-250,-37,-0.270588,-0.980392,-0.145098,0,62,e26540
2026-05-22T02:38:47.753+00:00,1779417527753267000,2020,R,7746,7939,9224,10433,7746,7939,9224,10433,19180,23339,18382,22110,-71,-247,-37,-0.278431,-0.968627,-0.145098,0,62,f26540
2026-05-22T02:38:47.753+00:00,1779417527753404000,2021,R,7744,7934,9224,10432,7744,7934,9224,10432,19180,23338,18384,22114,-71,-243,-37,-0.278431,-0.952941,-0.145098,0,62,026540
2026-05-22T02:38:47.753+00:00,1779417527753476000,2022,R,7751,7936,9230,10433,7751,7936,9230,10433,19185,23348,18377,22115,-72,-237,-39,-0.282353,-0.929412,-0.152941,0,62,826610
2026-05-22T02:38:47.753+00:00,1779417527753541000,2023,R,7750,7938,9228,10438,7750,7938,9228,10438,19184,23345,18382,22115,-71,-241,-41,-0.278431,-0.945098,-0.160784,0,62,926610
2026-05-22T02:38:47.753+00:00,1779417527753604000,2024,R,7750,7937,9229,10438,7750,7937,9229,10438,19185,23344,18378,22118,-69,-241,-43,-0.270588,-0.945098,-0.168627,0,62,a26610
2026-05-22T02:38:47.904+00:00,1779417527904034000,2025,R,7750,7937,9229,10438,7750,7937,9229,10438,19188,23344,18379,22116,-70,-240,-44,-0.27451,-0.941176,-0.172549,0,62,b26610
2026-05-22T02:38:47.904+00:00,1779417527904350000,2026,R,7751,7937,9230,10438,7751,7937,9230,10438,19184,23347,18379,22121,-70,-240,-45,-0.27451,-0.941176,-0.176471,0,62,c26610
2026-05-22T02:38:47.904+00:00,1779417527904430000,2027,R,7754,7939,9234,10446,7754,7939,9234,10446,19186,23355,18386,22129,-79,-240,-44,-0.309804,-0.941176,-0.172549,0,62,426680
2026-05-22T02:38:47.904+00:00,1779417527904498000,2028,R,7755,7943,9238,10442,7755,7943,9238,10442,19185,23353,18389,22128,-79,-239,-44,-0.309804,-0.937255,-0.172549,0,62,526680
2026-05-22T02:38:47.904+00:00,1779417527904561000,2029,R,7755,7944,9234,10448,7755,7944,9234,10448,19186,23354,18385,22127,-75,-236,-46,-0.294118,-0.92549,-0.180392,0,62,626680
2026-05-22T02:38:48.053+00:00,1779417528053275000,2030,R,7757,7940,9233,10446,7757,7940,9233,10446,19187,23356,18387,22129,-73,-236,-46,-0.286275,-0.92549,-0.180392,0,62,726680
2026-05-22T02:38:48.053+00:00,1779417528053411000,2031,R,7755,7939,9237,10447,7755,7939,9237,10447,19190,23356,18383,22127,-70,-236,-47,-0.27451,-0.92549,-0.184314,0,62,826680
2026-05-22T02:38:48.053+00:00,1779417528053488000,2032,R,7757,7942,9236,10451,7757,7942,9236,10451,19190,23358,18385,22133,-71,-237,-46,-0.278431,-0.929412,-0.180392,0,62,926680
2026-05-22T02:38:48.053+00:00,1779417528053566000,2033,R,7757,7944,9239,10454,7757,7944,9239,10454,19196,23363,18391,22140,-73,-242,-52,-0.286275,-0.94902,-0.203922,0,62,026740
2026-05-22T02:38:48.053+00:00,1779417528053640000,2034,R,7755,7942,9231,10448,7755,7942,9231,10448,19195,23361,18387,22139,-74,-245,-51,-0.290196,-0.960784,-0.2,0,62,126740
2026-05-22T02:38:48.204+00:00,1779417528204558000,2035,R,7758,7943,9237,10452,7758,7943,9237,10452,19194,23356,18384,22136,-77,-246,-51,-0.301961,-0.964706,-0.2,0,62,226740
2026-05-22T02:38:48.204+00:00,1779417528204725000,2036,R,7758,7944,9236,10450,7758,7944,9236,10450,19193,23360,18386,22133,-77,-243,-51,-0.301961,-0.952941,-0.2,0,62,326740
2026-05-22T02:38:48.204+00:00,1779417528204800000,2037,R,7753,7940,9233,10442,7753,7940,9233,10442,19189,23362,18382,22131,-77,-241,-52,-0.301961,-0.945098,-0.203922,0,62,426740
2026-05-22T02:38:48.204+00:00,1779417528204867000,2038,R,7747,7934,9227,10428,7747,7934,9227,10428,19177,23352,18371,22111,-83,-237,-44,-0.32549,-0.929412,-0.172549,0,62,c26810
2026-05-22T02:38:48.204+00:00,1779417528204931000,2039,R,7751,7941,9241,10436,7751,7941,9241,10436,19174,23355,18370,22107,-85,-235,-43,-0.333333,-0.921569,-0.168627,0,62,d26810
2026-05-22T02:38:48.204+00:00,1779417528204993000,2040,R,7741,7928,9228,10425,7741,7928,9228,10425,19174,23355,18372,22107,-88,-233,-42,-0.345098,-0.913725,-0.164706,0,62,e26810
2026-05-22T02:38:48.353+00:00,1779417528354017000,2041,R,7742,7928,9224,10423,7742,7928,9224,10423,19172,23355,18370,22103,-90,-232,-42,-0.352941,-0.909804,-0.164706,0,62,f26810
2026-05-22T02:38:48.354+00:00,1779417528354131000,2042,R,7737,7929,9226,10421,7737,7929,9226,10421,19172,23356,18371,22102,-94,-235,-41,-0.368627,-0.921569,-0.160784,0,62,026810
2026-05-22T02:38:48.354+00:00,1779417528354185000,2043,R,7737,7928,9221,10419,7737,7928,9221,10419,19162,23343,18369,22096,-90,-234,-43,-0.352941,-0.917647,-0.168627,0,62,826880
2026-05-22T02:38:48.354+00:00,1779417528354239000,2044,R,7730,7926,9224,10416,7730,7926,9224,10416,19161,23342,18369,22096,-88,-234,-44,-0.345098,-0.917647,-0.172549,0,62,926880
2026-05-22T02:38:48.354+00:00,1779417528354285000,2045,R,7735,7927,9220,10416,7735,7927,9220,10416,19162,23342,18370,22099,-88,-235,-44,-0.345098,-0.921569,-0.172549,0,62,a26880
2026-05-22T02:38:48.503+00:00,1779417528503338000,2046,R,7733,7925,9218,10419,7733,7925,9218,10419,19160,23338,18367,22101,-83,-233,-47,-0.32549,-0.913725,-0.184314,0,62,b26880
2026-05-22T02:38:48.503+00:00,1779417528503475000,2047,R,7735,7927,9218,10417,7735,7927,9218,10417,19162,23341,18364,22097,-80,-235,-47,-0.313725,-0.921569,-0.184314,0,62,c26880
2026-05-22T02:38:48.503+00:00,1779417528503552000,2048,R,7737,7924,9218,10422,7737,7924,9218,10422,19161,23333,18366,22105,-70,-244,-50,-0.27451,-0.956863,-0.196078,0,62,226930
2026-05-22T02:38:48.503+00:00,1779417528503622000,2049,R,7735,7924,9211,10421,7735,7924,9211,10421,19165,23324,18366,22109,-68,-241,-49,-0.266667,-0.945098,-0.192157,0,62,326930
2026-05-22T02:38:48.503+00:00,1779417528503688000,2050,R,7736,7924,9208,10423,7736,7924,9208,10423,19165,23319,18369,22107,-67,-236,-48,-0.262745,-0.92549,-0.188235,0,62,426930
2026-05-22T02:38:48.653+00:00,1779417528653055000,2051,R,7736,7921,9196,10420,7736,7921,9196,10420,19171,23305,18366,22112,-70,-235,-49,-0.27451,-0.921569,-0.192157,0,62,526930
2026-05-22T02:38:48.653+00:00,1779417528653202000,2052,R,7741,7921,9197,10426,7741,7921,9197,10426,19170,23295,18364,22121,-67,-233,-50,-0.262745,-0.913725,-0.196078,0,62,626930
2026-05-22T02:38:48.653+00:00,1779417528653279000,2053,R,7759,7918,9162,10451,7759,7918,9162,10451,19200,23213,18358,22187,-71,-244,-49,-0.278431,-0.956863,-0.192157,0,62,f27010
2026-05-22T02:38:48.653+00:00,1779417528653344000,2054,R,7758,7919,9164,10451,7758,7919,9164,10451,19202,23218,18362,22186,-70,-246,-46,-0.27451,-0.964706,-0.180392,0,62,027010
2026-05-22T02:38:48.653+00:00,1779417528653408000,2055,R,7755,7925,9168,10458,7755,7925,9168,10458,19203,23226,18362,22186,-73,-247,-49,-0.286275,-0.968627,-0.192157,0,62,127010
2026-05-22T02:38:48.803+00:00,1779417528803058000,2056,R,7758,7921,9171,10452,7758,7921,9171,10452,19203,23234,18363,22185,-68,-247,-43,-0.266667,-0.968627,-0.168627,0,62,227010
2026-05-22T02:38:48.803+00:00,1779417528803176000,2057,R,7757,7922,9175,10450,7757,7922,9175,10450,19203,23244,18366,22177,-72,-250,-44,-0.282353,-0.980392,-0.172549,0,62,327010
2026-05-22T02:38:48.803+00:00,1779417528803248000,2058,R,7760,7923,9182,10450,7760,7923,9182,10450,19198,23253,18368,22176,-71,-244,-43,-0.278431,-0.956863,-0.168627,0,62,427010
2026-05-22T02:38:48.803+00:00,1779417528803314000,2059,R,7752,7939,9222,10449,7752,7939,9222,10449,19192,23341,18380,22146,-77,-235,-39,-0.301961,-0.921569,-0.152941,0,62,c27080
2026-05-22T02:38:48.803+00:00,1779417528803378000,2060,R,7747,7936,9226,10450,7747,7936,9226,10450,19191,23340,18383,22142,-77,-235,-43,-0.301961,-0.921569,-0.168627,0,62,d27080
2026-05-22T02:38:48.954+00:00,1779417528954050000,2061,R,7751,7936,9226,10448,7751,7936,9226,10448,19192,23342,18386,22147,-76,-234,-43,-0.298039,-0.917647,-0.168627,0,62,e27080
2026-05-22T02:38:48.954+00:00,1779417528954189000,2062,R,7753,7933,9226,10445,7753,7933,9226,10445,19190,23345,18383,22144,-76,-233,-43,-0.298039,-0.913725,-0.168627,0,62,f27080
2026-05-22T02:38:48.954+00:00,1779417528954273000,2063,R,7753,7933,9226,10439,7753,7933,9226,10439,19186,23345,18379,22142,-76,-234,-44,-0.298039,-0.917647,-0.172549,0,62,027080
2026-05-22T02:38:48.954+00:00,1779417528954341000,2064,R,7739,7923,9216,10425,7739,7923,9216,10425,19174,23342,18371,22121,-79,-242,-43,-0.309804,-0.94902,-0.168627,0,62,827150
2026-05-22T02:38:48.954+00:00,1779417528954406000,2065,R,7737,7922,9217,10423,7737,7922,9217,10423,19173,23336,18371,22118,-82,-241,-42,-0.321569,-0.945098,-0.164706,0,62,927150
2026-05-22T02:38:48.954+00:00,1779417528954469000,2066,R,7736,7923,9216,10422,7736,7923,9216,10422,19173,23339,18373,22117,-83,-240,-42,-0.32549,-0.941176,-0.164706,0,62,a27150
2026-05-22T02:38:49.104+00:00,1779417529104184000,2067,R,7737,7922,9214,10420,7737,7922,9214,10420,19171,23342,18370,22116,-81,-237,-44,-0.317647,-0.929412,-0.172549,0,62,b27150
2026-05-22T02:38:49.104+00:00,1779417529104321000,2068,R,7736,7921,9215,10419,7736,7921,9215,10419,19170,23335,18369,22114,-81,-238,-42,-0.317647,-0.933333,-0.164706,0,62,c27150
2026-05-22T02:38:49.104+00:00,1779417529104396000,2069,R,7731,7916,9208,10413,7731,7916,9208,10413,19164,23321,18365,22112,-81,-235,-42,-0.317647,-0.921569,-0.164706,0,62,427220
2026-05-22T02:38:49.104+00:00,1779417529104461000,2070,R,7731,7919,9206,10413,7731,7919,9206,10413,19164,23322,18366,22108,-84,-234,-41,-0.329412,-0.917647,-0.160784,0,62,527220
2026-05-22T02:38:49.104+00:00,1779417529104524000,2071,R,7730,7916,9207,10413,7730,7916,9207,10413,19162,23320,18366,22112,-86,-234,-40,-0.337255,-0.917647,-0.156863,0,62,627220
2026-05-22T02:38:49.397+00:00,1779417529397314000,2072,R,7728,7914,9204,10413,7728,7914,9204,10413,19164,23324,18365,22111,-86,-235,-42,-0.337255,-0.921569,-0.164706,0,62,727220
2026-05-22T02:38:49.397+00:00,1779417529397451000,2073,R,7728,7916,9204,10410,7728,7916,9204,10410,19162,23317,18368,22111,-85,-235,-42,-0.333333,-0.921569,-0.164706,0,62,827220
2026-05-22T02:38:49.397+00:00,1779417529397524000,2074,R,7729,7917,9200,10415,7729,7917,9200,10415,19163,23314,18365,22115,-80,-241,-42,-0.313725,-0.945098,-0.164706,0,62,f27280
2026-05-22T02:38:49.397+00:00,1779417529397591000,2075,R,7731,7916,9202,10416,7731,7916,9202,10416,19168,23315,18368,22117,-78,-240,-43,-0.305882,-0.941176,-0.168627,0,62,027280
2026-05-22T02:38:49.397+00:00,1779417529397655000,2076,R,7731,7917,9201,10413,7731,7917,9201,10413,19162,23316,18367,22118,-77,-239,-42,-0.301961,-0.937255,-0.164706,0,62,127280
2026-05-22T02:38:49.402+00:00,1779417529402837000,2077,R,7733,7918,9202,10417,7733,7918,9202,10417,19168,23318,18369,22118,-79,-238,-41,-0.309804,-0.933333,-0.160784,0,62,227280
2026-05-22T02:38:49.402+00:00,1779417529402918000,2078,R,7731,7917,9203,10418,7731,7917,9203,10418,19165,23317,18367,22120,-79,-236,-40,-0.309804,-0.92549,-0.156863,0,62,327280
2026-05-22T02:38:49.402+00:00,1779417529402984000,2079,R,7734,7920,9207,10421,7734,7920,9207,10421,19173,23321,18372,22126,-78,-236,-40,-0.305882,-0.92549,-0.156863,0,62,b27350
2026-05-22T02:38:49.403+00:00,1779417529403046000,2080,R,7735,7919,9204,10424,7735,7919,9204,10424,19170,23321,18371,22128,-77,-238,-41,-0.301961,-0.933333,-0.160784,0,62,c27350
2026-05-22T02:38:49.403+00:00,1779417529403110000,2081,R,7733,7920,9205,10424,7733,7920,9205,10424,19170,23316,18370,22127,-76,-239,-40,-0.298039,-0.937255,-0.156863,0,62,d27350
2026-05-22T02:38:49.703+00:00,1779417529703506000,2082,R,7737,7921,9206,10425,7737,7921,9206,10425,19174,23319,18374,22131,-76,-239,-42,-0.298039,-0.937255,-0.164706,0,62,e27350
2026-05-22T02:38:49.703+00:00,1779417529703652000,2083,R,7740,7920,9206,10427,7740,7920,9206,10427,19176,23316,18373,22130,-75,-239,-42,-0.294118,-0.937255,-0.164706,0,62,f27350
2026-05-22T02:38:49.703+00:00,1779417529703727000,2084,R,7738,7921,9208,10427,7738,7921,9208,10427,19176,23319,18374,22137,-76,-241,-42,-0.298039,-0.945098,-0.164706,0,62,027350
2026-05-22T02:38:49.703+00:00,1779417529703794000,2085,R,7742,7925,9211,10432,7742,7925,9211,10432,19182,23334,18382,22140,-79,-240,-42,-0.309804,-0.941176,-0.164706,0,62,727410
2026-05-22T02:38:49.703+00:00,1779417529703860000,2086,R,7743,7929,9213,10433,7743,7929,9213,10433,19179,23331,18381,22143,-79,-239,-43,-0.309804,-0.937255,-0.168627,0,62,827410
2026-05-22T02:38:49.854+00:00,1779417529854423000,2087,R,7742,7928,9214,10434,7742,7928,9214,10434,19182,23332,18383,22140,-78,-236,-44,-0.305882,-0.92549,-0.172549,0,62,927410
2026-05-22T02:38:49.854+00:00,1779417529854584000,2088,R,7742,7928,9216,10436,7742,7928,9216,10436,19184,23338,18381,22144,-78,-237,-43,-0.305882,-0.929412,-0.168627,0,62,a27410
2026-05-22T02:38:49.854+00:00,1779417529854661000,2089,R,7743,7930,9215,10436,7743,7930,9215,10436,19188,23337,18384,22140,-81,-237,-42,-0.317647,-0.929412,-0.164706,0,62,b27410
2026-05-22T02:38:49.854+00:00,1779417529854728000,2090,R,7740,7921,9212,10426,7740,7921,9212,10426,19182,23337,18373,22132,-75,-240,-48,-0.294118,-0.941176,-0.188235,0,62,327480
2026-05-22T02:38:49.854+00:00,1779417529854791000,2091,R,7739,7918,9211,10419,7739,7918,9211,10419,19184,23329,18369,22131,-77,-238,-47,-0.301961,-0.933333,-0.184314,0,62,427480
2026-05-22T02:38:49.854+00:00,1779417529854854000,2092,R,7738,7919,9210,10420,7738,7919,9210,10420,19182,23332,18370,22131,-78,-239,-47,-0.305882,-0.937255,-0.184314,0,62,527480
2026-05-22T02:38:50.003+00:00,1779417530003399000,2093,R,7737,7916,9207,10421,7737,7916,9207,10421,19178,23331,18370,22124,-78,-238,-47,-0.305882,-0.933333,-0.184314,0,62,627480
2026-05-22T02:38:50.003+00:00,1779417530003437000,2094,R,7734,7915,9208,10415,7734,7915,9208,10415,19178,23330,18369,22121,-79,-238,-46,-0.309804,-0.933333,-0.180392,0,62,727480
2026-05-22T02:38:50.003+00:00,1779417530003453000,2095,R,7727,7911,9201,10409,7727,7911,9201,10409,19167,23324,18367,22114,-78,-235,-43,-0.305882,-0.921569,-0.168627,0,62,e27540
2026-05-22T02:38:50.003+00:00,1779417530003467000,2096,R,7724,7908,9201,10405,7724,7908,9201,10405,19161,23326,18364,22113,-80,-232,-42,-0.313725,-0.909804,-0.164706,0,62,f27540
2026-05-22T02:38:50.003+00:00,1779417530003480000,2097,R,7726,7909,9203,10405,7726,7909,9203,10405,19158,23323,18365,22112,-79,-235,-47,-0.309804,-0.921569,-0.184314,0,62,027540
2026-05-22T02:38:50.153+00:00,1779417530153486000,2098,R,7723,7910,9199,10404,7723,7910,9199,10404,19158,23324,18366,22112,-82,-237,-43,-0.321569,-0.929412,-0.168627,0,62,127540
2026-05-22T02:38:50.153+00:00,1779417530153526000,2099,R,7725,7911,9200,10405,7725,7911,9200,10405,19156,23324,18366,22113,-77,-236,-45,-0.301961,-0.92549,-0.176471,0,62,227540
2026-05-22T02:38:50.153+00:00,1779417530153542000,2100,R,7726,7906,9178,10411,7726,7906,9178,10411,19162,23274,18363,22131,-74,-242,-50,-0.290196,-0.94902,-0.196078,0,62,b27620
2026-05-22T02:38:50.153+00:00,1779417530153720000,2101,R,7727,7905,9175,10410,7727,7905,9175,10410,19166,23273,18363,22135,-77,-241,-49,-0.301961,-0.945098,-0.192157,0,62,c27620
2026-05-22T02:38:50.153+00:00,1779417530153748000,2102,R,7724,7906,9175,10411,7724,7906,9175,10411,19162,23271,18363,22137,-73,-240,-46,-0.286275,-0.941176,-0.180392,0,62,d27620
2026-05-22T02:38:50.302+00:00,1779417530302906000,2103,R,7728,7906,9177,10413,7728,7906,9177,10413,19164,23270,18364,22139,-78,-241,-50,-0.305882,-0.945098,-0.196078,0,62,e27620
2026-05-22T02:38:50.302+00:00,1779417530302947000,2104,R,7727,7911,9176,10414,7727,7911,9176,10414,19166,23274,18362,22138,-72,-240,-45,-0.282353,-0.941176,-0.176471,0,62,f27620
2026-05-22T02:38:50.302+00:00,1779417530302963000,2105,R,7727,7910,9184,10418,7727,7910,9184,10418,19162,23294,18368,22143,-76,-241,-46,-0.298039,-0.945098,-0.180392,0,62,727690
2026-05-22T02:38:50.302+00:00,1779417530302976000,2106,R,7730,7913,9187,10421,7730,7913,9187,10421,19165,23299,18368,22145,-80,-237,-48,-0.313725,-0.929412,-0.188235,0,62,827690
2026-05-22T02:38:50.302+00:00,1779417530302989000,2107,R,7725,7912,9189,10422,7725,7912,9189,10422,19164,23298,18367,22141,-74,-238,-45,-0.290196,-0.933333,-0.176471,0,62,927690
2026-05-22T02:38:50.452+00:00,1779417530452907000,2108,R,7727,7913,9188,10419,7727,7913,9188,10419,19164,23299,18372,22142,-77,-241,-46,-0.301961,-0.945098,-0.180392,0,62,a27690
2026-05-22T02:38:50.452+00:00,1779417530452950000,2109,R,7728,7912,9192,10423,7728,7912,9192,10423,19167,23299,18375,22146,-77,-238,-45,-0.301961,-0.933333,-0.176471,0,62,b27690
2026-05-22T02:38:50.452+00:00,1779417530452966000,2110,R,7732,7916,9194,10422,7732,7916,9194,10422,19165,23302,18373,22147,-76,-239,-45,-0.298039,-0.937255,-0.176471,0,62,c27690
2026-05-22T02:38:50.452+00:00,1779417530452981000,2111,R,7733,7915,9195,10424,7733,7915,9195,10424,19174,23306,18375,22144,-77,-237,-42,-0.301961,-0.929412,-0.164706,0,62,227740
2026-05-22T02:38:50.452+00:00,1779417530452994000,2112,R,7735,7917,9197,10427,7735,7917,9197,10427,19176,23307,18378,22145,-75,-241,-44,-0.294118,-0.945098,-0.172549,0,62,327740
2026-05-22T02:38:50.602+00:00,1779417530602965000,2113,R,7734,7912,9198,10420,7734,7912,9198,10420,19179,23312,18376,22148,-80,-239,-43,-0.313725,-0.937255,-0.168627,0,62,427740
2026-05-22T02:38:50.603+00:00,1779417530603109000,2114,R,7734,7916,9198,10426,7734,7916,9198,10426,19173,23309,18379,22147,-79,-233,-44,-0.309804,-0.913725,-0.172549,0,62,527740
2026-05-22T02:38:50.603+00:00,1779417530603184000,2115,R,7736,7917,9199,10424,7736,7917,9199,10424,19177,23314,18376,22143,-77,-235,-42,-0.301961,-0.921569,-0.164706,0,62,627740
2026-05-22T02:38:50.603+00:00,1779417530603252000,2116,R,7738,7922,9205,10430,7738,7922,9205,10430,19181,23322,18385,22153,-72,-240,-49,-0.282353,-0.941176,-0.192157,0,62,f27820
2026-05-22T02:38:50.603+00:00,1779417530603316000,2117,R,7741,7924,9203,10434,7741,7924,9203,10434,19182,23323,18384,22151,-70,-240,-50,-0.27451,-0.941176,-0.196078,0,61,027820
2026-05-22T02:38:50.603+00:00,1779417530603382000,2118,R,7738,7919,9204,10431,7738,7919,9204,10431,19182,23321,18383,22151,-70,-242,-50,-0.27451,-0.94902,-0.196078,0,61,127820
2026-05-22T02:38:50.754+00:00,1779417530754044000,2119,R,7735,7916,9204,10425,7735,7916,9204,10425,19178,23323,18381,22148,-70,-241,-50,-0.27451,-0.945098,-0.196078,0,61,227820
2026-05-22T02:38:50.754+00:00,1779417530754171000,2120,R,7733,7916,9199,10421,7733,7916,9199,10421,19179,23317,18381,22142,-69,-243,-50,-0.270588,-0.952941,-0.196078,0,61,327820
2026-05-22T02:38:50.754+00:00,1779417530754255000,2121,R,7724,7903,9194,10403,7724,7903,9194,10403,19165,23309,18365,22121,-74,-237,-50,-0.290196,-0.929412,-0.196078,0,61,b27890
2026-05-22T02:38:50.754+00:00,1779417530754333000,2122,R,7723,7896,9195,10403,7723,7896,9195,10403,19165,23311,18360,22117,-74,-237,-50,-0.290196,-0.929412,-0.196078,0,61,c27890
2026-05-22T02:38:50.754+00:00,1779417530754398000,2123,R,7726,7901,9195,10397,7726,7901,9195,10397,19163,23310,18359,22113,-74,-238,-50,-0.290196,-0.933333,-0.196078,0,61,d27890
2026-05-22T02:38:50.903+00:00,1779417530903325000,2124,R,7723,7900,9188,10396,7723,7900,9188,10396,19164,23308,18359,22113,-75,-237,-50,-0.294118,-0.929412,-0.196078,0,61,e27890
2026-05-22T02:38:50.903+00:00,1779417530903451000,2125,R,7720,7896,9189,10394,7720,7896,9189,10394,19162,23306,18358,22115,-75,-238,-50,-0.294118,-0.933333,-0.196078,0,61,f27890
2026-05-22T02:38:50.903+00:00,1779417530903533000,2126,R,7717,7893,9190,10391,7717,7893,9190,10391,19161,23308,18355,22114,-76,-239,-50,-0.298039,-0.937255,-0.196078,0,61,527940
2026-05-22T02:38:50.903+00:00,1779417530903600000,2127,R,7716,7894,9189,10392,7716,7894,9189,10392,19158,23307,18355,22106,-75,-238,-51,-0.294118,-0.933333,-0.2,0,61,627940
2026-05-22T02:38:50.903+00:00,1779417530903664000,2128,R,7718,7893,9191,10390,7718,7893,9191,10390,19156,23308,18354,22107,-75,-238,-50,-0.294118,-0.933333,-0.196078,0,61,727940
2026-05-22T02:38:51.052+00:00,1779417531052548000,2129,R,7718,7891,9188,10386,7718,7891,9188,10386,19154,23308,18357,22105,-76,-239,-49,-0.298039,-0.937255,-0.192157,0,61,827940
2026-05-22T02:38:51.052+00:00,1779417531052634000,2130,R,7718,7892,9188,10390,7718,7892,9188,10390,19158,23307,18355,22107,-77,-238,-51,-0.301961,-0.933333,-0.2,0,61,927940
2026-05-22T02:38:51.052+00:00,1779417531052673000,2131,R,7719,7892,9189,10391,7719,7892,9189,10391,19157,23309,18354,22107,-76,-237,-49,-0.298039,-0.929412,-0.192157,0,61,a27940
2026-05-22T02:38:51.052+00:00,1779417531052709000,2132,R,7718,7895,9193,10393,7718,7895,9193,10393,19160,23313,18360,22117,-76,-237,-51,-0.298039,-0.929412,-0.2,0,61,228010
2026-05-22T02:38:51.052+00:00,1779417531052742000,2133,R,7720,7896,9193,10393,7720,7896,9193,10393,19161,23314,18360,22113,-77,-237,-51,-0.301961,-0.929412,-0.2,0,61,328010
2026-05-22T02:38:51.202+00:00,1779417531202968000,2134,R,7720,7896,9191,10399,7720,7896,9191,10399,19158,23314,18356,22110,-77,-237,-50,-0.301961,-0.929412,-0.196078,0,61,428010
2026-05-22T02:38:51.203+00:00,1779417531203132000,2135,R,7719,7897,9194,10399,7719,7897,9194,10399,19158,23313,18359,22115,-77,-239,-50,-0.301961,-0.937255,-0.196078,0,61,528010
2026-05-22T02:38:51.203+00:00,1779417531203210000,2136,R,7720,7896,9191,10396,7720,7896,9191,10396,19163,23313,18360,22116,-76,-240,-50,-0.298039,-0.941176,-0.196078,0,61,628010
2026-05-22T02:38:51.203+00:00,1779417531203277000,2137,R,7726,7899,9197,10406,7726,7899,9197,10406,19170,23312,18365,22130,-74,-237,-50,-0.290196,-0.929412,-0.196078,0,61,f28090
2026-05-22T02:38:51.203+00:00,1779417531203340000,2138,R,7728,7897,9197,10409,7728,7897,9197,10409,19168,23313,18365,22134,-75,-238,-50,-0.294118,-0.933333,-0.196078,0,61,028090
2026-05-22T02:38:51.352+00:00,1779417531352803000,2139,R,7727,7903,9194,10407,7727,7903,9194,10407,19168,23314,18367,22134,-76,-239,-51,-0.298039,-0.937255,-0.2,0,61,128090
2026-05-22T02:38:51.352+00:00,1779417531352932000,2140,R,7727,7903,9197,10409,7727,7903,9197,10409,19174,23317,18367,22135,-73,-239,-51,-0.286275,-0.937255,-0.2,0,61,228090
2026-05-22T02:38:51.353+00:00,1779417531353015000,2141,R,7729,7904,9197,10410,7729,7904,9197,10410,19173,23319,18370,22139,-73,-239,-51,-0.286275,-0.937255,-0.2,0,61,328090
2026-05-22T02:38:51.353+00:00,1779417531353085000,2142,R,7734,7909,9200,10421,7734,7909,9200,10421,19182,23326,18378,22151,-74,-239,-50,-0.290196,-0.937255,-0.196078,0,61,b28160
2026-05-22T02:38:51.353+00:00,1779417531353151000,2143,R,7734,7908,9198,10417,7734,7908,9198,10417,19180,23324,18377,22153,-75,-240,-49,-0.294118,-0.941176,-0.192157,0,61,c28160
2026-05-22T02:38:51.353+00:00,1779417531353214000,2144,R,7737,7914,9201,10424,7737,7914,9201,10424,19183,23324,18381,22155,-73,-239,-51,-0.286275,-0.937255,-0.2,0,61,d28160
2026-05-22T02:38:51.502+00:00,1779417531502958000,2145,R,7732,7911,9201,10425,7732,7911,9201,10425,19181,23331,18381,22153,-73,-238,-52,-0.286275,-0.933333,-0.203922,0,61,e28160
2026-05-22T02:38:51.503+00:00,1779417531503106000,2146,R,7735,7914,9203,10429,7735,7914,9203,10429,19182,23328,18384,22156,-74,-238,-51,-0.290196,-0.933333,-0.2,0,61,f28160
2026-05-22T02:38:51.503+00:00,1779417531503181000,2147,R,7744,7915,9181,10444,7744,7915,9181,10444,19190,23283,18388,22197,-70,-238,-49,-0.27451,-0.933333,-0.192157,0,61,728230
2026-05-22T02:38:51.503+00:00,1779417531503405000,2148,R,7744,7917,9168,10451,7744,7917,9168,10451,19198,23269,18386,22210,-70,-236,-47,-0.27451,-0.92549,-0.184314,0,61,828230
2026-05-22T02:38:51.503+00:00,1779417531503480000,2149,R,7751,7916,9165,10455,7751,7916,9165,10455,19198,23253,18385,22220,-70,-237,-52,-0.27451,-0.929412,-0.203922,0,61,928230
2026-05-22T02:38:51.654+00:00,1779417531654060000,2150,R,7753,7911,9160,10459,7753,7911,9160,10459,19205,23236,18384,22234,-77,-238,-53,-0.301961,-0.933333,-0.207843,0,61,a28230
2026-05-22T02:38:51.654+00:00,1779417531654189000,2151,R,7755,7911,9152,10461,7755,7911,9152,10461,19209,23227,18380,22250,-70,-239,-47,-0.27451,-0.937255,-0.184314,0,61,b28230
2026-05-22T02:38:51.654+00:00,1779417531654265000,2152,R,7757,7888,9112,10458,7757,7888,9112,10458,19217,23150,18357,22282,-81,-236,-52,-0.317647,-0.92549,-0.203922,0,61,328300
2026-05-22T02:38:51.654+00:00,1779417531654333000,2153,R,7758,7889,9115,10456,7758,7889,9115,10456,19219,23155,18355,22281,-78,-237,-52,-0.305882,-0.929412,-0.203922,0,61,428300
2026-05-22T02:38:51.654+00:00,1779417531654397000,2154,R,7753,7892,9120,10452,7753,7892,9120,10452,19213,23160,18355,22268,-77,-236,-53,-0.301961,-0.92549,-0.207843,0,61,528300
2026-05-22T02:38:51.947+00:00,1779417531947804000,2155,R,7751,7891,9128,10442,7751,7891,9128,10442,19210,23179,18358,22253,-77,-237,-53,-0.301961,-0.929412,-0.207843,0,61,628300
2026-05-22T02:38:51.947+00:00,1779417531947862000,2156,R,7743,7889,9141,10436,7743,7889,9141,10436,19204,23203,18357,22229,-78,-237,-54,-0.305882,-0.929412,-0.211765,0,61,728300
2026-05-22T02:38:51.947+00:00,1779417531947891000,2157,R,7744,7891,9148,10429,7744,7891,9148,10429,19201,23229,18362,22214,-81,-237,-54,-0.317647,-0.929412,-0.211765,0,61,828300
2026-05-22T02:38:51.947+00:00,1779417531947915000,2158,R,7751,7877,9103,10439,7751,7877,9103,10439,19211,23140,18342,22248,-75,-239,-53,-0.294118,-0.937255,-0.207843,0,61,e28350
2026-05-22T02:38:51.947+00:00,1779417531947939000,2159,R,7755,7873,9094,10447,7755,7873,9094,10447,19214,23121,18340,22274,-75,-236,-53,-0.294118,-0.92549,-0.207843,0,61,f28350
2026-05-22T02:38:51.952+00:00,1779417531952949000,2160,R,7758,7873,9087,10454,7758,7873,9087,10454,19219,23097,18335,22294,-76,-234,-55,-0.298039,-0.917647,-0.215686,0,61,028350
2026-05-22T02:38:51.953+00:00,1779417531953053000,2161,R,7755,7872,9078,10463,7755,7872,9078,10463,19224,23087,18336,22311,-76,-237,-54,-0.298039,-0.929412,-0.211765,0,61,128350
2026-05-22T02:38:51.953+00:00,1779417531953125000,2162,R,7760,7870,9074,10466,7760,7870,9074,10466,19231,23078,18333,22320,-77,-238,-54,-0.301961,-0.933333,-0.211765,0,61,228350
2026-05-22T02:38:51.953+00:00,1779417531953191000,2163,R,7744,7883,9125,10432,7744,7883,9125,10432,19204,23175,18348,22238,-76,-237,-53,-0.298039,-0.929412,-0.207843,0,61,a28420
2026-05-22T02:38:51.953+00:00,1779417531953256000,2164,R,7740,7888,9140,10427,7740,7888,9140,10427,19198,23204,18357,22216,-75,-238,-54,-0.294118,-0.933333,-0.211765,0,61,b28420
2026-05-22T02:38:51.953+00:00,1779417531953319000,2165,R,7737,7888,9145,10419,7737,7888,9145,10419,19196,23224,18362,22201,-73,-241,-52,-0.286275,-0.945098,-0.203922,0,61,c28420
2026-05-22T02:38:52.102+00:00,1779417532102763000,2166,R,7736,7891,9154,10419,7736,7891,9154,10419,19187,23233,18361,22190,-69,-241,-54,-0.270588,-0.945098,-0.211765,0,61,d28420
2026-05-22T02:38:52.102+00:00,1779417532102887000,2167,R,7736,7890,9156,10420,7736,7890,9156,10420,19186,23244,18366,22189,-68,-242,-55,-0.266667,-0.94902,-0.215686,0,61,e28420
2026-05-22T02:38:52.102+00:00,1779417532102961000,2168,R,7732,7901,9162,10429,7732,7901,9162,10429,19183,23261,18376,22192,-79,-235,-49,-0.309804,-0.921569,-0.192157,0,61,628490
2026-05-22T02:38:52.103+00:00,1779417532103027000,2169,R,7732,7902,9157,10429,7732,7902,9157,10429,19185,23255,18375,22198,-79,-235,-49,-0.309804,-0.921569,-0.192157,0,61,728490
2026-05-22T02:38:52.103+00:00,1779417532103090000,2170,R,7735,7900,9155,10432,7735,7900,9155,10432,19189,23242,18376,22205,-77,-235,-49,-0.301961,-0.921569,-0.192157,0,61,828490
2026-05-22T02:38:52.253+00:00,1779417532253032000,2171,R,7736,7899,9146,10432,7736,7899,9146,10432,19188,23229,18377,22211,-78,-237,-50,-0.305882,-0.929412,-0.196078,0,61,928490
2026-05-22T02:38:52.253+00:00,1779417532253151000,2172,R,7740,7895,9139,10438,7740,7895,9139,10438,19192,23217,18372,22223,-77,-236,-50,-0.301961,-0.92549,-0.196078,0,61,a28490
2026-05-22T02:38:52.253+00:00,1779417532253225000,2173,R,7743,7903,9159,10444,7743,7903,9159,10444,19199,23241,18378,22230,-74,-239,-51,-0.290196,-0.937255,-0.2,0,61,228560
2026-05-22T02:38:52.253+00:00,1779417532253290000,2174,R,7739,7907,9172,10440,7739,7907,9172,10440,19195,23267,18381,22206,-74,-239,-53,-0.290196,-0.937255,-0.207843,0,61,328560
2026-05-22T02:38:52.253+00:00,1779417532253354000,2175,R,7739,7912,9184,10434,7739,7912,9184,10434,19189,23293,18391,22200,-75,-237,-51,-0.294118,-0.929412,-0.2,0,61,428560
2026-05-22T02:38:52.402+00:00,1779417532402416000,2176,R,7736,7913,9193,10434,7736,7913,9193,10434,19182,23314,18392,22188,-75,-236,-52,-0.294118,-0.92549,-0.203922,0,61,528560
2026-05-22T02:38:52.402+00:00,1779417532402459000,2177,R,7734,7915,9200,10432,7734,7915,9200,10432,19183,23323,18394,22179,-77,-237,-51,-0.301961,-0.929412,-0.2,0,61,628560
2026-05-22T02:38:52.402+00:00,1779417532402475000,2178,R,7737,7923,9206,10437,7737,7923,9206,10437,19179,23343,18402,22175,-81,-237,-54,-0.317647,-0.929412,-0.211765,0,61,d28620
2026-05-22T02:38:52.402+00:00,1779417532402489000,2179,R,7735,7921,9205,10440,7735,7921,9205,10440,19182,23335,18406,22184,-76,-237,-51,-0.298039,-0.929412,-0.2,0,61,e28620
2026-05-22T02:38:52.402+00:00,1779417532402503000,2180,R,7738,7923,9201,10442,7738,7923,9201,10442,19185,23329,18403,22186,-78,-237,-51,-0.305882,-0.929412,-0.2,0,61,f28620
2026-05-22T02:38:52.701+00:00,1779417532701907000,2181,R,7734,7920,9199,10442,7734,7920,9199,10442,19185,23324,18404,22191,-74,-238,-51,-0.290196,-0.933333,-0.2,0,61,028620
2026-05-22T02:38:52.702+00:00,1779417532702055000,2182,R,7738,7925,9201,10447,7738,7925,9201,10447,19181,23321,18405,22192,-77,-239,-55,-0.301961,-0.937255,-0.215686,0,61,128620
2026-05-22T02:38:52.702+00:00,1779417532702132000,2183,R,7739,7924,9203,10448,7739,7924,9203,10448,19185,23322,18406,22194,-75,-235,-54,-0.294118,-0.921569,-0.211765,0,61,228620
2026-05-22T02:38:52.702+00:00,1779417532702196000,2184,R,7740,7930,9220,10451,7740,7930,9220,10451,19186,23358,18411,22192,-82,-235,-47,-0.321569,-0.921569,-0.184314,0,61,a28690
2026-05-22T02:38:52.702+00:00,1779417532702259000,2185,R,7740,7930,9217,10448,7740,7930,9217,10448,19184,23363,18414,22189,-84,-235,-45,-0.329412,-0.921569,-0.176471,0,61,b28690
2026-05-22T02:38:52.849+00:00,1779417532849707000,2186,R,7736,7927,9219,10442,7736,7927,9219,10442,19183,23361,18411,22184,-82,-237,-48,-0.321569,-0.929412,-0.188235,0,61,c28690
2026-05-22T02:38:52.849+00:00,1779417532849773000,2187,R,7737,7924,9216,10439,7737,7924,9216,10439,19185,23364,18408,22184,-83,-238,-44,-0.32549,-0.933333,-0.172549,0,61,d28690
2026-05-22T02:38:52.849+00:00,1779417532849802000,2188,R,7733,7922,9216,10434,7733,7922,9216,10434,19185,23363,18407,22176,-82,-235,-46,-0.321569,-0.921569,-0.180392,0,61,e28690
2026-05-22T02:38:52.849+00:00,1779417532849826000,2189,R,7726,7916,9211,10421,7726,7916,9211,10421,19171,23357,18398,22154,-83,-235,-48,-0.32549,-0.921569,-0.188235,0,61,628760
2026-05-22T02:38:52.849+00:00,1779417532849849000,2190,R,7726,7912,9213,10418,7726,7912,9213,10418,19170,23359,18399,22156,-83,-235,-46,-0.32549,-0.921569,-0.180392,0,61,728760
2026-05-22T02:38:52.849+00:00,1779417532849872000,2191,R,7724,7913,9211,10415,7724,7913,9211,10415,19171,23359,18397,22155,-83,-236,-47,-0.32549,-0.92549,-0.184314,0,61,828760
2026-05-22T02:38:53.000+00:00,1779417533000161000,2192,R,7725,7911,9210,10414,7725,7911,9210,10414,19168,23359,18394,22151,-86,-235,-48,-0.337255,-0.921569,-0.188235,0,61,928760
2026-05-22T02:38:53.000+00:00,1779417533000209000,2193,R,7723,7911,9210,10417,7723,7911,9210,10417,19165,23358,18395,22149,-87,-235,-48,-0.341176,-0.921569,-0.188235,0,61,a28760
2026-05-22T02:38:53.000+00:00,1779417533000226000,2194,R,7720,7902,9190,10409,7720,7902,9190,10409,19165,23322,18384,22144,-85,-232,-48,-0.333333,-0.909804,-0.188235,0,61,028810
2026-05-22T02:38:53.000+00:00,1779417533000240000,2195,R,7720,7905,9187,10409,7720,7905,9187,10409,19166,23313,18385,22145,-83,-230,-49,-0.32549,-0.901961,-0.192157,0,61,128810
2026-05-22T02:38:53.000+00:00,1779417533000254000,2196,R,7721,7906,9184,10407,7721,7906,9184,10407,19164,23310,18389,22147,-83,-233,-49,-0.32549,-0.913725,-0.192157,0,61,228810
2026-05-22T02:38:53.151+00:00,1779417533151870000,2197,R,7714,7903,9183,10401,7714,7903,9183,10401,19161,23309,18389,22146,-84,-234,-49,-0.329412,-0.917647,-0.192157,0,61,328810
2026-05-22T02:38:53.152+00:00,1779417533152019000,2198,R,7715,7907,9180,10410,7715,7907,9180,10410,19156,23301,18392,22150,-84,-233,-48,-0.329412,-0.913725,-0.188235,0,61,428810
2026-05-22T02:38:53.152+00:00,1779417533152101000,2199,R,7715,7901,9143,10425,7715,7901,9143,10425,19153,23236,18385,22192,-74,-235,-56,-0.290196,-0.921569,-0.219608,0,61,e28900
2026-05-22T02:38:53.152+00:00,1779417533152169000,2200,R,7714,7898,9142,10428,7714,7898,9142,10428,19155,23228,18385,22198,-81,-236,-52,-0.317647,-0.92549,-0.203922,0,61,f28900
2026-05-22T02:38:53.152+00:00,1779417533152236000,2201,R,7715,7900,9136,10428,7715,7900,9136,10428,19158,23221,18383,22200,-79,-237,-53,-0.309804,-0.929412,-0.207843,0,61,028900
2026-05-22T02:38:53.300+00:00,1779417533300584000,2202,R,7718,7900,9135,10428,7718,7900,9135,10428,19161,23208,18384,22204,-82,-237,-54,-0.321569,-0.929412,-0.211765,0,61,128900
2026-05-22T02:38:53.300+00:00,1779417533300716000,2203,R,7722,7899,9134,10429,7722,7899,9134,10429,19171,23208,18382,22204,-84,-236,-55,-0.329412,-0.92549,-0.215686,0,61,228900
2026-05-22T02:38:53.300+00:00,1779417533300788000,2204,R,7729,7887,9096,10439,7729,7887,9096,10439,19192,23136,18366,22235,-78,-236,-56,-0.305882,-0.92549,-0.219608,0,61,a28970
2026-05-22T02:38:53.300+00:00,1779417533300853000,2205,R,7733,7880,9091,10445,7733,7880,9091,10445,19193,23122,18361,22251,-76,-237,-55,-0.298039,-0.929412,-0.215686,0,61,b28970
2026-05-22T02:38:53.300+00:00,1779417533300916000,2206,R,7737,7885,9088,10447,7737,7885,9088,10447,19194,23112,18362,22261,-76,-237,-55,-0.298039,-0.929412,-0.215686,0,61,c28970
2026-05-22T02:38:53.601+00:00,1779417533601265000,2207,R,7741,7887,9086,10453,7741,7887,9086,10453,19204,23106,18363,22270,-74,-237,-55,-0.290196,-0.929412,-0.215686,0,61,d28970
2026-05-22T02:38:53.601+00:00,1779417533601322000,2208,R,7742,7887,9081,10456,7742,7887,9081,10456,19205,23101,18365,22278,-74,-237,-55,-0.290196,-0.929412,-0.215686,0,61,e28970
2026-05-22T02:38:53.601+00:00,1779417533601350000,2209,R,7740,7888,9079,10460,7740,7888,9079,10460,19205,23096,18364,22288,-77,-239,-53,-0.301961,-0.937255,-0.207843,0,61,f28970
2026-05-22T02:38:53.601+00:00,1779417533601375000,2210,R,7727,7903,9104,10471,7727,7903,9104,10471,19171,23146,18390,22290,-79,-240,-53,-0.309804,-0.941176,-0.207843,0,61,629030
2026-05-22T02:38:53.601+00:00,1779417533601399000,2211,R,7724,7903,9105,10464,7724,7903,9105,10464,19168,23157,18393,22288,-81,-236,-52,-0.317647,-0.92549,-0.203922,0,61,729030
2026-05-22T02:38:53.750+00:00,1779417533750914000,2212,R,7725,7911,9116,10472,7725,7911,9116,10472,19168,23171,18395,22288,-83,-234,-52,-0.32549,-0.917647,-0.203922,0,61,829030
2026-05-22T02:38:53.751+00:00,1779417533751029000,2213,R,7721,7912,9116,10473,7721,7912,9116,10473,19163,23181,18400,22282,-88,-234,-52,-0.345098,-0.917647,-0.203922,0,61,929030
2026-05-22T02:38:53.751+00:00,1779417533751100000,2214,R,7723,7914,9122,10474,7723,7914,9122,10474,19165,23189,18402,22284,-88,-234,-51,-0.345098,-0.917647,-0.2,0,61,a29030
2026-05-22T02:38:53.751+00:00,1779417533751163000,2215,R,7726,7921,9136,10484,7726,7921,9136,10484,19167,23212,18414,22294,-98,-230,-46,-0.384314,-0.901961,-0.180392,0,61,229100
2026-05-22T02:38:53.751+00:00,1779417533751227000,2216,R,7726,7924,9130,10488,7726,7924,9130,10488,19169,23215,18416,22299,-101,-229,-46,-0.396078,-0.898039,-0.180392,0,61,329100
2026-05-22T02:38:53.751+00:00,1779417533751289000,2217,R,7727,7926,9132,10489,7727,7926,9132,10489,19165,23212,18421,22299,-101,-230,-44,-0.396078,-0.901961,-0.172549,0,61,429100
2026-05-22T02:38:53.901+00:00,1779417533901744000,2218,R,7729,7926,9133,10492,7729,7926,9133,10492,19170,23208,18423,22302,-99,-230,-47,-0.388235,-0.901961,-0.184314,0,61,529100
2026-05-22T02:38:53.901+00:00,1779417533901867000,2219,R,7728,7926,9129,10489,7728,7926,9129,10489,19174,23203,18424,22304,-97,-228,-49,-0.380392,-0.894118,-0.192157,0,61,629100
2026-05-22T02:38:53.901+00:00,1779417533901939000,2220,R,7722,7917,9122,10474,7722,7917,9122,10474,19165,23195,18415,22287,-99,-229,-50,-0.388235,-0.898039,-0.196078,0,61,e29170
2026-05-22T02:38:53.902+00:00,1779417533902018000,2221,R,7726,7913,9131,10471,7726,7913,9131,10471,19164,23196,18408,22278,-101,-230,-51,-0.396078,-0.901961,-0.2,0,61,f29170
2026-05-22T02:38:53.902+00:00,1779417533902209000,2222,R,7720,7912,9125,10465,7720,7912,9125,10465,19161,23198,18408,22273,-101,-231,-52,-0.396078,-0.905882,-0.203922,0,61,029170
2026-05-22T02:38:54.049+00:00,1779417534049564000,2223,R,7720,7914,9125,10460,7720,7914,9125,10460,19160,23200,18409,22267,-100,-228,-51,-0.392157,-0.894118,-0.2,0,61,129170
2026-05-22T02:38:54.049+00:00,1779417534049644000,2224,R,7718,7911,9130,10457,7718,7911,9130,10457,19159,23209,18405,22258,-103,-228,-50,-0.403922,-0.894118,-0.196078,0,61,229170
2026-05-22T02:38:54.049+00:00,1779417534049686000,2225,R,7710,7910,9161,10429,7710,7910,9161,10429,19143,23276,18401,22194,-102,-228,-48,-0.4,-0.894118,-0.188235,0,61,a29240
2026-05-22T02:38:54.049+00:00,1779417534049734000,2226,R,7710,7911,9162,10428,7710,7911,9162,10428,19144,23278,18399,22194,-102,-230,-47,-0.4,-0.901961,-0.184314,0,61,b29240
2026-05-22T02:38:54.049+00:00,1779417534049764000,2227,R,7706,7908,9165,10427,7706,7908,9165,10427,19142,23284,18397,22189,-101,-228,-47,-0.396078,-0.894118,-0.184314,0,61,c29240
2026-05-22T02:38:54.200+00:00,1779417534200064000,2228,R,7710,7908,9167,10423,7710,7908,9167,10423,19142,23285,18398,22185,-102,-227,-47,-0.4,-0.890196,-0.184314,0,61,d29240
2026-05-22T02:38:54.200+00:00,1779417534200100000,2229,R,7707,7909,9171,10425,7707,7909,9171,10425,19144,23290,18397,22184,-102,-227,-47,-0.4,-0.890196,-0.184314,0,61,e29240
2026-05-22T02:38:54.200+00:00,1779417534200116000,2230,R,7707,7909,9174,10424,7707,7909,9174,10424,19143,23300,18397,22178,-103,-228,-46,-0.403922,-0.894118,-0.180392,0,61,629310
2026-05-22T02:38:54.200+00:00,1779417534200130000,2231,R,7713,7911,9176,10429,7713,7911,9176,10429,19142,23299,18398,22179,-103,-228,-46,-0.403922,-0.894118,-0.180392,0,61,729310
2026-05-22T02:38:54.200+00:00,1779417534200143000,2232,R,7710,7909,9177,10424,7710,7909,9177,10424,19144,23298,18399,22180,-104,-228,-46,-0.407843,-0.894118,-0.180392,0,61,829310
2026-05-22T02:38:54.501+00:00,1779417534501389000,2233,R,7709,7910,9173,10423,7709,7910,9173,10423,19142,23299,18395,22181,-103,-228,-47,-0.403922,-0.894118,-0.184314,0,61,929310
2026-05-22T02:38:54.501+00:00,1779417534501446000,2234,R,7710,7910,9176,10425,7710,7910,9176,10425,19146,23298,18399,22180,-104,-228,-45,-0.407843,-0.894118,-0.176471,0,61,a29310
2026-05-22T02:38:54.501+00:00,1779417534501495000,2235,R,7709,7908,9174,10424,7709,7908,9174,10424,19149,23297,18396,22184,-104,-230,-46,-0.407843,-0.901961,-0.180392,0,61,b29310
2026-05-22T02:38:54.501+00:00,1779417534501515000,2236,R,7714,7911,9174,10429,7714,7911,9174,10429,19148,23295,18392,22182,-103,-229,-46,-0.403922,-0.898039,-0.180392,0,61,129360
2026-05-22T02:38:54.501+00:00,1779417534501528000,2237,R,7714,7911,9178,10431,7714,7911,9178,10431,19154,23298,18399,22186,-104,-230,-46,-0.407843,-0.901961,-0.180392,0,61,229360
2026-05-22T02:38:54.651+00:00,1779417534651807000,2238,R,7723,7909,9185,10435,7723,7909,9185,10435,19151,23300,18394,22187,-103,-229,-46,-0.403922,-0.898039,-0.180392,0,61,329360
2026-05-22T02:38:54.651+00:00,1779417534651928000,2239,R,7717,7910,9180,10435,7717,7910,9180,10435,19153,23290,18398,22190,-101,-229,-46,-0.396078,-0.898039,-0.180392,0,61,429360
2026-05-22T02:38:54.651+00:00,1779417534652002000,2240,R,7718,7912,9176,10435,7718,7912,9176,10435,19156,23298,18396,22189,-103,-229,-44,-0.403922,-0.898039,-0.172549,0,61,529360
2026-05-22T02:38:54.652+00:00,1779417534652067000,2241,R,7721,7912,9171,10439,7721,7912,9171,10439,19161,23283,18400,22203,-103,-228,-46,-0.403922,-0.894118,-0.180392,0,62,d29430
2026-05-22T02:38:54.652+00:00,1779417534652128000,2242,R,7720,7911,9170,10441,7720,7911,9170,10441,19155,23280,18398,22200,-104,-228,-46,-0.407843,-0.894118,-0.180392,0,62,e29430
2026-05-22T02:38:54.652+00:00,1779417534652190000,2243,R,7718,7912,9170,10441,7718,7912,9170,10441,19154,23284,18393,22199,-105,-228,-46,-0.411765,-0.894118,-0.180392,0,62,f29430
2026-05-22T02:38:54.801+00:00,1779417534801798000,2244,R,7717,7913,9169,10445,7717,7913,9169,10445,19155,23286,18397,22202,-104,-229,-46,-0.407843,-0.898039,-0.180392,0,62,029430
2026-05-22T02:38:54.801+00:00,1779417534801930000,2245,R,7718,7913,9169,10443,7718,7913,9169,10443,19157,23284,18398,22204,-103,-229,-46,-0.403922,-0.898039,-0.180392,0,62,129430
2026-05-22T02:38:54.801+00:00,1779417534802004000,2246,R,7726,7917,9176,10449,7726,7917,9176,10449,19157,23289,18400,22205,-102,-231,-46,-0.4,-0.905882,-0.180392,0,62,929500
2026-05-22T02:38:54.802+00:00,1779417534802070000,2247,R,7727,7919,9180,10450,7727,7919,9180,10450,19161,23294,18399,22208,-102,-229,-46,-0.4,-0.898039,-0.180392,0,62,a29500
2026-05-22T02:38:54.802+00:00,1779417534802134000,2248,R,7726,7919,9179,10450,7726,7919,9179,10450,19165,23291,18399,22206,-102,-231,-46,-0.4,-0.905882,-0.180392,0,62,b29500
2026-05-22T02:38:54.951+00:00,1779417534951242000,2249,R,7725,7920,9180,10450,7725,7920,9180,10450,19166,23292,18404,22212,-101,-231,-47,-0.396078,-0.905882,-0.184314,0,62,c29500
2026-05-22T02:38:54.951+00:00,1779417534951312000,2250,R,7729,7922,9186,10454,7729,7922,9186,10454,19165,23296,18402,22209,-100,-231,-46,-0.392157,-0.905882,-0.180392,0,62,d29500
2026-05-22T02:38:54.951+00:00,1779417534951459000,2251,R,7733,7924,9173,10461,7733,7924,9173,10461,19176,23278,18412,22218,-99,-229,-44,-0.388235,-0.898039,-0.172549,0,62,529570
2026-05-22T02:38:54.951+00:00,1779417534951489000,2252,R,7732,7923,9171,10460,7732,7923,9171,10460,19177,23274,18410,22225,-99,-232,-46,-0.388235,-0.909804,-0.180392,0,62,629570
2026-05-22T02:38:54.951+00:00,1779417534951514000,2253,R,7734,7925,9171,10461,7734,7925,9171,10461,19177,23273,18414,22228,-97,-231,-43,-0.380392,-0.905882,-0.168627,0,62,729570
2026-05-22T02:38:55.099+00:00,1779417535099929000,2254,R,7731,7926,9170,10460,7731,7926,9170,10460,19172,23271,18410,22224,-98,-231,-46,-0.384314,-0.905882,-0.180392,0,62,829570
2026-05-22T02:38:55.100+00:00,1779417535100067000,2255,R,7730,7920,9170,10456,7730,7920,9170,10456,19174,23272,18408,22221,-99,-231,-47,-0.388235,-0.905882,-0.184314,0,62,929570
2026-05-22T02:38:55.100+00:00,1779417535100140000,2256,R,7730,7921,9174,10452,7730,7921,9174,10452,19172,23277,18408,22214,-99,-231,-47,-0.388235,-0.905882,-0.184314,0,62,a29570
2026-05-22T02:38:55.100+00:00,1779417535100204000,2257,R,7725,7917,9181,10438,7725,7917,9181,10438,19162,23301,18402,22191,-102,-230,-46,-0.4,-0.901961,-0.180392,0,62,029620
2026-05-22T02:38:55.100+00:00,1779417535100265000,2258,R,7723,7916,9181,10437,7723,7916,9181,10437,19162,23301,18399,22194,-102,-230,-46,-0.4,-0.901961,-0.180392,0,62,129620
2026-05-22T02:38:55.251+00:00,1779417535251217000,2259,R,7726,7917,9186,10436,7726,7917,9186,10436,19164,23309,18395,22191,-99,-229,-48,-0.388235,-0.898039,-0.188235,0,62,229620
2026-05-22T02:38:55.251+00:00,1779417535251340000,2260,R,7725,7915,9188,10435,7725,7915,9188,10435,19164,23312,18397,22186,-98,-230,-46,-0.384314,-0.901961,-0.180392,0,62,329620
2026-05-22T02:38:55.251+00:00,1779417535251412000,2261,R,7723,7912,9188,10434,7723,7912,9188,10434,19168,23312,18393,22183,-97,-232,-48,-0.380392,-0.909804,-0.188235,0,62,429620
2026-05-22T02:38:55.251+00:00,1779417535251477000,2262,R,7722,7917,9205,10430,7722,7917,9205,10430,19158,23344,18398,22171,-92,-229,-45,-0.360784,-0.898039,-0.176471,0,62,d29700
2026-05-22T02:38:55.251+00:00,1779417535251539000,2263,R,7719,7914,9203,10430,7719,7914,9203,10430,19159,23345,18400,22169,-97,-231,-51,-0.380392,-0.905882,-0.2,0,62,e29700
2026-05-22T02:38:55.548+00:00,1779417535548159000,2264,R,7722,7914,9203,10427,7722,7914,9203,10427,19155,23347,18397,22165,-96,-233,-50,-0.376471,-0.913725,-0.196078,0,62,f29700
2026-05-22T02:38:55.548+00:00,1779417535548233000,2265,R,7718,7915,9203,10424,7718,7915,9203,10424,19152,23347,18395,22167,-100,-230,-52,-0.392157,-0.901961,-0.203922,0,62,029700
2026-05-22T02:38:55.548+00:00,1779417535548263000,2266,R,7717,7915,9207,10427,7717,7915,9207,10427,19154,23352,18395,22162,-99,-234,-46,-0.388235,-0.917647,-0.180392,0,62,129700
2026-05-22T02:38:55.548+00:00,1779417535548288000,2267,R,7719,7917,9205,10430,7719,7917,9205,10430,19151,23349,18398,22164,-94,-236,-53,-0.368627,-0.92549,-0.207843,0,63,929770
2026-05-22T02:38:55.548+00:00,1779417535548314000,2268,R,7716,7916,9203,10431,7716,7916,9203,10431,19150,23346,18398,22166,-95,-232,-57,-0.372549,-0.909804,-0.223529,0,63,a29770
2026-05-22T02:38:55.548+00:00,1779417535548338000,2269,R,7718,7916,9201,10429,7718,7916,9201,10429,19151,23339,18394,22165,-92,-235,-56,-0.360784,-0.921569,-0.219608,0,63,b29770
2026-05-22T02:38:55.555+00:00,1779417535555104000,2270,R,7716,7915,9194,10433,7716,7915,9194,10433,19149,23324,18394,22168,-92,-231,-51,-0.360784,-0.905882,-0.2,0,63,c29770
2026-05-22T02:38:55.555+00:00,1779417535555159000,2271,R,7722,7914,9184,10432,7722,7914,9184,10432,19154,23307,18395,22176,-93,-233,-57,-0.364706,-0.913725,-0.223529,0,63,d29770
2026-05-22T02:38:55.555+00:00,1779417535555188000,2272,R,7735,7908,9153,10446,7735,7908,9153,10446,19176,23230,18383,22211,-87,-232,-52,-0.341176,-0.909804,-0.203922,0,63,529840
2026-05-22T02:38:55.555+00:00,1779417535555214000,2273,R,7735,7906,9157,10445,7735,7906,9157,10445,19176,23237,18383,22209,-89,-235,-50,-0.34902,-0.921569,-0.196078,0,63,629840
2026-05-22T02:38:55.555+00:00,1779417535555238000,2274,R,7737,7908,9163,10444,7737,7908,9163,10444,19177,23248,18385,22204,-85,-236,-50,-0.333333,-0.92549,-0.196078,0,63,729840
2026-05-22T02:38:55.851+00:00,1779417535851858000,2275,R,7737,7910,9168,10445,7737,7910,9168,10445,19173,23254,18386,22198,-84,-235,-49,-0.329412,-0.921569,-0.192157,0,63,829840
2026-05-22T02:38:55.851+00:00,1779417535852002000,2276,R,7737,7911,9171,10443,7737,7911,9171,10443,19175,23265,18384,22196,-84,-235,-49,-0.329412,-0.921569,-0.192157,0,63,929840
2026-05-22T02:38:55.852+00:00,1779417535852077000,2277,R,7737,7919,9188,10447,7737,7919,9188,10447,19175,23294,18396,22195,-84,-237,-48,-0.329412,-0.929412,-0.188235,0,63,f29890
2026-05-22T02:38:55.852+00:00,1779417535852143000,2278,R,7738,7920,9188,10445,7738,7920,9188,10445,19173,23301,18397,22193,-85,-235,-46,-0.333333,-0.921569,-0.180392,0,63,029890
2026-05-22T02:38:55.852+00:00,1779417535852206000,2279,R,7735,7922,9189,10451,7735,7922,9189,10451,19177,23299,18400,22197,-84,-236,-46,-0.329412,-0.92549,-0.180392,0,63,129890
2026-05-22T02:38:56.148+00:00,1779417536148811000,2280,R,7739,7921,9194,10452,7739,7921,9194,10452,19176,23305,18401,22200,-84,-234,-48,-0.329412,-0.917647,-0.188235,0,63,229890
2026-05-22T02:38:56.148+00:00,1779417536148997000,2281,R,7737,7925,9190,10457,7737,7925,9190,10457,19178,23303,18400,22203,-85,-235,-48,-0.333333,-0.921569,-0.188235,0,63,329890
2026-05-22T02:38:56.149+00:00,1779417536149042000,2282,R,7738,7924,9191,10455,7738,7924,9191,10455,19179,23308,18402,22203,-86,-233,-46,-0.337255,-0.913725,-0.180392,0,63,429890
2026-05-22T02:38:56.149+00:00,1779417536149072000,2283,R,7735,7916,9183,10443,7735,7916,9183,10443,19179,23300,18392,22191,-85,-233,-48,-0.333333,-0.913725,-0.188235,0,63,d29970
2026-05-22T02:38:56.149+00:00,1779417536149099000,2284,R,7736,7916,9183,10444,7736,7916,9183,10444,19178,23300,18392,22192,-85,-233,-49,-0.333333,-0.913725,-0.192157,0,63,e29970
2026-05-22T02:38:56.155+00:00,1779417536155064000,2285,R,7734,7913,9184,10435,7734,7913,9184,10435,19173,23300,18388,22185,-84,-233,-49,-0.329412,-0.913725,-0.192157,0,63,f29970
2026-05-22T02:38:56.155+00:00,1779417536155110000,2286,R,7731,7912,9181,10434,7731,7912,9181,10434,19173,23294,18390,22187,-85,-235,-49,-0.333333,-0.921569,-0.192157,0,63,029970
2026-05-22T02:38:56.155+00:00,1779417536155138000,2287,R,7730,7909,9182,10432,7730,7909,9182,10432,19170,23300,18384,22183,-85,-234,-50,-0.333333,-0.917647,-0.196078,0,63,129970
2026-05-22T02:38:56.155+00:00,1779417536155163000,2288,R,7723,7903,9174,10422,7723,7903,9174,10422,19161,23284,18379,22170,-90,-237,-52,-0.352941,-0.929412,-0.203922,0,63,930040
2026-05-22T02:38:56.155+00:00,1779417536155189000,2289,R,7722,7902,9173,10420,7722,7902,9173,10420,19159,23284,18379,22169,-90,-237,-52,-0.352941,-0.929412,-0.203922,0,63,a30040
2026-05-22T02:38:56.155+00:00,1779417536155214000,2290,R,7721,7903,9175,10420,7721,7903,9175,10420,19159,23281,18380,22171,-89,-236,-52,-0.34902,-0.92549,-0.203922,0,63,b30040
2026-05-22T02:38:56.451+00:00,1779417536451327000,2291,R,7721,7902,9170,10420,7721,7902,9170,10420,19157,23281,18379,22166,-88,-234,-52,-0.345098,-0.917647,-0.203922,0,63,c30040
2026-05-22T02:38:56.451+00:00,1779417536451479000,2292,R,7725,7904,9172,10419,7725,7904,9172,10419,19158,23279,18376,22168,-89,-233,-51,-0.34902,-0.913725,-0.2,0,63,d30040
2026-05-22T02:38:56.451+00:00,1779417536451553000,2293,R,7726,7900,9163,10418,7726,7900,9163,10418,19161,23256,18375,22171,-86,-237,-50,-0.337255,-0.929412,-0.196078,0,63,430100
2026-05-22T02:38:56.451+00:00,1779417536451622000,2294,R,7725,7898,9161,10421,7725,7898,9161,10421,19163,23259,18375,22172,-84,-235,-51,-0.329412,-0.921569,-0.2,0,63,530100
2026-05-22T02:38:56.451+00:00,1779417536451684000,2295,R,7726,7897,9159,10421,7726,7897,9159,10421,19162,23253,18370,22175,-85,-236,-50,-0.333333,-0.92549,-0.196078,0,63,630100
2026-05-22T02:38:56.747+00:00,1779417536747602000,2296,R,7724,7897,9162,10418,7724,7897,9162,10418,19166,23261,18375,22175,-85,-236,-50,-0.333333,-0.92549,-0.196078,0,63,730100
2026-05-22T02:38:56.748+00:00,1779417536748158000,2297,R,7725,7899,9163,10421,7725,7899,9163,10421,19167,23259,18371,22170,-85,-236,-49,-0.333333,-0.92549,-0.192157,0,63,830100
2026-05-22T02:38:56.748+00:00,1779417536748246000,2298,R,7728,7901,9162,10425,7728,7901,9162,10425,19169,23261,18376,22176,-87,-233,-47,-0.341176,-0.913725,-0.184314,0,63,f30160
2026-05-22T02:38:56.748+00:00,1779417536748315000,2299,R,7730,7901,9163,10428,7730,7901,9163,10428,19166,23259,18375,22178,-87,-234,-47,-0.341176,-0.917647,-0.184314,0,63,030160
2026-05-22T02:38:56.748+00:00,1779417536748380000,2300,R,7730,7899,9165,10422,7730,7899,9165,10422,19169,23262,18377,22179,-85,-234,-46,-0.333333,-0.917647,-0.180392,0,63,130160
2026-05-22T02:38:56.753+00:00,1779417536753256000,2301,R,7728,7909,9167,10435,7728,7909,9167,10435,19171,23262,18376,22179,-86,-234,-47,-0.337255,-0.917647,-0.184314,0,63,230160
2026-05-22T02:38:56.753+00:00,1779417536753373000,2302,R,7733,7903,9167,10427,7733,7903,9167,10427,19169,23259,18378,22180,-85,-235,-47,-0.333333,-0.921569,-0.184314,0,63,330160
2026-05-22T02:38:56.753+00:00,1779417536753446000,2303,R,7737,7908,9175,10438,7737,7908,9175,10438,19179,23274,18377,22186,-88,-235,-48,-0.345098,-0.921569,-0.188235,0,63,d30250
2026-05-22T02:38:56.753+00:00,1779417536753522000,2304,R,7733,7907,9176,10435,7733,7907,9176,10435,19180,23278,18376,22185,-87,-234,-48,-0.341176,-0.917647,-0.188235,0,63,e30250
2026-05-22T02:38:56.753+00:00,1779417536753585000,2305,R,7737,7907,9178,10438,7737,7907,9178,10438,19183,23283,18381,22187,-87,-232,-48,-0.341176,-0.909804,-0.188235,0,63,f30250
2026-05-22T02:38:57.050+00:00,1779417537050273000,2306,R,7739,7909,9180,10439,7739,7909,9180,10439,19183,23280,18379,22193,-88,-232,-47,-0.345098,-0.909804,-0.184314,0,63,030250
2026-05-22T02:38:57.050+00:00,1779417537050315000,2307,R,7737,7906,9179,10435,7737,7906,9179,10435,19186,23285,18383,22192,-89,-232,-48,-0.34902,-0.909804,-0.188235,0,63,130250
2026-05-22T02:38:57.050+00:00,1779417537050334000,2308,R,7740,7911,9180,10441,7740,7911,9180,10441,19185,23285,18382,22189,-90,-233,-48,-0.352941,-0.913725,-0.188235,0,63,230250
2026-05-22T02:38:57.050+00:00,1779417537050350000,2309,R,7745,7914,9184,10450,7745,7914,9184,10450,19190,23292,18384,22203,-88,-236,-48,-0.345098,-0.92549,-0.188235,0,63,930310
2026-05-22T02:38:57.050+00:00,1779417537050366000,2310,R,7750,7917,9186,10447,7750,7917,9186,10447,19192,23287,18384,22196,-88,-235,-49,-0.345098,-0.921569,-0.192157,0,63,a30310
2026-05-22T02:38:57.347+00:00,1779417537347825000,2311,R,7746,7912,9184,10452,7746,7912,9184,10452,19195,23291,18385,22203,-87,-237,-48,-0.341176,-0.929412,-0.188235,0,63,b30310
2026-05-22T02:38:57.347+00:00,1779417537347980000,2312,R,7744,7913,9183,10447,7744,7913,9183,10447,19190,23288,18382,22203,-88,-238,-49,-0.345098,-0.933333,-0.192157,0,63,c30310
2026-05-22T02:38:57.348+00:00,1779417537348057000,2313,R,7745,7911,9182,10446,7745,7911,9182,10446,19193,23287,18382,22194,-87,-237,-48,-0.341176,-0.929412,-0.188235,0,63,d30310
2026-05-22T02:38:57.348+00:00,1779417537348127000,2314,R,7730,7894,9163,10422,7730,7894,9163,10422,19176,23264,18366,22173,-84,-235,-49,-0.329412,-0.921569,-0.192157,0,63,530380
2026-05-22T02:38:57.348+00:00,1779417537348192000,2315,R,7731,7892,9167,10422,7731,7892,9167,10422,19177,23258,18370,22175,-83,-236,-49,-0.32549,-0.92549,-0.192157,0,63,630380
2026-05-22T02:38:57.348+00:00,1779417537348257000,2316,R,7728,7893,9159,10419,7728,7893,9159,10419,19172,23253,18367,22176,-84,-236,-50,-0.329412,-0.92549,-0.196078,0,63,730380
2026-05-22T02:38:57.353+00:00,1779417537353087000,2317,R,7729,7889,9156,10420,7729,7889,9156,10420,19170,23245,18362,22176,-83,-236,-49,-0.32549,-0.92549,-0.192157,0,63,830380
2026-05-22T02:38:57.353+00:00,1779417537353177000,2318,R,7729,7889,9154,10420,7729,7889,9154,10420,19173,23244,18363,22177,-83,-236,-50,-0.32549,-0.92549,-0.196078,0,63,930380
2026-05-22T02:38:57.353+00:00,1779417537353242000,2319,R,7722,7885,9154,10415,7722,7885,9154,10415,19163,23242,18356,22171,-89,-235,-48,-0.34902,-0.921569,-0.188235,0,63,130450
2026-05-22T02:38:57.353+00:00,1779417537353306000,2320,R,7722,7885,9154,10418,7722,7885,9154,10418,19168,23244,18355,22171,-93,-238,-50,-0.364706,-0.933333,-0.196078,0,63,230450
2026-05-22T02:38:57.353+00:00,1779417537353370000,2321,R,7728,7886,9157,10415,7728,7886,9157,10415,19166,23241,18356,22171,-89,-235,-51,-0.34902,-0.921569,-0.2,0,63,330450
2026-05-22T02:38:57.652+00:00,1779417537652107000,2322,R,7726,7885,9156,10413,7726,7885,9156,10413,19169,23246,18353,22172,-85,-236,-49,-0.333333,-0.92549,-0.192157,0,63,430450
2026-05-22T02:38:57.652+00:00,1779417537652266000,2323,R,7725,7884,9155,10413,7725,7884,9155,10413,19167,23242,18352,22171,-83,-236,-49,-0.32549,-0.92549,-0.192157,0,63,530450
2026-05-22T02:38:57.652+00:00,1779417537652342000,2324,R,7725,7882,9136,10416,7725,7882,9136,10416,19163,23206,18352,22181,-82,-238,-51,-0.321569,-0.933333,-0.2,0,64,d30520
2026-05-22T02:38:57.652+00:00,1779417537652408000,2325,R,7728,7879,9121,10424,7728,7879,9121,10424,19168,23176,18346,22195,-81,-239,-50,-0.317647,-0.937255,-0.196078,0,64,e30520
2026-05-22T02:38:57.652+00:00,1779417537652718000,2326,R,7731,7876,9107,10431,7731,7876,9107,10431,19175,23151,18341,22219,-79,-238,-51,-0.309804,-0.933333,-0.2,0,64,f30520
2026-05-22T02:38:57.948+00:00,1779417537948641000,2327,R,7732,7877,9097,10443,7732,7877,9097,10443,19179,23130,18342,22237,-80,-237,-53,-0.313725,-0.929412,-0.207843,0,64,030520
2026-05-22T02:38:57.948+00:00,1779417537948797000,2328,R,7735,7874,9088,10444,7735,7874,9088,10444,19181,23116,18338,22257,-79,-235,-54,-0.309804,-0.921569,-0.211765,0,64,130520
2026-05-22T02:38:57.948+00:00,1779417537948873000,2329,R,7739,7879,9096,10460,7739,7879,9096,10460,19180,23115,18342,22286,-78,-237,-51,-0.305882,-0.929412,-0.2,0,64,830580
2026-05-22T02:38:57.948+00:00,1779417537948940000,2330,R,7737,7883,9110,10450,7737,7883,9110,10450,19177,23144,18347,22263,-81,-236,-49,-0.317647,-0.92549,-0.192157,0,64,930580
2026-05-22T02:38:57.949+00:00,1779417537949016000,2331,R,7731,7885,9127,10441,7731,7885,9127,10441,19169,23178,18354,22239,-82,-233,-47,-0.321569,-0.913725,-0.184314,0,64,a30580
2026-05-22T02:38:57.955+00:00,1779417537955060000,2332,R,7724,7891,9143,10436,7724,7891,9143,10436,19165,23211,18360,22213,-84,-233,-48,-0.329412,-0.913725,-0.188235,0,64,b30580
2026-05-22T02:38:57.955+00:00,1779417537955137000,2333,R,7722,7893,9158,10427,7722,7893,9158,10427,19160,23238,18367,22194,-77,-232,-47,-0.301961,-0.909804,-0.184314,0,64,c30580
2026-05-22T02:38:57.955+00:00,1779417537955201000,2334,R,7726,7892,9166,10425,7726,7892,9166,10425,19158,23253,18363,22179,-76,-234,-56,-0.298039,-0.917647,-0.219608,0,64,d30580
2026-05-22T02:38:57.955+00:00,1779417537955264000,2335,R,7722,7900,9172,10429,7722,7900,9172,10429,19154,23272,18374,22179,-83,-236,-57,-0.32549,-0.92549,-0.223529,0,64,430640
2026-05-22T02:38:57.955+00:00,1779417537955326000,2336,R,7724,7905,9172,10434,7724,7905,9172,10434,19155,23273,18372,22180,-78,-233,-51,-0.305882,-0.913725,-0.2,0,64,530640
2026-05-22T02:38:58.250+00:00,1779417538250977000,2337,R,7725,7902,9173,10431,7725,7902,9173,10431,19159,23274,18374,22179,-84,-234,-57,-0.329412,-0.917647,-0.223529,0,64,630640
2026-05-22T02:38:58.251+00:00,1779417538251133000,2338,R,7726,7903,9174,10432,7726,7903,9174,10432,19159,23274,18374,22180,-83,-237,-56,-0.32549,-0.929412,-0.219608,0,64,730640
2026-05-22T02:38:58.251+00:00,1779417538251208000,2339,R,7727,7904,9179,10431,7727,7904,9179,10431,19159,23281,18376,22175,-88,-237,-58,-0.345098,-0.929412,-0.227451,0,64,830640
2026-05-22T02:38:58.251+00:00,1779417538251275000,2340,R,7713,7888,9174,10405,7713,7888,9174,10405,19148,23286,18359,22147,-84,-232,-55,-0.329412,-0.909804,-0.215686,0,64,030710
2026-05-22T02:38:58.251+00:00,1779417538251338000,2341,R,7712,7885,9171,10401,7712,7885,9171,10401,19144,23287,18358,22144,-89,-230,-57,-0.34902,-0.901961,-0.223529,0,64,130710
2026-05-22T02:38:58.251+00:00,1779417538251400000,2342,R,7710,7884,9171,10399,7710,7884,9171,10399,19143,23286,18356,22141,-90,-232,-55,-0.352941,-0.909804,-0.215686,0,64,230710
2026-05-22T02:38:58.546+00:00,1779417538546792000,2343,R,7708,7884,9173,10403,7708,7884,9173,10403,19138,23283,18354,22139,-86,-233,-55,-0.337255,-0.913725,-0.215686,0,64,330710
2026-05-22T02:38:58.546+00:00,1779417538546833000,2344,R,7710,7882,9172,10396,7710,7882,9172,10396,19138,23281,18358,22144,-90,-231,-59,-0.352941,-0.905882,-0.231373,0,64,430710
2026-05-22T02:38:58.546+00:00,1779417538546853000,2345,R,7702,7876,9163,10388,7702,7876,9163,10388,19131,23275,18345,22127,-82,-236,-58,-0.321569,-0.92549,-0.227451,0,64,a30760
2026-05-22T02:38:58.546+00:00,1779417538546870000,2346,R,7700,7873,9162,10385,7700,7873,9162,10385,19131,23272,18346,22123,-82,-237,-58,-0.321569,-0.929412,-0.227451,0,64,b30760
2026-05-22T02:38:58.546+00:00,1779417538546886000,2347,R,7698,7874,9163,10385,7698,7874,9163,10385,19127,23269,18346,22125,-84,-237,-58,-0.329412,-0.929412,-0.227451,0,64,c30760
2026-05-22T02:38:58.552+00:00,1779417538552659000,2348,R,7699,7874,9164,10386,7699,7874,9164,10386,19127,23273,18344,22119,-83,-232,-59,-0.32549,-0.909804,-0.231373,0,64,d30760
2026-05-22T02:38:58.552+00:00,1779417538552678000,2349,R,7698,7869,9164,10383,7698,7869,9164,10383,19126,23271,18342,22118,-82,-230,-59,-0.321569,-0.901961,-0.231373,0,64,e30760
2026-05-22T02:38:58.552+00:00,1779417538552695000,2350,R,7695,7871,9164,10381,7695,7871,9164,10381,19121,23270,18341,22112,-82,-236,-57,-0.321569,-0.92549,-0.223529,0,64,830850
2026-05-22T02:38:58.552+00:00,1779417538552711000,2351,R,7698,7870,9163,10378,7698,7870,9163,10378,19122,23272,18341,22114,-84,-234,-56,-0.329412,-0.917647,-0.219608,0,64,930850
2026-05-22T02:38:58.552+00:00,1779417538552726000,2352,R,7697,7869,9164,10382,7697,7869,9164,10382,19120,23274,18341,22118,-85,-233,-58,-0.333333,-0.913725,-0.227451,0,64,a30850
2026-05-22T02:38:58.851+00:00,1779417538851962000,2353,R,7695,7873,9162,10383,7695,7873,9162,10383,19122,23272,18342,22115,-84,-233,-56,-0.329412,-0.913725,-0.219608,0,64,b30850
2026-05-22T02:38:58.852+00:00,1779417538852103000,2354,R,7697,7870,9163,10381,7697,7870,9163,10381,19117,23276,18341,22116,-82,-231,-59,-0.321569,-0.905882,-0.231373,0,64,c30850
2026-05-22T02:38:58.852+00:00,1779417538852176000,2355,R,7698,7874,9164,10387,7698,7874,9164,10387,19129,23271,18348,22124,-84,-231,-60,-0.329412,-0.905882,-0.235294,0,64,230900
2026-05-22T02:38:58.852+00:00,1779417538852255000,2356,R,7704,7873,9159,10390,7704,7873,9159,10390,19137,23260,18346,22128,-86,-235,-58,-0.337255,-0.921569,-0.227451,0,64,330900
2026-05-22T02:38:58.852+00:00,1779417538852320000,2357,R,7705,7876,9152,10391,7705,7876,9152,10391,19138,23250,18347,22134,-87,-238,-58,-0.341176,-0.933333,-0.227451,0,64,430900
2026-05-22T02:38:59.147+00:00,1779417539147421000,2358,R,7706,7872,9143,10396,7706,7872,9143,10396,19148,23233,18348,22144,-81,-234,-60,-0.317647,-0.917647,-0.235294,0,64,530900
2026-05-22T02:38:59.147+00:00,1779417539147573000,2359,R,7711,7873,9132,10398,7711,7873,9132,10398,19150,23209,18346,22155,-84,-238,-58,-0.329412,-0.933333,-0.227451,0,64,630900
2026-05-22T02:38:59.147+00:00,1779417539147648000,2360,R,7714,7871,9116,10403,7714,7871,9116,10403,19155,23180,18347,22163,-86,-232,-60,-0.337255,-0.909804,-0.235294,0,64,730900
2026-05-22T02:38:59.147+00:00,1779417539147716000,2361,R,7750,7872,9080,10452,7750,7872,9080,10452,19221,23085,18341,22278,-81,-236,-58,-0.317647,-0.92549,-0.227451,0,64,030980
2026-05-22T02:38:59.147+00:00,1779417539147780000,2362,R,7750,7871,9084,10452,7750,7871,9084,10452,19222,23092,18344,22275,-82,-237,-57,-0.321569,-0.929412,-0.223529,0,64,130980
2026-05-22T02:38:59.452+00:00,1779417539452154000,2363,R,7748,7871,9090,10449,7748,7871,9090,10449,19220,23104,18341,22273,-82,-235,-59,-0.321569,-0.921569,-0.231373,0,64,230980
2026-05-22T02:38:59.452+00:00,1779417539452311000,2364,R,7751,7871,9094,10446,7751,7871,9094,10446,19222,23116,18345,22270,-80,-234,-58,-0.313725,-0.917647,-0.227451,0,64,330980
2026-05-22T02:38:59.452+00:00,1779417539452386000,2365,R,7751,7869,9098,10445,7751,7869,9098,10445,19223,23122,18342,22263,-80,-237,-58,-0.313725,-0.929412,-0.227451,0,64,430980
2026-05-22T02:38:59.452+00:00,1779417539452453000,2366,R,7729,7858,9088,10423,7729,7858,9088,10423,19186,23126,18326,22242,-75,-232,-56,-0.294118,-0.909804,-0.219608,0,64,c31050
2026-05-22T02:38:59.452+00:00,1779417539452518000,2367,R,7723,7851,9089,10418,7723,7851,9089,10418,19182,23127,18322,22238,-78,-232,-58,-0.305882,-0.909804,-0.227451,0,64,d31050
2026-05-22T02:38:59.452+00:00,1779417539452581000,2368,R,7722,7852,9094,10411,7722,7852,9094,10411,19174,23138,18322,22216,-76,-234,-59,-0.298039,-0.917647,-0.231373,0,64,e31050
2026-05-22T02:38:59.748+00:00,1779417539748615000,2369,R,7717,7852,9100,10406,7717,7852,9100,10406,19172,23150,18321,22206,-76,-234,-60,-0.298039,-0.917647,-0.235294,0,64,f31050
2026-05-22T02:38:59.748+00:00,1779417539748794000,2370,R,7715,7853,9110,10401,7715,7853,9110,10401,19163,23161,18319,22192,-78,-236,-58,-0.305882,-0.92549,-0.227451,0,64,031050
2026-05-22T02:38:59.748+00:00,1779417539748875000,2371,R,7712,7848,9154,10377,7712,7848,9154,10377,19153,23252,18310,22138,-67,-239,-61,-0.262745,-0.937255,-0.239216,0,64,731110
2026-05-22T02:38:59.749+00:00,1779417539749116000,2372,R,7711,7846,9154,10374,7711,7846,9154,10374,19155,23254,18307,22130,-70,-240,-60,-0.27451,-0.941176,-0.235294,0,64,831110
2026-05-22T02:38:59.749+00:00,1779417539749189000,2373,R,7709,7847,9154,10370,7709,7847,9154,10370,19155,23260,18310,22129,-74,-240,-59,-0.290196,-0.941176,-0.231373,0,64,931110
2026-05-22T02:38:59.754+00:00,1779417539754237000,2374,R,7709,7846,9157,10372,7709,7846,9157,10372,19150,23258,18311,22124,-74,-238,-57,-0.290196,-0.933333,-0.223529,0,64,a31110
2026-05-22T02:38:59.754+00:00,1779417539754336000,2375,R,7707,7844,9159,10370,7707,7844,9159,10370,19156,23265,18312,22124,-77,-231,-58,-0.301961,-0.905882,-0.227451,0,64,b31110
2026-05-22T02:38:59.754+00:00,1779417539754417000,2376,R,7695,7847,9163,10360,7695,7847,9163,10360,19128,23270,18315,22102,-69,-234,-60,-0.270588,-0.917647,-0.235294,0,64,231170
2026-05-22T02:38:59.754+00:00,1779417539754481000,2377,R,7693,7845,9161,10360,7693,7845,9161,10360,19132,23274,18315,22096,-74,-238,-62,-0.290196,-0.933333,-0.243137,0,64,331170
2026-05-22T02:38:59.754+00:00,1779417539754562000,2378,R,7693,7846,9162,10359,7693,7846,9162,10359,19127,23271,18319,22096,-72,-237,-63,-0.282353,-0.929412,-0.247059,0,64,431170
2026-05-22T02:39:00.051+00:00,1779417540051905000,2379,R,7698,7850,9162,10361,7698,7850,9162,10361,19126,23274,18320,22102,-67,-237,-61,-0.262745,-0.929412,-0.239216,0,64,531170
2026-05-22T02:39:00.052+00:00,1779417540052038000,2380,R,7693,7847,9160,10362,7693,7847,9160,10362,19126,23269,18316,22099,-64,-239,-62,-0.25098,-0.937255,-0.243137,0,64,631170
2026-05-22T02:39:00.052+00:00,1779417540052114000,2381,R,7694,7847,9160,10361,7694,7847,9160,10361,19126,23264,18317,22100,-68,-241,-62,-0.266667,-0.945098,-0.243137,0,64,731170
2026-05-22T02:39:00.052+00:00,1779417540052181000,2382,R,7705,7841,9123,10377,7705,7841,9123,10377,19148,23195,18311,22147,-57,-241,-64,-0.223529,-0.945098,-0.25098,0,64,031250
2026-05-22T02:39:00.052+00:00,1779417540052246000,2383,R,7711,7837,9131,10377,7711,7837,9131,10377,19150,23189,18307,22147,-58,-241,-64,-0.227451,-0.945098,-0.25098,0,64,131250
2026-05-22T02:39:00.347+00:00,1779417540347053000,2384,R,7709,7838,9120,10378,7709,7838,9120,10378,19154,23182,18307,22144,-58,-242,-64,-0.227451,-0.94902,-0.25098,0,64,231250
2026-05-22T02:39:00.347+00:00,1779417540347086000,2385,R,7707,7842,9121,10378,7707,7842,9121,10378,19152,23183,18304,22148,-61,-239,-65,-0.239216,-0.937255,-0.254902,0,64,331250
2026-05-22T02:39:00.347+00:00,1779417540347102000,2386,R,7707,7841,9121,10378,7707,7841,9121,10378,19156,23186,18304,22147,-63,-237,-65,-0.247059,-0.929412,-0.254902,0,64,431250
2026-05-22T02:39:00.347+00:00,1779417540347115000,2387,R,7713,7846,9135,10380,7713,7846,9135,10380,19158,23208,18312,22144,-61,-240,-62,-0.239216,-0.941176,-0.243137,0,64,a31300
2026-05-22T02:39:00.347+00:00,1779417540347129000,2388,R,7711,7846,9136,10381,7711,7846,9136,10381,19159,23218,18313,22148,-61,-238,-61,-0.239216,-0.933333,-0.239216,0,64,b31300
2026-05-22T02:39:00.353+00:00,1779417540353922000,2389,R,7712,7848,9139,10382,7712,7848,9139,10382,19159,23217,18315,22142,-64,-238,-61,-0.25098,-0.933333,-0.239216,0,64,c31300
2026-05-22T02:39:00.353+00:00,1779417540353938000,2390,R,7708,7846,9136,10378,7708,7846,9136,10378,19154,23221,18314,22142,-65,-237,-61,-0.254902,-0.929412,-0.239216,0,64,d31300
2026-05-22T02:39:00.353+00:00,1779417540353950000,2391,R,7710,7849,9145,10383,7710,7849,9145,10383,19154,23229,18318,22143,-65,-237,-60,-0.254902,-0.929412,-0.235294,0,64,e31300
2026-05-22T02:39:00.353+00:00,1779417540353963000,2392,R,7713,7857,9165,10390,7713,7857,9165,10390,19156,23266,18330,22141,-65,-238,-62,-0.254902,-0.933333,-0.243137,0,64,831390
2026-05-22T02:39:00.353+00:00,1779417540353976000,2393,R,7716,7859,9167,10397,7716,7859,9167,10397,19159,23271,18331,22146,-66,-239,-61,-0.258824,-0.937255,-0.239216,0,64,931390
2026-05-22T02:39:00.353+00:00,1779417540353988000,2394,R,7714,7860,9164,10394,7714,7860,9164,10394,19158,23266,18334,22149,-66,-239,-61,-0.258824,-0.937255,-0.239216,0,64,a31390
2026-05-22T02:39:00.651+00:00,1779417540651425000,2395,R,7711,7861,9165,10394,7711,7861,9165,10394,19161,23272,18337,22148,-66,-237,-60,-0.258824,-0.929412,-0.235294,0,64,b31390
2026-05-22T02:39:00.651+00:00,1779417540651578000,2396,R,7715,7862,9165,10398,7715,7862,9165,10398,19160,23275,18336,22155,-65,-237,-60,-0.254902,-0.929412,-0.235294,0,63,c31390
2026-05-22T02:39:00.651+00:00,1779417540651653000,2397,R,7709,7857,9161,10386,7709,7857,9161,10386,19158,23276,18328,22145,-68,-239,-60,-0.266667,-0.937255,-0.235294,0,63,431460
2026-05-22T02:39:00.651+00:00,1779417540651721000,2398,R,7712,7852,9169,10380,7712,7852,9169,10380,19153,23278,18328,22146,-71,-238,-59,-0.278431,-0.933333,-0.231373,0,63,531460
2026-05-22T02:39:00.651+00:00,1779417540651784000,2399,R,7707,7853,9161,10378,7707,7853,9161,10378,19156,23272,18326,22139,-70,-238,-59,-0.27451,-0.933333,-0.231373,0,63,631460
2026-05-22T02:39:00.947+00:00,1779417540948003000,2400,R,7705,7848,9159,10377,7705,7848,9159,10377,19150,23271,18323,22134,-69,-237,-59,-0.270588,-0.929412,-0.231373,0,63,731460
2026-05-22T02:39:00.948+00:00,1779417540948133000,2401,R,7705,7849,9156,10375,7705,7849,9156,10375,19153,23271,18326,22132,-70,-238,-60,-0.27451,-0.933333,-0.235294,0,63,831460
2026-05-22T02:39:00.948+00:00,1779417540948166000,2402,R,7698,7841,9149,10363,7698,7841,9149,10363,19141,23255,18313,22120,-66,-239,-61,-0.258824,-0.937255,-0.239216,0,63,031530
2026-05-22T02:39:00.948+00:00,1779417540948189000,2403,R,7689,7834,9141,10354,7689,7834,9141,10354,19137,23251,18314,22117,-67,-240,-60,-0.262745,-0.941176,-0.235294,0,63,131530
2026-05-22T02:39:00.948+00:00,1779417540948210000,2404,R,7695,7839,9148,10359,7695,7839,9148,10359,19139,23256,18312,22120,-67,-239,-59,-0.262745,-0.937255,-0.231373,0,63,231530
2026-05-22T02:39:00.954+00:00,1779417540954229000,2405,R,7694,7837,9148,10357,7694,7837,9148,10357,19137,23255,18313,22118,-68,-239,-59,-0.266667,-0.937255,-0.231373,0,63,331530
2026-05-22T02:39:00.954+00:00,1779417540954262000,2406,R,7697,7839,9148,10360,7697,7839,9148,10360,19138,23255,18316,22118,-70,-239,-58,-0.27451,-0.937255,-0.227451,0,63,431530
2026-05-22T02:39:00.954+00:00,1779417540954288000,2407,R,7694,7843,9147,10360,7694,7843,9147,10360,19139,23258,18316,22117,-69,-236,-58,-0.270588,-0.92549,-0.227451,0,63,531530
2026-05-22T02:39:00.954+00:00,1779417540954316000,2408,R,7695,7838,9148,10362,7695,7838,9148,10362,19140,23258,18315,22120,-70,-238,-57,-0.27451,-0.933333,-0.223529,0,63,b31580
2026-05-22T02:39:00.954+00:00,1779417540954455000,2409,R,7694,7839,9148,10360,7694,7839,9148,10360,19139,23260,18318,22122,-71,-238,-57,-0.278431,-0.933333,-0.223529,0,63,c31580
2026-05-22T02:39:01.252+00:00,1779417541252101000,2410,R,7700,7840,9148,10361,7700,7840,9148,10361,19141,23251,18316,22119,-70,-237,-57,-0.27451,-0.929412,-0.223529,0,63,d31580
2026-05-22T02:39:01.252+00:00,1779417541252247000,2411,R,7697,7840,9150,10364,7697,7840,9150,10364,19140,23261,18315,22120,-69,-238,-58,-0.270588,-0.933333,-0.227451,0,63,e31580
2026-05-22T02:39:01.252+00:00,1779417541252327000,2412,R,7696,7839,9150,10364,7696,7839,9150,10364,19144,23259,18317,22120,-68,-237,-57,-0.266667,-0.929412,-0.223529,0,63,f31580
2026-05-22T02:39:01.252+00:00,1779417541252397000,2413,R,7700,7844,9150,10370,7700,7844,9150,10370,19148,23266,18325,22129,-71,-237,-56,-0.278431,-0.929412,-0.219608,0,63,731650
2026-05-22T02:39:01.252+00:00,1779417541252465000,2414,R,7701,7847,9156,10371,7701,7847,9156,10371,19152,23265,18327,22135,-70,-238,-57,-0.27451,-0.933333,-0.223529,0,63,831650
2026-05-22T02:39:01.252+00:00,1779417541252529000,2415,R,7702,7849,9157,10376,7702,7849,9157,10376,19150,23274,18330,22138,-70,-238,-56,-0.27451,-0.933333,-0.219608,0,63,931650
2026-05-22T02:39:01.550+00:00,1779417541550482000,2416,R,7702,7848,9156,10376,7702,7848,9156,10376,19154,23271,18328,22138,-71,-239,-56,-0.278431,-0.937255,-0.219608,0,63,a31650
2026-05-22T02:39:01.550+00:00,1779417541550636000,2417,R,7703,7849,9156,10375,7703,7849,9156,10375,19153,23273,18329,22138,-71,-238,-55,-0.278431,-0.933333,-0.215686,0,63,b31650
2026-05-22T02:39:01.550+00:00,1779417541550712000,2418,R,7709,7856,9160,10386,7709,7856,9160,10386,19164,23279,18337,22152,-73,-238,-55,-0.286275,-0.933333,-0.215686,0,63,331720
2026-05-22T02:39:01.550+00:00,1779417541550777000,2419,R,7712,7856,9164,10387,7712,7856,9164,10387,19166,23279,18337,22152,-73,-237,-55,-0.286275,-0.929412,-0.215686,0,63,431720
2026-05-22T02:39:01.550+00:00,1779417541550839000,2420,R,7713,7856,9163,10388,7713,7856,9163,10388,19166,23284,18336,22154,-72,-238,-55,-0.282353,-0.933333,-0.215686,0,63,531720
2026-05-22T02:39:01.851+00:00,1779417541851716000,2421,R,7715,7858,9165,10391,7715,7858,9165,10391,19166,23283,18340,22158,-74,-238,-54,-0.290196,-0.933333,-0.211765,0,63,631720
2026-05-22T02:39:01.851+00:00,1779417541851832000,2422,R,7715,7857,9166,10391,7715,7857,9166,10391,19169,23283,18338,22158,-72,-239,-55,-0.282353,-0.937255,-0.215686,0,63,731720
2026-05-22T02:39:01.851+00:00,1779417541851906000,2423,R,7721,7865,9173,10401,7721,7865,9173,10401,19181,23291,18351,22168,-73,-238,-53,-0.286275,-0.933333,-0.207843,0,63,f31790
2026-05-22T02:39:01.851+00:00,1779417541851972000,2424,R,7721,7865,9171,10403,7721,7865,9171,10403,19181,23295,18351,22170,-73,-238,-54,-0.286275,-0.933333,-0.211765,0,63,031790
2026-05-22T02:39:01.852+00:00,1779417541852048000,2425,R,7723,7864,9175,10402,7723,7864,9175,10402,19182,23294,18350,22172,-73,-237,-53,-0.286275,-0.929412,-0.207843,0,63,131790
2026-05-22T02:39:02.146+00:00,1779417542146904000,2426,R,7725,7867,9176,10407,7725,7867,9176,10407,19185,23299,18353,22173,-73,-238,-54,-0.286275,-0.933333,-0.211765,0,63,231790
2026-05-22T02:39:02.146+00:00,1779417542146957000,2427,R,7725,7869,9175,10406,7725,7869,9175,10406,19182,23299,18355,22176,-75,-239,-52,-0.294118,-0.937255,-0.203922,0,63,331790
2026-05-22T02:39:02.146+00:00,1779417542146973000,2428,R,7726,7877,9181,10415,7726,7877,9181,10415,19186,23311,18364,22185,-69,-242,-54,-0.270588,-0.94902,-0.211765,0,63,b31860
2026-05-22T02:39:02.146+00:00,1779417542146988000,2429,R,7724,7874,9178,10417,7724,7874,9178,10417,19191,23311,18365,22188,-68,-242,-53,-0.266667,-0.94902,-0.207843,0,63,c31860
2026-05-22T02:39:02.146+00:00,1779417542147001000,2430,R,7726,7873,9177,10411,7726,7873,9177,10411,19189,23311,18366,22182,-70,-242,-52,-0.27451,-0.94902,-0.203922,0,63,d31860
2026-05-22T02:39:02.152+00:00,1779417542152728000,2431,R,7723,7874,9174,10408,7723,7874,9174,10408,19190,23305,18365,22178,-72,-242,-51,-0.282353,-0.94902,-0.2,0,63,e31860
2026-05-22T02:39:02.152+00:00,1779417542152744000,2432,R,7722,7872,9171,10404,7722,7872,9171,10404,19188,23305,18365,22176,-73,-240,-51,-0.286275,-0.941176,-0.2,0,63,f31860
2026-05-22T02:39:02.152+00:00,1779417542152757000,2433,R,7720,7871,9169,10399,7720,7871,9169,10399,19185,23303,18364,22169,-72,-238,-51,-0.282353,-0.933333,-0.2,0,63,031860
2026-05-22T02:39:02.152+00:00,1779417542152770000,2434,R,7701,7873,9155,10392,7701,7873,9155,10392,19161,23287,18374,22165,-92,-229,-45,-0.360784,-0.898039,-0.176471,0,63,731920
2026-05-22T02:39:02.152+00:00,1779417542152783000,2435,R,7699,7874,9152,10394,7699,7874,9152,10394,19153,23284,18380,22165,-94,-228,-45,-0.368627,-0.894118,-0.176471,0,63,831920
