host_time_iso,host_time_unix_ns,sample_index,record_type,ir1,ir2,ir3,ir4,ir1_repeat,ir2_repeat,ir3_repeat,ir4_repeat,red1,red2,red3,red4,accel_x_raw,accel_y_raw,accel_z_raw,accel_x_g,accel_y_g,accel_z_g,reserved,heart_rate,debug
2026-05-18T07:28:39.768+00:00,1779089319769447000,1,R,7821,10699,9307,12005,7821,10699,9307,12005,22322,25837,24441,24870,-111,-226,8,-0.435294,-0.886275,0.031373,0,66,f00
2026-05-18T07:28:39.769+00:00,1779089319769622000,2,R,7819,10698,9307,12006,7819,10698,9307,12006,22321,25838,24443,24871,-111,-226,11,-0.435294,-0.886275,0.043137,0,66,000
2026-05-18T07:28:39.769+00:00,1779089319769662000,3,R,7819,10698,9306,12006,7819,10698,9306,12006,22320,25833,24443,24871,-112,-226,12,-0.439216,-0.886275,0.047059,0,66,100
2026-05-18T07:28:39.769+00:00,1779089319769690000,4,R,7818,10700,9304,12005,7818,10700,9304,12005,22322,25838,24447,24874,-114,-227,12,-0.447059,-0.890196,0.047059,0,66,200
2026-05-18T07:28:39.769+00:00,1779089319769713000,5,R,7824,10702,9313,12007,7824,10702,9313,12007,22322,25832,24449,24874,-116,-227,15,-0.454902,-0.890196,0.058824,0,66,300
2026-05-18T07:28:39.769+00:00,1779089319769736000,6,R,7819,10706,9304,12007,7819,10706,9304,12007,22326,25833,24459,24877,-118,-226,15,-0.462745,-0.886275,0.058824,0,66,400
2026-05-18T07:28:40.069+00:00,1779089320069272000,7,R,7821,10706,9305,12009,7821,10706,9305,12009,22324,25837,24456,24872,-120,-225,13,-0.470588,-0.882353,0.05098,0,66,500
2026-05-18T07:28:40.069+00:00,1779089320069496000,8,R,7820,10705,9306,12009,7820,10705,9306,12009,22325,25836,24459,24881,-119,-225,12,-0.466667,-0.882353,0.047059,0,66,600
2026-05-18T07:28:40.069+00:00,1779089320069593000,9,R,7818,10709,9307,12012,7818,10709,9307,12012,22328,25835,24461,24877,-119,-225,11,-0.466667,-0.882353,0.043137,0,66,700
2026-05-18T07:28:40.069+00:00,1779089320069665000,10,R,7821,10710,9308,12010,7821,10710,9308,12010,22326,25840,24461,24877,-119,-224,12,-0.466667,-0.878431,0.047059,0,66,800
2026-05-18T07:28:40.069+00:00,1779089320069747000,11,R,7822,10710,9308,12013,7822,10710,9308,12013,22332,25840,24461,24879,-121,-224,12,-0.47451,-0.878431,0.047059,0,66,900
2026-05-18T07:28:40.075+00:00,1779089320075853000,12,R,7824,10713,9309,12016,7824,10713,9309,12016,22333,25846,24466,24880,-121,-224,13,-0.47451,-0.878431,0.05098,0,66,a00
2026-05-18T07:28:40.075+00:00,1779089320075932000,13,R,7825,10715,9311,12015,7825,10715,9311,12015,22334,25848,24465,24878,-124,-224,14,-0.486275,-0.878431,0.054902,0,66,b00
2026-05-18T07:28:40.075+00:00,1779089320075970000,14,R,7827,10714,9313,12017,7827,10714,9313,12017,22339,25853,24468,24882,-123,-223,14,-0.482353,-0.87451,0.054902,0,66,c00
2026-05-18T07:28:40.076+00:00,1779089320076005000,15,R,7829,10714,9315,12015,7829,10714,9315,12015,22339,25850,24469,24883,-123,-221,13,-0.482353,-0.866667,0.05098,0,66,d00
2026-05-18T07:28:40.076+00:00,1779089320076039000,16,R,7827,10711,9314,12016,7827,10711,9314,12016,22341,25857,24471,24885,-123,-221,11,-0.482353,-0.866667,0.043137,0,66,e00
2026-05-18T07:28:40.374+00:00,1779089320374125000,17,R,7824,10706,9310,12008,7824,10706,9310,12008,22342,25855,24468,24884,-123,-222,11,-0.482353,-0.870588,0.043137,0,66,f00
2026-05-18T07:28:40.374+00:00,1779089320374287000,18,R,7824,10705,9313,12009,7824,10705,9313,12009,22336,25854,24461,24879,-124,-223,11,-0.486275,-0.87451,0.043137,0,66,000
2026-05-18T07:28:40.374+00:00,1779089320374365000,19,R,7822,10700,9310,12000,7822,10700,9310,12000,22334,25849,24451,24870,-125,-224,12,-0.490196,-0.878431,0.047059,0,66,100
2026-05-18T07:28:40.374+00:00,1779089320374432000,20,R,7819,10695,9308,11996,7819,10695,9308,11996,22330,25849,24448,24864,-126,-223,12,-0.494118,-0.87451,0.047059,0,66,200
2026-05-18T07:28:40.374+00:00,1779089320374506000,21,R,7817,10691,9305,11990,7817,10691,9305,11990,22332,25849,24445,24856,-126,-222,11,-0.494118,-0.870588,0.043137,0,66,300
2026-05-18T07:28:40.672+00:00,1779089320672373000,22,R,7818,10690,9305,11991,7818,10690,9305,11991,22327,25844,24444,24856,-126,-222,12,-0.494118,-0.870588,0.047059,0,66,400
2026-05-18T07:28:40.672+00:00,1779089320672510000,23,R,7818,10689,9305,11985,7818,10689,9305,11985,22328,25845,24443,24853,-125,-220,12,-0.490196,-0.862745,0.047059,0,66,500
2026-05-18T07:28:40.672+00:00,1779089320672587000,24,R,7815,10688,9301,11984,7815,10688,9301,11984,22326,25843,24435,24848,-125,-219,11,-0.490196,-0.858824,0.043137,0,66,600
2026-05-18T07:28:40.672+00:00,1779089320672655000,25,R,7814,10684,9305,11983,7814,10684,9305,11983,22323,25841,24433,24847,-125,-219,10,-0.490196,-0.858824,0.039216,0,66,700
2026-05-18T07:28:40.672+00:00,1779089320672721000,26,R,7813,10685,9301,11981,7813,10685,9301,11981,22320,25842,24432,24845,-125,-220,10,-0.490196,-0.862745,0.039216,0,66,800
2026-05-18T07:28:40.672+00:00,1779089320672784000,27,R,7811,10683,9301,11978,7811,10683,9301,11978,22322,25841,24429,24842,-125,-221,11,-0.490196,-0.866667,0.043137,0,66,900
2026-05-18T07:28:40.967+00:00,1779089320967806000,28,R,7810,10679,9301,11975,7810,10679,9301,11975,22319,25838,24431,24842,-126,-223,10,-0.494118,-0.87451,0.039216,0,66,a00
2026-05-18T07:28:40.967+00:00,1779089320967941000,29,R,7812,10678,9303,11976,7812,10678,9303,11976,22321,25839,24430,24841,-127,-223,11,-0.498039,-0.87451,0.043137,0,66,b00
2026-05-18T07:28:40.968+00:00,1779089320968021000,30,R,7810,10680,9298,11975,7810,10680,9298,11975,22316,25834,24429,24842,-126,-222,10,-0.494118,-0.870588,0.039216,0,66,c00
2026-05-18T07:28:40.968+00:00,1779089320968089000,31,R,7811,10681,9300,11974,7811,10681,9300,11974,22319,25836,24430,24843,-127,-222,9,-0.498039,-0.870588,0.035294,0,66,d00
2026-05-18T07:28:40.968+00:00,1779089320968170000,32,R,7810,10678,9295,11974,7810,10678,9295,11974,22315,25837,24431,24838,-127,-223,9,-0.498039,-0.87451,0.035294,0,66,e00
2026-05-18T07:28:40.973+00:00,1779089320973512000,33,R,7806,10677,9297,11974,7806,10677,9297,11974,22316,25832,24427,24834,-128,-222,9,-0.501961,-0.870588,0.035294,0,66,f00
2026-05-18T07:28:40.973+00:00,1779089320973620000,34,R,7807,10679,9298,11974,7807,10679,9298,11974,22314,25836,24426,24837,-128,-222,8,-0.501961,-0.870588,0.031373,0,66,000
2026-05-18T07:28:40.973+00:00,1779089320973692000,35,R,7807,10679,9295,11973,7807,10679,9295,11973,22315,25833,24433,24836,-129,-221,9,-0.505882,-0.866667,0.035294,0,66,100
2026-05-18T07:28:40.973+00:00,1779089320973769000,36,R,7808,10678,9296,11974,7808,10678,9296,11974,22314,25833,24430,24838,-127,-220,8,-0.498039,-0.862745,0.031373,0,66,200
2026-05-18T07:28:40.973+00:00,1779089320973835000,37,R,7812,10680,9296,11973,7812,10680,9296,11973,22320,25836,24433,24841,-128,-219,8,-0.501961,-0.858824,0.031373,0,66,300
2026-05-18T07:28:41.270+00:00,1779089321270599000,38,R,7809,10682,9294,11976,7809,10682,9294,11976,22315,25831,24431,24835,-129,-220,8,-0.505882,-0.862745,0.031373,0,66,400
2026-05-18T07:28:41.270+00:00,1779089321270743000,39,R,7808,10679,9295,11973,7808,10679,9295,11973,22320,25834,24432,24833,-129,-220,8,-0.505882,-0.862745,0.031373,0,66,500
2026-05-18T07:28:41.270+00:00,1779089321270818000,40,R,7809,10679,9293,11972,7809,10679,9293,11972,22317,25835,24433,24835,-130,-220,8,-0.509804,-0.862745,0.031373,0,66,600
2026-05-18T07:28:41.270+00:00,1779089321270885000,41,R,7809,10679,9292,11968,7809,10679,9292,11968,22317,25832,24436,24831,-129,-220,8,-0.505882,-0.862745,0.031373,0,66,700
2026-05-18T07:28:41.270+00:00,1779089321270950000,42,R,7807,10681,9294,11973,7807,10681,9294,11973,22314,25833,24430,24834,-129,-221,7,-0.505882,-0.866667,0.027451,0,66,800
2026-05-18T07:28:41.568+00:00,1779089321568919000,43,R,7809,10680,9296,11974,7809,10680,9296,11974,22315,25834,24435,24832,-129,-221,7,-0.505882,-0.866667,0.027451,0,66,900
2026-05-18T07:28:41.569+00:00,1779089321569024000,44,R,7807,10682,9296,11971,7807,10682,9296,11971,22316,25829,24433,24833,-130,-220,8,-0.509804,-0.862745,0.031373,0,66,a00
2026-05-18T07:28:41.569+00:00,1779089321569060000,45,R,7810,10681,9295,11972,7810,10681,9295,11972,22318,25833,24431,24832,-130,-220,8,-0.509804,-0.862745,0.031373,0,66,b00
2026-05-18T07:28:41.569+00:00,1779089321569092000,46,R,7809,10682,9293,11973,7809,10682,9293,11973,22316,25829,24433,24832,-131,-219,9,-0.513725,-0.858824,0.035294,0,66,c00
2026-05-18T07:28:41.569+00:00,1779089321569121000,47,R,7806,10682,9296,11972,7806,10682,9296,11972,22317,25832,24436,24832,-131,-219,9,-0.513725,-0.858824,0.035294,0,66,d00
2026-05-18T07:28:41.569+00:00,1779089321569150000,48,R,7809,10686,9297,11974,7809,10686,9297,11974,22313,25827,24435,24835,-132,-219,8,-0.517647,-0.858824,0.031373,0,66,e00
2026-05-18T07:28:41.574+00:00,1779089321574354000,49,R,7809,10684,9293,11970,7809,10684,9293,11970,22322,25835,24439,24834,-130,-219,9,-0.509804,-0.858824,0.035294,0,66,f00
2026-05-18T07:28:41.574+00:00,1779089321574414000,50,R,7809,10685,9294,11977,7809,10685,9294,11977,22321,25831,24440,24831,-131,-220,9,-0.513725,-0.862745,0.035294,0,66,000
2026-05-18T07:28:41.574+00:00,1779089321574446000,51,R,7807,10685,9295,11978,7807,10685,9295,11978,22318,25826,24441,24836,-131,-219,8,-0.513725,-0.858824,0.031373,0,66,100
2026-05-18T07:28:41.574+00:00,1779089321574473000,52,R,7809,10689,9292,11975,7809,10689,9292,11975,22322,25831,24446,24834,-131,-219,9,-0.513725,-0.858824,0.035294,0,66,200
2026-05-18T07:28:41.574+00:00,1779089321574500000,53,R,7816,10685,9299,11981,7816,10685,9299,11981,22325,25832,24443,24835,-132,-219,10,-0.517647,-0.858824,0.039216,0,66,300
2026-05-18T07:28:41.871+00:00,1779089321871425000,54,R,7809,10688,9296,11977,7809,10688,9296,11977,22324,25832,24445,24835,-132,-219,11,-0.517647,-0.858824,0.043137,0,66,400
2026-05-18T07:28:41.871+00:00,1779089321871474000,55,R,7811,10687,9296,11979,7811,10687,9296,11979,22323,25838,24445,24839,-134,-219,10,-0.52549,-0.858824,0.039216,0,66,500
2026-05-18T07:28:41.871+00:00,1779089321871500000,56,R,7811,10691,9297,11980,7811,10691,9297,11980,22324,25838,24452,24839,-133,-218,11,-0.521569,-0.854902,0.043137,0,66,600
2026-05-18T07:28:41.871+00:00,1779089321871520000,57,R,7812,10692,9298,11981,7812,10692,9298,11981,22325,25838,24448,24837,-133,-218,11,-0.521569,-0.854902,0.043137,0,66,700
2026-05-18T07:28:41.871+00:00,1779089321871539000,58,R,7812,10693,9296,11982,7812,10693,9296,11982,22330,25839,24454,24841,-134,-218,12,-0.52549,-0.854902,0.047059,0,66,800
2026-05-18T07:28:42.170+00:00,1779089322170573000,59,R,7813,10696,9298,11981,7813,10696,9298,11981,22331,25842,24452,24843,-132,-216,12,-0.517647,-0.847059,0.047059,0,66,900
2026-05-18T07:28:42.170+00:00,1779089322170722000,60,R,7815,10694,9299,11986,7815,10694,9299,11986,22331,25841,24452,24841,-133,-218,12,-0.521569,-0.854902,0.047059,0,66,a00
2026-05-18T07:28:42.170+00:00,1779089322170812000,61,R,7816,10697,9299,11985,7816,10697,9299,11985,22331,25844,24455,24843,-133,-217,13,-0.521569,-0.85098,0.05098,0,66,b00
2026-05-18T07:28:42.170+00:00,1779089322170881000,62,R,7815,10698,9301,11986,7815,10698,9301,11986,22332,25845,24461,24844,-134,-217,14,-0.52549,-0.85098,0.054902,0,66,c00
2026-05-18T07:28:42.170+00:00,1779089322170945000,63,R,7819,10697,9300,11988,7819,10697,9300,11988,22332,25845,24458,24848,-134,-217,14,-0.52549,-0.85098,0.054902,0,66,d00
2026-05-18T07:28:42.469+00:00,1779089322469139000,64,R,7817,10700,9301,11990,7817,10700,9301,11990,22334,25844,24465,24845,-135,-217,14,-0.529412,-0.85098,0.054902,0,66,e00
2026-05-18T07:28:42.469+00:00,1779089322469297000,65,R,7813,10702,9303,11989,7813,10702,9303,11989,22336,25846,24463,24848,-134,-216,15,-0.52549,-0.847059,0.058824,0,66,f00
2026-05-18T07:28:42.469+00:00,1779089322469372000,66,R,7818,10703,9303,11993,7818,10703,9303,11993,22339,25848,24469,24850,-134,-217,15,-0.52549,-0.85098,0.058824,0,66,000
2026-05-18T07:28:42.469+00:00,1779089322469449000,67,R,7818,10705,9304,11992,7818,10705,9304,11992,22339,25849,24467,24852,-134,-216,16,-0.52549,-0.847059,0.062745,0,66,100
2026-05-18T07:28:42.469+00:00,1779089322469516000,68,R,7820,10705,9302,11995,7820,10705,9302,11995,22341,25846,24471,24853,-134,-216,15,-0.52549,-0.847059,0.058824,0,66,200
2026-05-18T07:28:42.469+00:00,1779089322469581000,69,R,7821,10707,9303,11996,7821,10707,9303,11996,22344,25851,24474,24857,-133,-217,14,-0.521569,-0.85098,0.054902,0,67,300
2026-05-18T07:28:42.617+00:00,1779089322617457000,70,R,7823,10707,9303,11996,7823,10707,9303,11996,22342,25851,24473,24857,-134,-216,15,-0.52549,-0.847059,0.058824,0,67,400
2026-05-18T07:28:42.617+00:00,1779089322617509000,71,R,7824,10712,9307,11998,7824,10712,9307,11998,22346,25854,24478,24856,-135,-216,15,-0.529412,-0.847059,0.058824,0,67,500
2026-05-18T07:28:42.617+00:00,1779089322617535000,72,R,7823,10713,9306,11999,7823,10713,9306,11999,22345,25854,24479,24857,-133,-217,16,-0.521569,-0.85098,0.062745,0,67,600
2026-05-18T07:28:42.617+00:00,1779089322617558000,73,R,7826,10715,9306,12002,7826,10715,9306,12002,22350,25855,24483,24859,-134,-217,16,-0.52549,-0.85098,0.062745,0,67,700
2026-05-18T07:28:42.617+00:00,1779089322617579000,74,R,7825,10717,9307,12004,7825,10717,9307,12004,22349,25859,24482,24863,-135,-216,17,-0.529412,-0.847059,0.066667,0,67,800
2026-05-18T07:28:42.771+00:00,1779089322771150000,75,R,7826,10717,9307,12004,7826,10717,9307,12004,22348,25856,24485,24862,-135,-216,16,-0.529412,-0.847059,0.062745,0,67,900
2026-05-18T07:28:42.771+00:00,1779089322771543000,76,R,7827,10717,9309,12005,7827,10717,9309,12005,22352,25861,24489,24865,-136,-215,17,-0.533333,-0.843137,0.066667,0,67,a00
2026-05-18T07:28:42.771+00:00,1779089322771624000,77,R,7827,10719,9310,12005,7827,10719,9310,12005,22353,25859,24486,24867,-135,-215,17,-0.529412,-0.843137,0.066667,0,67,b00
2026-05-18T07:28:42.771+00:00,1779089322771693000,78,R,7828,10713,9307,12003,7828,10713,9307,12003,22354,25858,24485,24867,-136,-215,15,-0.533333,-0.843137,0.058824,0,67,c00
2026-05-18T07:28:42.771+00:00,1779089322771759000,79,R,7826,10711,9306,11998,7826,10711,9306,11998,22348,25855,24483,24862,-136,-216,17,-0.533333,-0.847059,0.066667,0,67,d00
2026-05-18T07:28:43.067+00:00,1779089323067831000,80,R,7824,10705,9302,11994,7824,10705,9302,11994,22350,25850,24477,24859,-136,-215,16,-0.533333,-0.843137,0.062745,0,67,e00
2026-05-18T07:28:43.067+00:00,1779089323067947000,81,R,7821,10702,9301,11986,7821,10702,9301,11986,22343,25848,24469,24852,-137,-215,16,-0.537255,-0.843137,0.062745,0,67,f00
2026-05-18T07:28:43.068+00:00,1779089323068021000,82,R,7820,10699,9300,11982,7820,10699,9300,11982,22347,25845,24465,24845,-136,-215,16,-0.533333,-0.843137,0.062745,0,67,000
2026-05-18T07:28:43.068+00:00,1779089323068087000,83,R,7818,10695,9299,11980,7818,10695,9299,11980,22343,25846,24461,24840,-136,-215,16,-0.533333,-0.843137,0.062745,0,67,100
2026-05-18T07:28:43.068+00:00,1779089323068152000,84,R,7816,10695,9297,11977,7816,10695,9297,11977,22341,25845,24460,24840,-135,-214,16,-0.529412,-0.839216,0.062745,0,67,200
2026-05-18T07:28:43.073+00:00,1779089323074018000,85,R,7816,10692,9295,11978,7816,10692,9295,11978,22339,25845,24459,24835,-135,-213,15,-0.529412,-0.835294,0.058824,0,67,300
2026-05-18T07:28:43.074+00:00,1779089323074091000,86,R,7815,10691,9295,11974,7815,10691,9295,11974,22342,25841,24457,24833,-137,-213,16,-0.537255,-0.835294,0.062745,0,67,400
2026-05-18T07:28:43.074+00:00,1779089323074155000,87,R,7814,10691,9294,11972,7814,10691,9294,11972,22337,25839,24456,24836,-137,-214,17,-0.537255,-0.839216,0.066667,0,67,500
2026-05-18T07:28:43.074+00:00,1779089323074203000,88,R,7813,10686,9294,11975,7813,10686,9294,11975,22336,25838,24453,24830,-137,-214,17,-0.537255,-0.839216,0.066667,0,67,600
2026-05-18T07:28:43.074+00:00,1779089323074249000,89,R,7814,10689,9295,11972,7814,10689,9295,11972,22337,25838,24454,24832,-138,-215,17,-0.541176,-0.843137,0.066667,0,67,700
2026-05-18T07:28:43.074+00:00,1779089323074295000,90,R,7813,10687,9293,11970,7813,10687,9293,11970,22334,25832,24452,24830,-140,-215,16,-0.54902,-0.843137,0.062745,0,67,800
2026-05-18T07:28:43.372+00:00,1779089323372670000,91,R,7813,10688,9291,11968,7813,10688,9291,11968,22331,25834,24450,24827,-140,-214,16,-0.54902,-0.839216,0.062745,0,67,900
2026-05-18T07:28:43.372+00:00,1779089323372826000,92,R,7813,10689,9293,11968,7813,10689,9293,11968,22332,25837,24453,24828,-140,-214,17,-0.54902,-0.839216,0.066667,0,67,a00
2026-05-18T07:28:43.372+00:00,1779089323372926000,93,R,7811,10687,9291,11969,7811,10687,9291,11969,22332,25832,24448,24827,-139,-214,17,-0.545098,-0.839216,0.066667,0,67,b00
2026-05-18T07:28:43.372+00:00,1779089323373003000,94,R,7810,10687,9291,11969,7810,10687,9291,11969,22332,25828,24448,24824,-139,-214,17,-0.545098,-0.839216,0.066667,0,67,c00
2026-05-18T07:28:43.373+00:00,1779089323373086000,95,R,7810,10684,9292,11969,7810,10684,9292,11969,22330,25831,24453,24823,-140,-214,17,-0.54902,-0.839216,0.066667,0,67,d00
2026-05-18T07:28:43.667+00:00,1779089323667974000,96,R,7810,10689,9292,11969,7810,10689,9292,11969,22334,25830,24455,24822,-140,-214,17,-0.54902,-0.839216,0.066667,0,67,e00
2026-05-18T07:28:43.668+00:00,1779089323668141000,97,R,7811,10690,9290,11968,7811,10690,9290,11968,22332,25830,24457,24825,-140,-212,17,-0.54902,-0.831373,0.066667,0,67,f00
2026-05-18T07:28:43.668+00:00,1779089323668214000,98,R,7811,10689,9289,11971,7811,10689,9289,11971,22332,25833,24456,24825,-139,-212,17,-0.545098,-0.831373,0.066667,0,67,000
2026-05-18T07:28:43.668+00:00,1779089323668279000,99,R,7811,10691,9290,11971,7811,10691,9290,11971,22330,25829,24457,24827,-140,-213,17,-0.54902,-0.835294,0.066667,0,67,100
2026-05-18T07:28:43.668+00:00,1779089323668340000,100,R,7813,10689,9289,11967,7813,10689,9289,11967,22333,25832,24459,24827,-141,-212,18,-0.552941,-0.831373,0.070588,0,67,200
2026-05-18T07:28:43.673+00:00,1779089323673441000,101,R,7812,10689,9291,11970,7812,10689,9291,11970,22330,25830,24452,24822,-140,-213,17,-0.54902,-0.835294,0.066667,0,67,300
2026-05-18T07:28:43.673+00:00,1779089323673544000,102,R,7813,10691,9291,11972,7813,10691,9291,11972,22335,25829,24456,24828,-141,-213,19,-0.552941,-0.835294,0.07451,0,67,400
2026-05-18T07:28:43.673+00:00,1779089323673618000,103,R,7811,10691,9291,11969,7811,10691,9291,11969,22336,25828,24455,24823,-140,-212,18,-0.54902,-0.831373,0.070588,0,67,500
2026-05-18T07:28:43.673+00:00,1779089323673686000,104,R,7849,10726,9324,12023,7849,10726,9324,12023,22379,25879,24473,24866,-146,-209,25,-0.572549,-0.819608,0.098039,0,67,02340
2026-05-18T07:28:43.673+00:00,1779089323673751000,105,R,7845,10723,9322,12016,7845,10723,9322,12016,22378,25871,24469,24859,-147,-209,24,-0.576471,-0.819608,0.094118,0,67,12340
2026-05-18T07:28:44.118+00:00,1779089324119039000,106,R,7844,10720,9318,12013,7844,10720,9318,12013,22375,25871,24463,24857,-147,-207,25,-0.576471,-0.811765,0.098039,0,67,22340
2026-05-18T07:28:44.119+00:00,1779089324119185000,107,R,7843,10715,9317,12009,7843,10715,9317,12009,22372,25868,24457,24851,-145,-207,25,-0.568627,-0.811765,0.098039,0,67,32340
2026-05-18T07:28:44.119+00:00,1779089324119270000,108,R,7841,10715,9318,12006,7841,10715,9318,12006,22369,25869,24459,24846,-145,-206,24,-0.568627,-0.807843,0.094118,0,67,42340
2026-05-18T07:28:44.119+00:00,1779089324119339000,109,R,7836,10706,9313,12002,7836,10706,9313,12002,22366,25859,24448,24838,-145,-209,25,-0.568627,-0.819608,0.098039,0,67,c2410
2026-05-18T07:28:44.119+00:00,1779089324119402000,110,R,7833,10707,9310,11999,7833,10707,9310,11999,22358,25856,24445,24838,-143,-210,24,-0.560784,-0.823529,0.094118,0,67,d2410
2026-05-18T07:28:44.119+00:00,1779089324119464000,111,R,7833,10706,9308,11998,7833,10706,9308,11998,22359,25852,24444,24835,-144,-209,26,-0.564706,-0.819608,0.101961,0,67,e2410
2026-05-18T07:28:44.272+00:00,1779089324272369000,112,R,7833,10706,9307,11997,7833,10706,9307,11997,22355,25853,24448,24837,-145,-211,26,-0.568627,-0.827451,0.101961,0,67,f2410
2026-05-18T07:28:44.272+00:00,1779089324272519000,113,R,7833,10707,9309,11998,7833,10707,9309,11998,22357,25855,24442,24836,-144,-211,25,-0.564706,-0.827451,0.098039,0,67,02410
2026-05-18T07:28:44.272+00:00,1779089324272612000,114,R,7831,10703,9311,11997,7831,10703,9311,11997,22355,25855,24443,24834,-144,-207,25,-0.564706,-0.811765,0.098039,0,67,82480
2026-05-18T07:28:44.272+00:00,1779089324272683000,115,R,7832,10704,9308,11997,7832,10704,9308,11997,22353,25853,24442,24834,-144,-207,25,-0.564706,-0.811765,0.098039,0,67,92480
2026-05-18T07:28:44.272+00:00,1779089324272750000,116,R,7833,10707,9310,11998,7833,10707,9310,11998,22355,25852,24442,24835,-144,-208,26,-0.564706,-0.815686,0.101961,0,67,a2480
2026-05-18T07:28:44.567+00:00,1779089324568019000,117,R,7833,10706,9310,11997,7833,10706,9310,11997,22357,25854,24446,24833,-144,-207,25,-0.564706,-0.811765,0.098039,0,67,b2480
2026-05-18T07:28:44.568+00:00,1779089324568181000,118,R,7832,10705,9310,11998,7832,10705,9310,11998,22358,25855,24443,24832,-144,-209,25,-0.564706,-0.819608,0.098039,0,67,c2480
2026-05-18T07:28:44.568+00:00,1779089324568268000,119,R,7834,10712,9313,12002,7834,10712,9313,12002,22363,25860,24449,24836,-145,-210,24,-0.568627,-0.823529,0.094118,0,67,32540
2026-05-18T07:28:44.568+00:00,1779089324568337000,120,R,7834,10713,9312,12003,7834,10713,9312,12003,22358,25860,24450,24839,-145,-209,25,-0.568627,-0.819608,0.098039,0,67,42540
2026-05-18T07:28:44.568+00:00,1779089324568402000,121,R,7835,10711,9314,12002,7835,10711,9314,12002,22359,25859,24450,24838,-145,-209,24,-0.568627,-0.819608,0.094118,0,67,52540
2026-05-18T07:28:44.573+00:00,1779089324573267000,122,R,7837,10716,9314,12003,7837,10716,9314,12003,22363,25858,24454,24842,-143,-210,24,-0.560784,-0.823529,0.094118,0,67,62540
2026-05-18T07:28:44.573+00:00,1779089324573477000,123,R,7839,10712,9313,12004,7839,10712,9313,12004,22360,25861,24452,24838,-145,-209,26,-0.568627,-0.819608,0.101961,0,67,72540
2026-05-18T07:28:44.573+00:00,1779089324573546000,124,R,7841,10721,9317,12015,7841,10721,9317,12015,22370,25868,24468,24853,-144,-210,25,-0.564706,-0.823529,0.098039,0,67,02620
2026-05-18T07:28:44.573+00:00,1779089324573611000,125,R,7841,10724,9318,12018,7841,10724,9318,12018,22371,25867,24468,24853,-145,-210,25,-0.568627,-0.823529,0.098039,0,67,12620
2026-05-18T07:28:44.573+00:00,1779089324573675000,126,R,7843,10728,9319,12019,7843,10728,9319,12019,22372,25867,24469,24859,-144,-210,25,-0.564706,-0.823529,0.098039,0,68,22620
2026-05-18T07:28:44.723+00:00,1779089324723205000,127,R,7844,10728,9321,12021,7844,10728,9321,12021,22371,25869,24469,24855,-143,-209,24,-0.560784,-0.819608,0.094118,0,68,32620
2026-05-18T07:28:44.723+00:00,1779089324723327000,128,R,7842,10727,9321,12019,7842,10727,9321,12019,22372,25873,24471,24857,-142,-210,25,-0.556863,-0.823529,0.098039,0,68,42620
2026-05-18T07:28:44.723+00:00,1779089324723400000,129,R,7848,10736,9325,12030,7848,10736,9325,12030,22380,25881,24481,24865,-142,-209,24,-0.556863,-0.819608,0.094118,0,68,c2690
2026-05-18T07:28:44.723+00:00,1779089324723468000,130,R,7848,10740,9325,12032,7848,10740,9325,12032,22379,25880,24486,24871,-144,-210,24,-0.564706,-0.823529,0.094118,0,68,d2690
2026-05-18T07:28:44.723+00:00,1779089324723536000,131,R,7849,10739,9323,12031,7849,10739,9323,12031,22383,25880,24483,24872,-143,-209,24,-0.560784,-0.819608,0.094118,0,68,e2690
2026-05-18T07:28:44.873+00:00,1779089324873374000,132,R,7853,10740,9327,12032,7853,10740,9327,12032,22385,25880,24486,24871,-143,-209,25,-0.560784,-0.819608,0.098039,0,68,f2690
2026-05-18T07:28:44.873+00:00,1779089324873409000,133,R,7853,10741,9327,12034,7853,10741,9327,12034,22385,25885,24488,24876,-145,-209,26,-0.568627,-0.819608,0.101961,0,68,02690
2026-05-18T07:28:44.873+00:00,1779089324873426000,134,R,7852,10742,9328,12035,7852,10742,9328,12035,22386,25884,24488,24875,-145,-210,25,-0.568627,-0.823529,0.098039,0,68,12690
2026-05-18T07:28:44.873+00:00,1779089324873439000,135,R,7843,10715,9321,12008,7843,10715,9321,12008,22372,25867,24458,24852,-144,-210,25,-0.564706,-0.823529,0.098039,0,68,82750
2026-05-18T07:28:44.873+00:00,1779089324873463000,136,R,7839,10711,9318,12005,7839,10711,9318,12005,22373,25867,24455,24849,-144,-209,26,-0.564706,-0.819608,0.101961,0,68,92750
2026-05-18T07:28:45.173+00:00,1779089325173506000,137,R,7839,10713,9318,12007,7839,10713,9318,12007,22371,25866,24459,24845,-145,-210,27,-0.568627,-0.823529,0.105882,0,68,a2750
2026-05-18T07:28:45.173+00:00,1779089325173670000,138,R,7837,10710,9314,12003,7837,10710,9314,12003,22367,25863,24451,24842,-145,-211,25,-0.568627,-0.827451,0.098039,0,68,b2750
2026-05-18T07:28:45.173+00:00,1779089325173748000,139,R,7837,10711,9314,12004,7837,10711,9314,12004,22362,25859,24449,24843,-143,-213,24,-0.560784,-0.835294,0.094118,0,68,c2750
2026-05-18T07:28:45.173+00:00,1779089325173853000,140,R,7837,10707,9312,11998,7837,10707,9312,11998,22358,25858,24443,24837,-145,-204,26,-0.568627,-0.8,0.101961,0,68,32810
2026-05-18T07:28:45.173+00:00,1779089325173903000,141,R,7834,10707,9312,11999,7834,10707,9312,11999,22362,25863,24446,24835,-146,-206,28,-0.572549,-0.807843,0.109804,0,68,42810
2026-05-18T07:28:45.322+00:00,1779089325323021000,142,R,7837,10710,9315,11993,7837,10710,9315,11993,22362,25862,24447,24835,-145,-207,28,-0.568627,-0.811765,0.109804,0,68,52810
2026-05-18T07:28:45.323+00:00,1779089325323127000,143,R,7835,10710,9316,12000,7835,10710,9316,12000,22364,25862,24452,24835,-144,-208,27,-0.564706,-0.815686,0.105882,0,68,62810
2026-05-18T07:28:45.323+00:00,1779089325323199000,144,R,7836,10709,9317,12003,7836,10709,9317,12003,22360,25862,24449,24841,-145,-209,27,-0.568627,-0.819608,0.105882,0,68,72810
2026-05-18T07:28:45.323+00:00,1779089325323265000,145,R,7838,10711,9315,12001,7838,10711,9315,12001,22359,25861,24450,24838,-141,-210,24,-0.552941,-0.823529,0.094118,0,68,e2870
2026-05-18T07:28:45.323+00:00,1779089325323330000,146,R,7836,10709,9315,12000,7836,10709,9315,12000,22360,25862,24448,24834,-140,-212,25,-0.54902,-0.831373,0.098039,0,68,f2870
2026-05-18T07:28:45.323+00:00,1779089325323396000,147,R,7836,10709,9315,11998,7836,10709,9315,11998,22360,25863,24444,24838,-141,-212,25,-0.552941,-0.831373,0.098039,0,68,02870
2026-05-18T07:28:45.474+00:00,1779089325474104000,148,R,7844,10720,9312,12006,7844,10720,9312,12006,22360,25862,24452,24839,-142,-211,25,-0.556863,-0.827451,0.098039,0,68,12870
2026-05-18T07:28:45.474+00:00,1779089325474218000,149,R,7836,10709,9317,12001,7836,10709,9317,12001,22362,25865,24450,24839,-143,-210,25,-0.560784,-0.823529,0.098039,0,68,22870
2026-05-18T07:28:45.474+00:00,1779089325474259000,150,R,7837,10716,9319,12009,7837,10716,9319,12009,22366,25867,24457,24841,-144,-210,25,-0.564706,-0.823529,0.098039,0,68,92930
2026-05-18T07:28:45.474+00:00,1779089325474522000,151,R,7840,10715,9316,12010,7840,10715,9316,12010,22365,25867,24458,24845,-144,-209,27,-0.564706,-0.819608,0.105882,0,68,a2930
2026-05-18T07:28:45.474+00:00,1779089325474566000,152,R,7838,10718,9316,12010,7838,10718,9316,12010,22367,25870,24458,24839,-143,-209,26,-0.560784,-0.819608,0.101961,0,68,b2930
2026-05-18T07:28:45.624+00:00,1779089325624992000,153,R,7841,10716,9318,12011,7841,10716,9318,12011,22367,25871,24459,24846,-143,-209,25,-0.560784,-0.819608,0.098039,0,68,c2930
2026-05-18T07:28:45.625+00:00,1779089325625125000,154,R,7841,10706,9323,12016,7841,10706,9323,12016,22368,25873,24462,24847,-143,-210,26,-0.560784,-0.823529,0.101961,0,68,d2930
2026-05-18T07:28:45.625+00:00,1779089325625180000,155,R,7849,10728,9327,12023,7849,10728,9327,12023,22373,25879,24474,24858,-143,-210,26,-0.560784,-0.823529,0.101961,0,68,83030
2026-05-18T07:28:45.625+00:00,1779089325625227000,156,R,7837,10742,9310,12023,7837,10742,9310,12023,22377,25881,24475,24863,-143,-209,26,-0.560784,-0.819608,0.101961,0,68,93030
2026-05-18T07:28:45.625+00:00,1779089325625274000,157,R,7847,10734,9325,12026,7847,10734,9325,12026,22377,25879,24473,24864,-143,-210,26,-0.560784,-0.823529,0.101961,0,68,a3030
2026-05-18T07:28:45.774+00:00,1779089325774182000,158,R,7851,10734,9328,12028,7851,10734,9328,12028,22378,25882,24476,24864,-143,-210,26,-0.560784,-0.823529,0.101961,0,68,b3030
2026-05-18T07:28:45.774+00:00,1779089325774216000,159,R,7847,10735,9329,12029,7847,10735,9329,12029,22382,25882,24481,24866,-143,-210,26,-0.560784,-0.823529,0.101961,0,68,c3030
2026-05-18T07:28:45.774+00:00,1779089325774234000,160,R,7852,10743,9335,12038,7852,10743,9335,12038,22392,25890,24490,24878,-143,-211,26,-0.560784,-0.827451,0.101961,0,68,43100
2026-05-18T07:28:45.774+00:00,1779089325774250000,161,R,7860,10741,9335,12035,7860,10741,9335,12035,22389,25889,24492,24877,-144,-211,26,-0.564706,-0.827451,0.101961,0,68,53100
2026-05-18T07:28:45.774+00:00,1779089325774264000,162,R,7856,10742,9334,12041,7856,10742,9334,12041,22393,25889,24494,24880,-143,-210,25,-0.560784,-0.823529,0.098039,0,68,63100
2026-05-18T07:28:45.923+00:00,1779089325923474000,163,R,7857,10744,9332,12039,7857,10744,9332,12039,22390,25887,24490,24878,-142,-210,24,-0.556863,-0.823529,0.094118,0,68,73100
2026-05-18T07:28:45.923+00:00,1779089325923517000,164,R,7856,10739,9332,12034,7856,10739,9332,12034,22391,25885,24486,24875,-143,-210,26,-0.560784,-0.823529,0.101961,0,68,83100
2026-05-18T07:28:45.923+00:00,1779089325923533000,165,R,7853,10732,9329,12028,7853,10732,9329,12028,22389,25885,24480,24870,-143,-211,25,-0.560784,-0.827451,0.098039,0,68,93100
2026-05-18T07:28:45.923+00:00,1779089325923547000,166,R,7845,10717,9322,12012,7845,10717,9322,12012,22370,25871,24457,24849,-142,-209,25,-0.556863,-0.819608,0.098039,0,68,03160
2026-05-18T07:28:45.923+00:00,1779089325923559000,167,R,7837,10716,9320,12005,7837,10716,9320,12005,22369,25870,24454,24844,-142,-211,24,-0.556863,-0.827451,0.094118,0,68,13160
2026-05-18T07:28:46.073+00:00,1779089326073529000,168,R,7842,10713,9322,12012,7842,10713,9322,12012,22370,25874,24453,24850,-141,-212,24,-0.552941,-0.831373,0.094118,0,68,23160
2026-05-18T07:28:46.073+00:00,1779089326073571000,169,R,7842,10716,9319,12010,7842,10716,9319,12010,22371,25872,24455,24846,-142,-212,24,-0.556863,-0.831373,0.094118,0,68,33160
2026-05-18T07:28:46.073+00:00,1779089326073599000,170,R,7843,10713,9319,12008,7843,10713,9319,12008,22370,25872,24456,24846,-142,-213,24,-0.556863,-0.835294,0.094118,0,68,43160
2026-05-18T07:28:46.073+00:00,1779089326073625000,171,R,7840,10718,9320,12011,7840,10718,9320,12011,22368,25866,24458,24844,-143,-209,26,-0.560784,-0.819608,0.101961,0,68,c3230
2026-05-18T07:28:46.073+00:00,1779089326073651000,172,R,7837,10720,9311,12008,7837,10720,9311,12008,22370,25871,24458,24845,-144,-211,26,-0.564706,-0.827451,0.101961,0,68,d3230
2026-05-18T07:28:46.519+00:00,1779089326519331000,173,R,7841,10717,9322,12007,7841,10717,9322,12007,22365,25867,24459,24846,-143,-211,26,-0.560784,-0.827451,0.101961,0,68,e3230
2026-05-18T07:28:46.519+00:00,1779089326519490000,174,R,7841,10716,9318,12008,7841,10716,9318,12008,22368,25865,24453,24842,-143,-210,26,-0.560784,-0.823529,0.101961,0,68,f3230
2026-05-18T07:28:46.519+00:00,1779089326519634000,175,R,7840,10717,9321,12007,7840,10717,9321,12007,22368,25871,24455,24842,-142,-209,26,-0.556863,-0.819608,0.101961,0,68,03230
2026-05-18T07:28:46.519+00:00,1779089326519725000,176,R,7842,10718,9322,12007,7842,10718,9322,12007,22368,25871,24459,24845,-142,-210,25,-0.556863,-0.823529,0.098039,0,68,83300
2026-05-18T07:28:46.519+00:00,1779089326519783000,177,R,7853,10719,9336,12011,7853,10719,9336,12011,22370,25872,24458,24849,-143,-210,25,-0.560784,-0.823529,0.098039,0,68,93300
2026-05-18T07:28:46.519+00:00,1779089326519834000,178,R,7840,10717,9322,12013,7840,10717,9322,12013,22369,25868,24458,24843,-142,-211,25,-0.556863,-0.827451,0.098039,0,68,a3300
2026-05-18T07:28:46.524+00:00,1779089326524468000,179,R,7843,10723,9322,12014,7843,10723,9322,12014,22372,25870,24462,24845,-143,-211,25,-0.560784,-0.827451,0.098039,0,68,b3300
2026-05-18T07:28:46.524+00:00,1779089326524530000,180,R,7844,10721,9322,12013,7844,10721,9322,12013,22371,25872,24463,24843,-142,-210,25,-0.556863,-0.823529,0.098039,0,68,c3300
2026-05-18T07:28:46.524+00:00,1779089326524593000,181,R,7850,10727,9326,12021,7850,10727,9326,12021,22376,25874,24469,24856,-141,-211,25,-0.552941,-0.827451,0.098039,0,68,33360
2026-05-18T07:28:46.524+00:00,1779089326524645000,182,R,7847,10728,9328,12022,7847,10728,9328,12022,22376,25876,24473,24854,-142,-211,25,-0.556863,-0.827451,0.098039,0,68,43360
2026-05-18T07:28:46.524+00:00,1779089326524692000,183,R,7848,10729,9326,12025,7848,10729,9326,12025,22379,25876,24476,24860,-142,-212,25,-0.556863,-0.831373,0.098039,0,68,53360
2026-05-18T07:28:46.674+00:00,1779089326674368000,184,R,7851,10731,9327,12023,7851,10731,9327,12023,22376,25877,24473,24855,-142,-210,25,-0.556863,-0.823529,0.098039,0,68,63360
2026-05-18T07:28:46.674+00:00,1779089326674420000,185,R,7850,10733,9329,12023,7850,10733,9329,12023,22381,25881,24474,24858,-142,-210,25,-0.556863,-0.823529,0.098039,0,68,73360
2026-05-18T07:28:46.674+00:00,1779089326674446000,186,R,7856,10742,9336,12038,7856,10742,9336,12038,22387,25888,24488,24870,-142,-210,26,-0.556863,-0.823529,0.101961,0,68,03440
2026-05-18T07:28:46.674+00:00,1779089326674469000,187,R,7856,10746,9336,12037,7856,10746,9336,12037,22386,25883,24494,24873,-141,-211,26,-0.552941,-0.827451,0.101961,0,68,13440
2026-05-18T07:28:46.674+00:00,1779089326674491000,188,R,7857,10744,9337,12039,7857,10744,9337,12039,22390,25892,24489,24872,-142,-211,26,-0.556863,-0.827451,0.101961,0,68,23440
2026-05-18T07:28:46.823+00:00,1779089326823691000,189,R,7859,10747,9337,12039,7859,10747,9337,12039,22389,25890,24489,24873,-142,-211,26,-0.556863,-0.827451,0.101961,0,68,33440
2026-05-18T07:28:46.823+00:00,1779089326823851000,190,R,7859,10748,9338,12040,7859,10748,9338,12040,22391,25888,24491,24874,-141,-210,26,-0.552941,-0.823529,0.101961,0,68,43440
2026-05-18T07:28:46.823+00:00,1779089326823940000,191,R,7862,10748,9339,12046,7862,10748,9339,12046,22396,25892,24497,24881,-143,-210,25,-0.560784,-0.823529,0.098039,0,68,b3500
2026-05-18T07:28:46.824+00:00,1779089326824025000,192,R,7861,10743,9340,12040,7861,10743,9340,12040,22396,25895,24486,24874,-143,-211,25,-0.560784,-0.827451,0.098039,0,68,c3500
2026-05-18T07:28:46.824+00:00,1779089326824113000,193,R,7859,10737,9336,12034,7859,10737,9336,12034,22389,25893,24484,24872,-143,-211,25,-0.560784,-0.827451,0.098039,0,68,d3500
2026-05-18T07:28:46.974+00:00,1779089326974686000,194,R,7857,10734,9336,12027,7857,10734,9336,12027,22389,25886,24476,24867,-143,-211,25,-0.560784,-0.827451,0.098039,0,68,e3500
2026-05-18T07:28:46.974+00:00,1779089326974825000,195,R,7853,10730,9332,12025,7853,10730,9332,12025,22387,25887,24472,24859,-142,-210,26,-0.556863,-0.823529,0.101961,0,68,f3500
2026-05-18T07:28:46.974+00:00,1779089326974899000,196,R,7848,10720,9328,12012,7848,10720,9328,12012,22376,25881,24462,24845,-142,-211,25,-0.556863,-0.827451,0.098039,0,68,73570
2026-05-18T07:28:46.974+00:00,1779089326974967000,197,R,7848,10723,9328,12014,7848,10723,9328,12014,22372,25881,24459,24845,-142,-211,25,-0.556863,-0.827451,0.098039,0,68,83570
2026-05-18T07:28:46.975+00:00,1779089326975256000,198,R,7847,10720,9327,12011,7847,10720,9327,12011,22371,25872,24454,24835,-143,-212,25,-0.560784,-0.831373,0.098039,0,68,93570
2026-05-18T07:28:47.124+00:00,1779089327124267000,199,R,7849,10718,9330,12012,7849,10718,9330,12012,22373,25878,24458,24841,-142,-213,25,-0.556863,-0.835294,0.098039,0,68,a3570
2026-05-18T07:28:47.124+00:00,1779089327124451000,200,R,7845,10720,9327,12012,7845,10720,9327,12012,22374,25875,24456,24840,-142,-211,26,-0.556863,-0.827451,0.101961,0,68,b3570
2026-05-18T07:28:47.124+00:00,1779089327124536000,201,R,7847,10720,9328,12010,7847,10720,9328,12010,22375,25878,24456,24841,-143,-211,25,-0.560784,-0.827451,0.098039,0,68,c3570
2026-05-18T07:28:47.124+00:00,1779089327124607000,202,R,7848,10721,9327,12010,7848,10721,9327,12010,22376,25879,24461,24839,-142,-211,27,-0.556863,-0.827451,0.105882,0,68,33630
2026-05-18T07:28:47.124+00:00,1779089327124672000,203,R,7847,10723,9326,12012,7847,10723,9326,12012,22374,25879,24459,24839,-142,-210,27,-0.556863,-0.823529,0.105882,0,68,43630
2026-05-18T07:28:47.273+00:00,1779089327273498000,204,R,7850,10725,9326,12011,7850,10725,9326,12011,22377,25880,24454,24836,-140,-211,26,-0.54902,-0.827451,0.101961,0,68,53630
2026-05-18T07:28:47.273+00:00,1779089327273631000,205,R,7847,10722,9328,12011,7847,10722,9328,12011,22373,25876,24455,24838,-141,-211,26,-0.552941,-0.827451,0.101961,0,68,63630
2026-05-18T07:28:47.273+00:00,1779089327273705000,206,R,7849,10721,9329,12012,7849,10721,9329,12012,22374,25878,24457,24840,-141,-210,25,-0.552941,-0.823529,0.098039,0,68,73630
2026-05-18T07:28:47.273+00:00,1779089327273776000,207,R,7852,10730,9330,12015,7852,10730,9330,12015,22376,25878,24463,24839,-142,-210,25,-0.556863,-0.823529,0.098039,0,68,f3700
2026-05-18T07:28:47.273+00:00,1779089327273841000,208,R,7850,10725,9329,12016,7850,10725,9329,12016,22377,25879,24464,24840,-142,-211,25,-0.556863,-0.827451,0.098039,0,68,03700
2026-05-18T07:28:47.423+00:00,1779089327423383000,209,R,7849,10728,9329,12015,7849,10728,9329,12015,22377,25883,24468,24846,-142,-211,25,-0.556863,-0.827451,0.098039,0,68,13700
2026-05-18T07:28:47.423+00:00,1779089327423508000,210,R,7851,10730,9333,12019,7851,10730,9333,12019,22377,25878,24466,24842,-142,-210,25,-0.556863,-0.823529,0.098039,0,68,23700
2026-05-18T07:28:47.423+00:00,1779089327423592000,211,R,7853,10731,9333,12019,7853,10731,9333,12019,22381,25883,24466,24844,-142,-210,25,-0.556863,-0.823529,0.098039,0,68,33700
2026-05-18T07:28:47.423+00:00,1779089327423670000,212,R,7855,10741,9336,12030,7855,10741,9336,12030,22385,25890,24479,24850,-143,-211,25,-0.560784,-0.827451,0.098039,0,68,b3770
2026-05-18T07:28:47.423+00:00,1779089327423734000,213,R,7857,10738,9336,12027,7857,10738,9336,12027,22386,25888,24479,24853,-142,-211,25,-0.556863,-0.827451,0.098039,0,68,c3770
2026-05-18T07:28:47.423+00:00,1779089327423797000,214,R,7859,10741,9338,12031,7859,10741,9338,12031,22385,25883,24479,24854,-142,-211,26,-0.556863,-0.827451,0.101961,0,68,d3770
2026-05-18T07:28:47.574+00:00,1779089327574754000,215,R,7858,10741,9337,12034,7858,10741,9337,12034,22385,25890,24480,24855,-141,-211,26,-0.552941,-0.827451,0.101961,0,68,e3770
2026-05-18T07:28:47.574+00:00,1779089327574883000,216,R,7860,10744,9340,12029,7860,10744,9340,12029,22388,25893,24482,24855,-142,-212,25,-0.556863,-0.831373,0.098039,0,68,f3770
2026-05-18T07:28:47.574+00:00,1779089327574958000,217,R,7864,10752,9344,12041,7864,10752,9344,12041,22397,25901,24491,24864,-141,-212,25,-0.552941,-0.831373,0.098039,0,68,63830
2026-05-18T07:28:47.575+00:00,1779089327575025000,218,R,7864,10751,9343,12042,7864,10751,9343,12042,22397,25900,24497,24866,-142,-212,24,-0.556863,-0.831373,0.094118,0,68,73830
2026-05-18T07:28:47.575+00:00,1779089327575091000,219,R,7865,10752,9346,12045,7865,10752,9346,12045,22394,25900,24492,24867,-141,-212,24,-0.552941,-0.831373,0.094118,0,68,83830
2026-05-18T07:28:47.872+00:00,1779089327872602000,220,R,7865,10752,9345,12046,7865,10752,9345,12046,22396,25899,24497,24869,-142,-211,25,-0.556863,-0.827451,0.098039,0,68,93830
2026-05-18T07:28:47.872+00:00,1779089327872754000,221,R,7868,10756,9346,12045,7868,10756,9346,12045,22399,25902,24496,24872,-143,-211,25,-0.560784,-0.827451,0.098039,0,68,a3830
2026-05-18T07:28:47.872+00:00,1779089327872830000,222,R,7870,10756,9349,12050,7870,10756,9349,12050,22403,25903,24503,24880,-142,-211,25,-0.556863,-0.827451,0.098039,0,68,13890
2026-05-18T07:28:47.872+00:00,1779089327872896000,223,R,7869,10753,9347,12048,7869,10753,9347,12048,22401,25907,24499,24878,-142,-212,25,-0.556863,-0.831373,0.098039,0,68,23890
2026-05-18T07:28:47.872+00:00,1779089327872960000,224,R,7866,10749,9347,12042,7866,10749,9347,12042,22401,25903,24491,24869,-143,-212,25,-0.560784,-0.831373,0.098039,0,68,33890
2026-05-18T07:28:48.020+00:00,1779089328020040000,225,R,7866,10745,9343,12037,7866,10745,9343,12037,22401,25897,24486,24867,-142,-211,25,-0.556863,-0.827451,0.098039,0,68,43890
2026-05-18T07:28:48.020+00:00,1779089328020191000,226,R,7863,10739,9342,12031,7863,10739,9342,12031,22396,25897,24476,24861,-142,-211,24,-0.556863,-0.827451,0.094118,0,68,53890
2026-05-18T07:28:48.020+00:00,1779089328020221000,227,R,7854,10732,9336,12018,7854,10732,9336,12018,22385,25886,24466,24845,-141,-211,25,-0.552941,-0.827451,0.098039,0,68,d3960
2026-05-18T07:28:48.020+00:00,1779089328020246000,228,R,7852,10727,9333,12016,7852,10727,9333,12016,22383,25888,24467,24841,-141,-211,25,-0.552941,-0.827451,0.098039,0,68,e3960
2026-05-18T07:28:48.020+00:00,1779089328020271000,229,R,7852,10728,9333,12016,7852,10728,9333,12016,22381,25882,24465,24841,-142,-211,25,-0.556863,-0.827451,0.098039,0,68,f3960
2026-05-18T07:28:48.172+00:00,1779089328172744000,230,R,7853,10728,9332,12015,7853,10728,9332,12015,22383,25889,24465,24840,-143,-212,25,-0.560784,-0.831373,0.098039,0,68,03960
2026-05-18T07:28:48.172+00:00,1779089328172924000,231,R,7855,10727,9334,12014,7855,10727,9334,12014,22380,25878,24460,24839,-142,-213,26,-0.556863,-0.835294,0.101961,0,68,13960
2026-05-18T07:28:48.172+00:00,1779089328172997000,232,R,7855,10728,9335,12014,7855,10728,9335,12014,22382,25881,24463,24839,-142,-212,26,-0.556863,-0.831373,0.101961,0,68,23960
2026-05-18T07:28:48.173+00:00,1779089328173065000,233,R,7852,10729,9333,12016,7852,10729,9333,12016,22378,25883,24458,24836,-140,-210,25,-0.54902,-0.823529,0.098039,0,68,b4040
2026-05-18T07:28:48.173+00:00,1779089328173131000,234,R,7854,10725,9333,12005,7854,10725,9333,12005,22376,25882,24460,24837,-141,-210,25,-0.552941,-0.823529,0.098039,0,68,c4040
2026-05-18T07:28:48.320+00:00,1779089328320752000,235,R,7852,10730,9335,12013,7852,10730,9335,12013,22379,25882,24459,24835,-141,-211,26,-0.552941,-0.827451,0.101961,0,68,d4040
2026-05-18T07:28:48.320+00:00,1779089328320813000,236,R,7853,10730,9333,12016,7853,10730,9333,12016,22375,25883,24457,24832,-142,-210,26,-0.556863,-0.823529,0.101961,0,68,e4040
2026-05-18T07:28:48.320+00:00,1779089328320840000,237,R,7854,10731,9332,12013,7854,10731,9332,12013,22374,25880,24461,24835,-142,-210,25,-0.556863,-0.823529,0.098039,0,68,f4040
2026-05-18T07:28:48.320+00:00,1779089328320865000,238,R,7855,10733,9335,12020,7855,10733,9335,12020,22380,25881,24468,24836,-142,-211,24,-0.556863,-0.827451,0.094118,0,68,74110
2026-05-18T07:28:48.320+00:00,1779089328320895000,239,R,7858,10735,9346,12027,7858,10735,9346,12027,22376,25882,24468,24839,-142,-210,25,-0.556863,-0.823529,0.098039,0,68,84110
2026-05-18T07:28:48.471+00:00,1779089328471160000,240,R,7857,10736,9336,12021,7857,10736,9336,12021,22377,25883,24467,24834,-142,-212,24,-0.556863,-0.831373,0.094118,0,68,94110
2026-05-18T07:28:48.471+00:00,1779089328471302000,241,R,7859,10735,9339,12021,7859,10735,9339,12021,22377,25885,24469,24842,-141,-211,25,-0.552941,-0.827451,0.098039,0,68,a4110
2026-05-18T07:28:48.471+00:00,1779089328471377000,242,R,7857,10737,9336,12023,7857,10737,9336,12023,22380,25885,24472,24839,-141,-212,25,-0.552941,-0.831373,0.098039,0,68,b4110
2026-05-18T07:28:48.471+00:00,1779089328471460000,243,R,7862,10745,9342,12030,7862,10745,9342,12030,22389,25894,24478,24850,-142,-211,24,-0.556863,-0.827451,0.094118,0,68,34180
2026-05-18T07:28:48.471+00:00,1779089328471526000,244,R,7856,10744,9345,12030,7856,10744,9345,12030,22387,25896,24480,24848,-141,-212,25,-0.552941,-0.831373,0.098039,0,68,44180
2026-05-18T07:28:48.471+00:00,1779089328471589000,245,R,7862,10746,9342,12031,7862,10746,9342,12031,22392,25891,24481,24851,-142,-211,25,-0.556863,-0.827451,0.098039,0,68,54180
2026-05-18T07:28:48.621+00:00,1779089328621532000,246,R,7864,10749,9343,12035,7864,10749,9343,12035,22390,25896,24481,24853,-141,-212,25,-0.552941,-0.831373,0.098039,0,68,64180
2026-05-18T07:28:48.621+00:00,1779089328621697000,247,R,7864,10749,9343,12036,7864,10749,9343,12036,22390,25901,24482,24853,-141,-212,25,-0.552941,-0.831373,0.098039,0,68,74180
2026-05-18T07:28:48.621+00:00,1779089328621787000,248,R,7868,10757,9348,12042,7868,10757,9348,12042,22395,25902,24489,24862,-141,-211,25,-0.552941,-0.827451,0.098039,0,68,e4240
2026-05-18T07:28:48.621+00:00,1779089328621854000,249,R,7869,10756,9349,12043,7869,10756,9349,12043,22399,25905,24494,24864,-141,-212,25,-0.552941,-0.831373,0.098039,0,68,f4240
2026-05-18T07:28:48.621+00:00,1779089328621918000,250,R,7879,10766,9349,12050,7879,10766,9349,12050,22400,25902,24495,24866,-141,-212,25,-0.552941,-0.831373,0.098039,0,68,04240
2026-05-18T07:28:48.771+00:00,1779089328771959000,251,R,7869,10760,9352,12046,7869,10760,9352,12046,22400,25909,24498,24866,-140,-211,25,-0.54902,-0.827451,0.098039,0,68,14240
2026-05-18T07:28:48.771+00:00,1779089328771998000,252,R,7871,10762,9351,12047,7871,10762,9351,12047,22402,25905,24499,24868,-140,-210,24,-0.54902,-0.823529,0.094118,0,68,24240
2026-05-18T07:28:48.772+00:00,1779089328772015000,253,R,7872,10750,9348,12039,7872,10750,9348,12039,22402,25906,24486,24863,-142,-211,25,-0.556863,-0.827451,0.098039,0,68,b4320
2026-05-18T07:28:48.772+00:00,1779089328772029000,254,R,7868,10740,9351,12034,7868,10740,9351,12034,22399,25905,24482,24857,-142,-212,24,-0.556863,-0.831373,0.094118,0,68,c4320
2026-05-18T07:28:48.772+00:00,1779089328772043000,255,R,7865,10741,9346,12027,7865,10741,9346,12027,22395,25898,24472,24853,-141,-211,24,-0.552941,-0.827451,0.094118,0,68,d4320
2026-05-18T07:28:48.922+00:00,1779089328922552000,256,R,7865,10742,9345,12024,7865,10742,9345,12024,22392,25898,24468,24847,-141,-210,24,-0.552941,-0.823529,0.094118,0,68,e4320
2026-05-18T07:28:48.922+00:00,1779089328922681000,257,R,7865,10737,9344,12023,7865,10737,9344,12023,22388,25898,24466,24845,-142,-209,24,-0.556863,-0.819608,0.094118,0,68,f4320
2026-05-18T07:28:48.922+00:00,1779089328922755000,258,R,7858,10731,9341,12016,7858,10731,9341,12016,22380,25885,24460,24836,-145,-211,25,-0.568627,-0.827451,0.098039,0,68,74390
2026-05-18T07:28:48.922+00:00,1779089328922822000,259,R,7858,10742,9330,12014,7858,10742,9330,12014,22376,25880,24459,24827,-144,-211,25,-0.564706,-0.827451,0.098039,0,68,84390
2026-05-18T07:28:48.922+00:00,1779089328922898000,260,R,7857,10732,9339,12016,7857,10732,9339,12016,22379,25885,24457,24834,-142,-211,26,-0.556863,-0.827451,0.101961,0,68,94390
2026-05-18T07:28:49.072+00:00,1779089329072392000,261,R,7857,10733,9339,12016,7857,10733,9339,12016,22379,25885,24457,24831,-144,-210,25,-0.564706,-0.823529,0.098039,0,68,a4390
2026-05-18T07:28:49.072+00:00,1779089329072512000,262,R,7857,10735,9340,12014,7857,10735,9340,12014,22381,25885,24458,24834,-142,-210,26,-0.556863,-0.823529,0.101961,0,68,b4390
2026-05-18T07:28:49.072+00:00,1779089329072594000,263,R,7856,10730,9336,12016,7856,10730,9336,12016,22375,25881,24453,24828,-141,-210,24,-0.552941,-0.823529,0.094118,0,68,34460
2026-05-18T07:28:49.072+00:00,1779089329072663000,264,R,7862,10731,9342,12021,7862,10731,9342,12021,22379,25888,24455,24833,-142,-210,25,-0.556863,-0.823529,0.098039,0,68,44460
2026-05-18T07:28:49.072+00:00,1779089329072728000,265,R,7857,10731,9342,12017,7857,10731,9342,12017,22378,25882,24456,24832,-143,-211,24,-0.560784,-0.827451,0.094118,0,68,54460
2026-05-18T07:28:49.220+00:00,1779089329220402000,266,R,7855,10733,9335,12016,7855,10733,9335,12016,22377,25880,24458,24829,-143,-211,25,-0.560784,-0.827451,0.098039,0,68,64460
2026-05-18T07:28:49.220+00:00,1779089329220549000,267,R,7857,10734,9338,12017,7857,10734,9338,12017,22379,25882,24459,24831,-142,-211,24,-0.556863,-0.827451,0.094118,0,68,74460
2026-05-18T07:28:49.220+00:00,1779089329220625000,268,R,7857,10733,9338,12015,7857,10733,9338,12015,22377,25880,24457,24829,-142,-210,25,-0.556863,-0.823529,0.098039,0,68,84460
2026-05-18T07:28:49.220+00:00,1779089329220694000,269,R,7859,10739,9339,12020,7859,10739,9339,12020,22373,25880,24464,24837,-142,-211,25,-0.556863,-0.827451,0.098039,0,68,f4520
2026-05-18T07:28:49.220+00:00,1779089329220793000,270,R,7854,10740,9342,12024,7854,10740,9342,12024,22374,25882,24460,24827,-143,-211,24,-0.560784,-0.827451,0.094118,0,68,04520
2026-05-18T07:28:49.371+00:00,1779089329371820000,271,R,7856,10739,9339,12021,7856,10739,9339,12021,22381,25885,24465,24837,-142,-210,25,-0.556863,-0.823529,0.098039,0,68,14520
2026-05-18T07:28:49.371+00:00,1779089329371947000,272,R,7859,10741,9340,12024,7859,10741,9340,12024,22377,25884,24467,24837,-142,-210,24,-0.556863,-0.823529,0.094118,0,68,24520
2026-05-18T07:28:49.373+00:00,1779089329373114000,273,R,7860,10742,9341,12022,7860,10742,9341,12022,22376,25880,24466,24834,-143,-210,24,-0.560784,-0.823529,0.094118,0,68,34520
2026-05-18T07:28:49.373+00:00,1779089329373214000,274,R,7865,10747,9341,12032,7865,10747,9341,12032,22386,25889,24475,24848,-141,-211,24,-0.552941,-0.827451,0.094118,0,68,b4590
2026-05-18T07:28:49.373+00:00,1779089329373285000,275,R,7855,10750,9337,12035,7855,10750,9337,12035,22380,25884,24469,24844,-142,-211,24,-0.556863,-0.827451,0.094118,0,68,c4590
2026-05-18T07:28:49.522+00:00,1779089329522825000,276,R,7865,10751,9346,12037,7865,10751,9346,12037,22383,25889,24474,24849,-142,-211,25,-0.556863,-0.827451,0.098039,0,68,d4590
2026-05-18T07:28:49.522+00:00,1779089329522983000,277,R,7866,10752,9345,12033,7866,10752,9345,12033,22382,25884,24476,24850,-142,-211,25,-0.556863,-0.827451,0.098039,0,68,e4590
2026-05-18T07:28:49.523+00:00,1779089329523057000,278,R,7865,10753,9346,12036,7865,10753,9346,12036,22382,25885,24480,24852,-142,-211,24,-0.556863,-0.827451,0.094118,0,68,f4590
2026-05-18T07:28:49.523+00:00,1779089329523124000,279,R,7868,10758,9345,12044,7868,10758,9345,12044,22388,25895,24490,24861,-142,-209,24,-0.556863,-0.819608,0.094118,0,69,64650
2026-05-18T07:28:49.523+00:00,1779089329523202000,280,R,7867,10761,9349,12044,7867,10761,9349,12044,22390,25893,24486,24858,-143,-210,25,-0.560784,-0.823529,0.098039,0,69,74650
2026-05-18T07:28:49.523+00:00,1779089329523269000,281,R,7870,10759,9349,12046,7870,10759,9349,12046,22392,25891,24490,24868,-143,-210,25,-0.560784,-0.823529,0.098039,0,69,84650
2026-05-18T07:28:49.673+00:00,1779089329673818000,282,R,7868,10759,9349,12049,7868,10759,9349,12049,22392,25896,24493,24863,-142,-209,24,-0.556863,-0.819608,0.094118,0,69,94650
2026-05-18T07:28:49.673+00:00,1779089329673950000,283,R,7871,10766,9350,12050,7871,10766,9350,12050,22389,25896,24493,24861,-142,-211,25,-0.556863,-0.827451,0.098039,0,69,a4650
2026-05-18T07:28:49.674+00:00,1779089329674022000,284,R,7861,10738,9339,12022,7861,10738,9339,12022,22377,25880,24463,24842,-141,-211,23,-0.552941,-0.827451,0.090196,0,69,14710
2026-05-18T07:28:49.674+00:00,1779089329674087000,285,R,7859,10736,9338,12019,7859,10736,9338,12019,22375,25877,24458,24837,-142,-210,23,-0.556863,-0.823529,0.090196,0,69,24710
2026-05-18T07:28:49.674+00:00,1779089329674164000,286,R,7857,10735,9339,12018,7857,10735,9339,12018,22373,25873,24457,24833,-141,-210,24,-0.552941,-0.823529,0.094118,0,69,34710
2026-05-18T07:28:49.973+00:00,1779089329973392000,287,R,7856,10733,9336,12014,7856,10733,9336,12014,22368,25871,24453,24829,-142,-210,23,-0.556863,-0.823529,0.090196,0,69,44710
2026-05-18T07:28:49.973+00:00,1779089329973427000,288,R,7855,10732,9334,12015,7855,10732,9334,12015,22371,25870,24457,24831,-142,-210,23,-0.556863,-0.823529,0.090196,0,69,54710
2026-05-18T07:28:49.973+00:00,1779089329973443000,289,R,7851,10729,9331,12006,7851,10729,9331,12006,22360,25864,24449,24824,-142,-211,23,-0.556863,-0.827451,0.090196,0,69,e4790
2026-05-18T07:28:49.973+00:00,1779089329973456000,290,R,7851,10728,9332,12011,7851,10728,9332,12011,22361,25861,24449,24821,-142,-210,23,-0.556863,-0.823529,0.090196,0,69,f4790
2026-05-18T07:28:49.973+00:00,1779089329973469000,291,R,7852,10731,9331,12009,7852,10731,9331,12009,22355,25861,24456,24827,-142,-210,24,-0.556863,-0.823529,0.094118,0,69,04790
2026-05-18T07:28:50.122+00:00,1779089330122966000,292,R,7850,10729,9330,12009,7850,10729,9330,12009,22361,25861,24454,24820,-143,-210,23,-0.560784,-0.823529,0.090196,0,69,14790
2026-05-18T07:28:50.122+00:00,1779089330123003000,293,R,7852,10730,9329,12008,7852,10730,9329,12008,22359,25862,24450,24821,-143,-211,23,-0.560784,-0.827451,0.090196,0,69,24790
2026-05-18T07:28:50.123+00:00,1779089330123020000,294,R,7848,10729,9329,12006,7848,10729,9329,12006,22360,25863,24448,24818,-142,-209,24,-0.556863,-0.819608,0.094118,0,69,94850
2026-05-18T07:28:50.123+00:00,1779089330123034000,295,R,7850,10728,9328,12005,7850,10728,9328,12005,22357,25860,24450,24817,-143,-210,23,-0.560784,-0.823529,0.090196,0,69,a4850
2026-05-18T07:28:50.123+00:00,1779089330123047000,296,R,7849,10727,9330,12005,7849,10727,9330,12005,22357,25861,24447,24817,-142,-211,24,-0.556863,-0.827451,0.094118,0,69,b4850
2026-05-18T07:28:50.273+00:00,1779089330273564000,297,R,7848,10730,9329,12007,7848,10730,9329,12007,22355,25861,24450,24818,-142,-212,24,-0.556863,-0.831373,0.094118,0,69,c4850
2026-05-18T07:28:50.273+00:00,1779089330273697000,298,R,7851,10729,9329,12007,7851,10729,9329,12007,22357,25861,24449,24820,-142,-211,24,-0.556863,-0.827451,0.094118,0,69,d4850
2026-05-18T07:28:50.273+00:00,1779089330273792000,299,R,7850,10728,9331,12008,7850,10728,9331,12008,22358,25857,24450,24813,-142,-211,23,-0.556863,-0.827451,0.090196,0,69,e4850
2026-05-18T07:28:50.273+00:00,1779089330273860000,300,R,7853,10734,9330,12013,7853,10734,9330,12013,22358,25859,24454,24817,-142,-211,23,-0.556863,-0.827451,0.090196,0,69,54910
2026-05-18T07:28:50.274+00:00,1779089330274166000,301,R,7850,10737,9331,12013,7850,10737,9331,12013,22360,25863,24457,24826,-142,-211,22,-0.556863,-0.827451,0.086275,0,69,64910
2026-05-18T07:28:50.425+00:00,1779089330425187000,302,R,7852,10734,9329,12014,7852,10734,9329,12014,22360,25864,24458,24826,-142,-211,23,-0.556863,-0.827451,0.090196,0,69,74910
2026-05-18T07:28:50.425+00:00,1779089330425344000,303,R,7855,10738,9332,12016,7855,10738,9332,12016,22356,25860,24451,24818,-142,-211,23,-0.556863,-0.827451,0.090196,0,69,84910
2026-05-18T07:28:50.425+00:00,1779089330425420000,304,R,7853,10739,9332,12016,7853,10739,9332,12016,22362,25861,24462,24825,-142,-209,23,-0.556863,-0.819608,0.090196,0,69,94910
2026-05-18T07:28:50.425+00:00,1779089330425489000,305,R,7855,10742,9333,12023,7855,10742,9333,12023,22366,25870,24465,24834,-141,-211,23,-0.552941,-0.827451,0.090196,0,69,04970
2026-05-18T07:28:50.425+00:00,1779089330425552000,306,R,7858,10745,9334,12026,7858,10745,9334,12026,22364,25871,24469,24835,-142,-211,23,-0.556863,-0.827451,0.090196,0,69,14970
2026-05-18T07:28:50.574+00:00,1779089330574382000,307,R,7856,10744,9333,12024,7856,10744,9333,12024,22367,25873,24468,24836,-142,-212,23,-0.556863,-0.831373,0.090196,0,69,24970
2026-05-18T07:28:50.574+00:00,1779089330574552000,308,R,7859,10746,9338,12025,7859,10746,9338,12025,22369,25869,24472,24839,-141,-211,23,-0.552941,-0.827451,0.090196,0,69,34970
2026-05-18T07:28:50.574+00:00,1779089330574628000,309,R,7856,10748,9337,12025,7856,10748,9337,12025,22371,25872,24470,24840,-141,-211,23,-0.552941,-0.827451,0.090196,0,69,44970
2026-05-18T07:28:50.574+00:00,1779089330574705000,310,R,7862,10755,9343,12036,7862,10755,9343,12036,22375,25876,24480,24846,-141,-211,23,-0.552941,-0.827451,0.090196,0,69,d5050
2026-05-18T07:28:50.574+00:00,1779089330574773000,311,R,7862,10753,9340,12033,7862,10753,9340,12033,22371,25877,24477,24845,-141,-211,22,-0.552941,-0.827451,0.086275,0,69,e5050
2026-05-18T07:28:50.574+00:00,1779089330574849000,312,R,7858,10748,9337,12027,7858,10748,9337,12027,22371,25871,24469,24840,-142,-212,22,-0.556863,-0.831373,0.086275,0,69,f5050
2026-05-18T07:28:50.724+00:00,1779089330725043000,313,R,7855,10736,9335,12019,7855,10736,9335,12019,22367,25870,24460,24838,-142,-213,23,-0.556863,-0.835294,0.090196,0,69,05050
2026-05-18T07:28:50.725+00:00,1779089330725200000,314,R,7855,10734,9335,12011,7855,10734,9335,12011,22365,25871,24459,24831,-143,-212,22,-0.560784,-0.831373,0.086275,0,69,15050
2026-05-18T07:28:50.725+00:00,1779089330725255000,315,R,7842,10717,9323,11996,7842,10717,9323,11996,22344,25850,24430,24806,-144,-211,22,-0.564706,-0.827451,0.086275,0,69,a5130
2026-05-18T07:28:50.725+00:00,1779089330725306000,316,R,7843,10716,9324,11992,7843,10716,9324,11992,22343,25852,24431,24801,-141,-212,22,-0.552941,-0.831373,0.086275,0,69,b5130
2026-05-18T07:28:50.725+00:00,1779089330725353000,317,R,7841,10718,9324,11990,7841,10718,9324,11990,22343,25849,24432,24804,-142,-212,22,-0.556863,-0.831373,0.086275,0,69,c5130
2026-05-18T07:28:50.873+00:00,1779089330873761000,318,R,7841,10713,9322,11989,7841,10713,9322,11989,22341,25848,24428,24799,-143,-213,21,-0.560784,-0.835294,0.082353,0,69,d5130
2026-05-18T07:28:50.873+00:00,1779089330873830000,319,R,7842,10712,9321,11988,7842,10712,9321,11988,22338,25847,24431,24801,-141,-212,23,-0.552941,-0.831373,0.090196,0,69,e5130
2026-05-18T07:28:50.873+00:00,1779089330873862000,320,R,7839,10715,9320,11988,7839,10715,9320,11988,22336,25845,24427,24796,-142,-211,22,-0.556863,-0.827451,0.086275,0,69,65200
2026-05-18T07:28:50.873+00:00,1779089330873890000,321,R,7837,10713,9316,11986,7837,10713,9316,11986,22339,25845,24425,24797,-141,-211,22,-0.552941,-0.827451,0.086275,0,69,75200
2026-05-18T07:28:50.873+00:00,1779089330873916000,322,R,7838,10714,9319,11985,7838,10714,9319,11985,22338,25844,24427,24797,-141,-211,23,-0.552941,-0.827451,0.090196,0,69,85200
2026-05-18T07:28:51.024+00:00,1779089331024310000,323,R,7837,10713,9321,11987,7837,10713,9321,11987,22337,25840,24423,24794,-141,-210,23,-0.552941,-0.823529,0.090196,0,69,95200
2026-05-18T07:28:51.024+00:00,1779089331024488000,324,R,7837,10712,9318,11986,7837,10712,9318,11986,22338,25844,24423,24793,-142,-211,23,-0.556863,-0.827451,0.090196,0,69,a5200
2026-05-18T07:28:51.024+00:00,1779089331024571000,325,R,7839,10714,9321,11985,7839,10714,9321,11985,22337,25851,24429,24796,-142,-214,23,-0.556863,-0.839216,0.090196,0,69,25270
2026-05-18T07:28:51.024+00:00,1779089331024656000,326,R,7840,10719,9327,11986,7840,10719,9327,11986,22339,25855,24424,24792,-141,-215,22,-0.552941,-0.843137,0.086275,0,69,35270
2026-05-18T07:28:51.024+00:00,1779089331024720000,327,R,7840,10712,9325,11985,7840,10712,9325,11985,22343,25857,24426,24787,-140,-213,21,-0.54902,-0.835294,0.082353,0,69,45270
2026-05-18T07:28:51.173+00:00,1779089331173351000,328,R,7844,10714,9329,11985,7844,10714,9329,11985,22341,25862,24425,24785,-139,-212,21,-0.545098,-0.831373,0.082353,0,69,55270
2026-05-18T07:28:51.173+00:00,1779089331173458000,329,R,7843,10714,9329,11984,7843,10714,9329,11984,22347,25868,24424,24788,-138,-210,21,-0.541176,-0.823529,0.082353,0,69,65270
2026-05-18T07:28:51.173+00:00,1779089331173497000,330,R,7849,10719,9339,11988,7849,10719,9339,11988,22353,25888,24429,24789,-147,-210,26,-0.576471,-0.823529,0.101961,0,69,e5340
2026-05-18T07:28:51.173+00:00,1779089331173532000,331,R,7848,10729,9336,12003,7848,10729,9336,12003,22357,25887,24426,24791,-149,-209,27,-0.584314,-0.819608,0.105882,0,69,f5340
2026-05-18T07:28:51.173+00:00,1779089331173567000,332,R,7849,10720,9337,11989,7849,10720,9337,11989,22357,25890,24429,24791,-151,-207,26,-0.592157,-0.811765,0.101961,0,69,05340
2026-05-18T07:28:51.323+00:00,1779089331323197000,333,R,7852,10722,9342,11995,7852,10722,9342,11995,22355,25885,24428,24789,-151,-204,27,-0.592157,-0.8,0.105882,0,69,15340
2026-05-18T07:28:51.323+00:00,1779089331323280000,334,R,7853,10724,9340,11994,7853,10724,9340,11994,22359,25892,24430,24792,-152,-201,28,-0.596078,-0.788235,0.109804,0,69,25340
2026-05-18T07:28:51.323+00:00,1779089331323344000,335,R,7853,10721,9339,11994,7853,10721,9339,11994,22363,25892,24430,24792,-153,-201,28,-0.6,-0.788235,0.109804,0,69,35340
2026-05-18T07:28:51.323+00:00,1779089331323395000,336,R,7857,10729,9344,12000,7857,10729,9344,12000,22369,25901,24437,24803,-161,-193,29,-0.631373,-0.756863,0.113725,0,69,a5400
2026-05-18T07:28:51.323+00:00,1779089331323441000,337,R,7858,10727,9341,11993,7858,10727,9341,11993,22368,25901,24437,24801,-164,-192,31,-0.643137,-0.752941,0.121569,0,69,b5400
2026-05-18T07:28:51.473+00:00,1779089331473535000,338,R,7858,10733,9345,12002,7858,10733,9345,12002,22373,25900,24440,24804,-166,-191,31,-0.65098,-0.74902,0.121569,0,69,c5400
2026-05-18T07:28:51.473+00:00,1779089331473670000,339,R,7859,10734,9347,12005,7859,10734,9347,12005,22371,25900,24441,24804,-168,-190,32,-0.658824,-0.745098,0.12549,0,69,d5400
2026-05-18T07:28:51.473+00:00,1779089331473748000,340,R,7860,10736,9346,12007,7860,10736,9346,12007,22375,25905,24443,24806,-169,-190,32,-0.662745,-0.745098,0.12549,0,69,e5400
2026-05-18T07:28:51.473+00:00,1779089331473804000,341,R,7849,10705,9338,11976,7849,10705,9338,11976,22357,25889,24405,24776,-175,-179,33,-0.686275,-0.701961,0.129412,0,69,65470
2026-05-18T07:28:51.473+00:00,1779089331473849000,342,R,7855,10700,9338,11980,7855,10700,9338,11980,22357,25884,24403,24772,-178,-178,34,-0.698039,-0.698039,0.133333,0,69,75470
2026-05-18T07:28:51.624+00:00,1779089331624994000,343,R,7846,10700,9332,11971,7846,10700,9332,11971,22353,25887,24398,24768,-178,-176,33,-0.698039,-0.690196,0.129412,0,69,85470
2026-05-18T07:28:51.625+00:00,1779089331625136000,344,R,7845,10697,9333,11968,7845,10697,9333,11968,22357,25881,24397,24767,-179,-176,34,-0.701961,-0.690196,0.133333,0,69,95470
2026-05-18T07:28:51.625+00:00,1779089331625211000,345,R,7841,10696,9332,11968,7841,10696,9332,11968,22356,25885,24391,24763,-179,-176,33,-0.701961,-0.690196,0.129412,0,69,a5470
2026-05-18T07:28:51.625+00:00,1779089331625277000,346,R,7838,10685,9324,11957,7838,10685,9324,11957,22344,25864,24381,24755,-182,-175,33,-0.713725,-0.686275,0.129412,0,69,15530
2026-05-18T07:28:51.625+00:00,1779089331625342000,347,R,7837,10689,9322,11958,7837,10689,9322,11958,22342,25868,24381,24753,-184,-175,34,-0.721569,-0.686275,0.133333,0,69,25530
2026-05-18T07:28:51.625+00:00,1779089331625597000,348,R,7829,10687,9327,11953,7829,10687,9327,11953,22344,25866,24377,24750,-185,-174,34,-0.72549,-0.682353,0.133333,0,69,35530
2026-05-18T07:28:51.774+00:00,1779089331774928000,349,R,7839,10686,9326,11956,7839,10686,9326,11956,22343,25870,24378,24745,-189,-171,35,-0.741176,-0.670588,0.137255,0,69,45530
2026-05-18T07:28:51.775+00:00,1779089331775065000,350,R,7841,10682,9332,11951,7841,10682,9332,11951,22349,25880,24369,24742,-188,-168,36,-0.737255,-0.658824,0.141176,0,69,55530
2026-05-18T07:28:51.775+00:00,1779089331775138000,351,R,7852,10665,9351,11938,7852,10665,9351,11938,22371,25930,24329,24715,-186,-173,35,-0.729412,-0.678431,0.137255,0,69,e5610
2026-05-18T07:28:51.775+00:00,1779089331775206000,352,R,7860,10677,9349,11943,7860,10677,9349,11943,22374,25927,24332,24715,-187,-171,35,-0.733333,-0.670588,0.137255,0,69,f5610
2026-05-18T07:28:51.775+00:00,1779089331775270000,353,R,7852,10669,9349,11937,7852,10669,9349,11937,22370,25926,24334,24716,-187,-170,37,-0.733333,-0.666667,0.145098,0,69,05610
2026-05-18T07:28:51.923+00:00,1779089331923646000,354,R,7847,10667,9350,11946,7847,10667,9350,11946,22367,25925,24334,24718,-191,-170,37,-0.74902,-0.666667,0.145098,0,69,15610
2026-05-18T07:28:51.923+00:00,1779089331923791000,355,R,7848,10670,9344,11944,7848,10670,9344,11944,22369,25919,24341,24722,-191,-168,37,-0.74902,-0.658824,0.145098,0,69,25610
2026-05-18T07:28:51.923+00:00,1779089331923868000,356,R,7841,10687,9329,11962,7841,10687,9329,11962,22349,25876,24372,24756,-192,-170,36,-0.752941,-0.666667,0.141176,0,69,a5680
2026-05-18T07:28:51.923+00:00,1779089331923938000,357,R,7838,10687,9334,11968,7838,10687,9334,11968,22350,25877,24379,24761,-191,-168,37,-0.74902,-0.658824,0.145098,0,69,b5680
2026-05-18T07:28:51.923+00:00,1779089331924018000,358,R,7841,10688,9329,11966,7841,10688,9329,11966,22346,25871,24381,24760,-190,-168,36,-0.745098,-0.658824,0.141176,0,69,c5680
2026-05-18T07:28:52.073+00:00,1779089332073803000,359,R,7840,10692,9325,11965,7840,10692,9325,11965,22345,25871,24384,24764,-190,-168,36,-0.745098,-0.658824,0.141176,0,69,d5680
2026-05-18T07:28:52.073+00:00,1779089332073981000,360,R,7838,10691,9325,11967,7838,10691,9325,11967,22345,25871,24387,24768,-191,-169,36,-0.74902,-0.662745,0.141176,0,69,e5680
2026-05-18T07:28:52.074+00:00,1779089332074068000,361,R,7840,10704,9325,11979,7840,10704,9325,11979,22348,25870,24404,24779,-190,-168,38,-0.745098,-0.658824,0.14902,0,69,65750
2026-05-18T07:28:52.074+00:00,1779089332074134000,362,R,7843,10705,9319,11979,7843,10705,9319,11979,22339,25863,24402,24771,-188,-168,37,-0.737255,-0.658824,0.145098,0,69,75750
2026-05-18T07:28:52.074+00:00,1779089332074198000,363,R,7844,10705,9326,11978,7844,10705,9326,11978,22350,25868,24405,24786,-189,-170,36,-0.741176,-0.666667,0.141176,0,69,85750
2026-05-18T07:28:52.224+00:00,1779089332224132000,364,R,7843,10705,9323,11979,7843,10705,9323,11979,22346,25861,24407,24785,-189,-168,39,-0.741176,-0.658824,0.152941,0,69,95750
2026-05-18T07:28:52.224+00:00,1779089332224228000,365,R,7842,10707,9328,11983,7842,10707,9328,11983,22350,25870,24408,24781,-191,-169,40,-0.74902,-0.662745,0.156863,0,69,a5750
2026-05-18T07:28:52.224+00:00,1779089332224261000,366,R,7843,10709,9326,11979,7843,10709,9326,11979,22351,25870,24411,24787,-189,-166,40,-0.741176,-0.65098,0.156863,0,69,b5750
2026-05-18T07:28:52.224+00:00,1779089332224288000,367,R,7846,10712,9328,11988,7846,10712,9328,11988,22354,25870,24419,24795,-192,-162,41,-0.752941,-0.635294,0.160784,0,69,15800
2026-05-18T07:28:52.224+00:00,1779089332224312000,368,R,7842,10711,9329,11988,7842,10711,9329,11988,22354,25864,24417,24792,-191,-162,40,-0.74902,-0.635294,0.156863,0,69,25800
2026-05-18T07:28:52.375+00:00,1779089332375128000,369,R,7850,10706,9326,11984,7850,10706,9326,11984,22349,25862,24412,24793,-192,-163,41,-0.752941,-0.639216,0.160784,0,69,35800
2026-05-18T07:28:52.375+00:00,1779089332375281000,370,R,7840,10702,9322,11979,7840,10702,9322,11979,22349,25863,24404,24789,-192,-162,42,-0.752941,-0.635294,0.164706,0,69,45800
2026-05-18T07:28:52.375+00:00,1779089332375379000,371,R,7841,10695,9322,11972,7841,10695,9322,11972,22349,25856,24402,24781,-193,-163,42,-0.756863,-0.639216,0.164706,0,69,55800
2026-05-18T07:28:52.375+00:00,1779089332375465000,372,R,7827,10683,9310,11955,7827,10683,9310,11955,22325,25836,24388,24761,-194,-165,44,-0.760784,-0.647059,0.172549,0,69,e5880
2026-05-18T07:28:52.375+00:00,1779089332375540000,373,R,7825,10681,9308,11951,7825,10681,9308,11951,22325,25839,24374,24751,-193,-166,43,-0.756863,-0.65098,0.168627,0,69,f5880
2026-05-18T07:28:52.672+00:00,1779089332672860000,374,R,7824,10682,9305,11952,7824,10682,9305,11952,22326,25830,24387,24757,-192,-165,43,-0.752941,-0.647059,0.168627,0,69,05880
2026-05-18T07:28:52.672+00:00,1779089332673009000,375,R,7824,10681,9305,11950,7824,10681,9305,11950,22320,25827,24384,24761,-191,-164,43,-0.74902,-0.643137,0.168627,0,69,15880
2026-05-18T07:28:52.673+00:00,1779089332673308000,376,R,7824,10681,9304,11951,7824,10681,9304,11951,22320,25828,24383,24758,-191,-164,43,-0.74902,-0.643137,0.168627,0,69,25880
2026-05-18T07:28:52.673+00:00,1779089332673383000,377,R,7823,10684,9302,11955,7823,10684,9302,11955,22319,25822,24388,24756,-190,-167,42,-0.745098,-0.654902,0.164706,0,69,95940
2026-05-18T07:28:52.673+00:00,1779089332673446000,378,R,7822,10682,9302,11947,7822,10682,9302,11947,22317,25823,24385,24755,-190,-167,41,-0.745098,-0.654902,0.160784,0,69,a5940
2026-05-18T07:28:52.673+00:00,1779089332673511000,379,R,7822,10682,9305,11951,7822,10682,9305,11951,22313,25818,24383,24748,-188,-166,39,-0.737255,-0.65098,0.152941,0,69,b5940
2026-05-18T07:28:52.821+00:00,1779089332821699000,380,R,7822,10681,9303,11949,7822,10681,9303,11949,22316,25820,24386,24752,-186,-167,39,-0.729412,-0.654902,0.152941,0,69,c5940
2026-05-18T07:28:52.821+00:00,1779089332821854000,381,R,7820,10679,9300,11947,7820,10679,9300,11947,22320,25822,24382,24754,-186,-167,39,-0.729412,-0.654902,0.152941,0,69,d5940
2026-05-18T07:28:52.821+00:00,1779089332821962000,382,R,7823,10684,9300,11952,7823,10684,9300,11952,22313,25818,24385,24756,-188,-167,37,-0.737255,-0.654902,0.145098,0,69,56010
2026-05-18T07:28:52.822+00:00,1779089332822036000,383,R,7824,10687,9300,11953,7824,10687,9300,11953,22317,25820,24388,24755,-190,-168,38,-0.745098,-0.658824,0.14902,0,69,66010
2026-05-18T07:28:52.822+00:00,1779089332822103000,384,R,7823,10686,9303,11951,7823,10686,9303,11951,22317,25821,24389,24757,-191,-167,39,-0.74902,-0.654902,0.152941,0,69,76010
2026-05-18T07:28:52.971+00:00,1779089332972005000,385,R,7824,10686,9305,11955,7824,10686,9305,11955,22317,25825,24393,24756,-192,-167,39,-0.752941,-0.654902,0.152941,0,69,86010
2026-05-18T07:28:52.972+00:00,1779089332972069000,386,R,7824,10689,9303,11955,7824,10689,9303,11955,22317,25825,24396,24757,-191,-165,39,-0.74902,-0.647059,0.152941,0,69,96010
2026-05-18T07:28:52.972+00:00,1779089332972089000,387,R,7824,10693,9304,11961,7824,10693,9304,11961,22320,25828,24401,24767,-193,-165,40,-0.756863,-0.647059,0.156863,0,69,16080
2026-05-18T07:28:52.972+00:00,1779089332972106000,388,R,7826,10696,9308,11963,7826,10696,9308,11963,22324,25832,24405,24765,-192,-164,40,-0.752941,-0.643137,0.156863,0,69,26080
2026-05-18T07:28:52.972+00:00,1779089332972122000,389,R,7828,10695,9309,11963,7828,10695,9309,11963,22326,25831,24404,24767,-192,-164,40,-0.752941,-0.643137,0.156863,0,69,36080
2026-05-18T07:28:53.122+00:00,1779089333122850000,390,R,7828,10698,9306,11963,7828,10698,9306,11963,22326,25831,24406,24768,-193,-165,40,-0.756863,-0.647059,0.156863,0,69,46080
2026-05-18T07:28:53.123+00:00,1779089333123018000,391,R,7830,10699,9307,11967,7830,10699,9307,11967,22326,25831,24409,24769,-192,-164,40,-0.752941,-0.643137,0.156863,0,69,56080
2026-05-18T07:28:53.123+00:00,1779089333123106000,392,R,7832,10708,9313,11976,7832,10708,9313,11976,22334,25839,24420,24779,-192,-165,40,-0.752941,-0.647059,0.156863,0,69,d6150
2026-05-18T07:28:53.123+00:00,1779089333123184000,393,R,7834,10703,9311,11975,7834,10703,9311,11975,22333,25839,24416,24778,-191,-164,39,-0.74902,-0.643137,0.152941,0,69,e6150
2026-05-18T07:28:53.123+00:00,1779089333123252000,394,R,7833,10699,9312,11971,7833,10699,9312,11971,22337,25834,24418,24779,-190,-166,38,-0.745098,-0.65098,0.14902,0,69,f6150
2026-05-18T07:28:53.272+00:00,1779089333272055000,395,R,7832,10695,9310,11963,7832,10695,9310,11963,22327,25832,24405,24774,-191,-168,37,-0.74902,-0.658824,0.145098,0,69,06150
2026-05-18T07:28:53.272+00:00,1779089333272253000,396,R,7827,10690,9306,11956,7827,10690,9306,11956,22327,25830,24401,24768,-191,-168,37,-0.74902,-0.658824,0.145098,0,69,16150
2026-05-18T07:28:53.272+00:00,1779089333272335000,397,R,7820,10675,9298,11940,7820,10675,9298,11940,22312,25809,24376,24741,-190,-168,39,-0.745098,-0.658824,0.152941,0,69,96220
2026-05-18T07:28:53.272+00:00,1779089333272403000,398,R,7815,10672,9296,11940,7815,10672,9296,11940,22310,25811,24377,24740,-191,-169,40,-0.74902,-0.662745,0.156863,0,69,a6220
2026-05-18T07:28:53.272+00:00,1779089333272467000,399,R,7816,10670,9293,11937,7816,10670,9293,11937,22308,25806,24372,24742,-191,-169,40,-0.74902,-0.662745,0.156863,0,69,b6220
2026-05-18T07:28:53.421+00:00,1779089333421409000,400,R,7814,10670,9293,11937,7814,10670,9293,11937,22307,25807,24372,24739,-191,-167,39,-0.74902,-0.654902,0.152941,0,69,c6220
2026-05-18T07:28:53.421+00:00,1779089333421535000,401,R,7815,10671,9291,11933,7815,10671,9291,11933,22306,25806,24370,24737,-190,-169,37,-0.745098,-0.662745,0.145098,0,69,d6220
2026-05-18T07:28:53.421+00:00,1779089333421609000,402,R,7815,10669,9294,11934,7815,10669,9294,11934,22304,25803,24370,24735,-190,-168,38,-0.745098,-0.658824,0.14902,0,69,e6220
2026-05-18T07:28:53.421+00:00,1779089333421677000,403,R,7814,10670,9292,11933,7814,10670,9292,11933,22306,25803,24372,24737,-192,-166,40,-0.752941,-0.65098,0.156863,0,69,56280
2026-05-18T07:28:53.421+00:00,1779089333421742000,404,R,7813,10666,9292,11934,7813,10666,9292,11934,22307,25806,24375,24736,-192,-166,40,-0.752941,-0.65098,0.156863,0,69,66280
2026-05-18T07:28:53.572+00:00,1779089333572638000,405,R,7814,10671,9292,11935,7814,10671,9292,11935,22304,25804,24372,24733,-191,-165,40,-0.74902,-0.647059,0.156863,0,69,76280
2026-05-18T07:28:53.572+00:00,1779089333572763000,406,R,7815,10670,9291,11933,7815,10670,9291,11933,22305,25805,24372,24735,-191,-165,41,-0.74902,-0.647059,0.160784,0,69,86280
2026-05-18T07:28:53.572+00:00,1779089333572834000,407,R,7814,10669,9291,11934,7814,10669,9291,11934,22305,25804,24372,24732,-190,-165,40,-0.745098,-0.647059,0.156863,0,69,96280
2026-05-18T07:28:53.572+00:00,1779089333572899000,408,R,7815,10672,9292,11936,7815,10672,9292,11936,22304,25804,24374,24737,-190,-168,40,-0.745098,-0.658824,0.156863,0,69,f6330
2026-05-18T07:28:53.572+00:00,1779089333572964000,409,R,7816,10671,9294,11937,7816,10671,9294,11937,22307,25806,24376,24736,-190,-167,40,-0.745098,-0.654902,0.156863,0,69,06330
2026-05-18T07:28:53.573+00:00,1779089333573036000,410,R,7816,10673,9294,11937,7816,10673,9294,11937,22311,25808,24376,24735,-188,-168,39,-0.737255,-0.658824,0.152941,0,69,16330
2026-05-18T07:28:53.722+00:00,1779089333722461000,411,R,7815,10673,9293,11937,7815,10673,9293,11937,22309,25811,24377,24736,-188,-169,39,-0.737255,-0.662745,0.152941,0,69,26330
2026-05-18T07:28:53.722+00:00,1779089333722578000,412,R,7814,10674,9294,11942,7814,10674,9294,11942,22308,25806,24380,24738,-188,-168,39,-0.737255,-0.658824,0.152941,0,69,36330
2026-05-18T07:28:53.722+00:00,1779089333722649000,413,R,7822,10683,9300,11946,7822,10683,9300,11946,22315,25813,24393,24750,-187,-169,38,-0.733333,-0.662745,0.14902,0,69,b6400
2026-05-18T07:28:53.722+00:00,1779089333722717000,414,R,7819,10683,9298,11947,7819,10683,9298,11947,22316,25820,24394,24754,-187,-169,39,-0.733333,-0.662745,0.152941,0,69,c6400
2026-05-18T07:28:53.722+00:00,1779089333722781000,415,R,7821,10686,9301,11951,7821,10686,9301,11951,22316,25816,24391,24750,-187,-169,39,-0.733333,-0.662745,0.152941,0,69,d6400
2026-05-18T07:28:53.872+00:00,1779089333872526000,416,R,7823,10689,9299,11950,7823,10689,9299,11950,22314,25817,24394,24751,-186,-168,38,-0.729412,-0.658824,0.14902,0,69,e6400
2026-05-18T07:28:53.872+00:00,1779089333872644000,417,R,7822,10686,9300,11953,7822,10686,9300,11953,22318,25814,24397,24755,-187,-168,39,-0.733333,-0.658824,0.152941,0,69,f6400
2026-05-18T07:28:53.872+00:00,1779089333872718000,418,R,7831,10702,9310,11967,7831,10702,9310,11967,22327,25830,24418,24770,-191,-167,43,-0.74902,-0.654902,0.168627,0,69,96490
2026-05-18T07:28:53.872+00:00,1779089333872786000,419,R,7830,10702,9308,11972,7830,10702,9308,11972,22334,25831,24420,24776,-190,-167,41,-0.745098,-0.654902,0.160784,0,69,a6490
2026-05-18T07:28:53.872+00:00,1779089333872851000,420,R,7829,10701,9305,11966,7829,10701,9305,11966,22333,25832,24415,24774,-190,-167,41,-0.745098,-0.654902,0.160784,0,69,b6490
2026-05-18T07:28:54.022+00:00,1779089334022417000,421,R,7827,10695,9302,11958,7827,10695,9302,11958,22326,25828,24409,24768,-191,-168,40,-0.74902,-0.658824,0.156863,0,69,c6490
2026-05-18T07:28:54.022+00:00,1779089334022537000,422,R,7827,10689,9301,11954,7827,10689,9301,11954,22322,25825,24404,24765,-189,-168,39,-0.741176,-0.658824,0.152941,0,69,d6490
2026-05-18T07:28:54.022+00:00,1779089334022760000,423,R,7814,10672,9291,11935,7814,10672,9291,11935,22309,25806,24382,24742,-189,-168,40,-0.741176,-0.658824,0.156863,0,69,56560
2026-05-18T07:28:54.022+00:00,1779089334022830000,424,R,7816,10667,9291,11939,7816,10667,9291,11939,22309,25806,24377,24737,-189,-168,40,-0.741176,-0.658824,0.156863,0,69,66560
2026-05-18T07:28:54.022+00:00,1779089334022896000,425,R,7814,10671,9288,11935,7814,10671,9288,11935,22305,25806,24376,24736,-189,-168,39,-0.741176,-0.658824,0.152941,0,69,76560
2026-05-18T07:28:54.171+00:00,1779089334171955000,426,R,7814,10669,9288,11931,7814,10669,9288,11931,22305,25798,24379,24734,-189,-169,39,-0.741176,-0.662745,0.152941,0,69,86560
2026-05-18T07:28:54.171+00:00,1779089334171988000,427,R,7814,10669,9289,11929,7814,10669,9289,11929,22306,25797,24378,24736,-189,-169,39,-0.741176,-0.662745,0.152941,0,69,96560
2026-05-18T07:28:54.172+00:00,1779089334172005000,428,R,7811,10672,9290,11934,7811,10672,9290,11934,22304,25801,24376,24741,-190,-168,38,-0.745098,-0.658824,0.14902,0,69,16630
2026-05-18T07:28:54.172+00:00,1779089334172024000,429,R,7803,10667,9278,11925,7803,10667,9278,11925,22302,25805,24377,24739,-191,-168,39,-0.74902,-0.658824,0.152941,0,69,26630
2026-05-18T07:28:54.172+00:00,1779089334172038000,430,R,7812,10671,9290,11931,7812,10671,9290,11931,22302,25802,24376,24738,-191,-168,39,-0.74902,-0.658824,0.152941,0,69,36630
2026-05-18T07:28:54.322+00:00,1779089334322025000,431,R,7813,10674,9290,11935,7813,10674,9290,11935,22303,25802,24377,24742,-190,-168,40,-0.745098,-0.658824,0.156863,0,69,46630
2026-05-18T07:28:54.322+00:00,1779089334322066000,432,R,7813,10672,9289,11932,7813,10672,9289,11932,22303,25808,24375,24734,-190,-166,40,-0.745098,-0.65098,0.156863,0,69,56630
2026-05-18T07:28:54.322+00:00,1779089334322087000,433,R,7811,10669,9287,11931,7811,10669,9287,11931,22306,25804,24373,24731,-191,-167,39,-0.74902,-0.654902,0.152941,0,69,66630
2026-05-18T07:28:54.322+00:00,1779089334322115000,434,R,7815,10673,9291,11935,7815,10673,9291,11935,22306,25802,24380,24732,-190,-167,39,-0.745098,-0.654902,0.152941,0,69,d6690
2026-05-18T07:28:54.322+00:00,1779089334322131000,435,R,7814,10689,9297,11952,7814,10689,9297,11952,22309,25805,24382,24735,-190,-168,40,-0.745098,-0.658824,0.156863,0,69,e6690
2026-05-18T07:28:54.472+00:00,1779089334472798000,436,R,7817,10677,9290,11937,7817,10677,9290,11937,22309,25804,24384,24738,-191,-167,40,-0.74902,-0.654902,0.156863,0,69,f6690
2026-05-18T07:28:54.472+00:00,1779089334472949000,437,R,7816,10676,9291,11935,7816,10676,9291,11935,22308,25806,24387,24737,-191,-167,39,-0.74902,-0.654902,0.152941,0,69,06690
2026-05-18T07:28:54.473+00:00,1779089334473024000,438,R,7815,10677,9291,11937,7815,10677,9291,11937,22312,25806,24385,24742,-190,-167,40,-0.745098,-0.654902,0.156863,0,69,16690
2026-05-18T07:28:54.473+00:00,1779089334473108000,439,R,7824,10682,9301,11942,7824,10682,9301,11942,22320,25825,24386,24734,-189,-167,40,-0.741176,-0.654902,0.156863,0,69,86750
2026-05-18T07:28:54.473+00:00,1779089334473174000,440,R,7825,10681,9305,11940,7825,10681,9305,11940,22329,25831,24384,24739,-189,-170,41,-0.741176,-0.666667,0.160784,0,69,96750
2026-05-18T07:28:54.772+00:00,1779089334772884000,441,R,7825,10672,9308,11931,7825,10672,9308,11931,22332,25843,24382,24732,-190,-168,41,-0.745098,-0.658824,0.160784,0,69,a6750
2026-05-18T07:28:54.773+00:00,1779089334773049000,442,R,7829,10679,9314,11938,7829,10679,9314,11938,22334,25847,24379,24733,-188,-169,41,-0.737255,-0.662745,0.160784,0,69,b6750
2026-05-18T07:28:54.773+00:00,1779089334773127000,443,R,7833,10678,9317,11937,7833,10678,9317,11937,22333,25862,24371,24730,-190,-169,43,-0.745098,-0.662745,0.168627,0,69,c6750
2026-05-18T07:28:54.773+00:00,1779089334773196000,444,R,7864,10671,9369,11934,7864,10671,9369,11934,22391,25972,24339,24703,-187,-166,43,-0.733333,-0.65098,0.168627,0,69,56830
2026-05-18T07:28:54.773+00:00,1779089334773263000,445,R,7859,10675,9359,11942,7859,10675,9359,11942,22393,25972,24345,24706,-187,-167,44,-0.733333,-0.654902,0.172549,0,69,66830
2026-05-18T07:28:54.773+00:00,1779089334773327000,446,R,7862,10676,9369,11940,7862,10676,9369,11940,22397,25973,24348,24712,-188,-166,44,-0.737255,-0.65098,0.172549,0,69,76830
2026-05-18T07:28:54.922+00:00,1779089334922143000,447,R,7863,10677,9367,11944,7863,10677,9367,11944,22396,25969,24348,24717,-188,-166,43,-0.737255,-0.65098,0.168627,0,69,86830
2026-05-18T07:28:54.922+00:00,1779089334922183000,448,R,7863,10681,9366,11946,7863,10681,9366,11946,22393,25965,24352,24720,-189,-167,43,-0.741176,-0.654902,0.168627,0,69,96830
2026-05-18T07:28:54.922+00:00,1779089334922200000,449,R,7846,10664,9333,11935,7846,10664,9333,11935,22368,25907,24342,24729,-188,-167,41,-0.737255,-0.654902,0.160784,0,69,16900
2026-05-18T07:28:54.922+00:00,1779089334922215000,450,R,7847,10660,9340,11939,7847,10660,9340,11939,22362,25904,24346,24734,-188,-166,42,-0.737255,-0.65098,0.164706,0,69,26900
2026-05-18T07:28:54.922+00:00,1779089334922306000,451,R,7844,10663,9331,11936,7844,10663,9331,11936,22360,25896,24343,24734,-189,-167,42,-0.741176,-0.654902,0.164706,0,69,36900
2026-05-18T07:28:55.072+00:00,1779089335072697000,452,R,7841,10663,9329,11939,7841,10663,9329,11939,22360,25894,24341,24733,-189,-166,41,-0.741176,-0.65098,0.160784,0,69,46900
2026-05-18T07:28:55.072+00:00,1779089335072811000,453,R,7840,10662,9329,11934,7840,10662,9329,11934,22355,25890,24343,24736,-189,-167,42,-0.741176,-0.654902,0.164706,0,69,56900
2026-05-18T07:28:55.072+00:00,1779089335072866000,454,R,7838,10659,9322,11931,7838,10659,9322,11931,22353,25883,24338,24726,-188,-169,42,-0.737255,-0.662745,0.164706,0,69,b6950
2026-05-18T07:28:55.072+00:00,1779089335072918000,455,R,7837,10658,9324,11931,7837,10658,9324,11931,22354,25881,24335,24723,-188,-168,42,-0.737255,-0.658824,0.164706,0,69,c6950
2026-05-18T07:28:55.072+00:00,1779089335072966000,456,R,7838,10658,9325,11933,7838,10658,9325,11933,22350,25884,24337,24721,-188,-168,44,-0.737255,-0.658824,0.172549,0,68,d6950
2026-05-18T07:28:55.222+00:00,1779089335222219000,457,R,7830,10648,9314,11918,7830,10648,9314,11918,22354,25885,24341,24730,-188,-168,43,-0.737255,-0.658824,0.168627,0,68,e6950
2026-05-18T07:28:55.222+00:00,1779089335222286000,458,R,7838,10662,9322,11936,7838,10662,9322,11936,22353,25885,24338,24723,-187,-166,42,-0.733333,-0.65098,0.164706,0,68,f6950
2026-05-18T07:28:55.222+00:00,1779089335222314000,459,R,7831,10667,9315,11943,7831,10667,9315,11943,22342,25862,24354,24742,-188,-168,41,-0.737255,-0.658824,0.160784,0,68,97040
2026-05-18T07:28:55.222+00:00,1779089335222339000,460,R,7833,10667,9318,11944,7833,10667,9318,11944,22344,25862,24358,24747,-188,-169,41,-0.737255,-0.662745,0.160784,0,68,a7040
2026-05-18T07:28:55.222+00:00,1779089335222364000,461,R,7833,10671,9312,11944,7833,10671,9312,11944,22345,25861,24361,24745,-189,-169,41,-0.741176,-0.662745,0.160784,0,68,b7040
2026-05-18T07:28:55.372+00:00,1779089335372867000,462,R,7831,10671,9313,11947,7831,10671,9313,11947,22343,25859,24363,24746,-187,-169,41,-0.733333,-0.662745,0.160784,0,68,c7040
2026-05-18T07:28:55.373+00:00,1779089335373024000,463,R,7831,10671,9314,11946,7831,10671,9314,11946,22341,25858,24361,24746,-187,-168,42,-0.733333,-0.658824,0.164706,0,68,d7040
2026-05-18T07:28:55.373+00:00,1779089335373096000,464,R,7832,10674,9311,11951,7832,10674,9311,11951,22342,25857,24365,24750,-188,-168,41,-0.737255,-0.658824,0.160784,0,68,e7040
2026-05-18T07:28:55.373+00:00,1779089335373162000,465,R,7834,10682,9313,11959,7834,10682,9313,11959,22340,25856,24377,24759,-188,-169,42,-0.737255,-0.662745,0.164706,0,68,57100
2026-05-18T07:28:55.373+00:00,1779089335373227000,466,R,7836,10682,9311,11956,7836,10682,9311,11956,22345,25855,24380,24758,-188,-168,41,-0.737255,-0.658824,0.160784,0,68,67100
2026-05-18T07:28:55.522+00:00,1779089335522285000,467,R,7834,10683,9312,11959,7834,10683,9312,11959,22344,25855,24384,24767,-188,-168,41,-0.737255,-0.658824,0.160784,0,68,77100
2026-05-18T07:28:55.522+00:00,1779089335522420000,468,R,7834,10686,9314,11962,7834,10686,9314,11962,22341,25852,24382,24763,-189,-167,41,-0.741176,-0.654902,0.160784,0,68,87100
2026-05-18T07:28:55.522+00:00,1779089335522494000,469,R,7834,10687,9310,11961,7834,10687,9310,11961,22345,25853,24388,24769,-188,-169,42,-0.737255,-0.662745,0.164706,0,68,97100
2026-05-18T07:28:55.522+00:00,1779089335522571000,470,R,7838,10697,9313,11973,7838,10697,9313,11973,22348,25850,24400,24780,-189,-169,41,-0.741176,-0.662745,0.160784,0,68,17170
2026-05-18T07:28:55.522+00:00,1779089335522636000,471,R,7837,10696,9311,11974,7837,10696,9311,11974,22344,25849,24399,24780,-189,-168,41,-0.741176,-0.658824,0.160784,0,68,27170
2026-05-18T07:28:55.675+00:00,1779089335675047000,472,R,7836,10698,9311,11974,7836,10698,9311,11974,22349,25848,24405,24786,-190,-168,41,-0.745098,-0.658824,0.160784,0,68,37170
2026-05-18T07:28:55.675+00:00,1779089335675182000,473,R,7838,10701,9310,11975,7838,10701,9310,11975,22343,25844,24404,24785,-187,-169,41,-0.733333,-0.662745,0.160784,0,68,47170
2026-05-18T07:28:55.675+00:00,1779089335675256000,474,R,7839,10703,9312,11979,7839,10703,9312,11979,22348,25843,24409,24787,-187,-168,41,-0.733333,-0.658824,0.160784,0,68,57170
2026-05-18T07:28:55.675+00:00,1779089335675321000,475,R,7836,10712,9299,11989,7836,10712,9299,11989,22342,25819,24424,24802,-189,-167,42,-0.741176,-0.654902,0.164706,0,68,c7230
2026-05-18T07:28:55.675+00:00,1779089335675386000,476,R,7834,10709,9300,11986,7834,10709,9300,11986,22344,25817,24416,24797,-188,-168,42,-0.737255,-0.658824,0.164706,0,68,d7230
2026-05-18T07:28:55.675+00:00,1779089335675449000,477,R,7832,10703,9296,11979,7832,10703,9296,11979,22342,25821,24411,24793,-188,-169,42,-0.737255,-0.662745,0.164706,0,68,e7230
2026-05-18T07:28:55.824+00:00,1779089335824449000,478,R,7828,10700,9294,11974,7828,10700,9294,11974,22338,25811,24409,24788,-187,-168,42,-0.733333,-0.658824,0.164706,0,68,f7230
2026-05-18T07:28:55.824+00:00,1779089335824596000,479,R,7828,10697,9293,11971,7828,10697,9293,11971,22334,25811,24403,24788,-189,-169,41,-0.741176,-0.662745,0.160784,0,68,07230
2026-05-18T07:28:55.824+00:00,1779089335824672000,480,R,7826,10684,9293,11961,7826,10684,9293,11961,22330,25813,24389,24770,-190,-167,42,-0.745098,-0.654902,0.164706,0,68,87300
2026-05-18T07:28:55.824+00:00,1779089335824741000,481,R,7827,10685,9294,11961,7827,10685,9294,11961,22328,25810,24383,24766,-190,-167,42,-0.745098,-0.654902,0.164706,0,68,97300
2026-05-18T07:28:55.824+00:00,1779089335824808000,482,R,7825,10684,9296,11962,7825,10684,9296,11962,22326,25811,24380,24768,-190,-168,41,-0.745098,-0.658824,0.160784,0,68,a7300
2026-05-18T07:28:55.974+00:00,1779089335974890000,483,R,7827,10683,9295,11960,7827,10683,9295,11960,22329,25815,24386,24771,-190,-168,41,-0.745098,-0.658824,0.160784,0,68,b7300
2026-05-18T07:28:55.975+00:00,1779089335975016000,484,R,7826,10683,9294,11960,7826,10683,9294,11960,22329,25813,24384,24765,-189,-167,42,-0.741176,-0.654902,0.164706,0,68,c7300
2026-05-18T07:28:55.975+00:00,1779089335975090000,485,R,7827,10686,9298,11964,7827,10686,9298,11964,22330,25816,24389,24772,-190,-168,42,-0.745098,-0.658824,0.164706,0,68,47370
2026-05-18T07:28:55.975+00:00,1779089335975158000,486,R,7826,10683,9296,11960,7826,10683,9296,11960,22328,25820,24383,24770,-188,-167,41,-0.737255,-0.654902,0.160784,0,68,57370
2026-05-18T07:28:55.975+00:00,1779089335975223000,487,R,7829,10685,9298,11963,7829,10685,9298,11963,22328,25811,24387,24770,-189,-166,41,-0.741176,-0.65098,0.160784,0,68,67370
2026-05-18T07:28:56.125+00:00,1779089336125788000,488,R,7826,10684,9297,11963,7826,10684,9297,11963,22329,25822,24385,24771,-189,-167,42,-0.741176,-0.654902,0.164706,0,68,77370
2026-05-18T07:28:56.125+00:00,1779089336125902000,489,R,7828,10682,9298,11964,7828,10682,9298,11964,22333,25821,24382,24771,-188,-167,42,-0.737255,-0.654902,0.164706,0,68,87370
2026-05-18T07:28:56.125+00:00,1779089336125973000,490,R,7831,10689,9303,11968,7831,10689,9303,11968,22336,25827,24392,24777,-190,-168,41,-0.745098,-0.658824,0.160784,0,68,07440
2026-05-18T07:28:56.126+00:00,1779089336126038000,491,R,7830,10689,9302,11971,7830,10689,9302,11971,22334,25827,24389,24779,-189,-168,40,-0.741176,-0.658824,0.156863,0,68,17440
2026-05-18T07:28:56.126+00:00,1779089336126103000,492,R,7832,10691,9303,11971,7832,10691,9303,11971,22334,25828,24388,24781,-189,-168,41,-0.741176,-0.658824,0.160784,0,68,27440
2026-05-18T07:28:56.422+00:00,1779089336422831000,493,R,7833,10690,9304,11972,7833,10690,9304,11972,22337,25826,24393,24781,-188,-168,40,-0.737255,-0.658824,0.156863,0,68,37440
2026-05-18T07:28:56.422+00:00,1779089336422975000,494,R,7832,10693,9301,11972,7832,10693,9301,11972,22336,25829,24399,24782,-188,-168,41,-0.737255,-0.658824,0.160784,0,68,47440
2026-05-18T07:28:56.423+00:00,1779089336423048000,495,R,7835,10700,9310,11983,7835,10700,9310,11983,22344,25838,24404,24791,-187,-168,41,-0.733333,-0.658824,0.160784,0,68,c7510
2026-05-18T07:28:56.423+00:00,1779089336423113000,496,R,7839,10699,9309,11985,7839,10699,9309,11985,22342,25840,24402,24793,-189,-168,41,-0.741176,-0.658824,0.160784,0,68,d7510
2026-05-18T07:28:56.423+00:00,1779089336423175000,497,R,7840,10703,9310,11983,7840,10703,9310,11983,22348,25843,24406,24796,-189,-168,42,-0.741176,-0.658824,0.164706,0,68,e7510
2026-05-18T07:28:56.572+00:00,1779089336572721000,498,R,7839,10705,9311,11985,7839,10705,9311,11985,22345,25841,24406,24797,-188,-168,41,-0.737255,-0.658824,0.160784,0,68,f7510
2026-05-18T07:28:56.572+00:00,1779089336572851000,499,R,7838,10705,9311,11988,7838,10705,9311,11988,22349,25843,24410,24798,-188,-168,41,-0.737255,-0.658824,0.160784,0,68,07510
2026-05-18T07:28:56.572+00:00,1779089336572927000,500,R,7842,10705,9310,11988,7842,10705,9310,11988,22345,25841,24410,24802,-188,-168,42,-0.737255,-0.658824,0.164706,0,68,17510
2026-05-18T07:28:56.572+00:00,1779089336572996000,501,R,7843,10715,9316,11998,7843,10715,9316,11998,22351,25855,24419,24807,-189,-167,42,-0.741176,-0.654902,0.164706,0,68,87570
2026-05-18T07:28:56.573+00:00,1779089336573060000,502,R,7845,10715,9318,12000,7845,10715,9318,12000,22357,25852,24425,24808,-189,-167,41,-0.741176,-0.654902,0.160784,0,68,97570
2026-05-18T07:28:56.722+00:00,1779089336722562000,503,R,7845,10717,9318,12002,7845,10717,9318,12002,22354,25852,24423,24809,-189,-166,41,-0.741176,-0.65098,0.160784,0,68,a7570
2026-05-18T07:28:56.722+00:00,1779089336722679000,504,R,7845,10719,9318,12003,7845,10719,9318,12003,22358,25855,24424,24813,-189,-169,42,-0.741176,-0.662745,0.164706,0,68,b7570
2026-05-18T07:28:56.722+00:00,1779089336722750000,505,R,7848,10718,9322,12002,7848,10718,9322,12002,22358,25854,24426,24810,-189,-168,41,-0.741176,-0.658824,0.160784,0,68,c7570
2026-05-18T07:28:56.722+00:00,1779089336722818000,506,R,7840,10695,9311,11984,7840,10695,9311,11984,22350,25843,24399,24801,-188,-168,41,-0.737255,-0.658824,0.160784,0,68,27620
2026-05-18T07:28:56.722+00:00,1779089336722886000,507,R,7837,10693,9310,11983,7837,10693,9310,11983,22344,25839,24393,24796,-188,-167,40,-0.737255,-0.654902,0.156863,0,68,37620
2026-05-18T07:28:56.872+00:00,1779089336872095000,508,R,7837,10691,9305,11979,7837,10691,9305,11979,22345,25839,24389,24794,-187,-165,41,-0.733333,-0.647059,0.160784,0,68,47620
2026-05-18T07:28:56.872+00:00,1779089336872211000,509,R,7838,10688,9308,11980,7838,10688,9308,11980,22342,25839,24390,24793,-188,-165,40,-0.737255,-0.647059,0.156863,0,68,57620
2026-05-18T07:28:56.872+00:00,1779089336872286000,510,R,7835,10689,9306,11978,7835,10689,9306,11978,22343,25833,24388,24793,-189,-168,41,-0.741176,-0.658824,0.160784,0,68,67620
2026-05-18T07:28:56.872+00:00,1779089336872351000,511,R,7831,10682,9302,11970,7831,10682,9302,11970,22332,25825,24380,24783,-188,-168,41,-0.737255,-0.658824,0.160784,0,68,e7690
2026-05-18T07:28:56.872+00:00,1779089336872416000,512,R,7831,10683,9303,11971,7831,10683,9303,11971,22332,25829,24381,24783,-188,-168,42,-0.737255,-0.658824,0.164706,0,68,f7690
2026-05-18T07:28:56.872+00:00,1779089336872478000,513,R,7831,10684,9303,11973,7831,10684,9303,11973,22334,25828,24380,24782,-189,-169,42,-0.741176,-0.662745,0.164706,0,68,07690
2026-05-18T07:28:57.022+00:00,1779089337022360000,514,R,7829,10685,9304,11975,7829,10685,9304,11975,22332,25830,24384,24785,-188,-166,41,-0.737255,-0.65098,0.160784,0,68,17690
2026-05-18T07:28:57.022+00:00,1779089337022464000,515,R,7833,10683,9305,11975,7833,10683,9305,11975,22336,25829,24383,24785,-188,-165,41,-0.737255,-0.647059,0.160784,0,68,27690
2026-05-18T07:28:57.022+00:00,1779089337022536000,516,R,7830,10684,9302,11975,7830,10684,9302,11975,22330,25826,24383,24786,-188,-168,39,-0.737255,-0.658824,0.152941,0,68,c7780
2026-05-18T07:28:57.022+00:00,1779089337022602000,517,R,7831,10683,9301,11975,7831,10683,9301,11975,22329,25826,24383,24785,-189,-168,39,-0.741176,-0.658824,0.152941,0,68,d7780
2026-05-18T07:28:57.022+00:00,1779089337022666000,518,R,7832,10689,9304,11979,7832,10689,9304,11979,22331,25827,24386,24785,-189,-168,39,-0.741176,-0.658824,0.152941,0,68,e7780
2026-05-18T07:28:57.172+00:00,1779089337172556000,519,R,7829,10687,9301,11979,7829,10687,9301,11979,22333,25829,24384,24785,-189,-168,40,-0.741176,-0.658824,0.156863,0,68,f7780
2026-05-18T07:28:57.172+00:00,1779089337172673000,520,R,7831,10686,9301,11975,7831,10686,9301,11975,22330,25827,24387,24788,-190,-168,40,-0.745098,-0.658824,0.156863,0,68,07780
2026-05-18T07:28:57.172+00:00,1779089337172746000,521,R,7833,10695,9307,11983,7833,10695,9307,11983,22335,25835,24395,24795,-189,-167,40,-0.741176,-0.654902,0.156863,0,68,87850
2026-05-18T07:28:57.172+00:00,1779089337172813000,522,R,7835,10696,9307,11983,7835,10696,9307,11983,22336,25830,24395,24793,-190,-168,41,-0.745098,-0.658824,0.160784,0,68,97850
2026-05-18T07:28:57.172+00:00,1779089337172878000,523,R,7836,10696,9308,11988,7836,10696,9308,11988,22338,25833,24399,24797,-189,-168,41,-0.741176,-0.658824,0.160784,0,68,a7850
2026-05-18T07:28:57.320+00:00,1779089337320928000,524,R,7836,10698,9306,11988,7836,10698,9306,11988,22336,25834,24399,24796,-190,-167,41,-0.745098,-0.654902,0.160784,0,68,b7850
2026-05-18T07:28:57.320+00:00,1779089337320960000,525,R,7837,10700,9310,11989,7837,10700,9310,11989,22335,25838,24399,24795,-189,-167,41,-0.741176,-0.654902,0.160784,0,68,c7850
2026-05-18T07:28:57.321+00:00,1779089337321011000,526,R,7841,10708,9313,12001,7841,10708,9313,12001,22344,25846,24409,24804,-189,-166,41,-0.741176,-0.65098,0.160784,0,68,37910
2026-05-18T07:28:57.321+00:00,1779089337321029000,527,R,7838,10706,9314,11995,7838,10706,9314,11995,22342,25843,24412,24810,-189,-167,41,-0.741176,-0.654902,0.160784,0,68,47910
2026-05-18T07:28:57.321+00:00,1779089337321043000,528,R,7842,10719,9322,12014,7842,10719,9322,12014,22347,25844,24409,24807,-190,-167,41,-0.745098,-0.654902,0.160784,0,68,57910
2026-05-18T07:28:57.473+00:00,1779089337473255000,529,R,7842,10709,9315,12001,7842,10709,9315,12001,22346,25843,24414,24811,-190,-167,41,-0.745098,-0.654902,0.160784,0,68,67910
2026-05-18T07:28:57.473+00:00,1779089337473398000,530,R,7839,10710,9315,12001,7839,10710,9315,12001,22347,25846,24415,24811,-190,-167,41,-0.745098,-0.654902,0.160784,0,68,77910
2026-05-18T07:28:57.473+00:00,1779089337473474000,531,R,7844,10713,9317,12002,7844,10713,9317,12002,22349,25850,24413,24815,-190,-167,42,-0.745098,-0.654902,0.164706,0,68,87910
2026-05-18T07:28:57.473+00:00,1779089337473542000,532,R,7847,10718,9322,12012,7847,10718,9322,12012,22353,25856,24423,24821,-190,-166,42,-0.745098,-0.65098,0.164706,0,68,e7960
2026-05-18T07:28:57.473+00:00,1779089337473617000,533,R,7848,10720,9321,12012,7848,10720,9321,12012,22352,25853,24426,24823,-189,-167,41,-0.741176,-0.654902,0.160784,0,68,f7960
2026-05-18T07:28:57.622+00:00,1779089337622472000,534,R,7847,10722,9319,12015,7847,10722,9319,12015,22356,25858,24426,24826,-189,-167,41,-0.741176,-0.654902,0.160784,0,68,07960
2026-05-18T07:28:57.622+00:00,1779089337622601000,535,R,7849,10717,9318,12009,7849,10717,9318,12009,22358,25857,24428,24824,-190,-168,41,-0.745098,-0.658824,0.160784,0,68,17960
2026-05-18T07:28:57.622+00:00,1779089337622688000,536,R,7848,10722,9324,12016,7848,10722,9324,12016,22360,25859,24432,24829,-188,-167,40,-0.737255,-0.654902,0.156863,0,68,27960
2026-05-18T07:28:57.622+00:00,1779089337622755000,537,R,7839,10696,9311,11990,7839,10696,9311,11990,22344,25843,24395,24802,-189,-165,40,-0.741176,-0.647059,0.156863,0,68,98020
2026-05-18T07:28:57.622+00:00,1779089337622818000,538,R,7838,10693,9311,11987,7838,10693,9311,11987,22340,25840,24397,24805,-187,-166,40,-0.733333,-0.65098,0.156863,0,68,a8020
2026-05-18T07:28:57.771+00:00,1779089337771446000,539,R,7837,10692,9310,11987,7837,10692,9310,11987,22339,25838,24391,24799,-189,-167,41,-0.741176,-0.654902,0.160784,0,68,b8020
2026-05-18T07:28:57.771+00:00,1779089337771574000,540,R,7836,10693,9312,11988,7836,10693,9312,11988,22341,25839,24391,24801,-189,-167,40,-0.741176,-0.654902,0.156863,0,68,c8020
2026-05-18T07:28:57.771+00:00,1779089337771645000,541,R,7840,10690,9312,11990,7840,10690,9312,11990,22339,25838,24388,24803,-189,-169,40,-0.741176,-0.662745,0.156863,0,68,d8020
2026-05-18T07:28:57.771+00:00,1779089337771710000,542,R,7834,10690,9307,11982,7834,10690,9307,11982,22331,25829,24390,24795,-190,-168,41,-0.745098,-0.658824,0.160784,0,67,58090
2026-05-18T07:28:57.771+00:00,1779089337771775000,543,R,7832,10687,9306,11982,7832,10687,9306,11982,22336,25831,24390,24796,-188,-166,41,-0.737255,-0.65098,0.160784,0,67,68090
2026-05-18T07:28:57.771+00:00,1779089337771839000,544,R,7835,10693,9307,11984,7835,10693,9307,11984,22335,25827,24388,24793,-189,-165,41,-0.741176,-0.647059,0.160784,0,67,78090
2026-05-18T07:28:57.921+00:00,1779089337921376000,545,R,7833,10690,9306,11983,7833,10690,9306,11983,22332,25828,24388,24793,-189,-167,41,-0.741176,-0.654902,0.160784,0,67,88090
2026-05-18T07:28:57.921+00:00,1779089337921498000,546,R,7836,10691,9319,11983,7836,10691,9319,11983,22333,25834,24384,24796,-190,-167,42,-0.745098,-0.654902,0.164706,0,67,98090
2026-05-18T07:28:57.921+00:00,1779089337921571000,547,R,7834,10692,9307,11987,7834,10692,9307,11987,22333,25827,24389,24793,-187,-168,41,-0.733333,-0.658824,0.160784,0,67,48190
2026-05-18T07:28:57.921+00:00,1779089337921636000,548,R,7830,10686,9294,11976,7830,10686,9294,11976,22337,25820,24391,24790,-189,-167,41,-0.741176,-0.654902,0.160784,0,67,58190
2026-05-18T07:28:57.921+00:00,1779089337921720000,549,R,7833,10695,9308,11986,7833,10695,9308,11986,22330,25828,24390,24794,-188,-168,41,-0.737255,-0.658824,0.160784,0,67,68190
2026-05-18T07:28:58.072+00:00,1779089338072149000,550,R,7832,10695,9307,11990,7832,10695,9307,11990,22330,25826,24390,24797,-188,-168,41,-0.737255,-0.658824,0.160784,0,67,78190
2026-05-18T07:28:58.072+00:00,1779089338072210000,551,R,7834,10695,9308,11990,7834,10695,9308,11990,22333,25826,24393,24795,-188,-169,39,-0.737255,-0.662745,0.152941,0,67,88190
2026-05-18T07:28:58.072+00:00,1779089338072239000,552,R,7839,10701,9311,11996,7839,10701,9311,11996,22337,25834,24401,24803,-189,-169,41,-0.741176,-0.662745,0.160784,0,67,f8250
2026-05-18T07:28:58.072+00:00,1779089338072264000,553,R,7840,10705,9312,11995,7840,10705,9312,11995,22336,25836,24401,24801,-189,-168,41,-0.741176,-0.658824,0.160784,0,67,08250
2026-05-18T07:28:58.072+00:00,1779089338072288000,554,R,7837,10711,9321,12007,7837,10711,9321,12007,22340,25836,24406,24804,-189,-168,40,-0.741176,-0.658824,0.156863,0,67,18250
2026-05-18T07:28:58.220+00:00,1779089338220569000,555,R,7840,10705,9315,12000,7840,10705,9315,12000,22343,25839,24407,24804,-189,-168,41,-0.741176,-0.658824,0.160784,0,67,28250
2026-05-18T07:28:58.220+00:00,1779089338220620000,556,R,7840,10708,9315,12001,7840,10708,9315,12001,22341,25839,24409,24806,-189,-167,41,-0.741176,-0.654902,0.160784,0,67,38250
2026-05-18T07:28:58.220+00:00,1779089338220637000,557,R,7845,10717,9318,12011,7845,10717,9318,12011,22347,25846,24420,24818,-189,-168,41,-0.741176,-0.658824,0.160784,0,67,c8330
2026-05-18T07:28:58.220+00:00,1779089338220651000,558,R,7846,10717,9320,12014,7846,10717,9320,12014,22343,25835,24425,24814,-190,-168,41,-0.745098,-0.658824,0.160784,0,67,d8330
2026-05-18T07:28:58.220+00:00,1779089338220664000,559,R,7845,10717,9319,12014,7845,10717,9319,12014,22351,25841,24423,24817,-189,-168,41,-0.741176,-0.658824,0.160784,0,67,e8330
2026-05-18T07:28:58.373+00:00,1779089338373239000,560,R,7848,10719,9319,12010,7848,10719,9319,12010,22350,25842,24429,24824,-189,-168,41,-0.741176,-0.658824,0.160784,0,67,f8330
2026-05-18T07:28:58.373+00:00,1779089338373274000,561,R,7847,10721,9323,12015,7847,10721,9323,12015,22350,25844,24425,24823,-189,-168,41,-0.741176,-0.658824,0.160784,0,67,08330
2026-05-18T07:28:58.373+00:00,1779089338373290000,562,R,7848,10722,9324,12020,7848,10722,9324,12020,22355,25848,24431,24828,-188,-168,40,-0.737255,-0.658824,0.156863,0,67,88400
2026-05-18T07:28:58.373+00:00,1779089338373303000,563,R,7848,10716,9321,12012,7848,10716,9321,12012,22356,25842,24420,24827,-190,-170,41,-0.745098,-0.666667,0.160784,0,67,98400
2026-05-18T07:28:58.373+00:00,1779089338373317000,564,R,7847,10711,9320,12006,7847,10711,9320,12006,22352,25842,24416,24821,-188,-169,39,-0.737255,-0.662745,0.152941,0,67,a8400
2026-05-18T07:28:58.523+00:00,1779089338523261000,565,R,7846,10706,9318,12004,7846,10706,9318,12004,22350,25841,24408,24814,-188,-169,40,-0.737255,-0.662745,0.156863,0,67,b8400
2026-05-18T07:28:58.523+00:00,1779089338523303000,566,R,7844,10705,9317,12001,7844,10705,9317,12001,22347,25838,24407,24810,-187,-168,40,-0.733333,-0.658824,0.156863,0,67,c8400
2026-05-18T07:28:58.523+00:00,1779089338523326000,567,R,7843,10703,9315,12000,7843,10703,9315,12000,22347,25834,24400,24807,-188,-168,40,-0.737255,-0.658824,0.156863,0,67,d8400
2026-05-18T07:28:58.523+00:00,1779089338523347000,568,R,7837,10697,9310,11991,7837,10697,9310,11991,22335,25825,24393,24800,-188,-169,40,-0.737255,-0.662745,0.156863,0,67,38450
2026-05-18T07:28:58.523+00:00,1779089338523368000,569,R,7838,10698,9311,11992,7838,10698,9311,11992,22336,25828,24393,24796,-189,-169,41,-0.741176,-0.662745,0.160784,0,67,48450
2026-05-18T07:28:58.673+00:00,1779089338673026000,570,R,7838,10693,9311,11992,7838,10693,9311,11992,22336,25831,24394,24795,-189,-168,41,-0.741176,-0.658824,0.160784,0,67,58450
2026-05-18T07:28:58.673+00:00,1779089338673059000,571,R,7838,10696,9310,11988,7838,10696,9310,11988,22334,25827,24392,24795,-189,-168,42,-0.741176,-0.658824,0.164706,0,68,68450
2026-05-18T07:28:58.673+00:00,1779089338673080000,572,R,7836,10697,9310,11991,7836,10697,9310,11991,22336,25828,24392,24794,-189,-167,42,-0.741176,-0.654902,0.164706,0,68,78450
2026-05-18T07:28:58.673+00:00,1779089338673140000,573,R,7834,10697,9310,11991,7834,10697,9310,11991,22332,25824,24392,24794,-190,-167,41,-0.745098,-0.654902,0.160784,0,68,f8520
2026-05-18T07:28:58.673+00:00,1779089338673160000,574,R,7836,10694,9308,11990,7836,10694,9308,11990,22330,25824,24392,24792,-189,-167,42,-0.741176,-0.654902,0.164706,0,68,08520
2026-05-18T07:28:58.823+00:00,1779089338823661000,575,R,7837,10697,9310,11993,7837,10697,9310,11993,22330,25819,24390,24793,-189,-168,41,-0.741176,-0.658824,0.160784,0,68,18520
2026-05-18T07:28:58.823+00:00,1779089338823783000,576,R,7835,10696,9311,11993,7835,10696,9311,11993,22334,25823,24392,24795,-190,-168,41,-0.745098,-0.658824,0.160784,0,68,28520
2026-05-18T07:28:58.823+00:00,1779089338823838000,577,R,7836,10699,9310,11990,7836,10699,9310,11990,22330,25824,24394,24790,-190,-168,41,-0.745098,-0.658824,0.160784,0,68,38520
2026-05-18T07:28:58.823+00:00,1779089338823886000,578,R,7837,10702,9312,11996,7837,10702,9312,11996,22332,25823,24403,24793,-189,-168,40,-0.741176,-0.658824,0.156863,0,68,a8580
2026-05-18T07:28:58.823+00:00,1779089338823932000,579,R,7838,10702,9313,11998,7838,10702,9313,11998,22336,25824,24398,24795,-188,-169,40,-0.737255,-0.662745,0.156863,0,68,b8580
2026-05-18T07:28:58.823+00:00,1779089338823978000,580,R,7839,10702,9310,11996,7839,10702,9310,11996,22335,25827,24398,24796,-187,-169,40,-0.733333,-0.662745,0.156863,0,68,c8580
2026-05-18T07:28:58.973+00:00,1779089338973660000,581,R,7841,10705,9314,11998,7841,10705,9314,11998,22328,25822,24402,24799,-188,-169,39,-0.737255,-0.662745,0.152941,0,68,d8580
2026-05-18T07:28:58.973+00:00,1779089338973809000,582,R,7839,10702,9312,11998,7839,10702,9312,11998,22338,25824,24404,24802,-188,-168,40,-0.737255,-0.658824,0.156863,0,68,e8580
2026-05-18T07:28:58.973+00:00,1779089338973885000,583,R,7844,10715,9316,12009,7844,10715,9316,12009,22343,25836,24418,24809,-189,-168,41,-0.741176,-0.658824,0.160784,0,68,78660
2026-05-18T07:28:58.973+00:00,1779089338973954000,584,R,7844,10713,9320,12009,7844,10713,9320,12009,22343,25835,24419,24806,-188,-168,41,-0.737255,-0.658824,0.160784,0,68,88660
2026-05-18T07:28:58.974+00:00,1779089338974021000,585,R,7845,10717,9319,12011,7845,10717,9319,12011,22340,25836,24419,24813,-189,-168,41,-0.741176,-0.658824,0.160784,0,68,98660
2026-05-18T07:28:59.417+00:00,1779089339417742000,586,R,7846,10718,9317,12011,7846,10718,9317,12011,22343,25838,24423,24811,-189,-167,41,-0.741176,-0.654902,0.160784,0,68,a8660
2026-05-18T07:28:59.417+00:00,1779089339417788000,587,R,7847,10719,9319,12013,7847,10719,9319,12013,22343,25836,24421,24813,-189,-167,41,-0.741176,-0.654902,0.160784,0,68,b8660
2026-05-18T07:28:59.417+00:00,1779089339417804000,588,R,7852,10729,9325,12022,7852,10729,9325,12022,22353,25845,24434,24823,-190,-167,42,-0.745098,-0.654902,0.164706,0,68,38730
2026-05-18T07:28:59.417+00:00,1779089339417818000,589,R,7853,10731,9326,12024,7853,10731,9326,12024,22354,25845,24436,24826,-188,-167,41,-0.737255,-0.654902,0.160784,0,68,48730
2026-05-18T07:28:59.417+00:00,1779089339417831000,590,R,7854,10730,9325,12025,7854,10730,9325,12025,22354,25847,24433,24827,-189,-168,42,-0.741176,-0.658824,0.164706,0,68,58730
2026-05-18T07:28:59.721+00:00,1779089339721737000,591,R,7852,10734,9328,12027,7852,10734,9328,12027,22352,25845,24432,24822,-189,-168,41,-0.741176,-0.658824,0.160784,0,68,68730
2026-05-18T07:28:59.721+00:00,1779089339721881000,592,R,7855,10733,9326,12027,7855,10733,9326,12027,22356,25844,24435,24827,-188,-167,40,-0.737255,-0.654902,0.156863,0,68,78730
2026-05-18T07:28:59.721+00:00,1779089339721953000,593,R,7841,10700,9312,11999,7841,10700,9312,11999,22339,25830,24398,24799,-188,-166,40,-0.737255,-0.65098,0.156863,0,68,f8800
2026-05-18T07:28:59.722+00:00,1779089339722019000,594,R,7838,10700,9313,11997,7838,10700,9313,11997,22338,25826,24396,24797,-189,-167,39,-0.741176,-0.654902,0.152941,0,68,08800
2026-05-18T07:28:59.722+00:00,1779089339722093000,595,R,7838,10699,9312,11995,7838,10699,9312,11995,22336,25828,24395,24795,-189,-168,40,-0.741176,-0.658824,0.156863,0,68,18800
2026-05-18T07:28:59.872+00:00,1779089339872158000,596,R,7838,10700,9311,11995,7838,10700,9311,11995,22334,25823,24393,24794,-189,-168,40,-0.741176,-0.658824,0.156863,0,68,28800
2026-05-18T07:28:59.872+00:00,1779089339872204000,597,R,7840,10696,9311,11993,7840,10696,9311,11993,22336,25822,24398,24792,-189,-168,40,-0.741176,-0.658824,0.156863,0,68,38800
2026-05-18T07:28:59.872+00:00,1779089339872221000,598,R,7839,10696,9311,11993,7839,10696,9311,11993,22334,25816,24389,24790,-188,-168,40,-0.737255,-0.658824,0.156863,0,68,48800
2026-05-18T07:28:59.872+00:00,1779089339872235000,599,R,7835,10696,9309,11991,7835,10696,9309,11991,22328,25816,24391,24782,-188,-167,41,-0.737255,-0.654902,0.160784,0,68,b8860
2026-05-18T07:28:59.872+00:00,1779089339872248000,600,R,7837,10700,9312,11990,7837,10700,9312,11990,22328,25817,24393,24786,-188,-164,41,-0.737255,-0.643137,0.160784,0,68,c8860
2026-05-18T07:29:00.022+00:00,1779089340022058000,601,R,7838,10701,9310,11989,7838,10701,9310,11989,22329,25814,24392,24783,-189,-166,42,-0.741176,-0.65098,0.164706,0,68,d8860
2026-05-18T07:29:00.022+00:00,1779089340022102000,602,R,7837,10698,9309,11991,7837,10698,9309,11991,22330,25820,24392,24783,-188,-168,42,-0.737255,-0.658824,0.164706,0,68,e8860
2026-05-18T07:29:00.022+00:00,1779089340022129000,603,R,7835,10700,9307,11990,7835,10700,9307,11990,22330,25818,24388,24780,-190,-167,43,-0.745098,-0.654902,0.168627,0,68,f8860
2026-05-18T07:29:00.022+00:00,1779089340022153000,604,R,7836,10697,9308,11990,7836,10697,9308,11990,22324,25815,24392,24782,-189,-168,42,-0.741176,-0.658824,0.164706,0,68,58910
2026-05-18T07:29:00.022+00:00,1779089340022176000,605,R,7835,10698,9306,11988,7835,10698,9306,11988,22327,25811,24394,24780,-188,-168,41,-0.737255,-0.658824,0.160784,0,68,68910
2026-05-18T07:29:00.172+00:00,1779089340172813000,606,R,7834,10700,9310,11991,7834,10700,9310,11991,22325,25816,24392,24782,-188,-168,41,-0.737255,-0.658824,0.160784,0,68,78910
2026-05-18T07:29:00.172+00:00,1779089340172991000,607,R,7836,10702,9308,11997,7836,10702,9308,11997,22324,25816,24395,24785,-188,-168,41,-0.737255,-0.658824,0.160784,0,68,88910
2026-05-18T07:29:00.173+00:00,1779089340173066000,608,R,7837,10700,9312,11992,7837,10700,9312,11992,22331,25815,24393,24784,-189,-168,41,-0.741176,-0.658824,0.160784,0,68,98910
2026-05-18T07:29:00.173+00:00,1779089340173133000,609,R,7839,10708,9311,11998,7839,10708,9311,11998,22331,25822,24402,24791,-187,-169,41,-0.733333,-0.662745,0.160784,0,68,18980
2026-05-18T07:29:00.173+00:00,1779089340173198000,610,R,7840,10709,9312,12000,7840,10709,9312,12000,22330,25817,24402,24790,-188,-168,41,-0.737255,-0.658824,0.160784,0,68,28980
2026-05-18T07:29:00.173+00:00,1779089340173262000,611,R,7842,10710,9312,11998,7842,10710,9312,11998,22331,25818,24405,24792,-187,-168,41,-0.733333,-0.658824,0.160784,0,68,38980
2026-05-18T07:29:00.322+00:00,1779089340322056000,612,R,7840,10699,9314,12003,7840,10699,9314,12003,22337,25821,24406,24794,-187,-168,41,-0.733333,-0.658824,0.160784,0,68,48980
2026-05-18T07:29:00.322+00:00,1779089340322210000,613,R,7844,10712,9313,12002,7844,10712,9313,12002,22334,25818,24405,24794,-187,-168,41,-0.733333,-0.658824,0.160784,0,68,58980
2026-05-18T07:29:00.322+00:00,1779089340322284000,614,R,7846,10721,9321,12011,7846,10721,9321,12011,22341,25828,24420,24800,-189,-167,43,-0.741176,-0.654902,0.168627,0,68,c9040
2026-05-18T07:29:00.322+00:00,1779089340322350000,615,R,7846,10722,9321,12012,7846,10722,9321,12012,22342,25827,24420,24801,-189,-167,42,-0.741176,-0.654902,0.164706,0,68,d9040
2026-05-18T07:29:00.322+00:00,1779089340322435000,616,R,7847,10722,9320,12013,7847,10722,9320,12013,22345,25829,24424,24802,-189,-167,42,-0.741176,-0.654902,0.164706,0,68,e9040
2026-05-18T07:29:00.471+00:00,1779089340471506000,617,R,7847,10725,9322,12014,7847,10725,9322,12014,22346,25830,24423,24806,-189,-167,41,-0.741176,-0.654902,0.160784,0,68,f9040
2026-05-18T07:29:00.471+00:00,1779089340471612000,618,R,7851,10731,9313,12014,7851,10731,9313,12014,22346,25830,24426,24806,-190,-167,42,-0.745098,-0.654902,0.164706,0,68,09040
2026-05-18T07:29:00.471+00:00,1779089340471648000,619,R,7853,10735,9327,12028,7853,10735,9327,12028,22353,25833,24439,24817,-189,-167,42,-0.741176,-0.654902,0.164706,0,68,89110
2026-05-18T07:29:00.471+00:00,1779089340471680000,620,R,7856,10735,9329,12027,7856,10735,9329,12027,22353,25838,24434,24819,-190,-169,42,-0.745098,-0.662745,0.164706,0,68,99110
2026-05-18T07:29:00.471+00:00,1779089340471709000,621,R,7856,10735,9326,12028,7856,10735,9326,12028,22351,25836,24437,24820,-188,-167,41,-0.737255,-0.654902,0.160784,0,68,a9110
2026-05-18T07:29:00.622+00:00,1779089340622137000,622,R,7856,10732,9327,12025,7856,10732,9327,12025,22354,25837,24434,24824,-188,-168,41,-0.737255,-0.658824,0.160784,0,68,b9110
2026-05-18T07:29:00.622+00:00,1779089340622292000,623,R,7858,10724,9328,12029,7858,10724,9328,12029,22350,25831,24428,24818,-190,-168,41,-0.745098,-0.658824,0.160784,0,68,c9110
2026-05-18T07:29:00.622+00:00,1779089340622442000,624,R,7841,10702,9312,11996,7841,10702,9312,11996,22335,25820,24395,24789,-188,-167,42,-0.737255,-0.654902,0.164706,0,68,39170
2026-05-18T07:29:00.622+00:00,1779089340622550000,625,R,7844,10707,9313,11998,7844,10707,9313,11998,22335,25811,24397,24788,-188,-168,41,-0.737255,-0.658824,0.160784,0,68,49170
2026-05-18T07:29:00.622+00:00,1779089340622625000,626,R,7841,10704,9311,11998,7841,10704,9311,11998,22330,25810,24399,24789,-188,-168,41,-0.737255,-0.658824,0.160784,0,68,59170
2026-05-18T07:29:00.772+00:00,1779089340772703000,627,R,7841,10704,9311,11993,7841,10704,9311,11993,22333,25817,24395,24787,-188,-169,41,-0.737255,-0.662745,0.160784,0,68,69170
2026-05-18T07:29:00.772+00:00,1779089340772834000,628,R,7840,10700,9309,11992,7840,10700,9309,11992,22331,25812,24396,24784,-189,-167,42,-0.741176,-0.654902,0.164706,0,68,79170
2026-05-18T07:29:00.772+00:00,1779089340772909000,629,R,7838,10702,9310,11991,7838,10702,9310,11991,22326,25807,24400,24779,-189,-165,41,-0.741176,-0.647059,0.160784,0,68,e9230
2026-05-18T07:29:00.772+00:00,1779089340772974000,630,R,7841,10704,9309,11993,7841,10704,9309,11993,22329,25808,24395,24777,-187,-166,41,-0.733333,-0.65098,0.160784,0,68,f9230
2026-05-18T07:29:00.773+00:00,1779089340773037000,631,R,7838,10703,9310,11992,7838,10703,9310,11992,22325,25807,24400,24783,-189,-165,41,-0.741176,-0.647059,0.160784,0,68,09230
2026-05-18T07:29:00.921+00:00,1779089340921270000,632,R,7842,10705,9311,11992,7842,10705,9311,11992,22331,25811,24397,24784,-190,-168,41,-0.745098,-0.658824,0.160784,0,68,19230
2026-05-18T07:29:00.921+00:00,1779089340921394000,633,R,7840,10704,9311,11994,7840,10704,9311,11994,22328,25807,24395,24780,-190,-169,42,-0.745098,-0.662745,0.164706,0,68,29230
2026-05-18T07:29:00.921+00:00,1779089340921467000,634,R,7839,10703,9310,11993,7839,10703,9310,11993,22327,25806,24395,24782,-188,-169,42,-0.737255,-0.662745,0.164706,0,68,39230
2026-05-18T07:29:00.921+00:00,1779089340921532000,635,R,7839,10710,9311,11998,7839,10710,9311,11998,22330,25807,24401,24786,-188,-167,41,-0.737255,-0.654902,0.160784,0,68,f9340
2026-05-18T07:29:00.921+00:00,1779089340921596000,636,R,7853,10703,9325,12000,7853,10703,9325,12000,22323,25803,24405,24786,-189,-168,40,-0.741176,-0.658824,0.156863,0,68,09340
2026-05-18T07:29:01.070+00:00,1779089341070741000,637,R,7842,10708,9310,11999,7842,10708,9310,11999,22327,25805,24405,24786,-189,-168,41,-0.741176,-0.658824,0.160784,0,68,19340
2026-05-18T07:29:01.070+00:00,1779089341070884000,638,R,7842,10713,9312,12006,7842,10713,9312,12006,22329,25807,24404,24787,-188,-169,41,-0.737255,-0.662745,0.160784,0,68,29340
2026-05-18T07:29:01.070+00:00,1779089341070957000,639,R,7844,10712,9312,12002,7844,10712,9312,12002,22327,25811,24408,24786,-189,-168,41,-0.741176,-0.658824,0.160784,0,68,39340
2026-05-18T07:29:01.071+00:00,1779089341071022000,640,R,7847,10720,9314,12008,7847,10720,9314,12008,22336,25814,24417,24796,-187,-168,41,-0.733333,-0.658824,0.160784,0,68,b9410
2026-05-18T07:29:01.071+00:00,1779089341071087000,641,R,7838,10717,9302,11998,7838,10717,9302,11998,22329,25806,24414,24786,-188,-169,40,-0.737255,-0.662745,0.156863,0,68,c9410
2026-05-18T07:29:01.221+00:00,1779089341221515000,642,R,7848,10723,9317,12012,7848,10723,9317,12012,22338,25815,24422,24797,-188,-168,40,-0.737255,-0.658824,0.156863,0,68,d9410
2026-05-18T07:29:01.221+00:00,1779089341221601000,643,R,7850,10723,9316,12015,7850,10723,9316,12015,22340,25816,24421,24799,-189,-168,40,-0.741176,-0.658824,0.156863,0,68,e9410
2026-05-18T07:29:01.221+00:00,1779089341221632000,644,R,7851,10728,9320,12018,7851,10728,9320,12018,22342,25817,24421,24799,-188,-168,41,-0.737255,-0.658824,0.160784,0,68,f9410
2026-05-18T07:29:01.221+00:00,1779089341221659000,645,R,7856,10735,9325,12026,7856,10735,9325,12026,22348,25827,24432,24810,-190,-168,41,-0.745098,-0.658824,0.160784,0,68,69470
2026-05-18T07:29:01.221+00:00,1779089341221685000,646,R,7855,10734,9322,12025,7855,10734,9322,12025,22345,25824,24429,24810,-189,-168,40,-0.741176,-0.658824,0.156863,0,68,79470
2026-05-18T07:29:01.221+00:00,1779089341221710000,647,R,7857,10744,9328,12034,7857,10744,9328,12034,22349,25829,24436,24818,-188,-168,41,-0.737255,-0.658824,0.160784,0,68,89470
2026-05-18T07:29:01.372+00:00,1779089341373016000,648,R,7855,10737,9324,12030,7855,10737,9324,12030,22349,25827,24433,24811,-189,-167,41,-0.741176,-0.654902,0.160784,0,68,99470
2026-05-18T07:29:01.373+00:00,1779089341373166000,649,R,7856,10737,9326,12028,7856,10737,9326,12028,22350,25828,24439,24818,-190,-168,42,-0.745098,-0.658824,0.164706,0,68,a9470
2026-05-18T07:29:01.373+00:00,1779089341373244000,650,R,7852,10720,9320,12012,7852,10720,9320,12012,22340,25819,24412,24801,-189,-168,40,-0.741176,-0.658824,0.156863,0,68,29540
2026-05-18T07:29:01.373+00:00,1779089341373314000,651,R,7850,10717,9316,12008,7850,10717,9316,12008,22339,25817,24410,24797,-186,-167,40,-0.729412,-0.654902,0.156863,0,68,39540
2026-05-18T07:29:01.373+00:00,1779089341373378000,652,R,7847,10713,9316,12007,7847,10713,9316,12007,22338,25815,24400,24789,-187,-167,39,-0.733333,-0.654902,0.152941,0,68,49540
2026-05-18T07:29:01.522+00:00,1779089341522273000,653,R,7846,10711,9315,12002,7846,10711,9315,12002,22335,25812,24408,24798,-188,-167,40,-0.737255,-0.654902,0.156863,0,68,59540
2026-05-18T07:29:01.522+00:00,1779089341522322000,654,R,7848,10710,9315,12005,7848,10710,9315,12005,22336,25806,24404,24789,-188,-167,40,-0.737255,-0.654902,0.156863,0,68,69540
2026-05-18T07:29:01.522+00:00,1779089341522339000,655,R,7845,10712,9313,12002,7845,10712,9313,12002,22327,25804,24400,24783,-189,-168,42,-0.741176,-0.658824,0.164706,0,68,f9620
2026-05-18T07:29:01.522+00:00,1779089341522355000,656,R,7844,10713,9313,12002,7844,10713,9313,12002,22333,25809,24405,24790,-188,-168,40,-0.737255,-0.658824,0.156863,0,68,09620
2026-05-18T07:29:01.522+00:00,1779089341522370000,657,R,7845,10712,9312,12002,7845,10712,9312,12002,22329,25806,24405,24781,-187,-166,40,-0.733333,-0.65098,0.156863,0,68,19620
2026-05-18T07:29:01.673+00:00,1779089341674025000,658,R,7845,10713,9312,12002,7845,10713,9312,12002,22328,25802,24403,24788,-188,-167,41,-0.737255,-0.654902,0.160784,0,68,29620
2026-05-18T07:29:01.674+00:00,1779089341674210000,659,R,7844,10714,9314,12003,7844,10714,9314,12003,22327,25803,24402,24785,-189,-167,41,-0.741176,-0.654902,0.160784,0,68,39620
2026-05-18T07:29:01.674+00:00,1779089341674276000,660,R,7845,10713,9310,12002,7845,10713,9310,12002,22324,25797,24404,24784,-189,-168,41,-0.741176,-0.658824,0.160784,0,68,a9680
2026-05-18T07:29:01.674+00:00,1779089341674312000,661,R,7841,10713,9311,12001,7841,10713,9311,12001,22325,25804,24402,24782,-189,-169,41,-0.741176,-0.662745,0.160784,0,68,b9680
2026-05-18T07:29:01.674+00:00,1779089341674345000,662,R,7844,10713,9314,12003,7844,10713,9314,12003,22326,25803,24405,24788,-189,-168,41,-0.741176,-0.658824,0.160784,0,68,c9680
2026-05-18T07:29:01.822+00:00,1779089341822899000,663,R,7844,10714,9312,12002,7844,10714,9312,12002,22326,25803,24403,24783,-188,-168,41,-0.737255,-0.658824,0.160784,0,68,d9680
2026-05-18T07:29:01.823+00:00,1779089341823060000,664,R,7845,10718,9315,12003,7845,10718,9315,12003,22325,25799,24403,24782,-189,-168,40,-0.741176,-0.658824,0.156863,0,68,e9680
2026-05-18T07:29:01.823+00:00,1779089341823133000,665,R,7844,10714,9314,12007,7844,10714,9314,12007,22324,25800,24403,24787,-188,-167,41,-0.737255,-0.654902,0.160784,0,68,f9680
2026-05-18T07:29:01.823+00:00,1779089341823198000,666,R,7847,10723,9314,12010,7847,10723,9314,12010,22329,25807,24413,24794,-189,-169,41,-0.741176,-0.662745,0.160784,0,68,69740
2026-05-18T07:29:01.823+00:00,1779089341823262000,667,R,7847,10722,9317,12012,7847,10722,9317,12012,22328,25805,24416,24794,-189,-168,41,-0.741176,-0.658824,0.160784,0,68,79740
2026-05-18T07:29:01.971+00:00,1779089341971416000,668,R,7847,10725,9318,12012,7847,10725,9318,12012,22331,25807,24416,24794,-188,-168,41,-0.737255,-0.658824,0.160784,0,68,89740
2026-05-18T07:29:01.971+00:00,1779089341971544000,669,R,7849,10725,9317,12017,7849,10725,9317,12017,22330,25807,24417,24796,-188,-168,41,-0.737255,-0.658824,0.160784,0,68,99740
2026-05-18T07:29:01.971+00:00,1779089341971616000,670,R,7848,10725,9318,12015,7848,10725,9318,12015,22328,25806,24418,24797,-188,-169,41,-0.737255,-0.662745,0.160784,0,68,a9740
2026-05-18T07:29:01.971+00:00,1779089341971683000,671,R,7851,10734,9322,12024,7851,10734,9322,12024,22336,25814,24426,24804,-189,-168,41,-0.741176,-0.658824,0.160784,0,68,29810
2026-05-18T07:29:01.971+00:00,1779089341971748000,672,R,7854,10735,9323,12023,7854,10735,9323,12023,22334,25814,24430,24806,-189,-168,41,-0.741176,-0.658824,0.160784,0,68,39810
2026-05-18T07:29:02.121+00:00,1779089342122015000,673,R,7853,10736,9318,12028,7853,10736,9318,12028,22339,25812,24436,24808,-189,-168,41,-0.741176,-0.658824,0.160784,0,68,49810
2026-05-18T07:29:02.122+00:00,1779089342122138000,674,R,7854,10739,9322,12027,7854,10739,9322,12027,22339,25816,24432,24807,-189,-169,41,-0.741176,-0.662745,0.160784,0,68,59810
2026-05-18T07:29:02.122+00:00,1779089342122217000,675,R,7855,10740,9324,12030,7855,10740,9324,12030,22338,25815,24433,24809,-189,-168,42,-0.741176,-0.658824,0.164706,0,68,69810
2026-05-18T07:29:02.123+00:00,1779089342123068000,676,R,7859,10742,9326,12032,7859,10742,9326,12032,22345,25820,24439,24818,-188,-167,41,-0.737255,-0.654902,0.160784,0,68,d9870
2026-05-18T07:29:02.123+00:00,1779089342123143000,677,R,7857,10738,9326,12029,7857,10738,9326,12029,22343,25816,24430,24811,-189,-168,41,-0.741176,-0.658824,0.160784,0,68,e9870
2026-05-18T07:29:02.123+00:00,1779089342123207000,678,R,7855,10730,9320,12024,7855,10730,9320,12024,22337,25812,24425,24810,-190,-169,41,-0.745098,-0.662745,0.160784,0,68,f9870
2026-05-18T07:29:02.273+00:00,1779089342273211000,679,R,7855,10728,9321,12018,7855,10728,9321,12018,22338,25812,24420,24803,-188,-169,40,-0.737255,-0.662745,0.156863,0,68,09870
2026-05-18T07:29:02.273+00:00,1779089342273373000,680,R,7850,10724,9318,12016,7850,10724,9318,12016,22331,25809,24413,24798,-189,-168,40,-0.741176,-0.658824,0.156863,0,68,19870
2026-05-18T07:29:02.273+00:00,1779089342273450000,681,R,7844,10711,9311,11998,7844,10711,9311,11998,22320,25799,24398,24783,-189,-169,41,-0.741176,-0.662745,0.160784,0,68,99940
2026-05-18T07:29:02.273+00:00,1779089342273529000,682,R,7844,10712,9310,12000,7844,10712,9310,12000,22318,25799,24398,24782,-189,-168,41,-0.741176,-0.658824,0.160784,0,68,a9940
2026-05-18T07:29:02.273+00:00,1779089342273593000,683,R,7843,10710,9311,11999,7843,10710,9311,11999,22319,25795,24394,24781,-189,-168,40,-0.741176,-0.658824,0.156863,0,68,b9940
2026-05-18T07:29:02.421+00:00,1779089342422002000,684,R,7842,10711,9310,11998,7842,10711,9310,11998,22318,25793,24394,24774,-189,-167,40,-0.741176,-0.654902,0.156863,0,68,c9940
2026-05-18T07:29:02.422+00:00,1779089342422038000,685,R,7841,10707,9310,11996,7841,10707,9310,11996,22315,25794,24394,24776,-188,-168,41,-0.737255,-0.658824,0.160784,0,68,d9940
2026-05-18T07:29:02.422+00:00,1779089342422055000,686,R,7842,10712,9312,11999,7842,10712,9312,11999,22317,25793,24396,24775,-190,-168,42,-0.745098,-0.658824,0.164706,0,68,410000
2026-05-18T07:29:02.422+00:00,1779089342422069000,687,R,7840,10711,9310,11999,7840,10711,9310,11999,22314,25794,24394,24776,-190,-168,41,-0.745098,-0.658824,0.160784,0,68,510000
2026-05-18T07:29:02.422+00:00,1779089342422082000,688,R,7839,10713,9308,11999,7839,10713,9308,11999,22312,25790,24392,24774,-189,-167,41,-0.741176,-0.654902,0.160784,0,68,610000
2026-05-18T07:29:02.571+00:00,1779089342571063000,689,R,7841,10712,9311,12000,7841,10712,9311,12000,22316,25789,24395,24768,-188,-167,41,-0.737255,-0.654902,0.160784,0,68,710000
2026-05-18T07:29:02.571+00:00,1779089342571098000,690,R,7837,10710,9310,11998,7837,10710,9310,11998,22312,25791,24395,24774,-190,-168,41,-0.745098,-0.658824,0.160784,0,68,810000
2026-05-18T07:29:02.571+00:00,1779089342571117000,691,R,7843,10716,9312,11999,7843,10716,9312,11999,22318,25790,24397,24773,-190,-167,41,-0.745098,-0.654902,0.160784,0,68,010070
2026-05-18T07:29:02.571+00:00,1779089342571131000,692,R,7844,10715,9310,12001,7844,10715,9310,12001,22314,25793,24395,24775,-190,-168,40,-0.745098,-0.658824,0.156863,0,68,110070
2026-05-18T07:29:02.571+00:00,1779089342571144000,693,R,7842,10716,9312,12001,7842,10716,9312,12001,22315,25796,24397,24772,-189,-168,40,-0.741176,-0.658824,0.156863,0,68,210070
2026-05-18T07:29:02.721+00:00,1779089342721694000,694,R,7844,10715,9314,12006,7844,10715,9314,12006,22313,25794,24397,24777,-189,-168,40,-0.741176,-0.658824,0.156863,0,68,310070
2026-05-18T07:29:02.721+00:00,1779089342721721000,695,R,7843,10716,9314,12004,7843,10716,9314,12004,22314,25797,24400,24777,-189,-168,40,-0.741176,-0.658824,0.156863,0,68,410070
2026-05-18T07:29:02.721+00:00,1779089342721735000,696,R,7845,10725,9318,12011,7845,10725,9318,12011,22323,25802,24405,24785,-188,-168,40,-0.737255,-0.658824,0.156863,0,68,b10130
2026-05-18T07:29:02.721+00:00,1779089342721749000,697,R,7847,10725,9316,12011,7847,10725,9316,12011,22321,25802,24411,24789,-188,-168,40,-0.737255,-0.658824,0.156863,0,68,c10130
2026-05-18T07:29:02.721+00:00,1779089342721762000,698,R,7848,10728,9317,12016,7848,10728,9317,12016,22318,25800,24409,24785,-187,-168,40,-0.733333,-0.658824,0.156863,0,68,d10130
2026-05-18T07:29:02.871+00:00,1779089342871773000,699,R,7848,10730,9319,12018,7848,10730,9319,12018,22323,25804,24415,24789,-190,-167,41,-0.745098,-0.654902,0.160784,0,68,e10130
2026-05-18T07:29:02.871+00:00,1779089342871919000,700,R,7850,10728,9318,12019,7850,10728,9318,12019,22324,25806,24413,24788,-188,-168,41,-0.737255,-0.658824,0.160784,0,68,f10130
2026-05-18T07:29:02.871+00:00,1779089342872001000,701,R,7854,10735,9326,12024,7854,10735,9326,12024,22328,25810,24419,24796,-190,-167,42,-0.745098,-0.654902,0.164706,0,68,610190
2026-05-18T07:29:02.872+00:00,1779089342872073000,702,R,7855,10738,9325,12024,7855,10738,9325,12024,22331,25812,24420,24801,-190,-169,41,-0.745098,-0.662745,0.160784,0,68,710190
2026-05-18T07:29:02.872+00:00,1779089342872140000,703,R,7855,10736,9323,12024,7855,10736,9323,12024,22329,25816,24425,24798,-189,-168,41,-0.741176,-0.658824,0.160784,0,68,810190
2026-05-18T07:29:03.021+00:00,1779089343021587000,704,R,7856,10741,9327,12029,7856,10741,9327,12029,22331,25814,24425,24800,-189,-167,41,-0.741176,-0.654902,0.160784,0,68,910190
2026-05-18T07:29:03.021+00:00,1779089343021712000,705,R,7859,10744,9327,12029,7859,10744,9327,12029,22333,25814,24430,24801,-189,-167,41,-0.741176,-0.654902,0.160784,0,68,a10190
2026-05-18T07:29:03.021+00:00,1779089343021784000,706,R,7855,10732,9326,12032,7855,10732,9326,12032,22335,25816,24426,24805,-189,-167,42,-0.741176,-0.654902,0.164706,0,68,b10190
2026-05-18T07:29:03.021+00:00,1779089343021861000,707,R,7852,10728,9321,12016,7852,10728,9321,12016,22330,25811,24411,24796,-189,-170,40,-0.741176,-0.666667,0.156863,0,68,110240
2026-05-18T07:29:03.021+00:00,1779089343021924000,708,R,7851,10722,9317,12011,7851,10722,9317,12011,22327,25809,24408,24794,-188,-169,40,-0.737255,-0.662745,0.156863,0,68,210240
2026-05-18T07:29:03.172+00:00,1779089343172804000,709,R,7849,10717,9319,12009,7849,10717,9319,12009,22325,25803,24397,24787,-188,-167,40,-0.737255,-0.654902,0.156863,0,68,310240
2026-05-18T07:29:03.172+00:00,1779089343172939000,710,R,7846,10716,9317,12006,7846,10716,9317,12006,22323,25804,24398,24785,-187,-167,40,-0.733333,-0.654902,0.156863,0,68,410240
2026-05-18T07:29:03.173+00:00,1779089343173014000,711,R,7846,10713,9315,12002,7846,10713,9315,12002,22323,25802,24392,24781,-188,-166,40,-0.737255,-0.65098,0.156863,0,68,510240
2026-05-18T07:29:03.173+00:00,1779089343173082000,712,R,7840,10711,9309,11992,7840,10711,9309,11992,22309,25791,24384,24763,-188,-166,41,-0.737255,-0.65098,0.160784,0,68,210360
2026-05-18T07:29:03.173+00:00,1779089343173147000,713,R,7840,10717,9313,12005,7840,10717,9313,12005,22309,25790,24381,24764,-188,-165,40,-0.737255,-0.647059,0.156863,0,68,310360
2026-05-18T07:29:03.321+00:00,1779089343321621000,714,R,7838,10708,9309,11992,7838,10708,9309,11992,22306,25790,24381,24763,-190,-167,42,-0.745098,-0.654902,0.164706,0,68,410360
2026-05-18T07:29:03.321+00:00,1779089343321751000,715,R,7835,10708,9310,11993,7835,10708,9310,11993,22308,25790,24380,24761,-190,-169,42,-0.745098,-0.662745,0.164706,0,68,510360
2026-05-18T07:29:03.321+00:00,1779089343321825000,716,R,7838,10709,9309,11995,7838,10709,9309,11995,22304,25786,24379,24758,-191,-169,43,-0.74902,-0.662745,0.168627,0,68,610360
2026-05-18T07:29:03.321+00:00,1779089343321893000,717,R,7836,10706,9308,11989,7836,10706,9308,11989,22302,25784,24381,24760,-188,-167,40,-0.737255,-0.654902,0.156863,0,68,e10430
2026-05-18T07:29:03.321+00:00,1779089343321956000,718,R,7836,10700,9308,11983,7836,10700,9308,11983,22303,25789,24379,24754,-188,-168,40,-0.737255,-0.658824,0.156863,0,68,f10430
2026-05-18T07:29:03.622+00:00,1779089343622811000,719,R,7837,10709,9307,11993,7837,10709,9307,11993,22304,25785,24379,24759,-189,-168,40,-0.741176,-0.658824,0.156863,0,68,010430
2026-05-18T07:29:03.622+00:00,1779089343622911000,720,R,7839,10707,9310,11993,7839,10707,9310,11993,22302,25784,24380,24763,-188,-168,39,-0.737255,-0.658824,0.152941,0,68,110430
2026-05-18T07:29:03.622+00:00,1779089343622946000,721,R,7838,10712,9310,11996,7838,10712,9310,11996,22303,25788,24383,24761,-188,-169,41,-0.737255,-0.662745,0.160784,0,68,210430
2026-05-18T07:29:03.623+00:00,1779089343623130000,722,R,7841,10715,9311,12000,7841,10715,9311,12000,22307,25791,24390,24768,-189,-168,40,-0.741176,-0.658824,0.156863,0,68,a10500
2026-05-18T07:29:03.623+00:00,1779089343623176000,723,R,7836,10719,9300,12005,7836,10719,9300,12005,22309,25794,24391,24773,-188,-169,41,-0.737255,-0.662745,0.160784,0,68,b10500
2026-05-18T07:29:03.623+00:00,1779089343623207000,724,R,7840,10718,9314,12003,7840,10718,9314,12003,22308,25793,24394,24770,-188,-168,40,-0.737255,-0.658824,0.156863,0,68,c10500
2026-05-18T07:29:03.772+00:00,1779089343773026000,725,R,7845,10719,9313,12002,7845,10719,9313,12002,22308,25793,24394,24768,-188,-168,41,-0.737255,-0.658824,0.160784,0,68,d10500
2026-05-18T07:29:03.773+00:00,1779089343773165000,726,R,7843,10720,9315,12003,7843,10720,9315,12003,22311,25792,24397,24772,-188,-167,40,-0.737255,-0.654902,0.156863,0,68,e10500
2026-05-18T07:29:03.773+00:00,1779089343773242000,727,R,7849,10728,9320,12015,7849,10728,9320,12015,22315,25799,24405,24783,-189,-168,41,-0.741176,-0.658824,0.160784,0,68,610570
2026-05-18T07:29:03.773+00:00,1779089343773311000,728,R,7853,10727,9329,12015,7853,10727,9329,12015,22318,25803,24408,24783,-189,-168,41,-0.741176,-0.658824,0.160784,0,68,710570
2026-05-18T07:29:03.773+00:00,1779089343773377000,729,R,7850,10731,9321,12015,7850,10731,9321,12015,22319,25804,24413,24789,-188,-168,41,-0.737255,-0.658824,0.160784,0,68,810570
2026-05-18T07:29:03.921+00:00,1779089343921869000,730,R,7851,10730,9321,12017,7851,10730,9321,12017,22322,25803,24409,24786,-189,-167,40,-0.741176,-0.654902,0.156863,0,68,910570
2026-05-18T07:29:03.922+00:00,1779089343922033000,731,R,7848,10732,9321,12018,7848,10732,9321,12018,22322,25803,24409,24787,-189,-167,41,-0.741176,-0.654902,0.160784,0,68,a10570
2026-05-18T07:29:03.922+00:00,1779089343922109000,732,R,7857,10741,9327,12029,7857,10741,9327,12029,22326,25816,24419,24799,-189,-167,41,-0.741176,-0.654902,0.160784,0,68,210640
2026-05-18T07:29:03.922+00:00,1779089343922175000,733,R,7847,10730,9317,12018,7847,10730,9317,12018,22329,25813,24419,24806,-188,-167,41,-0.737255,-0.654902,0.160784,0,68,310640
2026-05-18T07:29:03.922+00:00,1779089343922239000,734,R,7853,10732,9323,12023,7853,10732,9323,12023,22324,25811,24411,24802,-189,-169,40,-0.741176,-0.662745,0.156863,0,68,410640
2026-05-18T07:29:04.071+00:00,1779089344071457000,735,R,7851,10726,9323,12018,7851,10726,9323,12018,22322,25809,24403,24796,-189,-169,40,-0.741176,-0.662745,0.156863,0,68,510640
2026-05-18T07:29:04.071+00:00,1779089344071584000,736,R,7850,10724,9322,12016,7850,10724,9322,12016,22318,25804,24398,24790,-188,-169,40,-0.737255,-0.662745,0.156863,0,68,610640
2026-05-18T07:29:04.071+00:00,1779089344071656000,737,R,7838,10704,9313,11993,7838,10704,9313,11993,22305,25790,24374,24764,-188,-168,41,-0.737255,-0.658824,0.160784,0,67,e10710
2026-05-18T07:29:04.071+00:00,1779089344071722000,738,R,7840,10712,9316,12000,7840,10712,9316,12000,22305,25793,24374,24765,-189,-169,41,-0.741176,-0.662745,0.160784,0,67,f10710
2026-05-18T07:29:04.071+00:00,1779089344071785000,739,R,7838,10703,9309,11990,7838,10703,9309,11990,22305,25790,24373,24763,-189,-169,41,-0.741176,-0.662745,0.160784,0,67,010710
2026-05-18T07:29:04.372+00:00,1779089344372904000,740,R,7839,10705,9311,11992,7839,10705,9311,11992,22299,25788,24372,24760,-189,-169,41,-0.741176,-0.662745,0.160784,0,67,110710
2026-05-18T07:29:04.373+00:00,1779089344373031000,741,R,7838,10704,9311,11990,7838,10704,9311,11990,22301,25786,24371,24761,-189,-169,42,-0.741176,-0.662745,0.164706,0,67,210710
2026-05-18T07:29:04.373+00:00,1779089344373103000,742,R,7838,10703,9312,11991,7838,10703,9312,11991,22297,25787,24370,24762,-189,-169,42,-0.741176,-0.662745,0.164706,0,67,910770
2026-05-18T07:29:04.373+00:00,1779089344373167000,743,R,7834,10704,9307,11990,7834,10704,9307,11990,22299,25785,24374,24760,-189,-169,41,-0.741176,-0.662745,0.160784,0,67,a10770
2026-05-18T07:29:04.373+00:00,1779089344373231000,744,R,7838,10704,9306,11991,7838,10704,9306,11991,22299,25785,24373,24752,-189,-168,42,-0.741176,-0.658824,0.164706,0,67,b10770
2026-05-18T07:29:04.523+00:00,1779089344523249000,745,R,7836,10702,9309,11986,7836,10702,9309,11986,22295,25785,24370,24757,-188,-166,41,-0.737255,-0.65098,0.160784,0,67,c10770
2026-05-18T07:29:04.523+00:00,1779089344523415000,746,R,7837,10705,9309,11989,7837,10705,9309,11989,22295,25784,24370,24759,-188,-167,40,-0.737255,-0.654902,0.156863,0,67,d10770
2026-05-18T07:29:04.523+00:00,1779089344523501000,747,R,7837,10704,9312,11992,7837,10704,9312,11992,22297,25789,24372,24760,-188,-168,40,-0.737255,-0.658824,0.156863,0,67,510840
2026-05-18T07:29:04.523+00:00,1779089344523569000,748,R,7838,10707,9309,11993,7838,10707,9309,11993,22301,25789,24374,24758,-188,-169,41,-0.737255,-0.662745,0.160784,0,67,610840
2026-05-18T07:29:04.523+00:00,1779089344523634000,749,R,7836,10707,9305,11994,7836,10707,9305,11994,22299,25785,24375,24765,-187,-168,40,-0.733333,-0.658824,0.156863,0,67,710840
2026-05-18T07:29:04.672+00:00,1779089344672570000,750,R,7835,10707,9308,11993,7835,10707,9308,11993,22299,25782,24377,24757,-188,-169,40,-0.737255,-0.662745,0.156863,0,67,810840
2026-05-18T07:29:04.672+00:00,1779089344672824000,751,R,7836,10709,9310,11990,7836,10709,9310,11990,22298,25787,24373,24763,-187,-169,39,-0.733333,-0.662745,0.152941,0,67,910840
2026-05-18T07:29:04.672+00:00,1779089344672905000,752,R,7841,10713,9316,12002,7841,10713,9316,12002,22303,25792,24388,24770,-188,-168,40,-0.737255,-0.658824,0.156863,0,67,110910
2026-05-18T07:29:04.672+00:00,1779089344672973000,753,R,7843,10716,9316,12003,7843,10716,9316,12003,22305,25792,24389,24770,-188,-168,40,-0.737255,-0.658824,0.156863,0,67,210910
2026-05-18T07:29:04.673+00:00,1779089344673047000,754,R,7843,10717,9315,12003,7843,10717,9315,12003,22304,25796,24386,24774,-188,-168,41,-0.737255,-0.658824,0.160784,0,67,310910
2026-05-18T07:29:04.822+00:00,1779089344822357000,755,R,7844,10718,9319,12005,7844,10718,9319,12005,22305,25796,24390,24778,-189,-168,42,-0.741176,-0.658824,0.164706,0,67,410910
2026-05-18T07:29:04.822+00:00,1779089344822413000,756,R,7844,10720,9315,12006,7844,10720,9315,12006,22307,25798,24390,24773,-188,-169,41,-0.737255,-0.662745,0.160784,0,67,510910
2026-05-18T07:29:04.822+00:00,1779089344822446000,757,R,7844,10721,9318,12008,7844,10721,9318,12008,22308,25797,24393,24777,-188,-168,41,-0.737255,-0.658824,0.160784,0,67,610910
2026-05-18T07:29:04.822+00:00,1779089344822476000,758,R,7848,10727,9321,12016,7848,10727,9321,12016,22315,25805,24397,24787,-189,-168,40,-0.741176,-0.658824,0.156863,0,67,c10960
2026-05-18T07:29:04.822+00:00,1779089344822502000,759,R,7848,10727,9322,12015,7848,10727,9322,12015,22311,25799,24400,24783,-189,-168,41,-0.741176,-0.658824,0.160784,0,67,d10960
2026-05-18T07:29:04.972+00:00,1779089344972447000,760,R,7849,10731,9323,12017,7849,10731,9323,12017,22312,25805,24401,24785,-189,-169,40,-0.741176,-0.662745,0.156863,0,67,e10960
2026-05-18T07:29:04.972+00:00,1779089344972493000,761,R,7850,10727,9323,12019,7850,10727,9323,12019,22316,25806,24404,24789,-188,-168,41,-0.737255,-0.658824,0.160784,0,67,f10960
2026-05-18T07:29:04.972+00:00,1779089344972514000,762,R,7849,10732,9324,12020,7849,10732,9324,12020,22317,25807,24405,24792,-189,-168,41,-0.741176,-0.658824,0.160784,0,67,010960
2026-05-18T07:29:04.972+00:00,1779089344972531000,763,R,7848,10719,9320,12009,7848,10719,9320,12009,22314,25802,24389,24782,-187,-169,40,-0.733333,-0.662745,0.156863,0,67,911040
2026-05-18T07:29:04.972+00:00,1779089344972548000,764,R,7846,10713,9320,12003,7846,10713,9320,12003,22309,25799,24388,24778,-187,-168,39,-0.733333,-0.658824,0.152941,0,67,a11040
2026-05-18T07:29:05.122+00:00,1779089345122941000,765,R,7845,10709,9317,11997,7845,10709,9317,11997,22306,25790,24380,24775,-186,-166,40,-0.729412,-0.65098,0.156863,0,67,b11040
2026-05-18T07:29:05.123+00:00,1779089345123083000,766,R,7841,10707,9317,11997,7841,10707,9317,11997,22302,25798,24377,24772,-186,-168,39,-0.729412,-0.658824,0.152941,0,67,c11040
2026-05-18T07:29:05.123+00:00,1779089345123157000,767,R,7843,10705,9314,11995,7843,10705,9314,11995,22304,25790,24371,24766,-187,-167,39,-0.733333,-0.654902,0.152941,0,67,d11040
2026-05-18T07:29:05.123+00:00,1779089345123223000,768,R,7836,10702,9312,11987,7836,10702,9312,11987,22293,25787,24368,24757,-189,-168,40,-0.741176,-0.658824,0.156863,0,67,511110
2026-05-18T07:29:05.123+00:00,1779089345123286000,769,R,7838,10702,9311,11990,7838,10702,9311,11990,22296,25790,24367,24757,-189,-169,41,-0.741176,-0.662745,0.160784,0,67,611110
2026-05-18T07:29:05.272+00:00,1779089345272843000,770,R,7838,10701,9311,11987,7838,10701,9311,11987,22292,25786,24366,24759,-189,-169,42,-0.741176,-0.662745,0.164706,0,67,711110
2026-05-18T07:29:05.272+00:00,1779089345272971000,771,R,7838,10700,9311,11987,7838,10700,9311,11987,22293,25785,24369,24760,-189,-167,41,-0.741176,-0.654902,0.160784,0,67,811110
2026-05-18T07:29:05.273+00:00,1779089345273050000,772,R,7838,10702,9311,11988,7838,10702,9311,11988,22298,25787,24367,24761,-186,-166,39,-0.729412,-0.65098,0.152941,0,67,911110
2026-05-18T07:29:05.273+00:00,1779089345273120000,773,R,7836,10701,9309,11985,7836,10701,9309,11985,22294,25787,24365,24755,-188,-168,40,-0.737255,-0.658824,0.156863,0,67,111180
2026-05-18T07:29:05.273+00:00,1779089345273185000,774,R,7837,10702,9312,11985,7837,10702,9312,11985,22292,25786,24367,24757,-189,-168,41,-0.741176,-0.658824,0.160784,0,67,211180
2026-05-18T07:29:05.273+00:00,1779089345273248000,775,R,7836,10701,9312,11988,7836,10701,9312,11988,22294,25785,24369,24756,-188,-169,39,-0.737255,-0.662745,0.152941,0,67,311180
2026-05-18T07:29:05.421+00:00,1779089345421497000,776,R,7835,10700,9313,11990,7835,10700,9313,11990,22294,25787,24371,24758,-187,-169,40,-0.733333,-0.662745,0.156863,0,67,411180
2026-05-18T07:29:05.421+00:00,1779089345421629000,777,R,7835,10704,9311,11987,7835,10704,9311,11987,22294,25784,24366,24758,-188,-169,40,-0.737255,-0.662745,0.156863,0,67,511180
2026-05-18T07:29:05.421+00:00,1779089345421704000,778,R,7838,10706,9312,11992,7838,10706,9312,11992,22298,25789,24373,24764,-188,-169,39,-0.737255,-0.662745,0.152941,0,67,d11250
2026-05-18T07:29:05.421+00:00,1779089345421771000,779,R,7838,10711,9312,11996,7838,10711,9312,11996,22294,25789,24373,24763,-188,-168,40,-0.737255,-0.658824,0.156863,0,67,e11250
2026-05-18T07:29:05.421+00:00,1779089345421836000,780,R,7839,10709,9314,11995,7839,10709,9314,11995,22296,25791,24377,24765,-187,-169,39,-0.733333,-0.662745,0.152941,0,67,f11250
2026-05-18T07:29:05.572+00:00,1779089345572805000,781,R,7843,10712,9316,11998,7843,10712,9316,11998,22296,25791,24375,24764,-188,-169,40,-0.737255,-0.662745,0.156863,0,67,011250
2026-05-18T07:29:05.572+00:00,1779089345572929000,782,R,7840,10712,9314,11998,7840,10712,9314,11998,22299,25791,24374,24763,-188,-169,40,-0.737255,-0.662745,0.156863,0,67,111250
2026-05-18T07:29:05.573+00:00,1779089345573008000,783,R,7846,10721,9319,12005,7846,10721,9319,12005,22306,25800,24389,24776,-189,-168,41,-0.741176,-0.658824,0.160784,0,67,911320
2026-05-18T07:29:05.573+00:00,1779089345573076000,784,R,7847,10720,9321,12007,7847,10720,9321,12007,22305,25803,24391,24777,-188,-168,40,-0.737255,-0.658824,0.156863,0,67,a11320
2026-05-18T07:29:05.573+00:00,1779089345573139000,785,R,7845,10722,9322,12008,7845,10722,9322,12008,22306,25799,24394,24776,-189,-168,41,-0.741176,-0.658824,0.160784,0,67,b11320
2026-05-18T07:29:05.722+00:00,1779089345722761000,786,R,7843,10722,9319,12007,7843,10722,9319,12007,22308,25799,24391,24776,-187,-168,40,-0.733333,-0.658824,0.156863,0,67,c11320
2026-05-18T07:29:05.722+00:00,1779089345722875000,787,R,7847,10721,9319,12008,7847,10721,9319,12008,22304,25800,24394,24778,-188,-168,41,-0.737255,-0.658824,0.160784,0,67,d11320
2026-05-18T07:29:05.722+00:00,1779089345722948000,788,R,7851,10734,9325,12020,7851,10734,9325,12020,22312,25805,24405,24789,-188,-168,41,-0.737255,-0.658824,0.160784,0,67,511390
2026-05-18T07:29:05.723+00:00,1779089345723014000,789,R,7850,10733,9326,12027,7850,10733,9326,12027,22317,25809,24405,24792,-189,-169,41,-0.741176,-0.662745,0.160784,0,67,611390
2026-05-18T07:29:05.723+00:00,1779089345723097000,790,R,7852,10731,9327,12021,7852,10731,9327,12021,22316,25809,24403,24790,-189,-168,40,-0.741176,-0.658824,0.156863,0,67,711390
2026-05-18T07:29:05.873+00:00,1779089345873131000,791,R,7853,10732,9325,12017,7853,10732,9325,12017,22317,25804,24401,24784,-188,-169,39,-0.737255,-0.662745,0.152941,0,67,811390
2026-05-18T07:29:05.873+00:00,1779089345873285000,792,R,7849,10725,9323,12014,7849,10725,9323,12014,22312,25804,24395,24789,-188,-168,40,-0.737255,-0.658824,0.156863,0,67,911390
2026-05-18T07:29:05.873+00:00,1779089345873360000,793,R,7838,10700,9312,11987,7838,10700,9312,11987,22295,25783,24363,24753,-186,-168,40,-0.729412,-0.658824,0.156863,0,67,011450
2026-05-18T07:29:05.873+00:00,1779089345873427000,794,R,7840,10702,9310,11987,7840,10702,9310,11987,22295,25784,24365,24752,-188,-169,40,-0.737255,-0.662745,0.156863,0,67,111450
2026-05-18T07:29:05.873+00:00,1779089345873490000,795,R,7836,10689,9311,11985,7836,10689,9311,11985,22295,25786,24360,24753,-189,-169,39,-0.741176,-0.662745,0.152941,0,67,211450
2026-05-18T07:29:06.022+00:00,1779089346022782000,796,R,7835,10697,9309,11982,7835,10697,9309,11982,22297,25781,24360,24743,-188,-168,40,-0.737255,-0.658824,0.156863,0,67,311450
2026-05-18T07:29:06.023+00:00,1779089346023090000,797,R,7836,10696,9310,11980,7836,10696,9310,11980,22295,25782,24364,24753,-189,-168,41,-0.741176,-0.658824,0.160784,0,67,411450
2026-05-18T07:29:06.023+00:00,1779089346023169000,798,R,7834,10694,9308,11978,7834,10694,9308,11978,22287,25776,24356,24743,-188,-167,41,-0.737255,-0.654902,0.160784,0,67,d11530
2026-05-18T07:29:06.023+00:00,1779089346023238000,799,R,7824,10689,9297,11965,7824,10689,9297,11965,22283,25772,24357,24743,-190,-168,41,-0.745098,-0.658824,0.160784,0,67,e11530
2026-05-18T07:29:06.023+00:00,1779089346023304000,800,R,7835,10696,9307,11977,7835,10696,9307,11977,22284,25776,24353,24742,-190,-168,41,-0.745098,-0.658824,0.160784,0,67,f11530
2026-05-18T07:29:06.172+00:00,1779089346172812000,801,R,7832,10693,9305,11975,7832,10693,9305,11975,22287,25773,24359,24740,-190,-168,41,-0.745098,-0.658824,0.160784,0,67,011530
2026-05-18T07:29:06.172+00:00,1779089346172938000,802,R,7832,10694,9306,11974,7832,10694,9306,11974,22286,25772,24357,24742,-189,-167,41,-0.741176,-0.654902,0.160784,0,67,111530
2026-05-18T07:29:06.173+00:00,1779089346173018000,803,R,7830,10698,9307,11976,7830,10698,9307,11976,22284,25771,24356,24740,-189,-168,40,-0.741176,-0.658824,0.156863,0,67,911600
2026-05-18T07:29:06.173+00:00,1779089346173085000,804,R,7835,10709,9309,11989,7835,10709,9309,11989,22286,25771,24356,24737,-189,-168,41,-0.741176,-0.658824,0.160784,0,67,a11600
2026-05-18T07:29:06.173+00:00,1779089346173152000,805,R,7830,10695,9303,11974,7830,10695,9303,11974,22285,25769,24362,24736,-188,-169,40,-0.737255,-0.662745,0.156863,0,67,b11600
2026-05-18T07:29:06.322+00:00,1779089346322771000,806,R,7831,10696,9306,11976,7831,10696,9306,11976,22285,25772,24362,24740,-187,-168,39,-0.733333,-0.658824,0.152941,0,67,c11600
2026-05-18T07:29:06.322+00:00,1779089346322891000,807,R,7832,10699,9308,11979,7832,10699,9308,11979,22283,25773,24361,24742,-188,-168,40,-0.737255,-0.658824,0.156863,0,67,d11600
2026-05-18T07:29:06.322+00:00,1779089346322964000,808,R,7832,10697,9306,11980,7832,10697,9306,11980,22286,25772,24359,24738,-188,-168,39,-0.737255,-0.658824,0.152941,0,67,e11600
2026-05-18T07:29:06.323+00:00,1779089346323033000,809,R,7836,10703,9310,11985,7836,10703,9310,11985,22291,25775,24368,24751,-187,-169,40,-0.733333,-0.662745,0.156863,0,67,511660
2026-05-18T07:29:06.323+00:00,1779089346323106000,810,R,7833,10696,9309,11977,7833,10696,9309,11977,22292,25778,24365,24744,-189,-169,40,-0.741176,-0.662745,0.156863,0,67,611660
2026-05-18T07:29:06.471+00:00,1779089346471556000,811,R,7838,10707,9313,11988,7838,10707,9313,11988,22291,25781,24374,24752,-189,-169,40,-0.741176,-0.662745,0.156863,0,67,711660
2026-05-18T07:29:06.471+00:00,1779089346471668000,812,R,7837,10706,9307,11987,7837,10706,9307,11987,22293,25779,24373,24756,-188,-168,40,-0.737255,-0.658824,0.156863,0,67,811660
2026-05-18T07:29:06.471+00:00,1779089346471741000,813,R,7837,10710,9311,11989,7837,10710,9311,11989,22294,25781,24377,24752,-188,-169,41,-0.737255,-0.662745,0.160784,0,67,911660
2026-05-18T07:29:06.471+00:00,1779089346471807000,814,R,7841,10716,9317,11997,7841,10716,9317,11997,22300,25787,24389,24764,-189,-168,41,-0.741176,-0.658824,0.160784,0,67,111730
2026-05-18T07:29:06.471+00:00,1779089346471871000,815,R,7836,10719,9305,12003,7836,10719,9305,12003,22298,25793,24388,24770,-190,-168,40,-0.745098,-0.658824,0.156863,0,67,211730
2026-05-18T07:29:06.621+00:00,1779089346621136000,816,R,7845,10718,9318,12001,7845,10718,9318,12001,22304,25790,24391,24765,-188,-168,41,-0.737255,-0.658824,0.160784,0,67,311730
2026-05-18T07:29:06.621+00:00,1779089346621170000,817,R,7844,10722,9319,12000,7844,10722,9319,12000,22304,25791,24389,24768,-190,-169,41,-0.745098,-0.662745,0.160784,0,67,411730
2026-05-18T07:29:06.621+00:00,1779089346621186000,818,R,7842,10721,9317,12004,7842,10721,9317,12004,22304,25789,24388,24767,-189,-168,40,-0.741176,-0.658824,0.156863,0,67,511730
2026-05-18T07:29:06.621+00:00,1779089346621200000,819,R,7845,10715,9316,12001,7845,10715,9316,12001,22306,25790,24385,24770,-190,-170,40,-0.745098,-0.666667,0.156863,0,67,d11800
2026-05-18T07:29:06.621+00:00,1779089346621213000,820,R,7849,10708,9327,11995,7849,10708,9327,11995,22304,25791,24383,24764,-190,-169,40,-0.745098,-0.662745,0.156863,0,67,e11800
2026-05-18T07:29:06.770+00:00,1779089346770416000,821,R,7841,10706,9312,11989,7841,10706,9312,11989,22302,25785,24376,24761,-189,-169,40,-0.741176,-0.662745,0.156863,0,67,f11800
2026-05-18T07:29:06.770+00:00,1779089346770453000,822,R,7839,10699,9312,11984,7839,10699,9312,11984,22298,25780,24367,24755,-188,-167,39,-0.737255,-0.654902,0.152941,0,67,011800
2026-05-18T07:29:06.770+00:00,1779089346770469000,823,R,7837,10697,9312,11979,7837,10697,9312,11979,22297,25782,24360,24751,-187,-166,40,-0.733333,-0.65098,0.156863,0,67,111800
2026-05-18T07:29:06.770+00:00,1779089346770483000,824,R,7831,10689,9302,11970,7831,10689,9302,11970,22286,25768,24354,24736,-189,-168,40,-0.741176,-0.658824,0.156863,0,67,711850
2026-05-18T07:29:06.770+00:00,1779089346770497000,825,R,7831,10688,9302,11968,7831,10688,9302,11968,22282,25771,24348,24736,-189,-168,40,-0.741176,-0.658824,0.156863,0,67,811850
2026-05-18T07:29:06.770+00:00,1779089346770581000,826,R,7830,10689,9302,11968,7830,10689,9302,11968,22283,25770,24350,24735,-190,-169,41,-0.745098,-0.662745,0.160784,0,67,911850
2026-05-18T07:29:06.922+00:00,1779089346922781000,827,R,7821,10680,9289,11950,7821,10680,9289,11950,22284,25767,24354,24739,-189,-168,41,-0.741176,-0.658824,0.160784,0,67,a11850
2026-05-18T07:29:06.922+00:00,1779089346922873000,828,R,7827,10687,9302,11964,7827,10687,9302,11964,22279,25768,24349,24735,-190,-169,40,-0.745098,-0.662745,0.156863,0,67,b11850
2026-05-18T07:29:06.922+00:00,1779089346922911000,829,R,7827,10686,9302,11967,7827,10686,9302,11967,22276,25764,24349,24728,-189,-168,41,-0.741176,-0.658824,0.160784,0,67,411930
2026-05-18T07:29:06.922+00:00,1779089346922940000,830,R,7825,10687,9301,11965,7825,10687,9301,11965,22278,25764,24348,24728,-189,-167,42,-0.741176,-0.654902,0.164706,0,67,511930
2026-05-18T07:29:06.922+00:00,1779089346922967000,831,R,7833,10688,9319,11966,7833,10688,9319,11966,22277,25766,24349,24728,-189,-168,40,-0.741176,-0.658824,0.156863,0,67,611930
2026-05-18T07:29:07.072+00:00,1779089347072853000,832,R,7826,10688,9298,11966,7826,10688,9298,11966,22276,25760,24348,24729,-188,-169,40,-0.737255,-0.662745,0.156863,0,67,711930
2026-05-18T07:29:07.072+00:00,1779089347072950000,833,R,7827,10688,9299,11965,7827,10688,9299,11965,22274,25763,24354,24728,-188,-170,41,-0.737255,-0.666667,0.160784,0,67,811930
2026-05-18T07:29:07.072+00:00,1779089347072992000,834,R,7826,10691,9301,11972,7826,10691,9301,11972,22278,25771,24357,24737,-188,-169,40,-0.737255,-0.662745,0.156863,0,67,012000
2026-05-18T07:29:07.073+00:00,1779089347073029000,835,R,7826,10691,9302,11971,7826,10691,9302,11971,22279,25773,24355,24742,-189,-169,40,-0.741176,-0.662745,0.156863,0,67,112000
2026-05-18T07:29:07.073+00:00,1779089347073063000,836,R,7827,10692,9295,11974,7827,10692,9295,11974,22277,25769,24363,24745,-189,-168,39,-0.741176,-0.658824,0.152941,0,67,212000
2026-05-18T07:29:07.221+00:00,1779089347221588000,837,R,7829,10694,9302,11975,7829,10694,9302,11975,22280,25773,24360,24743,-188,-168,40,-0.737255,-0.658824,0.156863,0,67,312000
2026-05-18T07:29:07.221+00:00,1779089347221674000,838,R,7826,10695,9301,11976,7826,10695,9301,11976,22280,25773,24362,24742,-188,-169,40,-0.737255,-0.662745,0.156863,0,67,412000
2026-05-18T07:29:07.221+00:00,1779089347221705000,839,R,7831,10700,9306,11981,7831,10700,9306,11981,22287,25776,24369,24750,-187,-169,40,-0.733333,-0.662745,0.156863,0,67,b12060
2026-05-18T07:29:07.221+00:00,1779089347221731000,840,R,7832,10702,9306,11984,7832,10702,9306,11984,22283,25772,24372,24752,-188,-167,40,-0.737255,-0.654902,0.156863,0,67,c12060
2026-05-18T07:29:07.221+00:00,1779089347221756000,841,R,7831,10707,9305,11984,7831,10707,9305,11984,22287,25776,24373,24752,-189,-168,40,-0.741176,-0.658824,0.156863,0,67,d12060
2026-05-18T07:29:07.521+00:00,1779089347521198000,842,R,7835,10705,9313,11988,7835,10705,9313,11988,22283,25771,24372,24749,-188,-168,40,-0.737255,-0.658824,0.156863,0,67,e12060
2026-05-18T07:29:07.521+00:00,1779089347521352000,843,R,7835,10706,9307,11985,7835,10706,9307,11985,22289,25775,24376,24759,-188,-168,41,-0.737255,-0.658824,0.160784,0,67,f12060
2026-05-18T07:29:07.521+00:00,1779089347521426000,844,R,7839,10714,9312,11995,7839,10714,9312,11995,22294,25785,24385,24768,-189,-168,41,-0.741176,-0.658824,0.160784,0,67,612120
2026-05-18T07:29:07.521+00:00,1779089347521492000,845,R,7838,10716,9315,12001,7838,10716,9315,12001,22294,25786,24386,24770,-190,-168,40,-0.745098,-0.658824,0.156863,0,67,712120
2026-05-18T07:29:07.521+00:00,1779089347521555000,846,R,7838,10718,9316,12003,7838,10718,9316,12003,22294,25790,24387,24774,-189,-168,40,-0.741176,-0.658824,0.156863,0,67,812120
2026-05-18T07:29:07.672+00:00,1779089347672880000,847,R,7839,10718,9314,12001,7839,10718,9314,12001,22295,25794,24389,24778,-188,-168,40,-0.737255,-0.658824,0.156863,0,67,912120
2026-05-18T07:29:07.673+00:00,1779089347673016000,848,R,7839,10718,9315,12004,7839,10718,9315,12004,22295,25794,24390,24782,-188,-168,40,-0.737255,-0.658824,0.156863,0,67,a12120
2026-05-18T07:29:07.673+00:00,1779089347673092000,849,R,7834,10701,9310,11989,7834,10701,9310,11989,22292,25787,24373,24772,-187,-169,39,-0.733333,-0.662745,0.152941,0,68,412210
2026-05-18T07:29:07.673+00:00,1779089347673159000,850,R,7834,10699,9310,11986,7834,10699,9310,11986,22291,25786,24369,24768,-187,-168,39,-0.733333,-0.658824,0.152941,0,68,512210
2026-05-18T07:29:07.673+00:00,1779089347673225000,851,R,7833,10693,9310,11985,7833,10693,9310,11985,22288,25784,24365,24760,-188,-167,39,-0.737255,-0.654902,0.152941,0,68,612210
2026-05-18T07:29:07.822+00:00,1779089347822860000,852,R,7832,10694,9307,11983,7832,10694,9307,11983,22286,25782,24361,24758,-188,-167,39,-0.737255,-0.654902,0.152941,0,68,712210
2026-05-18T07:29:07.822+00:00,1779089347822982000,853,R,7828,10693,9306,11981,7828,10693,9306,11981,22286,25780,24363,24759,-188,-168,40,-0.737255,-0.658824,0.156863,0,68,812210
2026-05-18T07:29:07.823+00:00,1779089347823053000,854,R,7829,10692,9307,11978,7829,10692,9307,11978,22282,25776,24361,24756,-188,-169,39,-0.737255,-0.662745,0.152941,0,68,912210
2026-05-18T07:29:07.823+00:00,1779089347823137000,855,R,7825,10690,9302,11970,7825,10690,9302,11970,22277,25768,24355,24751,-189,-168,41,-0.741176,-0.658824,0.160784,0,68,012270
2026-05-18T07:29:07.823+00:00,1779089347823200000,856,R,7827,10687,9304,11971,7827,10687,9304,11971,22277,25772,24354,24747,-189,-170,41,-0.741176,-0.666667,0.160784,0,68,112270
2026-05-18T07:29:07.972+00:00,1779089347972692000,857,R,7827,10688,9302,11973,7827,10688,9302,11973,22275,25766,24362,24750,-188,-168,40,-0.737255,-0.658824,0.156863,0,68,212270
2026-05-18T07:29:07.972+00:00,1779089347972761000,858,R,7825,10690,9304,11971,7825,10690,9304,11971,22276,25769,24353,24744,-187,-167,40,-0.733333,-0.654902,0.156863,0,68,312270
2026-05-18T07:29:07.972+00:00,1779089347972794000,859,R,7825,10689,9300,11973,7825,10689,9300,11973,22278,25774,24360,24749,-188,-167,40,-0.737255,-0.654902,0.156863,0,68,412270
2026-05-18T07:29:07.972+00:00,1779089347972822000,860,R,7824,10688,9300,11968,7824,10688,9300,11968,22276,25767,24352,24742,-188,-169,40,-0.737255,-0.662745,0.156863,0,68,c12340
2026-05-18T07:29:07.972+00:00,1779089347972850000,861,R,7825,10687,9300,11970,7825,10687,9300,11970,22273,25766,24356,24746,-188,-170,40,-0.737255,-0.666667,0.156863,0,68,d12340
2026-05-18T07:29:08.123+00:00,1779089348123342000,862,R,7823,10689,9299,11969,7823,10689,9299,11969,22273,25767,24351,24742,-188,-169,39,-0.737255,-0.662745,0.152941,0,68,e12340
2026-05-18T07:29:08.123+00:00,1779089348123482000,863,R,7826,10689,9300,11970,7826,10689,9300,11970,22274,25769,24355,24744,-188,-170,39,-0.737255,-0.666667,0.152941,0,68,f12340
2026-05-18T07:29:08.123+00:00,1779089348123564000,864,R,7826,10692,9302,11973,7826,10692,9302,11973,22276,25767,24357,24750,-188,-168,40,-0.737255,-0.658824,0.156863,0,68,012340
2026-05-18T07:29:08.123+00:00,1779089348123634000,865,R,7828,10696,9303,11977,7828,10696,9303,11977,22279,25771,24369,24752,-188,-168,40,-0.737255,-0.658824,0.156863,0,68,812410
2026-05-18T07:29:08.123+00:00,1779089348123708000,866,R,7828,10697,9305,11980,7828,10697,9305,11980,22280,25772,24364,24751,-188,-169,40,-0.737255,-0.662745,0.156863,0,68,912410
2026-05-18T07:29:08.272+00:00,1779089348272116000,867,R,7829,10700,9306,11979,7829,10700,9306,11979,22273,25768,24361,24743,-187,-168,40,-0.733333,-0.658824,0.156863,0,68,a12410
2026-05-18T07:29:08.272+00:00,1779089348272221000,868,R,7831,10699,9306,11980,7831,10699,9306,11980,22283,25772,24370,24756,-188,-168,40,-0.737255,-0.658824,0.156863,0,68,b12410
2026-05-18T07:29:08.272+00:00,1779089348272291000,869,R,7831,10700,9303,11980,7831,10700,9303,11980,22284,25776,24369,24756,-187,-169,40,-0.733333,-0.662745,0.156863,0,68,c12410
2026-05-18T07:29:08.272+00:00,1779089348272356000,870,R,7833,10707,9312,11989,7833,10707,9312,11989,22294,25787,24383,24767,-188,-168,41,-0.737255,-0.658824,0.160784,0,68,412480
2026-05-18T07:29:08.272+00:00,1779089348272420000,871,R,7835,10707,9309,11993,7835,10707,9309,11993,22287,25786,24383,24771,-188,-169,41,-0.737255,-0.662745,0.160784,0,68,512480
2026-05-18T07:29:08.420+00:00,1779089348421010000,872,R,7835,10709,9311,11992,7835,10709,9311,11992,22291,25781,24384,24771,-188,-168,41,-0.737255,-0.658824,0.160784,0,68,612480
2026-05-18T07:29:08.421+00:00,1779089348421145000,873,R,7833,10711,9307,11994,7833,10711,9307,11994,22292,25785,24386,24770,-188,-169,40,-0.737255,-0.662745,0.156863,0,68,712480
2026-05-18T07:29:08.421+00:00,1779089348421220000,874,R,7837,10711,9311,11994,7837,10711,9311,11994,22294,25788,24390,24773,-189,-168,41,-0.741176,-0.658824,0.160784,0,68,812480
2026-05-18T07:29:08.421+00:00,1779089348421287000,875,R,7839,10719,9316,12003,7839,10719,9316,12003,22298,25795,24400,24783,-188,-168,41,-0.737255,-0.658824,0.160784,0,68,012550
2026-05-18T07:29:08.421+00:00,1779089348421380000,876,R,7843,10723,9319,12005,7843,10723,9319,12005,22301,25796,24400,24787,-189,-169,41,-0.741176,-0.662745,0.160784,0,68,112550
2026-05-18T07:29:08.421+00:00,1779089348421446000,877,R,7842,10725,9317,12006,7842,10725,9317,12006,22301,25795,24402,24788,-188,-167,40,-0.737255,-0.654902,0.156863,0,68,212550
2026-05-18T07:29:08.572+00:00,1779089348572827000,878,R,7842,10719,9314,12004,7842,10719,9314,12004,22305,25796,24397,24786,-187,-169,40,-0.733333,-0.662745,0.156863,0,68,312550
2026-05-18T07:29:08.572+00:00,1779089348572954000,879,R,7843,10715,9314,12000,7843,10715,9314,12000,22298,25792,24388,24781,-189,-170,40,-0.741176,-0.666667,0.156863,0,68,412550
2026-05-18T07:29:08.573+00:00,1779089348573045000,880,R,7830,10693,9302,11974,7830,10693,9302,11974,22281,25775,24362,24752,-188,-169,40,-0.737255,-0.662745,0.156863,0,68,c12620
2026-05-18T07:29:08.573+00:00,1779089348573116000,881,R,7829,10690,9300,11974,7829,10690,9300,11974,22284,25770,24358,24751,-188,-169,40,-0.737255,-0.662745,0.156863,0,68,d12620
2026-05-18T07:29:08.573+00:00,1779089348573182000,882,R,7826,10690,9303,11971,7826,10690,9303,11971,22279,25772,24358,24747,-189,-168,40,-0.741176,-0.658824,0.156863,0,68,e12620
2026-05-18T07:29:08.722+00:00,1779089348722829000,883,R,7827,10689,9301,11969,7827,10689,9301,11969,22277,25768,24358,24750,-189,-168,41,-0.741176,-0.658824,0.160784,0,68,f12620
2026-05-18T07:29:08.722+00:00,1779089348722946000,884,R,7826,10689,9301,11968,7826,10689,9301,11968,22278,25771,24359,24743,-189,-169,40,-0.741176,-0.662745,0.156863,0,68,012620
2026-05-18T07:29:08.723+00:00,1779089348723020000,885,R,7826,10690,9299,11966,7826,10690,9299,11966,22278,25765,24357,24743,-190,-168,40,-0.745098,-0.658824,0.156863,0,68,812690
2026-05-18T07:29:08.723+00:00,1779089348723087000,886,R,7823,10687,9299,11964,7823,10687,9299,11964,22276,25770,24356,24742,-189,-169,41,-0.741176,-0.662745,0.160784,0,68,912690
2026-05-18T07:29:08.723+00:00,1779089348723151000,887,R,7824,10691,9300,11966,7824,10691,9300,11966,22277,25766,24357,24740,-189,-168,41,-0.741176,-0.658824,0.160784,0,68,a12690
2026-05-18T07:29:08.872+00:00,1779089348872888000,888,R,7824,10692,9300,11964,7824,10692,9300,11964,22281,25768,24358,24740,-190,-168,41,-0.745098,-0.658824,0.160784,0,68,b12690
2026-05-18T07:29:08.872+00:00,1779089348873007000,889,R,7825,10688,9296,11968,7825,10688,9296,11968,22279,25765,24357,24743,-189,-167,42,-0.741176,-0.654902,0.164706,0,68,c12690
2026-05-18T07:29:08.873+00:00,1779089348873091000,890,R,7825,10690,9299,11967,7825,10690,9299,11967,22277,25764,24357,24743,-188,-168,40,-0.737255,-0.658824,0.156863,0,68,312750
2026-05-18T07:29:08.873+00:00,1779089348873162000,891,R,7828,10695,9300,11966,7828,10695,9300,11966,22278,25762,24362,24742,-188,-169,40,-0.737255,-0.662745,0.156863,0,68,412750
2026-05-18T07:29:08.873+00:00,1779089348873226000,892,R,7821,10691,9290,11960,7821,10691,9290,11960,22280,25766,24365,24745,-188,-168,39,-0.737255,-0.658824,0.152941,0,68,512750
2026-05-18T07:29:09.172+00:00,1779089349172977000,893,R,7827,10695,9299,11970,7827,10695,9299,11970,22280,25768,24362,24743,-189,-168,39,-0.741176,-0.658824,0.152941,0,68,612750
2026-05-18T07:29:09.173+00:00,1779089349173097000,894,R,7826,10692,9296,11970,7826,10692,9296,11970,22277,25769,24362,24742,-188,-169,40,-0.737255,-0.662745,0.156863,0,68,712750
2026-05-18T07:29:09.173+00:00,1779089349173171000,895,R,7829,10702,9303,11979,7829,10702,9303,11979,22285,25774,24375,24760,-188,-169,40,-0.737255,-0.662745,0.156863,0,68,012830
2026-05-18T07:29:09.173+00:00,1779089349173239000,896,R,7831,10711,9312,11993,7831,10711,9312,11993,22289,25779,24377,24756,-188,-169,40,-0.737255,-0.662745,0.156863,0,68,112830
2026-05-18T07:29:09.173+00:00,1779089349173304000,897,R,7836,10706,9304,11981,7836,10706,9304,11981,22287,25776,24381,24757,-188,-169,39,-0.737255,-0.662745,0.152941,0,68,212830
2026-05-18T07:29:09.322+00:00,1779089349322545000,898,R,7834,10708,9308,11983,7834,10708,9308,11983,22289,25777,24381,24760,-188,-169,40,-0.737255,-0.662745,0.156863,0,68,312830
2026-05-18T07:29:09.322+00:00,1779089349322670000,899,R,7833,10707,9305,11984,7833,10707,9305,11984,22291,25776,24378,24759,-189,-168,41,-0.741176,-0.658824,0.160784,0,68,412830
2026-05-18T07:29:09.322+00:00,1779089349322745000,900,R,7839,10716,9312,11995,7839,10716,9312,11995,22296,25787,24394,24775,-188,-168,40,-0.737255,-0.658824,0.156863,0,68,c12900
2026-05-18T07:29:09.323+00:00,1779089349323059000,901,R,7837,10714,9304,11988,7837,10714,9304,11988,22298,25792,24399,24774,-190,-168,40,-0.745098,-0.658824,0.156863,0,68,d12900
2026-05-18T07:29:09.323+00:00,1779089349323129000,902,R,7839,10718,9312,11997,7839,10718,9312,11997,22298,25788,24394,24774,-189,-168,40,-0.741176,-0.658824,0.156863,0,68,e12900
2026-05-18T07:29:09.471+00:00,1779089349471578000,903,R,7841,10719,9313,11997,7841,10719,9313,11997,22299,25792,24395,24778,-189,-168,40,-0.741176,-0.658824,0.156863,0,68,f12900
2026-05-18T07:29:09.471+00:00,1779089349471734000,904,R,7841,10721,9312,11999,7841,10721,9312,11999,22299,25794,24398,24780,-189,-168,40,-0.741176,-0.658824,0.156863,0,68,012900
2026-05-18T07:29:09.471+00:00,1779089349471811000,905,R,7843,10725,9312,12000,7843,10725,9312,12000,22302,25791,24400,24783,-189,-166,40,-0.741176,-0.65098,0.156863,0,68,112900
2026-05-18T07:29:09.471+00:00,1779089349471880000,906,R,7838,10711,9311,11988,7838,10711,9311,11988,22301,25791,24393,24778,-189,-170,40,-0.741176,-0.666667,0.156863,0,68,812960
2026-05-18T07:29:09.471+00:00,1779089349471946000,907,R,7846,10705,9312,11990,7846,10705,9312,11990,22297,25782,24381,24770,-188,-169,40,-0.737255,-0.662745,0.156863,0,68,912960
2026-05-18T07:29:09.622+00:00,1779089349622551000,908,R,7834,10700,9308,11981,7834,10700,9308,11981,22293,25781,24377,24766,-187,-168,39,-0.733333,-0.658824,0.152941,0,68,a12960
2026-05-18T07:29:09.622+00:00,1779089349622688000,909,R,7834,10699,9306,11979,7834,10699,9306,11979,22292,25777,24373,24759,-188,-167,40,-0.737255,-0.654902,0.156863,0,68,b12960
2026-05-18T07:29:09.622+00:00,1779089349622766000,910,R,7831,10698,9307,11975,7831,10698,9307,11975,22293,25779,24370,24759,-187,-166,39,-0.733333,-0.65098,0.152941,0,68,c12960
2026-05-18T07:29:09.622+00:00,1779089349622838000,911,R,7826,10689,9298,11966,7826,10689,9298,11966,22284,25767,24358,24743,-190,-169,41,-0.745098,-0.662745,0.160784,0,68,313020
2026-05-18T07:29:09.622+00:00,1779089349622904000,912,R,7824,10690,9299,11968,7824,10690,9299,11968,22281,25771,24359,24747,-189,-169,41,-0.741176,-0.662745,0.160784,0,68,413020
2026-05-18T07:29:09.773+00:00,1779089349773103000,913,R,7823,10689,9306,11960,7823,10689,9306,11960,22279,25766,24359,24741,-189,-168,41,-0.741176,-0.658824,0.160784,0,68,513020
2026-05-18T07:29:09.773+00:00,1779089349773244000,914,R,7827,10689,9297,11963,7827,10689,9297,11963,22280,25765,24358,24739,-188,-168,40,-0.737255,-0.658824,0.156863,0,68,613020
2026-05-18T07:29:09.773+00:00,1779089349773320000,915,R,7826,10689,9298,11961,7826,10689,9298,11961,22278,25765,24356,24742,-189,-169,41,-0.741176,-0.662745,0.160784,0,68,713020
2026-05-18T07:29:09.773+00:00,1779089349773405000,916,R,7824,10689,9298,11964,7824,10689,9298,11964,22278,25767,24359,24740,-190,-168,41,-0.745098,-0.658824,0.160784,0,68,e13080
2026-05-18T07:29:09.773+00:00,1779089349773474000,917,R,7824,10689,9300,11965,7824,10689,9300,11965,22278,25766,24358,24739,-189,-168,40,-0.741176,-0.658824,0.156863,0,68,f13080
2026-05-18T07:29:09.922+00:00,1779089349922479000,918,R,7823,10691,9295,11964,7823,10691,9295,11964,22280,25767,24356,24739,-187,-167,40,-0.733333,-0.654902,0.156863,0,68,013080
2026-05-18T07:29:09.922+00:00,1779089349922520000,919,R,7817,10682,9282,11953,7817,10682,9282,11953,22274,25759,24353,24736,-188,-168,40,-0.737255,-0.658824,0.156863,0,68,113080
2026-05-18T07:29:09.922+00:00,1779089349922537000,920,R,7824,10691,9297,11965,7824,10691,9297,11965,22278,25763,24359,24736,-187,-168,40,-0.733333,-0.658824,0.156863,0,68,213080
2026-05-18T07:29:09.922+00:00,1779089349922550000,921,R,7827,10694,9298,11965,7827,10694,9298,11965,22278,25768,24362,24744,-188,-168,40,-0.737255,-0.658824,0.156863,0,68,913140
2026-05-18T07:29:09.922+00:00,1779089349922564000,922,R,7826,10695,9300,11966,7826,10695,9300,11966,22283,25767,24366,24742,-189,-168,40,-0.741176,-0.658824,0.156863,0,68,a13140
2026-05-18T07:29:09.922+00:00,1779089349922576000,923,R,7827,10693,9299,11969,7827,10693,9299,11969,22281,25766,24364,24743,-188,-169,40,-0.737255,-0.662745,0.156863,0,68,b13140
2026-05-18T07:29:10.223+00:00,1779089350223122000,924,R,7824,10695,9301,11970,7824,10695,9301,11970,22281,25772,24366,24745,-189,-168,40,-0.741176,-0.658824,0.156863,0,68,c13140
2026-05-18T07:29:10.223+00:00,1779089350223200000,925,R,7828,10697,9303,11970,7828,10697,9303,11970,22282,25770,24369,24746,-188,-169,39,-0.737255,-0.662745,0.152941,0,68,d13140
2026-05-18T07:29:10.223+00:00,1779089350223230000,926,R,7831,10706,9304,11983,7831,10706,9304,11983,22289,25781,24381,24761,-189,-168,41,-0.741176,-0.658824,0.160784,0,68,813240
2026-05-18T07:29:10.223+00:00,1779089350223266000,927,R,7832,10708,9299,11987,7832,10708,9299,11987,22287,25779,24385,24763,-190,-169,40,-0.745098,-0.662745,0.156863,0,68,913240
2026-05-18T07:29:10.223+00:00,1779089350223292000,928,R,7835,10710,9307,11985,7835,10710,9307,11985,22292,25782,24383,24764,-189,-168,40,-0.741176,-0.658824,0.156863,0,68,a13240
2026-05-18T07:29:10.373+00:00,1779089350373349000,929,R,7835,10710,9308,11986,7835,10710,9308,11986,22294,25786,24383,24767,-188,-168,40,-0.737255,-0.658824,0.156863,0,68,b13240
2026-05-18T07:29:10.373+00:00,1779089350373513000,930,R,7836,10712,9309,11988,7836,10712,9309,11988,22298,25789,24388,24770,-189,-168,40,-0.741176,-0.658824,0.156863,0,68,c13240
2026-05-18T07:29:10.373+00:00,1779089350373588000,931,R,7842,10721,9313,11998,7842,10721,9313,11998,22299,25793,24398,24783,-189,-169,40,-0.741176,-0.662745,0.156863,0,68,313300
2026-05-18T07:29:10.373+00:00,1779089350373668000,932,R,7840,10720,9314,11999,7840,10720,9314,11999,22302,25793,24397,24783,-190,-168,40,-0.745098,-0.658824,0.156863,0,68,413300
2026-05-18T07:29:10.373+00:00,1779089350373734000,933,R,7841,10723,9312,12005,7841,10723,9312,12005,22294,25798,24399,24788,-189,-167,40,-0.741176,-0.654902,0.156863,0,68,513300
2026-05-18T07:29:10.522+00:00,1779089350522874000,934,R,7843,10724,9314,12003,7843,10724,9314,12003,22301,25798,24399,24786,-189,-169,41,-0.741176,-0.662745,0.160784,0,68,613300
2026-05-18T07:29:10.522+00:00,1779089350522997000,935,R,7843,10725,9316,12003,7843,10725,9316,12003,22303,25798,24403,24785,-189,-169,40,-0.741176,-0.662745,0.156863,0,68,713300
2026-05-18T07:29:10.523+00:00,1779089350523071000,936,R,7832,10696,9305,11975,7832,10696,9305,11975,22289,25778,24365,24759,-188,-166,39,-0.737255,-0.65098,0.152941,0,68,f13370
2026-05-18T07:29:10.523+00:00,1779089350523180000,937,R,7833,10692,9302,11971,7833,10692,9302,11971,22285,25779,24368,24754,-188,-167,40,-0.737255,-0.654902,0.156863,0,68,013370
2026-05-18T07:29:10.523+00:00,1779089350523247000,938,R,7829,10692,9303,11969,7829,10692,9303,11969,22288,25777,24363,24753,-187,-169,39,-0.733333,-0.662745,0.152941,0,68,113370
2026-05-18T07:29:10.672+00:00,1779089350672958000,939,R,7831,10691,9301,11969,7831,10691,9301,11969,22286,25772,24359,24753,-189,-168,40,-0.741176,-0.658824,0.156863,0,68,213370
2026-05-18T07:29:10.673+00:00,1779089350673087000,940,R,7830,10692,9302,11968,7830,10692,9302,11968,22287,25772,24358,24745,-188,-169,39,-0.737255,-0.662745,0.152941,0,68,313370
2026-05-18T07:29:10.673+00:00,1779089350673160000,941,R,7826,10690,9298,11959,7826,10690,9298,11959,22282,25769,24358,24741,-188,-167,40,-0.737255,-0.654902,0.156863,0,68,b13440
2026-05-18T07:29:10.673+00:00,1779089350673227000,942,R,7826,10689,9297,11964,7826,10689,9297,11964,22281,25767,24359,24743,-187,-165,40,-0.733333,-0.647059,0.156863,0,68,c13440
2026-05-18T07:29:10.673+00:00,1779089350673290000,943,R,7826,10688,9299,11965,7826,10688,9299,11965,22284,25770,24359,24739,-188,-168,40,-0.737255,-0.658824,0.156863,0,68,d13440
2026-05-18T07:29:10.822+00:00,1779089350822378000,944,R,7827,10690,9299,11966,7827,10690,9299,11966,22283,25769,24358,24745,-189,-167,41,-0.741176,-0.654902,0.160784,0,68,e13440
2026-05-18T07:29:10.822+00:00,1779089350822413000,945,R,7826,10691,9296,11963,7826,10691,9296,11963,22285,25769,24358,24743,-190,-168,42,-0.745098,-0.658824,0.164706,0,68,f13440
2026-05-18T07:29:10.822+00:00,1779089350822430000,946,R,7828,10694,9298,11965,7828,10694,9298,11965,22279,25768,24359,24742,-187,-170,39,-0.733333,-0.666667,0.152941,0,68,713510
2026-05-18T07:29:10.822+00:00,1779089350822499000,947,R,7828,10692,9297,11968,7828,10692,9297,11968,22280,25769,24357,24742,-187,-169,39,-0.733333,-0.662745,0.152941,0,68,813510
2026-05-18T07:29:10.822+00:00,1779089350822514000,948,R,7829,10691,9300,11967,7829,10691,9300,11967,22277,25763,24364,24745,-188,-169,39,-0.737255,-0.662745,0.152941,0,68,913510
2026-05-18T07:29:10.972+00:00,1779089350972073000,949,R,7828,10693,9300,11966,7828,10693,9300,11966,22282,25768,24361,24741,-189,-169,40,-0.741176,-0.662745,0.156863,0,68,a13510
2026-05-18T07:29:10.972+00:00,1779089350972127000,950,R,7827,10693,9301,11967,7827,10693,9301,11967,22284,25770,24363,24746,-188,-168,40,-0.737255,-0.658824,0.156863,0,68,b13510
2026-05-18T07:29:10.972+00:00,1779089350972151000,951,R,7830,10699,9303,11973,7830,10699,9303,11973,22285,25774,24370,24754,-188,-168,40,-0.737255,-0.658824,0.156863,0,68,213570
2026-05-18T07:29:10.972+00:00,1779089350972171000,952,R,7831,10702,9302,11977,7831,10702,9302,11977,22287,25775,24369,24757,-188,-169,39,-0.737255,-0.662745,0.152941,0,68,313570
2026-05-18T07:29:10.972+00:00,1779089350972191000,953,R,7832,10702,9305,11980,7832,10702,9305,11980,22292,25780,24373,24757,-188,-169,40,-0.737255,-0.662745,0.156863,0,68,413570
2026-05-18T07:29:11.121+00:00,1779089351121859000,954,R,7832,10702,9304,11978,7832,10702,9304,11978,22287,25782,24373,24757,-188,-169,39,-0.737255,-0.662745,0.152941,0,68,513570
2026-05-18T07:29:11.121+00:00,1779089351121999000,955,R,7834,10705,9305,11980,7834,10705,9305,11980,22289,25780,24374,24760,-189,-169,40,-0.741176,-0.662745,0.156863,0,68,613570
2026-05-18T07:29:11.122+00:00,1779089351122075000,956,R,7833,10704,9308,11981,7833,10704,9308,11981,22287,25781,24375,24760,-189,-168,40,-0.741176,-0.658824,0.156863,0,68,713570
2026-05-18T07:29:11.122+00:00,1779089351122143000,957,R,7838,10714,9311,11992,7838,10714,9311,11992,22298,25788,24388,24778,-189,-168,40,-0.741176,-0.658824,0.156863,0,68,f13640
2026-05-18T07:29:11.122+00:00,1779089351122208000,958,R,7838,10716,9313,11995,7838,10716,9313,11995,22301,25796,24391,24779,-190,-168,41,-0.745098,-0.658824,0.160784,0,68,013640
2026-05-18T07:29:11.272+00:00,1779089351272525000,959,R,7840,10719,9312,11995,7840,10719,9312,11995,22299,25792,24390,24776,-189,-168,41,-0.741176,-0.658824,0.160784,0,68,113640
2026-05-18T07:29:11.272+00:00,1779089351272662000,960,R,7839,10719,9312,11996,7839,10719,9312,11996,22301,25794,24394,24779,-189,-170,40,-0.741176,-0.666667,0.156863,0,68,213640
2026-05-18T07:29:11.272+00:00,1779089351272736000,961,R,7840,10719,9314,11999,7840,10719,9314,11999,22302,25797,24394,24780,-189,-169,40,-0.741176,-0.662745,0.156863,0,68,313640
2026-05-18T07:29:11.272+00:00,1779089351272801000,962,R,7846,10721,9319,12006,7846,10721,9319,12006,22306,25799,24397,24794,-187,-168,40,-0.733333,-0.658824,0.156863,0,68,b13710
2026-05-18T07:29:11.272+00:00,1779089351272865000,963,R,7845,10716,9314,12003,7845,10716,9314,12003,22302,25796,24392,24786,-189,-170,40,-0.741176,-0.666667,0.156863,0,68,c13710
2026-05-18T07:29:11.421+00:00,1779089351421130000,964,R,7843,10712,9312,11998,7843,10712,9312,11998,22305,25796,24386,24785,-189,-170,40,-0.741176,-0.666667,0.156863,0,68,d13710
2026-05-18T07:29:11.421+00:00,1779089351421257000,965,R,7841,10706,9311,11989,7841,10706,9311,11989,22303,25796,24379,24781,-188,-169,39,-0.737255,-0.662745,0.152941,0,68,e13710
2026-05-18T07:29:11.421+00:00,1779089351421330000,966,R,7839,10702,9309,11985,7839,10702,9309,11985,22294,25789,24377,24774,-187,-169,39,-0.733333,-0.662745,0.152941,0,68,f13710
2026-05-18T07:29:11.421+00:00,1779089351421397000,967,R,7830,10695,9305,11976,7830,10695,9305,11976,22290,25777,24361,24758,-188,-169,40,-0.737255,-0.662745,0.156863,0,68,513760
2026-05-18T07:29:11.421+00:00,1779089351421461000,968,R,7832,10695,9302,11973,7832,10695,9302,11973,22294,25779,24361,24756,-190,-170,40,-0.745098,-0.666667,0.156863,0,68,613760
2026-05-18T07:29:11.571+00:00,1779089351571896000,969,R,7832,10694,9306,11974,7832,10694,9306,11974,22286,25779,24363,24756,-190,-169,40,-0.745098,-0.662745,0.156863,0,68,713760
2026-05-18T07:29:11.571+00:00,1779089351571982000,970,R,7834,10693,9303,11971,7834,10693,9303,11971,22287,25779,24359,24755,-189,-169,40,-0.741176,-0.662745,0.156863,0,68,813760
2026-05-18T07:29:11.572+00:00,1779089351572014000,971,R,7830,10693,9303,11971,7830,10693,9303,11971,22287,25776,24358,24752,-189,-169,41,-0.741176,-0.662745,0.160784,0,68,913760
2026-05-18T07:29:11.572+00:00,1779089351572042000,972,R,7832,10696,9303,11972,7832,10696,9303,11972,22287,25779,24362,24756,-189,-169,41,-0.741176,-0.662745,0.160784,0,68,313850
2026-05-18T07:29:11.572+00:00,1779089351572067000,973,R,7830,10692,9303,11977,7830,10692,9303,11977,22286,25780,24361,24755,-189,-168,40,-0.741176,-0.658824,0.156863,0,68,413850
2026-05-18T07:29:11.572+00:00,1779089351572092000,974,R,7832,10695,9304,11975,7832,10695,9304,11975,22285,25775,24361,24757,-188,-169,40,-0.737255,-0.662745,0.156863,0,68,513850
2026-05-18T07:29:11.724+00:00,1779089351724101000,975,R,7828,10692,9305,11972,7828,10692,9305,11972,22284,25778,24360,24760,-187,-169,40,-0.733333,-0.662745,0.156863,0,68,613850
2026-05-18T07:29:11.724+00:00,1779089351724469000,976,R,7830,10696,9302,11972,7830,10696,9302,11972,22284,25774,24360,24757,-187,-169,39,-0.733333,-0.662745,0.152941,0,68,713850
2026-05-18T07:29:11.724+00:00,1779089351724549000,977,R,7832,10699,9306,11980,7832,10699,9306,11980,22288,25781,24367,24761,-187,-169,39,-0.733333,-0.662745,0.152941,0,68,f13920
2026-05-18T07:29:11.724+00:00,1779089351724616000,978,R,7831,10696,9306,11981,7831,10696,9306,11981,22285,25782,24367,24766,-188,-169,40,-0.737255,-0.662745,0.156863,0,68,013920
2026-05-18T07:29:11.724+00:00,1779089351724682000,979,R,7833,10698,9305,11980,7833,10698,9305,11980,22286,25782,24367,24766,-188,-169,39,-0.737255,-0.662745,0.152941,0,68,113920
2026-05-18T07:29:11.874+00:00,1779089351874441000,980,R,7834,10704,9307,11983,7834,10704,9307,11983,22285,25782,24369,24764,-188,-169,41,-0.737255,-0.662745,0.160784,0,68,213920
2026-05-18T07:29:11.874+00:00,1779089351874595000,981,R,7833,10703,9310,11984,7833,10703,9310,11984,22288,25785,24372,24764,-188,-169,40,-0.737255,-0.662745,0.156863,0,68,313920
2026-05-18T07:29:11.874+00:00,1779089351874668000,982,R,7838,10709,9310,11993,7838,10709,9310,11993,22292,25793,24379,24778,-188,-169,41,-0.737255,-0.662745,0.160784,0,68,b13990
2026-05-18T07:29:11.874+00:00,1779089351874734000,983,R,7835,10712,9310,11994,7835,10712,9310,11994,22291,25790,24382,24777,-188,-169,40,-0.737255,-0.662745,0.156863,0,68,c13990
2026-05-18T07:29:11.874+00:00,1779089351874797000,984,R,7838,10712,9314,11995,7838,10712,9314,11995,22292,25792,24384,24782,-188,-169,41,-0.737255,-0.662745,0.160784,0,68,d13990
2026-05-18T07:29:12.174+00:00,1779089352174025000,985,R,7836,10714,9312,11996,7836,10714,9312,11996,22294,25794,24384,24781,-188,-169,40,-0.737255,-0.662745,0.156863,0,68,e13990
2026-05-18T07:29:12.174+00:00,1779089352174073000,986,R,7838,10713,9313,11998,7838,10713,9313,11998,22297,25794,24384,24781,-189,-169,40,-0.741176,-0.662745,0.156863,0,68,f13990
2026-05-18T07:29:12.174+00:00,1779089352174096000,987,R,7844,10722,9320,12005,7844,10722,9320,12005,22304,25800,24397,24791,-188,-168,40,-0.737255,-0.658824,0.156863,0,68,614050
2026-05-18T07:29:12.174+00:00,1779089352174116000,988,R,7842,10725,9317,12008,7842,10725,9317,12008,22302,25804,24395,24791,-188,-170,41,-0.737255,-0.666667,0.160784,0,68,714050
2026-05-18T07:29:12.174+00:00,1779089352174134000,989,R,7845,10734,9327,12022,7845,10734,9327,12022,22303,25803,24397,24795,-187,-168,40,-0.733333,-0.658824,0.156863,0,68,814050
2026-05-18T07:29:12.324+00:00,1779089352324080000,990,R,7842,10718,9318,12008,7842,10718,9318,12008,22302,25799,24389,24790,-186,-170,39,-0.729412,-0.666667,0.152941,0,68,914050
2026-05-18T07:29:12.324+00:00,1779089352324238000,991,R,7841,10712,9317,11999,7841,10712,9317,11999,22301,25800,24386,24789,-190,-169,40,-0.745098,-0.662745,0.156863,0,68,a14050
2026-05-18T07:29:12.324+00:00,1779089352324315000,992,R,7828,10692,9306,11975,7828,10692,9306,11975,22286,25782,24356,24761,-187,-169,39,-0.733333,-0.662745,0.152941,0,68,114110
2026-05-18T07:29:12.324+00:00,1779089352324383000,993,R,7828,10692,9305,11973,7828,10692,9305,11973,22283,25779,24355,24760,-187,-169,40,-0.733333,-0.662745,0.156863,0,68,214110
2026-05-18T07:29:12.324+00:00,1779089352324458000,994,R,7830,10691,9305,11974,7830,10691,9305,11974,22283,25777,24351,24758,-187,-170,40,-0.733333,-0.666667,0.156863,0,68,314110
2026-05-18T07:29:12.474+00:00,1779089352474792000,995,R,7827,10682,9300,11966,7827,10682,9300,11966,22278,25780,24358,24757,-188,-168,40,-0.737255,-0.658824,0.156863,0,68,414110
2026-05-18T07:29:12.474+00:00,1779089352474919000,996,R,7828,10687,9302,11969,7828,10687,9302,11969,22280,25780,24350,24754,-189,-169,39,-0.741176,-0.662745,0.152941,0,68,514110
2026-05-18T07:29:12.474+00:00,1779089352474972000,997,R,7827,10689,9303,11970,7827,10689,9303,11970,22278,25775,24353,24751,-187,-167,39,-0.733333,-0.654902,0.152941,0,68,c14170
2026-05-18T07:29:12.475+00:00,1779089352475021000,998,R,7826,10688,9304,11968,7826,10688,9304,11968,22276,25773,24353,24751,-188,-166,40,-0.737255,-0.65098,0.156863,0,68,d14170
2026-05-18T07:29:12.475+00:00,1779089352475068000,999,R,7825,10688,9304,11971,7825,10688,9304,11971,22276,25773,24350,24752,-189,-167,40,-0.741176,-0.654902,0.156863,0,68,e14170
2026-05-18T07:29:12.624+00:00,1779089352624244000,1000,R,7828,10689,9303,11969,7828,10689,9303,11969,22274,25775,24351,24750,-189,-169,40,-0.741176,-0.662745,0.156863,0,68,f14170
2026-05-18T07:29:12.624+00:00,1779089352624387000,1001,R,7825,10688,9296,11974,7825,10688,9296,11974,22279,25779,24354,24752,-190,-168,42,-0.745098,-0.658824,0.164706,0,68,014170
2026-05-18T07:29:12.624+00:00,1779089352624461000,1002,R,7826,10689,9301,11968,7826,10689,9301,11968,22273,25773,24353,24749,-189,-169,40,-0.741176,-0.662745,0.156863,0,68,b14270
2026-05-18T07:29:12.624+00:00,1779089352624527000,1003,R,7832,10693,9314,11968,7832,10693,9314,11968,22276,25773,24356,24751,-188,-169,40,-0.737255,-0.662745,0.156863,0,68,c14270
2026-05-18T07:29:12.624+00:00,1779089352624592000,1004,R,7828,10694,9303,11973,7828,10694,9303,11973,22274,25773,24356,24750,-189,-169,40,-0.741176,-0.662745,0.156863,0,68,d14270
2026-05-18T07:29:12.775+00:00,1779089352775441000,1005,R,7828,10693,9303,11972,7828,10693,9303,11972,22277,25772,24360,24752,-188,-169,40,-0.737255,-0.662745,0.156863,0,68,e14270
2026-05-18T07:29:12.775+00:00,1779089352775578000,1006,R,7828,10693,9304,11974,7828,10693,9304,11974,22277,25773,24357,24749,-189,-168,39,-0.741176,-0.658824,0.152941,0,68,f14270
2026-05-18T07:29:12.775+00:00,1779089352775654000,1007,R,7829,10695,9305,11976,7829,10695,9305,11976,22276,25776,24358,24755,-188,-168,40,-0.737255,-0.658824,0.156863,0,68,014270
2026-05-18T07:29:12.775+00:00,1779089352775721000,1008,R,7832,10701,9308,11982,7832,10701,9308,11982,22284,25782,24367,24760,-188,-170,40,-0.737255,-0.666667,0.156863,0,68,714330
2026-05-18T07:29:12.775+00:00,1779089352775785000,1009,R,7828,10697,9293,11968,7828,10697,9293,11968,22283,25777,24367,24761,-188,-169,40,-0.737255,-0.662745,0.156863,0,68,814330
2026-05-18T07:29:13.074+00:00,1779089353074858000,1010,R,7832,10703,9305,11982,7832,10703,9305,11982,22284,25782,24374,24762,-187,-169,40,-0.733333,-0.662745,0.156863,0,68,914330
2026-05-18T07:29:13.074+00:00,1779089353075007000,1011,R,7835,10703,9309,11986,7835,10703,9309,11986,22284,25782,24371,24763,-187,-168,39,-0.733333,-0.658824,0.152941,0,68,a14330
2026-05-18T07:29:13.075+00:00,1779089353075084000,1012,R,7835,10707,9308,11984,7835,10707,9308,11984,22286,25785,24373,24764,-188,-169,40,-0.737255,-0.662745,0.156863,0,68,b14330
2026-05-18T07:29:13.075+00:00,1779089353075152000,1013,R,7842,10716,9315,11995,7842,10716,9315,11995,22292,25790,24384,24774,-188,-168,40,-0.737255,-0.658824,0.156863,0,68,314400
2026-05-18T07:29:13.075+00:00,1779089353075218000,1014,R,7840,10717,9320,11995,7840,10717,9320,11995,22296,25793,24391,24779,-189,-169,41,-0.741176,-0.662745,0.160784,0,68,414400
2026-05-18T07:29:13.224+00:00,1779089353224072000,1015,R,7842,10717,9315,11999,7842,10717,9315,11999,22299,25790,24393,24776,-188,-169,41,-0.737255,-0.662745,0.160784,0,68,514400
2026-05-18T07:29:13.224+00:00,1779089353224165000,1016,R,7842,10714,9315,11996,7842,10714,9315,11996,22298,25791,24387,24778,-188,-168,39,-0.737255,-0.658824,0.152941,0,68,614400
2026-05-18T07:29:13.224+00:00,1779089353224205000,1017,R,7841,10709,9313,11993,7841,10709,9313,11993,22296,25793,24382,24776,-188,-168,40,-0.737255,-0.658824,0.156863,0,68,714400
2026-05-18T07:29:13.224+00:00,1779089353224232000,1018,R,7827,10683,9299,11963,7827,10683,9299,11963,22277,25764,24349,24741,-188,-169,40,-0.737255,-0.662745,0.156863,0,68,f14470
2026-05-18T07:29:13.224+00:00,1779089353224257000,1019,R,7826,10682,9301,11961,7826,10682,9301,11961,22268,25760,24345,24732,-187,-169,40,-0.733333,-0.662745,0.156863,0,68,014470
2026-05-18T07:29:13.374+00:00,1779089353374126000,1020,R,7826,10684,9298,11959,7826,10684,9298,11959,22277,25768,24346,24738,-189,-169,39,-0.741176,-0.662745,0.152941,0,68,114470
2026-05-18T07:29:13.374+00:00,1779089353374268000,1021,R,7825,10682,9299,11960,7825,10682,9299,11960,22274,25764,24341,24737,-188,-169,40,-0.737255,-0.662745,0.156863,0,68,214470
2026-05-18T07:29:13.374+00:00,1779089353374451000,1022,R,7826,10681,9297,11958,7826,10681,9297,11958,22271,25766,24343,24734,-188,-169,40,-0.737255,-0.662745,0.156863,0,68,314470
2026-05-18T07:29:13.374+00:00,1779089353374524000,1023,R,7821,10680,9294,11955,7821,10680,9294,11955,22267,25759,24340,24732,-188,-168,41,-0.737255,-0.658824,0.160784,0,68,b14540
2026-05-18T07:29:13.374+00:00,1779089353374591000,1024,R,7824,10682,9297,11954,7824,10682,9297,11954,22267,25758,24339,24735,-189,-169,41,-0.741176,-0.662745,0.160784,0,68,c14540
2026-05-18T07:29:13.374+00:00,1779089353374655000,1025,R,7823,10681,9295,11954,7823,10681,9295,11954,22266,25758,24341,24734,-190,-170,41,-0.745098,-0.666667,0.160784,0,68,d14540
2026-05-18T07:29:13.524+00:00,1779089353524078000,1026,R,7821,10678,9295,11954,7821,10678,9295,11954,22269,25759,24341,24730,-189,-168,40,-0.741176,-0.658824,0.156863,0,68,e14540
2026-05-18T07:29:13.524+00:00,1779089353524178000,1027,R,7820,10681,9293,11954,7820,10681,9293,11954,22270,25761,24341,24730,-189,-168,41,-0.741176,-0.658824,0.160784,0,68,f14540
2026-05-18T07:29:13.524+00:00,1779089353524251000,1028,R,7821,10681,9296,11957,7821,10681,9296,11957,22269,25763,24344,24732,-187,-169,40,-0.733333,-0.662745,0.156863,0,68,614600
2026-05-18T07:29:13.524+00:00,1779089353524317000,1029,R,7822,10684,9294,11955,7822,10684,9294,11955,22268,25758,24348,24733,-187,-168,39,-0.733333,-0.658824,0.152941,0,68,714600
2026-05-18T07:29:13.524+00:00,1779089353524382000,1030,R,7821,10683,9296,11959,7821,10683,9296,11959,22268,25762,24344,24733,-188,-169,40,-0.737255,-0.662745,0.156863,0,68,814600
2026-05-18T07:29:13.674+00:00,1779089353674637000,1031,R,7821,10683,9298,11956,7821,10683,9298,11956,22270,25760,24346,24734,-188,-169,41,-0.737255,-0.662745,0.160784,0,68,914600
2026-05-18T07:29:13.674+00:00,1779089353674761000,1032,R,7824,10683,9294,11957,7824,10683,9294,11957,22269,25764,24344,24733,-189,-169,40,-0.741176,-0.662745,0.156863,0,68,a14600
2026-05-18T07:29:13.674+00:00,1779089353674852000,1033,R,7825,10690,9300,11966,7825,10690,9300,11966,22273,25766,24359,24742,-187,-170,40,-0.733333,-0.666667,0.156863,0,68,214670
2026-05-18T07:29:13.674+00:00,1779089353674919000,1034,R,7827,10694,9301,11969,7827,10694,9301,11969,22273,25766,24358,24742,-188,-169,40,-0.737255,-0.662745,0.156863,0,68,314670
2026-05-18T07:29:13.674+00:00,1779089353674983000,1035,R,7834,10701,9301,11968,7834,10701,9301,11968,22273,25762,24360,24744,-187,-169,40,-0.733333,-0.662745,0.156863,0,68,414670
2026-05-18T07:29:13.975+00:00,1779089353975369000,1036,R,7825,10694,9302,11970,7825,10694,9302,11970,22279,25771,24362,24746,-187,-169,40,-0.733333,-0.662745,0.156863,0,68,514670
2026-05-18T07:29:13.975+00:00,1779089353975493000,1037,R,7829,10695,9303,11970,7829,10695,9303,11970,22277,25775,24361,24749,-188,-169,40,-0.737255,-0.662745,0.156863,0,68,614670
2026-05-18T07:29:13.975+00:00,1779089353975574000,1038,R,7834,10705,9307,11981,7834,10705,9307,11981,22285,25783,24376,24765,-188,-168,40,-0.737255,-0.658824,0.156863,0,68,e14740
2026-05-18T07:29:13.975+00:00,1779089353975642000,1039,R,7836,10704,9307,11983,7836,10704,9307,11983,22288,25785,24377,24764,-188,-168,41,-0.737255,-0.658824,0.160784,0,68,f14740
2026-05-18T07:29:13.975+00:00,1779089353975707000,1040,R,7834,10704,9307,11986,7834,10704,9307,11986,22285,25781,24376,24772,-188,-169,40,-0.737255,-0.662745,0.156863,0,68,014740
2026-05-18T07:29:14.124+00:00,1779089354124527000,1041,R,7837,10710,9310,11986,7837,10710,9310,11986,22288,25785,24383,24768,-188,-168,41,-0.737255,-0.658824,0.160784,0,68,114740
2026-05-18T07:29:14.124+00:00,1779089354124644000,1042,R,7837,10709,9310,11988,7837,10709,9310,11988,22291,25785,24381,24772,-188,-170,42,-0.737255,-0.666667,0.164706,0,68,214740
2026-05-18T07:29:14.124+00:00,1779089354124716000,1043,R,7827,10685,9302,11964,7827,10685,9302,11964,22278,25770,24353,24753,-186,-168,40,-0.729412,-0.658824,0.156863,0,68,a14810
2026-05-18T07:29:14.124+00:00,1779089354124794000,1044,R,7823,10682,9300,11963,7823,10682,9300,11963,22281,25771,24351,24747,-187,-168,40,-0.733333,-0.658824,0.156863,0,68,b14810
2026-05-18T07:29:14.124+00:00,1779089354124858000,1045,R,7825,10682,9296,11960,7825,10682,9296,11960,22275,25768,24349,24744,-186,-169,40,-0.729412,-0.662745,0.156863,0,68,c14810
2026-05-18T07:29:14.422+00:00,1779089354422931000,1046,R,7824,10681,9296,11961,7824,10681,9296,11961,22274,25771,24348,24743,-187,-169,39,-0.733333,-0.662745,0.152941,0,68,d14810
2026-05-18T07:29:14.423+00:00,1779089354423016000,1047,R,7824,10679,9299,11957,7824,10679,9299,11957,22272,25765,24345,24746,-187,-170,40,-0.733333,-0.666667,0.156863,0,68,e14810
2026-05-18T07:29:14.423+00:00,1779089354423068000,1048,R,7823,10678,9292,11956,7823,10678,9292,11956,22266,25761,24340,24735,-187,-169,40,-0.733333,-0.662745,0.156863,0,68,514870
2026-05-18T07:29:14.423+00:00,1779089354423115000,1049,R,7822,10677,9294,11952,7822,10677,9294,11952,22268,25766,24341,24735,-188,-170,41,-0.737255,-0.666667,0.160784,0,68,614870
2026-05-18T07:29:14.423+00:00,1779089354423162000,1050,R,7820,10677,9295,11954,7820,10677,9295,11954,22266,25763,24342,24739,-187,-169,39,-0.733333,-0.662745,0.152941,0,68,714870
2026-05-18T07:29:14.572+00:00,1779089354572083000,1051,R,7822,10677,9296,11958,7822,10677,9296,11958,22269,25764,24341,24737,-186,-167,39,-0.729412,-0.654902,0.152941,0,68,814870
2026-05-18T07:29:14.572+00:00,1779089354572203000,1052,R,7821,10675,9292,11954,7821,10675,9292,11954,22266,25760,24339,24733,-187,-168,40,-0.733333,-0.658824,0.156863,0,68,914870
2026-05-18T07:29:14.572+00:00,1779089354572242000,1053,R,7820,10677,9294,11953,7820,10677,9294,11953,22266,25765,24338,24737,-188,-170,40,-0.737255,-0.666667,0.156863,0,68,214950
2026-05-18T07:29:14.572+00:00,1779089354572279000,1054,R,7821,10678,9296,11957,7821,10678,9296,11957,22265,25762,24342,24739,-187,-170,40,-0.733333,-0.666667,0.156863,0,68,314950
2026-05-18T07:29:14.572+00:00,1779089354572317000,1055,R,7819,10677,9296,11957,7819,10677,9296,11957,22267,25760,24340,24734,-188,-170,39,-0.737255,-0.666667,0.152941,0,68,414950
2026-05-18T07:29:14.721+00:00,1779089354721245000,1056,R,7820,10678,9294,11958,7820,10678,9294,11958,22266,25760,24340,24736,-186,-169,40,-0.729412,-0.662745,0.156863,0,68,514950
2026-05-18T07:29:14.721+00:00,1779089354721375000,1057,R,7820,10678,9297,11959,7820,10678,9297,11959,22269,25766,24345,24740,-189,-170,40,-0.741176,-0.666667,0.156863,0,68,614950
2026-05-18T07:29:14.721+00:00,1779089354721449000,1058,R,7821,10679,9296,11958,7821,10679,9296,11958,22270,25763,24345,24742,-188,-170,39,-0.737255,-0.666667,0.152941,0,68,714950
2026-05-18T07:29:14.721+00:00,1779089354721516000,1059,R,7824,10686,9298,11966,7824,10686,9298,11966,22270,25772,24351,24749,-188,-169,40,-0.737255,-0.662745,0.156863,0,68,e15010
2026-05-18T07:29:14.721+00:00,1779089354721597000,1060,R,7825,10686,9299,11965,7825,10686,9299,11965,22273,25769,24351,24747,-187,-170,40,-0.733333,-0.666667,0.156863,0,68,f15010
2026-05-18T07:29:14.872+00:00,1779089354872422000,1061,R,7825,10690,9299,11969,7825,10690,9299,11969,22272,25773,24354,24750,-188,-170,39,-0.737255,-0.666667,0.152941,0,68,015010
2026-05-18T07:29:14.872+00:00,1779089354872462000,1062,R,7827,10688,9298,11970,7827,10688,9298,11970,22273,25769,24356,24751,-187,-170,40,-0.733333,-0.666667,0.156863,0,68,115010
2026-05-18T07:29:14.872+00:00,1779089354872479000,1063,R,7826,10690,9298,11971,7826,10690,9298,11971,22275,25776,24358,24753,-187,-170,40,-0.733333,-0.666667,0.156863,0,68,215010
2026-05-18T07:29:14.872+00:00,1779089354872492000,1064,R,7831,10696,9304,11974,7831,10696,9304,11974,22279,25778,24366,24763,-187,-170,40,-0.733333,-0.666667,0.156863,0,68,915070
2026-05-18T07:29:14.872+00:00,1779089354872505000,1065,R,7830,10696,9305,11978,7830,10696,9305,11978,22282,25782,24367,24760,-187,-169,41,-0.733333,-0.662745,0.160784,0,68,a15070
2026-05-18T07:29:15.022+00:00,1779089355022549000,1066,R,7832,10704,9306,11985,7832,10704,9306,11985,22283,25780,24369,24762,-187,-170,40,-0.733333,-0.666667,0.156863,0,68,b15070
2026-05-18T07:29:15.022+00:00,1779089355022590000,1067,R,7833,10697,9304,11980,7833,10697,9304,11980,22281,25783,24372,24767,-187,-169,41,-0.733333,-0.662745,0.160784,0,68,c15070
2026-05-18T07:29:15.022+00:00,1779089355022607000,1068,R,7832,10702,9308,11983,7832,10702,9308,11983,22287,25785,24374,24768,-188,-169,41,-0.737255,-0.662745,0.160784,0,68,d15070
2026-05-18T07:29:15.022+00:00,1779089355022620000,1069,R,7831,10697,9308,11980,7831,10697,9308,11980,22287,25787,24369,24772,-188,-171,40,-0.737255,-0.670588,0.156863,0,68,415130
2026-05-18T07:29:15.022+00:00,1779089355022633000,1070,R,7831,10692,9303,11976,7831,10692,9303,11976,22287,25780,24364,24763,-189,-171,40,-0.741176,-0.670588,0.156863,0,68,515130
2026-05-18T07:29:15.172+00:00,1779089355172472000,1071,R,7830,10688,9302,11968,7830,10688,9302,11968,22283,25779,24356,24759,-186,-170,39,-0.729412,-0.666667,0.152941,0,68,615130
2026-05-18T07:29:15.172+00:00,1779089355172535000,1072,R,7827,10681,9302,11967,7827,10681,9302,11967,22281,25775,24351,24753,-185,-169,39,-0.72549,-0.662745,0.152941,0,68,715130
2026-05-18T07:29:15.172+00:00,1779089355172569000,1073,R,7825,10684,9298,11964,7825,10684,9298,11964,22277,25771,24351,24755,-186,-168,40,-0.729412,-0.658824,0.156863,0,68,815130
2026-05-18T07:29:15.172+00:00,1779089355172596000,1074,R,7818,10672,9293,11953,7818,10672,9293,11953,22267,25763,24339,24737,-188,-169,41,-0.737255,-0.662745,0.160784,0,68,215220
2026-05-18T07:29:15.172+00:00,1779089355172622000,1075,R,7812,10672,9283,11943,7812,10672,9283,11943,22266,25766,24340,24737,-188,-171,40,-0.737255,-0.670588,0.156863,0,68,315220
2026-05-18T07:29:15.172+00:00,1779089355172650000,1076,R,7818,10675,9293,11953,7818,10675,9293,11953,22266,25766,24341,24735,-187,-170,41,-0.733333,-0.666667,0.160784,0,68,415220
2026-05-18T07:29:15.321+00:00,1779089355321116000,1077,R,7816,10676,9295,11953,7816,10676,9295,11953,22266,25766,24341,24735,-186,-169,41,-0.729412,-0.662745,0.160784,0,68,515220
2026-05-18T07:29:15.321+00:00,1779089355321228000,1078,R,7820,10678,9294,11954,7820,10678,9294,11954,22267,25765,24342,24739,-186,-168,40,-0.729412,-0.658824,0.156863,0,68,615220
2026-05-18T07:29:15.321+00:00,1779089355321269000,1079,R,7817,10675,9293,11954,7817,10675,9293,11954,22265,25765,24341,24736,-188,-169,42,-0.737255,-0.662745,0.164706,0,67,d15280
2026-05-18T07:29:15.321+00:00,1779089355321303000,1080,R,7819,10677,9293,11954,7819,10677,9293,11954,22267,25761,24346,24737,-186,-169,41,-0.729412,-0.662745,0.160784,0,67,e15280
2026-05-18T07:29:15.321+00:00,1779089355321337000,1081,R,7821,10691,9300,11970,7821,10691,9300,11970,22269,25765,24343,24740,-187,-170,41,-0.733333,-0.666667,0.160784,0,67,f15280
2026-05-18T07:29:15.471+00:00,1779089355471905000,1082,R,7818,10679,9297,11955,7818,10679,9297,11955,22266,25764,24346,24738,-188,-169,40,-0.737255,-0.662745,0.156863,0,67,015280
2026-05-18T07:29:15.472+00:00,1779089355472035000,1083,R,7818,10679,9294,11956,7818,10679,9294,11956,22265,25765,24346,24740,-186,-170,41,-0.729412,-0.666667,0.160784,0,67,115280
2026-05-18T07:29:15.472+00:00,1779089355472109000,1084,R,7824,10686,9298,11964,7824,10686,9298,11964,22275,25775,24355,24746,-186,-169,39,-0.729412,-0.662745,0.152941,0,67,a15360
2026-05-18T07:29:15.472+00:00,1779089355472174000,1085,R,7824,10679,9299,11955,7824,10679,9299,11955,22276,25773,24353,24743,-187,-170,40,-0.733333,-0.666667,0.156863,0,67,b15360
2026-05-18T07:29:15.472+00:00,1779089355472238000,1086,R,7825,10688,9298,11967,7825,10688,9298,11967,22274,25772,24359,24751,-187,-169,40,-0.733333,-0.662745,0.156863,0,67,c15360
2026-05-18T07:29:15.621+00:00,1779089355621911000,1087,R,7823,10689,9300,11966,7823,10689,9300,11966,22273,25773,24359,24752,-187,-170,40,-0.733333,-0.666667,0.156863,0,67,d15360
2026-05-18T07:29:15.622+00:00,1779089355622038000,1088,R,7823,10692,9299,11966,7823,10692,9299,11966,22280,25779,24364,24753,-187,-169,40,-0.733333,-0.662745,0.156863,0,67,e15360
2026-05-18T07:29:15.622+00:00,1779089355622110000,1089,R,7830,10702,9306,11977,7830,10702,9306,11977,22285,25784,24376,24767,-186,-170,40,-0.729412,-0.666667,0.156863,0,67,615430
2026-05-18T07:29:15.622+00:00,1779089355622175000,1090,R,7827,10701,9294,11984,7827,10701,9294,11984,22285,25788,24374,24766,-187,-170,40,-0.733333,-0.666667,0.156863,0,67,715430
2026-05-18T07:29:15.622+00:00,1779089355622238000,1091,R,7830,10702,9308,11978,7830,10702,9308,11978,22285,25785,24378,24766,-188,-170,41,-0.737255,-0.666667,0.160784,0,67,815430
2026-05-18T07:29:15.771+00:00,1779089355771785000,1092,R,7832,10702,9305,11979,7832,10702,9305,11979,22288,25789,24379,24769,-187,-170,41,-0.733333,-0.666667,0.160784,0,67,915430
2026-05-18T07:29:15.771+00:00,1779089355771901000,1093,R,7832,10706,9309,11983,7832,10706,9309,11983,22291,25788,24380,24771,-186,-169,40,-0.729412,-0.662745,0.156863,0,67,a15430
2026-05-18T07:29:15.771+00:00,1779089355771973000,1094,R,7831,10699,9305,11981,7831,10699,9305,11981,22294,25789,24377,24771,-188,-171,40,-0.737255,-0.670588,0.156863,0,67,215500
2026-05-18T07:29:15.772+00:00,1779089355772039000,1095,R,7842,10692,9319,11974,7842,10692,9319,11974,22292,25782,24372,24764,-187,-173,40,-0.733333,-0.678431,0.156863,0,67,315500
2026-05-18T07:29:15.772+00:00,1779089355772105000,1096,R,7828,10689,9303,11971,7828,10689,9303,11971,22288,25778,24364,24758,-186,-170,41,-0.729412,-0.666667,0.160784,0,67,415500
2026-05-18T07:29:15.921+00:00,1779089355921887000,1097,R,7829,10687,9304,11969,7829,10687,9304,11969,22286,25780,24359,24757,-186,-169,40,-0.729412,-0.662745,0.156863,0,67,515500
2026-05-18T07:29:15.921+00:00,1779089355922018000,1098,R,7827,10686,9301,11965,7827,10686,9301,11965,22285,25778,24359,24757,-186,-168,40,-0.729412,-0.658824,0.156863,0,67,615500
2026-05-18T07:29:15.922+00:00,1779089355922094000,1099,R,7823,10678,9295,11958,7823,10678,9295,11958,22277,25770,24349,24743,-188,-170,42,-0.737255,-0.666667,0.164706,0,67,e15570
2026-05-18T07:29:15.922+00:00,1779089355922163000,1100,R,7814,10669,9285,11945,7814,10669,9285,11945,22279,25769,24352,24743,-187,-171,40,-0.733333,-0.670588,0.156863,0,67,f15570
2026-05-18T07:29:15.922+00:00,1779089355922228000,1101,R,7822,10679,9296,11955,7822,10679,9296,11955,22273,25765,24349,24743,-186,-171,41,-0.729412,-0.670588,0.160784,0,67,015570
2026-05-18T07:29:16.072+00:00,1779089356072539000,1102,R,7820,10677,9296,11953,7820,10677,9296,11953,22273,25766,24344,24741,-186,-171,41,-0.729412,-0.670588,0.160784,0,67,115570
2026-05-18T07:29:16.072+00:00,1779089356072654000,1103,R,7822,10679,9296,11955,7822,10679,9296,11955,22273,25766,24346,24742,-188,-170,41,-0.737255,-0.666667,0.160784,0,67,215570
2026-05-18T07:29:16.072+00:00,1779089356072726000,1104,R,7821,10681,9293,11958,7821,10681,9293,11958,22275,25766,24349,24736,-187,-167,41,-0.733333,-0.654902,0.160784,0,67,315570
2026-05-18T07:29:16.072+00:00,1779089356072794000,1105,R,7822,10680,9295,11957,7822,10680,9295,11957,22276,25768,24348,24739,-188,-169,40,-0.737255,-0.662745,0.156863,0,67,a15630
2026-05-18T07:29:16.072+00:00,1779089356072871000,1106,R,7819,10682,9296,11956,7819,10682,9296,11956,22277,25766,24351,24741,-187,-171,41,-0.733333,-0.670588,0.160784,0,67,b15630
2026-05-18T07:29:16.222+00:00,1779089356222993000,1107,R,7821,10678,9294,11954,7821,10678,9294,11954,22274,25765,24352,24742,-186,-171,41,-0.729412,-0.670588,0.160784,0,67,c15630
2026-05-18T07:29:16.223+00:00,1779089356223072000,1108,R,7820,10681,9295,11957,7820,10681,9295,11957,22278,25767,24352,24742,-186,-171,40,-0.729412,-0.670588,0.156863,0,67,d15630
2026-05-18T07:29:16.223+00:00,1779089356223100000,1109,R,7822,10682,9295,11957,7822,10682,9295,11957,22277,25770,24352,24743,-186,-170,40,-0.729412,-0.666667,0.156863,0,67,e15630
2026-05-18T07:29:16.223+00:00,1779089356223126000,1110,R,7825,10688,9299,11964,7825,10688,9299,11964,22283,25774,24360,24748,-187,-170,40,-0.733333,-0.666667,0.156863,0,67,615700
2026-05-18T07:29:16.223+00:00,1779089356223150000,1111,R,7826,10690,9294,11964,7826,10690,9294,11964,22280,25776,24365,24744,-186,-170,40,-0.729412,-0.666667,0.156863,0,67,715700
2026-05-18T07:29:16.373+00:00,1779089356373316000,1112,R,7825,10689,9300,11966,7825,10689,9300,11966,22287,25776,24366,24750,-187,-170,40,-0.733333,-0.666667,0.156863,0,67,815700
2026-05-18T07:29:16.373+00:00,1779089356373479000,1113,R,7826,10692,9300,11965,7826,10692,9300,11965,22285,25776,24369,24750,-189,-170,41,-0.741176,-0.666667,0.160784,0,67,915700
2026-05-18T07:29:16.373+00:00,1779089356373563000,1114,R,7826,10692,9301,11969,7826,10692,9301,11969,22287,25779,24368,24754,-187,-169,40,-0.733333,-0.662745,0.156863,0,67,a15700
2026-05-18T07:29:16.373+00:00,1779089356373630000,1115,R,7830,10702,9305,11976,7830,10702,9305,11976,22294,25785,24376,24763,-187,-171,40,-0.733333,-0.670588,0.156863,0,67,115760
2026-05-18T07:29:16.373+00:00,1779089356373694000,1116,R,7831,10702,9307,11977,7831,10702,9307,11977,22291,25785,24380,24764,-187,-170,40,-0.733333,-0.666667,0.156863,0,67,215760
2026-05-18T07:29:16.522+00:00,1779089356522797000,1117,R,7832,10706,9305,11979,7832,10706,9305,11979,22290,25784,24379,24764,-187,-171,41,-0.733333,-0.670588,0.160784,0,67,315760
2026-05-18T07:29:16.522+00:00,1779089356522885000,1118,R,7832,10703,9307,11980,7832,10703,9307,11980,22297,25790,24385,24770,-187,-170,40,-0.733333,-0.666667,0.156863,0,67,415760
2026-05-18T07:29:16.522+00:00,1779089356522915000,1119,R,7834,10708,9308,11984,7834,10708,9308,11984,22301,25791,24384,24769,-186,-171,41,-0.729412,-0.670588,0.160784,0,67,515760
2026-05-18T07:29:16.522+00:00,1779089356522948000,1120,R,7840,10718,9314,11997,7840,10718,9314,11997,22307,25798,24398,24783,-186,-170,41,-0.729412,-0.666667,0.160784,0,67,d15830
2026-05-18T07:29:16.522+00:00,1779089356522975000,1121,R,7840,10714,9314,11997,7840,10714,9314,11997,22312,25797,24400,24787,-186,-170,40,-0.729412,-0.666667,0.156863,0,67,e15830
2026-05-18T07:29:16.673+00:00,1779089356673490000,1122,R,7841,10720,9316,11996,7841,10720,9316,11996,22310,25803,24400,24789,-187,-171,41,-0.733333,-0.670588,0.160784,0,67,f15830
2026-05-18T07:29:16.673+00:00,1779089356673644000,1123,R,7842,10719,9317,11999,7842,10719,9317,11999,22310,25801,24402,24786,-188,-172,41,-0.737255,-0.67451,0.160784,0,67,015830
2026-05-18T07:29:16.673+00:00,1779089356673724000,1124,R,7841,10719,9315,11999,7841,10719,9315,11999,22308,25800,24402,24790,-186,-170,39,-0.729412,-0.666667,0.152941,0,67,115830
2026-05-18T07:29:16.673+00:00,1779089356673802000,1125,R,7834,10695,9304,11975,7834,10695,9304,11975,22301,25785,24373,24765,-186,-170,40,-0.729412,-0.666667,0.156863,0,67,915900
2026-05-18T07:29:16.674+00:00,1779089356674796000,1126,R,7831,10695,9304,11975,7831,10695,9304,11975,22299,25785,24368,24766,-185,-171,40,-0.72549,-0.670588,0.156863,0,67,a15900
2026-05-18T07:29:16.674+00:00,1779089356674872000,1127,R,7829,10692,9295,11964,7829,10692,9295,11964,22296,25778,24372,24769,-187,-171,41,-0.733333,-0.670588,0.160784,0,67,b15900
2026-05-18T07:29:16.822+00:00,1779089356822169000,1128,R,7832,10692,9304,11975,7832,10692,9304,11975,22297,25781,24370,24765,-186,-171,40,-0.729412,-0.670588,0.156863,0,67,c15900
2026-05-18T07:29:16.822+00:00,1779089356822324000,1129,R,7831,10692,9301,11971,7831,10692,9301,11971,22297,25781,24372,24766,-186,-171,41,-0.729412,-0.670588,0.160784,0,67,d15900
2026-05-18T07:29:16.822+00:00,1779089356822400000,1130,R,7831,10693,9298,11972,7831,10693,9298,11972,22295,25779,24372,24764,-186,-169,41,-0.729412,-0.662745,0.160784,0,67,415960
2026-05-18T07:29:16.822+00:00,1779089356822469000,1131,R,7832,10693,9300,11975,7832,10693,9300,11975,22295,25779,24368,24764,-185,-169,40,-0.72549,-0.662745,0.156863,0,67,515960
2026-05-18T07:29:16.822+00:00,1779089356822533000,1132,R,7833,10694,9303,11973,7833,10694,9303,11973,22297,25781,24371,24762,-187,-171,41,-0.733333,-0.670588,0.160784,0,67,615960
2026-05-18T07:29:16.972+00:00,1779089356972562000,1133,R,7834,10695,9303,11975,7834,10695,9303,11975,22293,25774,24374,24765,-187,-170,42,-0.733333,-0.666667,0.164706,0,67,715960
2026-05-18T07:29:16.972+00:00,1779089356972681000,1134,R,7834,10695,9301,11973,7834,10695,9301,11973,22298,25780,24372,24763,-187,-171,42,-0.733333,-0.670588,0.164706,0,67,815960
2026-05-18T07:29:16.972+00:00,1779089356972754000,1135,R,7836,10697,9304,11978,7836,10697,9304,11978,22297,25782,24376,24768,-186,-171,39,-0.729412,-0.670588,0.152941,0,67,116040
2026-05-18T07:29:16.972+00:00,1779089356972828000,1136,R,7832,10697,9307,11980,7832,10697,9307,11980,22303,25781,24376,24768,-186,-171,40,-0.729412,-0.670588,0.156863,0,67,216040
2026-05-18T07:29:16.972+00:00,1779089356972892000,1137,R,7834,10697,9306,11982,7834,10697,9306,11982,22300,25784,24375,24770,-186,-171,39,-0.729412,-0.670588,0.152941,0,67,316040
2026-05-18T07:29:17.269+00:00,1779089357269777000,1138,R,7834,10700,9303,11983,7834,10700,9303,11983,22300,25784,24380,24771,-186,-171,40,-0.729412,-0.670588,0.156863,0,67,416040
2026-05-18T07:29:17.269+00:00,1779089357269913000,1139,R,7835,10700,9306,11982,7835,10700,9306,11982,22305,25785,24381,24775,-185,-171,40,-0.72549,-0.670588,0.156863,0,67,516040
2026-05-18T07:29:17.269+00:00,1779089357269989000,1140,R,7841,10710,9308,11992,7841,10710,9308,11992,22308,25789,24393,24782,-186,-171,40,-0.729412,-0.670588,0.156863,0,67,c16100
2026-05-18T07:29:17.270+00:00,1779089357270068000,1141,R,7838,10709,9309,11992,7838,10709,9309,11992,22307,25790,24392,24782,-185,-171,41,-0.72549,-0.670588,0.160784,0,67,d16100
2026-05-18T07:29:17.270+00:00,1779089357270135000,1142,R,7841,10712,9310,11994,7841,10712,9310,11994,22309,25791,24394,24784,-186,-172,40,-0.729412,-0.67451,0.156863,0,67,e16100
2026-05-18T07:29:17.276+00:00,1779089357276443000,1143,R,7840,10713,9310,11994,7840,10713,9310,11994,22312,25793,24394,24786,-187,-171,40,-0.733333,-0.670588,0.156863,0,67,f16100
2026-05-18T07:29:17.276+00:00,1779089357276531000,1144,R,7840,10712,9311,11996,7840,10712,9311,11996,22311,25795,24394,24789,-185,-170,40,-0.72549,-0.666667,0.156863,0,67,016100
2026-05-18T07:29:17.276+00:00,1779089357276624000,1145,R,7846,10722,9315,12005,7846,10722,9315,12005,22321,25799,24407,24799,-187,-169,41,-0.733333,-0.662745,0.160784,0,67,716160
2026-05-18T07:29:17.276+00:00,1779089357276688000,1146,R,7849,10721,9315,12006,7849,10721,9315,12006,22319,25802,24404,24799,-186,-171,42,-0.729412,-0.670588,0.164706,0,67,816160
2026-05-18T07:29:17.276+00:00,1779089357276752000,1147,R,7847,10722,9315,12008,7847,10722,9315,12008,22321,25803,24407,24798,-187,-171,41,-0.733333,-0.670588,0.160784,0,67,916160
2026-05-18T07:29:17.424+00:00,1779089357424539000,1148,R,7846,10723,9318,12009,7846,10723,9318,12009,22323,25808,24408,24804,-186,-171,42,-0.729412,-0.670588,0.164706,0,67,a16160
2026-05-18T07:29:17.424+00:00,1779089357424715000,1149,R,7847,10725,9319,12009,7847,10725,9319,12009,22324,25808,24410,24803,-186,-170,41,-0.729412,-0.666667,0.160784,0,67,b16160
2026-05-18T07:29:17.424+00:00,1779089357424790000,1150,R,7853,10725,9322,12016,7853,10725,9322,12016,22330,25806,24415,24810,-186,-172,41,-0.729412,-0.67451,0.160784,0,67,316230
2026-05-18T07:29:17.424+00:00,1779089357424886000,1151,R,7852,10720,9314,12010,7852,10720,9314,12010,22330,25806,24411,24810,-186,-173,41,-0.729412,-0.678431,0.160784,0,67,416230
2026-05-18T07:29:17.424+00:00,1779089357424960000,1152,R,7848,10720,9315,12007,7848,10720,9315,12007,22326,25803,24402,24804,-185,-172,40,-0.72549,-0.67451,0.156863,0,67,516230
2026-05-18T07:29:17.574+00:00,1779089357574108000,1153,R,7847,10717,9315,12004,7847,10717,9315,12004,22327,25801,24404,24800,-184,-172,40,-0.721569,-0.67451,0.156863,0,67,616230
2026-05-18T07:29:17.574+00:00,1779089357574235000,1154,R,7844,10711,9317,12003,7844,10711,9317,12003,22326,25800,24397,24796,-184,-171,40,-0.721569,-0.670588,0.156863,0,67,716230
2026-05-18T07:29:17.574+00:00,1779089357574309000,1155,R,7846,10711,9311,11999,7846,10711,9311,11999,22322,25798,24394,24793,-184,-171,40,-0.721569,-0.670588,0.156863,0,67,816230
2026-05-18T07:29:17.574+00:00,1779089357574375000,1156,R,7844,10708,9311,11996,7844,10708,9311,11996,22317,25795,24391,24792,-186,-172,41,-0.729412,-0.67451,0.160784,0,67,e16280
2026-05-18T07:29:17.574+00:00,1779089357574439000,1157,R,7842,10706,9311,11998,7842,10706,9311,11998,22319,25794,24387,24789,-186,-171,41,-0.729412,-0.670588,0.160784,0,67,f16280
2026-05-18T07:29:17.725+00:00,1779089357725565000,1158,R,7842,10705,9310,11994,7842,10705,9310,11994,22317,25792,24389,24789,-186,-171,41,-0.729412,-0.670588,0.160784,0,67,016280
2026-05-18T07:29:17.725+00:00,1779089357725711000,1159,R,7842,10708,9308,11995,7842,10708,9308,11995,22319,25790,24390,24790,-186,-172,41,-0.729412,-0.67451,0.160784,0,67,116280
2026-05-18T07:29:17.725+00:00,1779089357725785000,1160,R,7844,10705,9310,11996,7844,10705,9310,11996,22317,25796,24387,24788,-186,-170,42,-0.729412,-0.666667,0.164706,0,67,216280
2026-05-18T07:29:17.725+00:00,1779089357725859000,1161,R,7842,10710,9311,11998,7842,10710,9311,11998,22316,25796,24393,24788,-187,-171,43,-0.733333,-0.670588,0.168627,0,67,916340
2026-05-18T07:29:17.725+00:00,1779089357725927000,1162,R,7844,10708,9313,11997,7844,10708,9313,11997,22318,25797,24391,24786,-186,-171,42,-0.729412,-0.670588,0.164706,0,67,a16340
2026-05-18T07:29:17.874+00:00,1779089357874484000,1163,R,7845,10710,9313,11997,7845,10710,9313,11997,22317,25794,24387,24785,-187,-170,43,-0.733333,-0.666667,0.168627,0,67,b16340
2026-05-18T07:29:17.874+00:00,1779089357874639000,1164,R,7842,10709,9314,11998,7842,10709,9314,11998,22318,25798,24392,24788,-186,-170,43,-0.729412,-0.666667,0.168627,0,67,c16340
2026-05-18T07:29:17.874+00:00,1779089357874716000,1165,R,7844,10709,9314,11997,7844,10709,9314,11997,22318,25799,24389,24785,-187,-170,43,-0.733333,-0.666667,0.168627,0,67,d16340
2026-05-18T07:29:17.874+00:00,1779089357874787000,1166,R,7847,10709,9318,11994,7847,10709,9318,11994,22329,25812,24388,24781,-185,-171,42,-0.72549,-0.670588,0.164706,0,67,416400
2026-05-18T07:29:17.874+00:00,1779089357874856000,1167,R,7850,10709,9323,11997,7850,10709,9323,11997,22332,25814,24386,24779,-184,-172,42,-0.721569,-0.67451,0.164706,0,67,516400
2026-05-18T07:29:18.023+00:00,1779089358023855000,1168,R,7851,10710,9322,11997,7851,10710,9322,11997,22328,25815,24385,24779,-185,-173,42,-0.72549,-0.678431,0.164706,0,67,616400
2026-05-18T07:29:18.023+00:00,1779089358023963000,1169,R,7852,10708,9320,11996,7852,10708,9320,11996,22334,25819,24388,24774,-185,-172,42,-0.72549,-0.67451,0.164706,0,67,716400
2026-05-18T07:29:18.024+00:00,1779089358024033000,1170,R,7854,10710,9328,11995,7854,10710,9328,11995,22333,25824,24385,24776,-184,-173,43,-0.721569,-0.678431,0.168627,0,67,816400
2026-05-18T07:29:18.024+00:00,1779089358024098000,1171,R,7871,10714,9350,12005,7871,10714,9350,12005,22363,25871,24375,24771,-185,-172,44,-0.72549,-0.67451,0.172549,0,67,516520
2026-05-18T07:29:18.024+00:00,1779089358024255000,1172,R,7869,10723,9356,12021,7869,10723,9356,12021,22359,25869,24376,24772,-183,-173,45,-0.717647,-0.678431,0.176471,0,67,616520
2026-05-18T07:29:18.024+00:00,1779089358024323000,1173,R,7869,10714,9351,12006,7869,10714,9351,12006,22365,25875,24377,24779,-184,-171,45,-0.721569,-0.670588,0.176471,0,67,716520
2026-05-18T07:29:18.174+00:00,1779089358174829000,1174,R,7870,10713,9349,12005,7870,10713,9349,12005,22366,25875,24383,24778,-184,-172,46,-0.721569,-0.67451,0.180392,0,67,816520
2026-05-18T07:29:18.174+00:00,1779089358174964000,1175,R,7869,10718,9350,12008,7869,10718,9350,12008,22363,25873,24383,24777,-183,-171,45,-0.717647,-0.670588,0.176471,0,67,916520
2026-05-18T07:29:18.175+00:00,1779089358175038000,1176,R,7870,10721,9349,12015,7870,10721,9349,12015,22363,25869,24382,24791,-184,-173,43,-0.721569,-0.678431,0.168627,0,67,f16570
2026-05-18T07:29:18.175+00:00,1779089358175105000,1177,R,7870,10717,9345,12013,7870,10717,9345,12013,22364,25868,24383,24789,-185,-173,43,-0.72549,-0.678431,0.168627,0,67,016570
2026-05-18T07:29:18.175+00:00,1779089358175169000,1178,R,7869,10712,9344,12005,7869,10712,9344,12005,22361,25864,24377,24787,-184,-173,44,-0.721569,-0.678431,0.172549,0,67,116570
2026-05-18T07:29:18.469+00:00,1779089358469914000,1179,R,7868,10702,9334,11998,7868,10702,9334,11998,22355,25857,24376,24786,-185,-173,44,-0.72549,-0.678431,0.172549,0,67,216570
2026-05-18T07:29:18.470+00:00,1779089358470074000,1180,R,7864,10705,9339,12003,7864,10705,9339,12003,22355,25856,24369,24782,-185,-172,43,-0.72549,-0.67451,0.168627,0,67,316570
2026-05-18T07:29:18.470+00:00,1779089358470153000,1181,R,7869,10692,9353,11976,7869,10692,9353,11976,22360,25879,24336,24737,-182,-173,45,-0.713725,-0.678431,0.176471,0,67,d16660
2026-05-18T07:29:18.470+00:00,1779089358470220000,1182,R,7882,10688,9365,11976,7882,10688,9365,11976,22368,25902,24324,24719,-180,-173,46,-0.705882,-0.678431,0.180392,0,67,e16660
2026-05-18T07:29:18.470+00:00,1779089358470293000,1183,R,7881,10684,9370,11969,7881,10684,9370,11969,22376,25923,24321,24713,-181,-171,46,-0.709804,-0.670588,0.180392,0,67,f16660
2026-05-18T07:29:18.475+00:00,1779089358475367000,1184,R,7884,10686,9379,11965,7884,10686,9379,11965,22382,25940,24318,24706,-181,-173,46,-0.709804,-0.678431,0.180392,0,67,016660
2026-05-18T07:29:18.475+00:00,1779089358475447000,1185,R,7886,10686,9383,11963,7886,10686,9383,11963,22390,25953,24314,24704,-180,-171,46,-0.705882,-0.670588,0.180392,0,67,116660
2026-05-18T07:29:18.475+00:00,1779089358475521000,1186,R,7884,10683,9378,11970,7884,10683,9378,11970,22385,25948,24314,24714,-182,-172,47,-0.713725,-0.67451,0.184314,0,67,916730
2026-05-18T07:29:18.475+00:00,1779089358475584000,1187,R,7871,10687,9378,11970,7871,10687,9378,11970,22389,25941,24307,24717,-183,-171,46,-0.717647,-0.670588,0.180392,0,67,a16730
2026-05-18T07:29:18.475+00:00,1779089358475648000,1188,R,7878,10687,9368,11977,7878,10687,9368,11977,22385,25930,24319,24730,-183,-172,47,-0.717647,-0.67451,0.184314,0,67,b16730
2026-05-18T07:29:18.774+00:00,1779089358774682000,1189,R,7876,10687,9362,11983,7876,10687,9362,11983,22376,25911,24324,24736,-183,-173,45,-0.717647,-0.678431,0.176471,0,67,c16730
2026-05-18T07:29:18.774+00:00,1779089358774845000,1190,R,7874,10693,9356,11986,7874,10693,9356,11986,22373,25897,24332,24744,-184,-173,46,-0.721569,-0.678431,0.180392,0,68,d16730
2026-05-18T07:29:18.774+00:00,1779089358774937000,1191,R,7864,10707,9336,12005,7864,10707,9336,12005,22354,25855,24368,24778,-184,-172,44,-0.721569,-0.67451,0.172549,0,68,516800
2026-05-18T07:29:18.775+00:00,1779089358775015000,1192,R,7860,10717,9321,12002,7860,10717,9321,12002,22351,25846,24367,24776,-184,-172,44,-0.721569,-0.67451,0.172549,0,68,616800
2026-05-18T07:29:18.775+00:00,1779089358775097000,1193,R,7864,10713,9336,12007,7864,10713,9336,12007,22354,25852,24376,24783,-184,-171,44,-0.721569,-0.670588,0.172549,0,68,716800
2026-05-18T07:29:18.925+00:00,1779089358925430000,1194,R,7864,10710,9338,12008,7864,10710,9338,12008,22353,25852,24376,24785,-185,-172,43,-0.72549,-0.67451,0.168627,0,68,816800
2026-05-18T07:29:18.925+00:00,1779089358925559000,1195,R,7864,10712,9337,12010,7864,10712,9337,12010,22355,25848,24377,24788,-184,-172,44,-0.721569,-0.67451,0.172549,0,68,916800
2026-05-18T07:29:18.925+00:00,1779089358925634000,1196,R,7866,10722,9333,12017,7866,10722,9333,12017,22357,25850,24391,24799,-185,-172,43,-0.72549,-0.67451,0.168627,0,68,f16850
2026-05-18T07:29:18.925+00:00,1779089358925710000,1197,R,7865,10720,9339,12019,7865,10720,9339,12019,22358,25847,24392,24796,-184,-172,44,-0.721569,-0.67451,0.172549,0,68,016850
2026-05-18T07:29:18.925+00:00,1779089358925775000,1198,R,7866,10721,9338,12020,7866,10721,9338,12020,22359,25850,24394,24800,-184,-173,44,-0.721569,-0.678431,0.172549,0,68,116850
2026-05-18T07:29:19.076+00:00,1779089359076263000,1199,R,7874,10724,9346,12020,7874,10724,9346,12020,22356,25850,24394,24804,-183,-173,43,-0.717647,-0.678431,0.168627,0,68,216850
2026-05-18T07:29:19.076+00:00,1779089359076392000,1200,R,7867,10723,9336,12021,7867,10723,9336,12021,22359,25850,24396,24803,-184,-172,43,-0.721569,-0.67451,0.168627,0,68,316850
2026-05-18T07:29:19.076+00:00,1779089359076517000,1201,R,7867,10741,9331,12036,7867,10741,9331,12036,22354,25824,24419,24818,-185,-171,43,-0.72549,-0.670588,0.168627,0,68,d16940
2026-05-18T07:29:19.076+00:00,1779089359076544000,1202,R,7864,10740,9331,12037,7864,10740,9331,12037,22352,25821,24419,24817,-185,-172,44,-0.72549,-0.67451,0.172549,0,68,e16940
2026-05-18T07:29:19.076+00:00,1779089359076560000,1203,R,7866,10739,9328,12035,7866,10739,9328,12035,22355,25823,24420,24818,-185,-172,42,-0.72549,-0.67451,0.164706,0,68,f16940
2026-05-18T07:29:19.224+00:00,1779089359224171000,1204,R,7864,10735,9329,12034,7864,10735,9329,12034,22352,25823,24413,24817,-184,-171,43,-0.721569,-0.670588,0.168627,0,68,016940
2026-05-18T07:29:19.224+00:00,1779089359224211000,1205,R,7863,10731,9325,12028,7863,10731,9325,12028,22347,25816,24409,24812,-185,-172,43,-0.72549,-0.67451,0.168627,0,68,116940
2026-05-18T07:29:19.224+00:00,1779089359224230000,1206,R,7861,10727,9323,12025,7861,10727,9323,12025,22347,25814,24402,24806,-186,-173,43,-0.729412,-0.678431,0.168627,0,68,216940
2026-05-18T07:29:19.224+00:00,1779089359224245000,1207,R,7854,10713,9312,12008,7854,10713,9312,12008,22330,25792,24387,24793,-185,-172,43,-0.72549,-0.67451,0.168627,0,68,816990
2026-05-18T07:29:19.224+00:00,1779089359224260000,1208,R,7848,10713,9310,12010,7848,10713,9310,12010,22332,25794,24387,24796,-185,-173,44,-0.72549,-0.678431,0.172549,0,68,916990
2026-05-18T07:29:19.374+00:00,1779089359374639000,1209,R,7849,10712,9310,12006,7849,10712,9310,12006,22327,25784,24386,24793,-184,-172,44,-0.721569,-0.67451,0.172549,0,68,a16990
2026-05-18T07:29:19.374+00:00,1779089359374743000,1210,R,7849,10711,9308,12007,7849,10711,9308,12007,22330,25790,24381,24790,-185,-172,44,-0.72549,-0.67451,0.172549,0,68,b16990
2026-05-18T07:29:19.374+00:00,1779089359374804000,1211,R,7849,10713,9309,12007,7849,10713,9309,12007,22329,25785,24380,24785,-184,-172,44,-0.721569,-0.67451,0.172549,0,68,c16990
2026-05-18T07:29:19.374+00:00,1779089359374854000,1212,R,7854,10707,9319,12003,7854,10707,9319,12003,22340,25813,24377,24780,-184,-170,44,-0.721569,-0.666667,0.172549,0,68,417060
2026-05-18T07:29:19.374+00:00,1779089359374901000,1213,R,7855,10708,9324,12001,7855,10708,9324,12001,22335,25815,24373,24776,-185,-172,44,-0.72549,-0.67451,0.172549,0,68,517060
2026-05-18T07:29:19.525+00:00,1779089359525109000,1214,R,7852,10708,9320,12003,7852,10708,9320,12003,22338,25822,24368,24768,-185,-173,45,-0.72549,-0.678431,0.176471,0,68,617060
2026-05-18T07:29:19.525+00:00,1779089359525264000,1215,R,7856,10707,9325,11999,7856,10707,9325,11999,22338,25822,24374,24777,-184,-173,45,-0.721569,-0.678431,0.176471,0,68,717060
2026-05-18T07:29:19.525+00:00,1779089359525342000,1216,R,7857,10707,9323,12001,7857,10707,9323,12001,22339,25825,24372,24773,-184,-173,45,-0.721569,-0.678431,0.176471,0,68,817060
2026-05-18T07:29:19.525+00:00,1779089359525409000,1217,R,7856,10708,9326,12002,7856,10708,9326,12002,22340,25828,24374,24778,-182,-174,44,-0.713725,-0.682353,0.172549,0,68,f17120
2026-05-18T07:29:19.525+00:00,1779089359525473000,1218,R,7855,10709,9327,12004,7855,10709,9327,12004,22339,25828,24374,24778,-183,-174,44,-0.717647,-0.682353,0.172549,0,68,017120
2026-05-18T07:29:19.675+00:00,1779089359675321000,1219,R,7859,10709,9328,12007,7859,10709,9328,12007,22340,25830,24375,24778,-183,-174,45,-0.717647,-0.682353,0.176471,0,68,117120
2026-05-18T07:29:19.675+00:00,1779089359675438000,1220,R,7854,10710,9318,12006,7854,10710,9318,12006,22343,25831,24377,24784,-183,-173,43,-0.717647,-0.678431,0.168627,0,68,217120
2026-05-18T07:29:19.675+00:00,1779089359675532000,1221,R,7859,10709,9329,12008,7859,10709,9329,12008,22343,25835,24377,24781,-182,-173,44,-0.713725,-0.678431,0.172549,0,68,317120
2026-05-18T07:29:19.675+00:00,1779089359675600000,1222,R,7860,10718,9332,12014,7860,10718,9332,12014,22345,25837,24386,24790,-183,-173,44,-0.717647,-0.678431,0.172549,0,68,c17200
2026-05-18T07:29:19.675+00:00,1779089359675665000,1223,R,7862,10721,9334,12017,7862,10721,9334,12017,22349,25838,24388,24789,-183,-173,44,-0.717647,-0.678431,0.172549,0,68,d17200
2026-05-18T07:29:19.675+00:00,1779089359675727000,1224,R,7862,10722,9336,12020,7862,10722,9336,12020,22351,25846,24392,24803,-183,-173,44,-0.717647,-0.678431,0.172549,0,68,e17200
2026-05-18T07:29:19.824+00:00,1779089359824642000,1225,R,7864,10722,9334,12020,7864,10722,9334,12020,22351,25838,24391,24790,-182,-174,45,-0.713725,-0.682353,0.176471,0,68,f17200
2026-05-18T07:29:19.824+00:00,1779089359824897000,1226,R,7864,10723,9336,12020,7864,10723,9336,12020,22352,25840,24391,24798,-182,-173,44,-0.713725,-0.678431,0.172549,0,68,017200
2026-05-18T07:29:19.824+00:00,1779089359824941000,1227,R,7870,10731,9340,12028,7870,10731,9340,12028,22360,25847,24402,24803,-183,-173,44,-0.717647,-0.678431,0.172549,0,68,817270
2026-05-18T07:29:19.824+00:00,1779089359824971000,1228,R,7870,10731,9342,12031,7870,10731,9342,12031,22360,25849,24405,24807,-182,-173,44,-0.713725,-0.678431,0.172549,0,68,917270
2026-05-18T07:29:19.824+00:00,1779089359824999000,1229,R,7870,10732,9342,12032,7870,10732,9342,12032,22361,25850,24403,24808,-183,-173,45,-0.717647,-0.678431,0.176471,0,68,a17270
2026-05-18T07:29:19.975+00:00,1779089359975079000,1230,R,7871,10733,9342,12032,7871,10733,9342,12032,22365,25852,24407,24807,-183,-173,44,-0.717647,-0.678431,0.172549,0,68,b17270
2026-05-18T07:29:19.975+00:00,1779089359975121000,1231,R,7871,10733,9345,12034,7871,10733,9345,12034,22360,25854,24408,24810,-183,-173,44,-0.717647,-0.678431,0.172549,0,68,c17270
2026-05-18T07:29:19.975+00:00,1779089359975143000,1232,R,7872,10725,9345,12029,7872,10725,9345,12029,22360,25851,24401,24808,-183,-175,44,-0.717647,-0.686275,0.172549,0,68,417340
2026-05-18T07:29:19.975+00:00,1779089359975160000,1233,R,7869,10723,9340,12025,7869,10723,9340,12025,22360,25848,24394,24807,-183,-175,43,-0.717647,-0.686275,0.168627,0,68,517340
2026-05-18T07:29:19.975+00:00,1779089359975177000,1234,R,7870,10717,9339,12020,7870,10717,9339,12020,22351,25837,24390,24804,-182,-173,43,-0.713725,-0.678431,0.168627,0,68,617340
2026-05-18T07:29:20.124+00:00,1779089360125043000,1235,R,7867,10716,9336,12014,7867,10716,9336,12014,22355,25845,24386,24801,-182,-172,43,-0.713725,-0.67451,0.168627,0,68,717340
2026-05-18T07:29:20.125+00:00,1779089360125212000,1236,R,7864,10714,9338,12017,7864,10714,9338,12017,22354,25839,24380,24797,-182,-171,44,-0.713725,-0.670588,0.172549,0,68,817340
2026-05-18T07:29:20.125+00:00,1779089360125291000,1237,R,7859,10707,9333,12007,7859,10707,9333,12007,22345,25832,24377,24787,-183,-174,44,-0.717647,-0.682353,0.172549,0,68,017410
2026-05-18T07:29:20.125+00:00,1779089360125361000,1238,R,7863,10709,9333,12008,7863,10709,9333,12008,22345,25832,24375,24788,-183,-173,46,-0.717647,-0.678431,0.180392,0,68,117410
2026-05-18T07:29:20.125+00:00,1779089360125428000,1239,R,7862,10710,9330,12009,7862,10710,9330,12009,22346,25835,24376,24787,-183,-174,45,-0.717647,-0.682353,0.176471,0,68,217410
2026-05-18T07:29:20.274+00:00,1779089360274321000,1240,R,7860,10708,9332,12007,7860,10708,9332,12007,22342,25829,24376,24782,-183,-174,46,-0.717647,-0.682353,0.180392,0,68,317410
2026-05-18T07:29:20.274+00:00,1779089360274475000,1241,R,7863,10711,9332,12008,7863,10711,9332,12008,22343,25831,24376,24788,-183,-172,45,-0.717647,-0.67451,0.176471,0,68,417410
2026-05-18T07:29:20.274+00:00,1779089360274552000,1242,R,7862,10711,9330,12006,7862,10711,9330,12006,22342,25828,24381,24785,-184,-173,44,-0.721569,-0.678431,0.172549,0,68,c17480
2026-05-18T07:29:20.274+00:00,1779089360274619000,1243,R,7860,10710,9332,12007,7860,10710,9332,12007,22340,25829,24378,24785,-183,-173,43,-0.717647,-0.678431,0.168627,0,68,d17480
2026-05-18T07:29:20.274+00:00,1779089360274683000,1244,R,7862,10709,9333,12010,7862,10709,9333,12010,22342,25828,24377,24783,-183,-174,44,-0.717647,-0.682353,0.172549,0,68,e17480
2026-05-18T07:29:20.423+00:00,1779089360423803000,1245,R,7861,10712,9331,12009,7861,10712,9331,12009,22339,25826,24379,24787,-182,-174,43,-0.713725,-0.682353,0.168627,0,68,f17480
2026-05-18T07:29:20.423+00:00,1779089360423862000,1246,R,7859,10711,9331,12009,7859,10711,9331,12009,22342,25829,24377,24785,-183,-174,43,-0.717647,-0.682353,0.168627,0,68,017480
2026-05-18T07:29:20.423+00:00,1779089360423983000,1247,R,7864,10716,9333,12015,7864,10716,9333,12015,22346,25833,24386,24790,-183,-173,44,-0.717647,-0.678431,0.172549,0,68,817550
2026-05-18T07:29:20.424+00:00,1779089360424017000,1248,R,7861,10717,9335,12014,7861,10717,9335,12014,22345,25835,24387,24792,-183,-172,44,-0.717647,-0.67451,0.172549,0,68,917550
2026-05-18T07:29:20.424+00:00,1779089360424048000,1249,R,7862,10719,9333,12016,7862,10719,9333,12016,22345,25832,24387,24790,-183,-174,44,-0.717647,-0.682353,0.172549,0,68,a17550
2026-05-18T07:29:20.574+00:00,1779089360574702000,1250,R,7864,10720,9336,12016,7864,10720,9336,12016,22347,25835,24387,24791,-183,-172,44,-0.717647,-0.67451,0.172549,0,68,b17550
2026-05-18T07:29:20.574+00:00,1779089360574877000,1251,R,7863,10721,9334,12017,7863,10721,9334,12017,22345,25836,24390,24793,-182,-173,45,-0.713725,-0.678431,0.176471,0,68,c17550
2026-05-18T07:29:20.574+00:00,1779089360574969000,1252,R,7868,10728,9343,12023,7868,10728,9343,12023,22351,25845,24400,24800,-183,-172,45,-0.717647,-0.67451,0.176471,0,68,417620
2026-05-18T07:29:20.575+00:00,1779089360575039000,1253,R,7869,10719,9341,12014,7869,10719,9341,12014,22352,25845,24403,24802,-184,-170,46,-0.721569,-0.666667,0.180392,0,68,517620
2026-05-18T07:29:20.575+00:00,1779089360575105000,1254,R,7870,10730,9343,12026,7870,10730,9343,12026,22355,25846,24402,24801,-183,-170,46,-0.717647,-0.666667,0.180392,0,68,617620
2026-05-18T07:29:20.724+00:00,1779089360724338000,1255,R,7870,10732,9343,12029,7870,10732,9343,12029,22353,25848,24403,24803,-186,-167,47,-0.729412,-0.654902,0.184314,0,68,717620
2026-05-18T07:29:20.724+00:00,1779089360724399000,1256,R,7870,10733,9344,12029,7870,10733,9344,12029,22356,25852,24407,24808,-185,-170,46,-0.72549,-0.666667,0.180392,0,68,817620
2026-05-18T07:29:20.724+00:00,1779089360724423000,1257,R,7868,10733,9345,12032,7868,10733,9345,12032,22356,25847,24406,24808,-185,-171,46,-0.72549,-0.670588,0.180392,0,68,917620
2026-05-18T07:29:20.724+00:00,1779089360724442000,1258,R,7877,10741,9350,12038,7877,10741,9350,12038,22365,25858,24416,24809,-180,-172,44,-0.705882,-0.67451,0.172549,0,68,017680
2026-05-18T07:29:20.724+00:00,1779089360724461000,1259,R,7880,10740,9352,12043,7880,10740,9352,12043,22364,25863,24412,24811,-179,-171,43,-0.701961,-0.670588,0.168627,0,68,117680
2026-05-18T07:29:21.022+00:00,1779089361022426000,1260,R,7876,10734,9353,12038,7876,10734,9353,12038,22367,25859,24402,24808,-180,-173,42,-0.705882,-0.678431,0.164706,0,68,217680
2026-05-18T07:29:21.022+00:00,1779089361022575000,1261,R,7877,10728,9350,12031,7877,10728,9350,12031,22365,25857,24395,24807,-178,-174,41,-0.698039,-0.682353,0.160784,0,68,317680
2026-05-18T07:29:21.022+00:00,1779089361022649000,1262,R,7873,10722,9347,12025,7873,10722,9347,12025,22365,25854,24389,24803,-176,-174,40,-0.690196,-0.682353,0.156863,0,68,417680
2026-05-18T07:29:21.022+00:00,1779089361022715000,1263,R,7862,10700,9335,12007,7862,10700,9335,12007,22346,25830,24359,24782,-171,-182,26,-0.670588,-0.713725,0.101961,0,68,c17750
2026-05-18T07:29:21.022+00:00,1779089361022780000,1264,R,7875,10697,9348,12002,7875,10697,9348,12002,22342,25824,24354,24776,-169,-186,24,-0.662745,-0.729412,0.094118,0,68,d17750
2026-05-18T07:29:21.024+00:00,1779089361024760000,1265,R,7862,10701,9328,12006,7862,10701,9328,12006,22338,25818,24353,24778,-168,-192,21,-0.658824,-0.752941,0.082353,0,68,e17750
2026-05-18T07:29:21.024+00:00,1779089361024856000,1266,R,7859,10698,9325,12003,7859,10698,9325,12003,22337,25812,24355,24779,-165,-195,18,-0.647059,-0.764706,0.070588,0,68,f17750
2026-05-18T07:29:21.024+00:00,1779089361024929000,1267,R,7857,10697,9323,12004,7857,10697,9323,12004,22331,25809,24350,24783,-164,-195,14,-0.643137,-0.764706,0.054902,0,68,017750
2026-05-18T07:29:21.025+00:00,1779089361025008000,1268,R,7853,10692,9317,12007,7853,10692,9317,12007,22321,25786,24342,24785,-159,-199,-2,-0.623529,-0.780392,-0.007843,0,69,817820
2026-05-18T07:29:21.025+00:00,1779089361025075000,1269,R,7848,10691,9305,11997,7848,10691,9305,11997,22321,25786,24342,24782,-156,-201,-4,-0.611765,-0.788235,-0.015686,0,69,917820
2026-05-18T07:29:21.175+00:00,1779089361175594000,1270,R,7853,10691,9316,12004,7853,10691,9316,12004,22317,25784,24344,24781,-155,-204,-6,-0.607843,-0.8,-0.023529,0,69,a17820
2026-05-18T07:29:21.175+00:00,1779089361175737000,1271,R,7856,10691,9315,12005,7856,10691,9315,12005,22319,25786,24342,24778,-153,-202,-9,-0.6,-0.792157,-0.035294,0,69,b17820
2026-05-18T07:29:21.175+00:00,1779089361175832000,1272,R,7854,10691,9318,12006,7854,10691,9318,12006,22319,25786,24342,24778,-156,-198,-10,-0.611765,-0.776471,-0.039216,0,69,c17820
2026-05-18T07:29:21.175+00:00,1779089361175900000,1273,R,7854,10692,9322,12006,7854,10692,9322,12006,22315,25789,24339,24783,-151,-203,-21,-0.592157,-0.796078,-0.082353,0,69,217870
2026-05-18T07:29:21.175+00:00,1779089361175982000,1274,R,7854,10693,9322,12005,7854,10693,9322,12005,22320,25796,24341,24782,-150,-204,-23,-0.588235,-0.8,-0.090196,0,69,317870
2026-05-18T07:29:21.176+00:00,1779089361176046000,1275,R,7852,10693,9321,12007,7852,10693,9321,12007,22319,25796,24340,24784,-147,-206,-26,-0.576471,-0.807843,-0.101961,0,69,417870
2026-05-18T07:29:21.324+00:00,1779089361324935000,1276,R,7852,10700,9330,12023,7852,10700,9330,12023,22320,25792,24340,24788,-146,-207,-28,-0.572549,-0.811765,-0.109804,0,69,517870
2026-05-18T07:29:21.325+00:00,1779089361325092000,1277,R,7853,10693,9322,12009,7853,10693,9322,12009,22320,25797,24339,24786,-148,-206,-29,-0.580392,-0.807843,-0.113725,0,69,617870
2026-05-18T07:29:21.325+00:00,1779089361325151000,1278,R,7858,10698,9332,12016,7858,10698,9332,12016,22321,25811,24342,24792,-152,-210,-40,-0.596078,-0.823529,-0.156863,0,69,017960
2026-05-18T07:29:21.325+00:00,1779089361325201000,1279,R,7856,10692,9325,12009,7856,10692,9325,12009,22328,25818,24349,24794,-152,-213,-41,-0.596078,-0.835294,-0.160784,0,69,117960
2026-05-18T07:29:21.325+00:00,1779089361325250000,1280,R,7859,10702,9332,12019,7859,10702,9332,12019,22325,25817,24348,24794,-150,-215,-42,-0.588235,-0.843137,-0.164706,0,69,217960
2026-05-18T07:29:21.474+00:00,1779089361474337000,1281,R,7862,10701,9333,12021,7862,10701,9333,12021,22330,25819,24349,24797,-149,-216,-42,-0.584314,-0.847059,-0.164706,0,69,317960
2026-05-18T07:29:21.474+00:00,1779089361474491000,1282,R,7861,10702,9338,12020,7861,10702,9338,12020,22324,25825,24343,24792,-146,-213,-42,-0.572549,-0.835294,-0.164706,0,69,417960
2026-05-18T07:29:21.474+00:00,1779089361474566000,1283,R,7878,10702,9368,12020,7878,10702,9368,12020,22357,25902,24331,24783,-146,-207,-37,-0.572549,-0.811765,-0.145098,0,69,c18030
2026-05-18T07:29:21.474+00:00,1779089361474633000,1284,R,7880,10703,9364,12023,7880,10703,9364,12023,22365,25907,24337,24788,-144,-206,-37,-0.564706,-0.807843,-0.145098,0,69,d18030
2026-05-18T07:29:21.474+00:00,1779089361474700000,1285,R,7880,10704,9374,12021,7880,10704,9374,12021,22360,25908,24333,24782,-146,-204,-36,-0.572549,-0.8,-0.141176,0,69,e18030
2026-05-18T07:29:21.624+00:00,1779089361624808000,1286,R,7882,10707,9373,12021,7882,10707,9373,12021,22366,25907,24335,24787,-148,-202,-33,-0.580392,-0.792157,-0.129412,0,69,f18030
2026-05-18T07:29:21.624+00:00,1779089361624941000,1287,R,7885,10706,9375,12024,7885,10706,9375,12024,22367,25915,24335,24790,-153,-203,-31,-0.6,-0.796078,-0.121569,0,69,018030
2026-05-18T07:29:21.625+00:00,1779089361625025000,1288,R,7878,10688,9370,12005,7878,10688,9370,12005,22359,25913,24318,24772,-157,-202,-27,-0.615686,-0.792157,-0.105882,0,69,718090
2026-05-18T07:29:21.625+00:00,1779089361625094000,1289,R,7878,10685,9371,12004,7878,10685,9371,12004,22359,25912,24313,24770,-159,-199,-25,-0.623529,-0.780392,-0.098039,0,69,818090
2026-05-18T07:29:21.625+00:00,1779089361625169000,1290,R,7874,10685,9367,12001,7874,10685,9367,12001,22359,25909,24310,24764,-161,-199,-26,-0.631373,-0.780392,-0.101961,0,69,918090
2026-05-18T07:29:21.775+00:00,1779089361775712000,1291,R,7876,10683,9368,11999,7876,10683,9368,11999,22358,25906,24310,24766,-160,-199,-27,-0.627451,-0.780392,-0.105882,0,69,a18090
2026-05-18T07:29:21.775+00:00,1779089361775846000,1292,R,7873,10683,9368,11997,7873,10683,9368,11997,22359,25907,24312,24765,-158,-199,-27,-0.619608,-0.780392,-0.105882,0,69,b18090
2026-05-18T07:29:21.775+00:00,1779089361775919000,1293,R,7871,10681,9367,11993,7871,10681,9367,11993,22354,25907,24304,24753,-163,-196,-22,-0.639216,-0.768627,-0.086275,0,69,218150
2026-05-18T07:29:21.775+00:00,1779089361775989000,1294,R,7874,10682,9367,11994,7874,10682,9367,11994,22355,25907,24304,24756,-163,-196,-21,-0.639216,-0.768627,-0.082353,0,69,318150
2026-05-18T07:29:21.776+00:00,1779089361776056000,1295,R,7873,10680,9365,11993,7873,10680,9365,11993,22356,25907,24305,24750,-163,-196,-20,-0.639216,-0.768627,-0.078431,0,69,418150
2026-05-18T07:29:21.924+00:00,1779089361924453000,1296,R,7873,10682,9367,11994,7873,10682,9367,11994,22355,25903,24306,24755,-164,-194,-18,-0.643137,-0.760784,-0.070588,0,69,518150
2026-05-18T07:29:21.924+00:00,1779089361924600000,1297,R,7873,10683,9367,11995,7873,10683,9367,11995,22355,25910,24310,24754,-164,-192,-18,-0.643137,-0.752941,-0.070588,0,69,618150
2026-05-18T07:29:21.924+00:00,1779089361924674000,1298,R,7875,10682,9370,11992,7875,10682,9370,11992,22360,25914,24304,24751,-161,-195,-20,-0.631373,-0.764706,-0.078431,0,69,e18220
2026-05-18T07:29:21.924+00:00,1779089361924777000,1299,R,7876,10683,9369,11993,7876,10683,9369,11993,22361,25915,24309,24751,-161,-195,-20,-0.631373,-0.764706,-0.078431,0,69,f18220
2026-05-18T07:29:21.924+00:00,1779089361924842000,1300,R,7876,10682,9373,11994,7876,10682,9373,11994,22360,25919,24307,24754,-160,-197,-21,-0.627451,-0.772549,-0.082353,0,69,018220
2026-05-18T07:29:22.073+00:00,1779089362073973000,1301,R,7877,10684,9372,11993,7877,10684,9372,11993,22359,25910,24309,24755,-159,-198,-22,-0.623529,-0.776471,-0.086275,0,69,118220
2026-05-18T07:29:22.074+00:00,1779089362074085000,1302,R,7876,10685,9371,11995,7876,10685,9371,11995,22361,25915,24309,24751,-159,-198,-22,-0.623529,-0.776471,-0.086275,0,69,218220
2026-05-18T07:29:22.074+00:00,1779089362074166000,1303,R,7879,10689,9373,12005,7879,10689,9373,12005,22359,25912,24315,24763,-158,-202,-23,-0.619608,-0.792157,-0.090196,0,69,918280
2026-05-18T07:29:22.074+00:00,1779089362074240000,1304,R,7879,10691,9371,12006,7879,10691,9371,12006,22362,25910,24318,24770,-157,-202,-22,-0.615686,-0.792157,-0.086275,0,69,a18280
2026-05-18T07:29:22.074+00:00,1779089362074303000,1305,R,7877,10691,9367,12007,7877,10691,9367,12007,22363,25906,24318,24772,-159,-201,-22,-0.623529,-0.788235,-0.086275,0,69,b18280
2026-05-18T07:29:22.225+00:00,1779089362225605000,1306,R,7875,10693,9361,12006,7875,10693,9361,12006,22355,25894,24323,24773,-158,-200,-23,-0.619608,-0.784314,-0.090196,0,69,c18280
2026-05-18T07:29:22.225+00:00,1779089362225689000,1307,R,7870,10698,9357,12010,7870,10698,9357,12010,22348,25876,24326,24773,-158,-201,-22,-0.619608,-0.788235,-0.086275,0,69,d18280
2026-05-18T07:29:22.225+00:00,1779089362225717000,1308,R,7868,10700,9350,12014,7868,10700,9350,12014,22348,25865,24335,24779,-158,-200,-22,-0.619608,-0.784314,-0.086275,0,69,e18280
2026-05-18T07:29:22.225+00:00,1779089362225746000,1309,R,7860,10719,9324,12031,7860,10719,9324,12031,22331,25795,24372,24812,-157,-202,-22,-0.615686,-0.792157,-0.086275,0,69,418330
2026-05-18T07:29:22.225+00:00,1779089362225771000,1310,R,7860,10722,9319,12031,7860,10722,9319,12031,22324,25787,24375,24815,-153,-203,-22,-0.6,-0.796078,-0.086275,0,69,518330
2026-05-18T07:29:22.374+00:00,1779089362375046000,1311,R,7854,10725,9313,12038,7854,10725,9313,12038,22321,25773,24380,24811,-153,-204,-23,-0.6,-0.8,-0.090196,0,69,618330
2026-05-18T07:29:22.375+00:00,1779089362375194000,1312,R,7855,10726,9312,12037,7855,10726,9312,12037,22319,25766,24385,24821,-152,-205,-23,-0.596078,-0.803922,-0.090196,0,69,718330
2026-05-18T07:29:22.375+00:00,1779089362375270000,1313,R,7855,10728,9315,12035,7855,10728,9315,12035,22318,25766,24387,24824,-152,-205,-23,-0.596078,-0.803922,-0.090196,0,69,818330
2026-05-18T07:29:22.375+00:00,1779089362375338000,1314,R,7859,10734,9310,12045,7859,10734,9310,12045,22325,25763,24398,24829,-147,-207,-25,-0.576471,-0.811765,-0.098039,0,69,318430
2026-05-18T07:29:22.375+00:00,1779089362375403000,1315,R,7858,10730,9311,12040,7858,10730,9311,12040,22320,25762,24391,24829,-149,-205,-24,-0.584314,-0.803922,-0.094118,0,69,418430
2026-05-18T07:29:22.525+00:00,1779089362525464000,1316,R,7857,10723,9309,12038,7857,10723,9309,12038,22316,25763,24384,24822,-148,-205,-25,-0.580392,-0.803922,-0.098039,0,69,518430
2026-05-18T07:29:22.525+00:00,1779089362525584000,1317,R,7856,10723,9310,12034,7856,10723,9310,12034,22313,25759,24383,24818,-147,-207,-25,-0.576471,-0.811765,-0.098039,0,69,618430
2026-05-18T07:29:22.525+00:00,1779089362525658000,1318,R,7853,10717,9305,12027,7853,10717,9305,12027,22316,25754,24374,24813,-147,-209,-27,-0.576471,-0.819608,-0.105882,0,69,718430
2026-05-18T07:29:22.525+00:00,1779089362525725000,1319,R,7848,10711,9299,12020,7848,10711,9299,12020,22301,25741,24370,24805,-147,-209,-26,-0.576471,-0.819608,-0.101961,0,69,f18500
2026-05-18T07:29:22.525+00:00,1779089362525789000,1320,R,7846,10710,9298,12019,7846,10710,9298,12019,22298,25740,24372,24803,-148,-210,-25,-0.580392,-0.823529,-0.098039,0,69,018500
2026-05-18T07:29:22.674+00:00,1779089362674919000,1321,R,7847,10711,9298,12020,7847,10711,9298,12020,22298,25737,24370,24802,-148,-209,-25,-0.580392,-0.819608,-0.098039,0,69,118500
2026-05-18T07:29:22.675+00:00,1779089362675326000,1322,R,7847,10713,9298,12020,7847,10713,9298,12020,22296,25740,24368,24801,-147,-208,-25,-0.576471,-0.815686,-0.098039,0,69,218500
2026-05-18T07:29:22.675+00:00,1779089362675409000,1323,R,7844,10713,9297,12020,7844,10713,9297,12020,22299,25737,24364,24799,-147,-207,-26,-0.576471,-0.811765,-0.101961,0,69,318500
2026-05-18T07:29:22.675+00:00,1779089362675476000,1324,R,7848,10711,9297,12018,7848,10711,9297,12018,22299,25736,24365,24797,-147,-207,-25,-0.576471,-0.811765,-0.098039,0,68,a18560
2026-05-18T07:29:22.675+00:00,1779089362675542000,1325,R,7845,10710,9297,12020,7845,10710,9297,12020,22299,25732,24370,24798,-147,-206,-25,-0.576471,-0.807843,-0.098039,0,68,b18560
2026-05-18T07:29:22.675+00:00,1779089362675604000,1326,R,7844,10712,9298,12018,7844,10712,9298,12018,22296,25734,24365,24798,-147,-206,-26,-0.576471,-0.807843,-0.101961,0,68,c18560
2026-05-18T07:29:22.824+00:00,1779089362824299000,1327,R,7845,10709,9297,12019,7845,10709,9297,12019,22300,25733,24366,24802,-148,-206,-26,-0.580392,-0.807843,-0.101961,0,68,d18560
2026-05-18T07:29:22.824+00:00,1779089362824344000,1328,R,7846,10712,9296,12021,7846,10712,9296,12021,22296,25734,24366,24796,-147,-206,-26,-0.576471,-0.807843,-0.101961,0,68,e18560
2026-05-18T07:29:22.824+00:00,1779089362824367000,1329,R,7846,10719,9298,12026,7846,10719,9298,12026,22295,25733,24370,24803,-147,-207,-27,-0.576471,-0.811765,-0.105882,0,68,718640
2026-05-18T07:29:22.824+00:00,1779089362824387000,1330,R,7845,10717,9296,12028,7845,10717,9296,12028,22295,25737,24374,24803,-148,-208,-27,-0.580392,-0.815686,-0.105882,0,68,818640
2026-05-18T07:29:22.824+00:00,1779089362824407000,1331,R,7842,10718,9299,12027,7842,10718,9299,12027,22298,25734,24373,24803,-148,-207,-27,-0.580392,-0.811765,-0.105882,0,68,918640
2026-05-18T07:29:22.974+00:00,1779089362975020000,1332,R,7845,10719,9297,12030,7845,10719,9297,12030,22296,25736,24374,24807,-149,-208,-27,-0.584314,-0.815686,-0.105882,0,68,a18640
2026-05-18T07:29:22.975+00:00,1779089362975188000,1333,R,7847,10720,9300,12029,7847,10720,9300,12029,22299,25737,24373,24806,-148,-207,-27,-0.580392,-0.811765,-0.105882,0,68,b18640
2026-05-18T07:29:22.975+00:00,1779089362975262000,1334,R,7851,10726,9299,12037,7851,10726,9299,12037,22297,25736,24384,24812,-146,-208,-25,-0.572549,-0.815686,-0.098039,0,68,218700
2026-05-18T07:29:22.975+00:00,1779089362975328000,1335,R,7850,10724,9301,12039,7850,10724,9301,12039,22305,25742,24386,24815,-146,-208,-26,-0.572549,-0.815686,-0.101961,0,68,318700
2026-05-18T07:29:22.975+00:00,1779089362975409000,1336,R,7851,10727,9301,12042,7851,10727,9301,12042,22299,25738,24385,24819,-145,-207,-27,-0.568627,-0.811765,-0.105882,0,68,418700
2026-05-18T07:29:23.125+00:00,1779089363125374000,1337,R,7850,10727,9301,12042,7850,10727,9301,12042,22302,25738,24387,24820,-145,-208,-26,-0.568627,-0.815686,-0.101961,0,68,518700
2026-05-18T07:29:23.125+00:00,1779089363125485000,1338,R,7851,10730,9301,12043,7851,10730,9301,12043,22302,25737,24390,24820,-145,-209,-26,-0.568627,-0.819608,-0.101961,0,68,618700
2026-05-18T07:29:23.125+00:00,1779089363125572000,1339,R,7855,10738,9302,12054,7855,10738,9302,12054,22302,25728,24395,24833,-146,-206,-25,-0.572549,-0.807843,-0.098039,0,68,f18780
2026-05-18T07:29:23.125+00:00,1779089363125638000,1340,R,7851,10735,9296,12051,7851,10735,9296,12051,22305,25727,24396,24835,-144,-204,-26,-0.564706,-0.8,-0.101961,0,68,018780
2026-05-18T07:29:23.125+00:00,1779089363125708000,1341,R,7850,10730,9295,12045,7850,10730,9295,12045,22302,25723,24389,24827,-143,-206,-27,-0.560784,-0.807843,-0.105882,0,68,118780
2026-05-18T07:29:23.274+00:00,1779089363274166000,1342,R,7848,10726,9294,12041,7848,10726,9294,12041,22299,25725,24383,24825,-143,-208,-27,-0.560784,-0.815686,-0.105882,0,68,218780
2026-05-18T07:29:23.274+00:00,1779089363274198000,1343,R,7846,10722,9290,12037,7846,10722,9290,12037,22297,25719,24380,24823,-143,-209,-26,-0.560784,-0.819608,-0.101961,0,68,318780
2026-05-18T07:29:23.274+00:00,1779089363274214000,1344,R,7842,10704,9288,12024,7842,10704,9288,12024,22287,25711,24353,24800,-137,-214,-27,-0.537255,-0.839216,-0.105882,0,68,b18850
2026-05-18T07:29:23.274+00:00,1779089363274229000,1345,R,7842,10713,9285,12019,7842,10713,9285,12019,22289,25712,24355,24803,-137,-215,-27,-0.537255,-0.843137,-0.105882,0,68,c18850
2026-05-18T07:29:23.274+00:00,1779089363274242000,1346,R,7840,10702,9287,12019,7840,10702,9287,12019,22281,25704,24352,24804,-136,-214,-27,-0.533333,-0.839216,-0.105882,0,68,d18850
2026-05-18T07:29:23.574+00:00,1779089363574462000,1347,R,7840,10700,9289,12019,7840,10700,9289,12019,22283,25711,24351,24799,-135,-215,-27,-0.529412,-0.843137,-0.105882,0,68,e18850
2026-05-18T07:29:23.574+00:00,1779089363574625000,1348,R,7843,10702,9293,12020,7843,10702,9293,12020,22284,25716,24351,24799,-133,-216,-28,-0.521569,-0.847059,-0.109804,0,68,f18850
2026-05-18T07:29:23.574+00:00,1779089363574721000,1349,R,7854,10696,9314,12016,7854,10696,9314,12016,22304,25772,24341,24792,-129,-219,-28,-0.505882,-0.858824,-0.109804,0,69,718920
2026-05-18T07:29:23.574+00:00,1779089363574800000,1350,R,7850,10691,9321,12020,7850,10691,9321,12020,22300,25775,24336,24792,-130,-218,-28,-0.509804,-0.854902,-0.109804,0,69,818920
2026-05-18T07:29:23.575+00:00,1779089363575333000,1351,R,7852,10696,9317,12016,7852,10696,9317,12016,22305,25778,24340,24793,-130,-218,-28,-0.509804,-0.854902,-0.109804,0,69,918920
2026-05-18T07:29:23.725+00:00,1779089363725865000,1352,R,7853,10696,9317,12019,7853,10696,9317,12019,22307,25778,24337,24794,-129,-217,-30,-0.505882,-0.85098,-0.117647,0,69,a18920
2026-05-18T07:29:23.726+00:00,1779089363726022000,1353,R,7854,10695,9317,12018,7854,10695,9317,12018,22307,25779,24338,24794,-130,-217,-29,-0.509804,-0.85098,-0.113725,0,69,b18920
2026-05-18T07:29:23.726+00:00,1779089363726099000,1354,R,7854,10696,9318,12018,7854,10696,9318,12018,22309,25779,24337,24794,-130,-217,-28,-0.509804,-0.85098,-0.109804,0,69,c18920
2026-05-18T07:29:23.726+00:00,1779089363726167000,1355,R,7855,10700,9318,12021,7855,10700,9318,12021,22307,25782,24344,24799,-131,-217,-29,-0.513725,-0.85098,-0.113725,0,69,318980
2026-05-18T07:29:23.726+00:00,1779089363726231000,1356,R,7846,10701,9319,12018,7846,10701,9319,12018,22307,25779,24345,24802,-132,-216,-28,-0.517647,-0.847059,-0.109804,0,69,418980
2026-05-18T07:29:23.874+00:00,1779089363874865000,1357,R,7855,10699,9320,12025,7855,10699,9320,12025,22311,25782,24350,24804,-132,-218,-28,-0.517647,-0.854902,-0.109804,0,69,518980
2026-05-18T07:29:23.874+00:00,1779089363874994000,1358,R,7856,10705,9319,12025,7856,10705,9319,12025,22305,25784,24351,24803,-132,-216,-28,-0.517647,-0.847059,-0.109804,0,69,618980
2026-05-18T07:29:23.875+00:00,1779089363875066000,1359,R,7855,10703,9319,12027,7855,10703,9319,12027,22309,25782,24349,24807,-132,-218,-27,-0.517647,-0.854902,-0.105882,0,69,718980
2026-05-18T07:29:23.875+00:00,1779089363875131000,1360,R,7856,10710,9321,12036,7856,10710,9321,12036,22314,25792,24356,24819,-132,-216,-27,-0.517647,-0.847059,-0.105882,0,69,f19050
2026-05-18T07:29:23.875+00:00,1779089363875196000,1361,R,7854,10717,9313,12037,7854,10717,9313,12037,22314,25789,24362,24819,-132,-216,-27,-0.517647,-0.847059,-0.105882,0,69,019050
2026-05-18T07:29:24.024+00:00,1779089364024639000,1362,R,7857,10713,9323,12037,7857,10713,9323,12037,22315,25787,24362,24817,-132,-216,-27,-0.517647,-0.847059,-0.105882,0,69,119050
2026-05-18T07:29:24.024+00:00,1779089364024859000,1363,R,7859,10716,9321,12037,7859,10716,9321,12037,22314,25790,24367,24824,-133,-215,-27,-0.521569,-0.843137,-0.105882,0,69,219050
2026-05-18T07:29:24.024+00:00,1779089364024955000,1364,R,7857,10715,9323,12040,7857,10715,9323,12040,22314,25786,24367,24825,-132,-217,-27,-0.517647,-0.85098,-0.105882,0,69,319050
2026-05-18T07:29:24.025+00:00,1779089364025029000,1365,R,7862,10724,9323,12048,7862,10724,9323,12048,22318,25786,24377,24836,-133,-215,-28,-0.521569,-0.843137,-0.109804,0,69,b19120
2026-05-18T07:29:24.025+00:00,1779089364025095000,1366,R,7876,10719,9340,12053,7876,10719,9340,12053,22317,25788,24378,24842,-133,-217,-27,-0.521569,-0.85098,-0.105882,0,69,c19120
2026-05-18T07:29:24.174+00:00,1779089364174307000,1367,R,7864,10724,9322,12051,7864,10724,9322,12051,22319,25787,24377,24838,-133,-216,-28,-0.521569,-0.847059,-0.109804,0,69,d19120
2026-05-18T07:29:24.174+00:00,1779089364174435000,1368,R,7861,10720,9322,12048,7861,10720,9322,12048,22316,25787,24371,24837,-132,-217,-29,-0.517647,-0.85098,-0.113725,0,69,e19120
2026-05-18T07:29:24.174+00:00,1779089364174511000,1369,R,7862,10714,9322,12042,7862,10714,9322,12042,22315,25784,24364,24834,-131,-218,-29,-0.513725,-0.854902,-0.113725,0,69,f19120
2026-05-18T07:29:24.174+00:00,1779089364174580000,1370,R,7856,10693,9315,12022,7856,10693,9315,12022,22306,25780,24344,24812,-131,-215,-28,-0.513725,-0.843137,-0.109804,0,69,519170
2026-05-18T07:29:24.174+00:00,1779089364174646000,1371,R,7852,10693,9316,12020,7852,10693,9316,12020,22307,25783,24341,24807,-131,-217,-28,-0.513725,-0.85098,-0.109804,0,69,619170
2026-05-18T07:29:24.325+00:00,1779089364325706000,1372,R,7856,10693,9321,12018,7856,10693,9321,12018,22306,25785,24339,24809,-131,-217,-28,-0.513725,-0.85098,-0.109804,0,69,719170
2026-05-18T07:29:24.325+00:00,1779089364325845000,1373,R,7849,10689,9310,12008,7849,10689,9310,12008,22309,25787,24338,24805,-131,-217,-28,-0.513725,-0.85098,-0.109804,0,69,819170
2026-05-18T07:29:24.325+00:00,1779089364325901000,1374,R,7855,10692,9322,12016,7855,10692,9322,12016,22312,25795,24337,24800,-131,-218,-28,-0.513725,-0.854902,-0.109804,0,69,919170
2026-05-18T07:29:24.325+00:00,1779089364325950000,1375,R,7861,10683,9343,12012,7861,10683,9343,12012,22327,25847,24318,24791,-129,-218,-28,-0.505882,-0.854902,-0.109804,0,69,119240
2026-05-18T07:29:24.325+00:00,1779089364325999000,1376,R,7866,10679,9344,12010,7866,10679,9344,12010,22325,25851,24316,24790,-129,-217,-27,-0.505882,-0.85098,-0.105882,0,69,219240
2026-05-18T07:29:24.326+00:00,1779089364326044000,1377,R,7862,10678,9344,12009,7862,10678,9344,12009,22328,25853,24314,24791,-129,-217,-27,-0.505882,-0.85098,-0.105882,0,69,319240
2026-05-18T07:29:24.474+00:00,1779089364474969000,1378,R,7864,10687,9351,12023,7864,10687,9351,12023,22329,25865,24312,24796,-129,-219,-28,-0.505882,-0.858824,-0.109804,0,69,419240
2026-05-18T07:29:24.475+00:00,1779089364475115000,1379,R,7865,10681,9350,12010,7865,10681,9350,12010,22328,25860,24309,24793,-128,-219,-27,-0.501961,-0.858824,-0.105882,0,69,519240
2026-05-18T07:29:24.475+00:00,1779089364475192000,1380,R,7867,10677,9354,12011,7867,10677,9354,12011,22335,25875,24309,24797,-127,-219,-27,-0.498039,-0.858824,-0.105882,0,69,c19300
2026-05-18T07:29:24.475+00:00,1779089364475262000,1381,R,7868,10677,9354,12012,7868,10677,9354,12012,22335,25874,24309,24796,-127,-219,-28,-0.498039,-0.858824,-0.109804,0,69,d19300
2026-05-18T07:29:24.475+00:00,1779089364475329000,1382,R,7869,10681,9353,12014,7869,10681,9353,12014,22336,25874,24311,24798,-127,-219,-28,-0.498039,-0.858824,-0.109804,0,69,e19300
2026-05-18T07:29:24.625+00:00,1779089364625770000,1383,R,7869,10676,9356,12010,7869,10676,9356,12010,22335,25875,24314,24799,-127,-220,-28,-0.498039,-0.862745,-0.109804,0,69,f19300
2026-05-18T07:29:24.625+00:00,1779089364625912000,1384,R,7870,10680,9351,12012,7870,10680,9351,12012,22333,25874,24309,24795,-127,-219,-27,-0.498039,-0.858824,-0.105882,0,69,019300
2026-05-18T07:29:24.625+00:00,1779089364625988000,1385,R,7868,10691,9350,12023,7868,10691,9350,12023,22334,25864,24330,24814,-127,-219,-27,-0.498039,-0.858824,-0.105882,0,69,b19400
2026-05-18T07:29:24.626+00:00,1779089364626054000,1386,R,7859,10693,9341,12027,7859,10693,9341,12027,22332,25860,24332,24814,-127,-219,-27,-0.498039,-0.858824,-0.105882,0,69,c19400
2026-05-18T07:29:24.626+00:00,1779089364626119000,1387,R,7869,10694,9349,12025,7869,10694,9349,12025,22335,25864,24334,24817,-127,-219,-28,-0.498039,-0.858824,-0.109804,0,69,d19400
2026-05-18T07:29:24.774+00:00,1779089364774182000,1388,R,7869,10695,9351,12029,7869,10695,9351,12029,22334,25862,24337,24820,-128,-220,-27,-0.501961,-0.862745,-0.105882,0,69,e19400
2026-05-18T07:29:24.774+00:00,1779089364774296000,1389,R,7868,10698,9352,12030,7868,10698,9352,12030,22334,25861,24337,24824,-127,-219,-27,-0.498039,-0.858824,-0.105882,0,69,f19400
2026-05-18T07:29:24.774+00:00,1779089364774370000,1390,R,7871,10705,9356,12039,7871,10705,9356,12039,22339,25869,24351,24827,-128,-219,-26,-0.501961,-0.858824,-0.101961,0,69,719470
2026-05-18T07:29:24.774+00:00,1779089364774437000,1391,R,7875,10707,9357,12041,7875,10707,9357,12041,22342,25876,24357,24838,-128,-219,-26,-0.501961,-0.858824,-0.101961,0,69,819470
2026-05-18T07:29:24.774+00:00,1779089364774502000,1392,R,7874,10708,9359,12038,7874,10708,9359,12038,22344,25877,24353,24834,-128,-217,-27,-0.501961,-0.85098,-0.105882,0,69,919470
2026-05-18T07:29:24.923+00:00,1779089364923721000,1393,R,7876,10708,9357,12042,7876,10708,9357,12042,22344,25876,24355,24839,-129,-219,-26,-0.505882,-0.858824,-0.101961,0,69,a19470
2026-05-18T07:29:24.923+00:00,1779089364923757000,1394,R,7879,10711,9360,12044,7879,10711,9360,12044,22347,25876,24355,24839,-129,-219,-26,-0.505882,-0.858824,-0.101961,0,69,b19470
2026-05-18T07:29:24.923+00:00,1779089364923773000,1395,R,7870,10695,9349,12029,7870,10695,9349,12029,22337,25862,24338,24831,-129,-221,-27,-0.505882,-0.866667,-0.105882,0,69,319540
2026-05-18T07:29:24.923+00:00,1779089364923787000,1396,R,7868,10693,9347,12028,7868,10693,9347,12028,22334,25853,24334,24819,-128,-219,-28,-0.501961,-0.858824,-0.109804,0,69,419540
2026-05-18T07:29:24.923+00:00,1779089364923848000,1397,R,7866,10692,9345,12023,7866,10692,9345,12023,22330,25850,24332,24827,-127,-219,-28,-0.498039,-0.858824,-0.109804,0,69,519540
2026-05-18T07:29:25.074+00:00,1779089365074493000,1398,R,7866,10689,9342,12019,7866,10689,9342,12019,22331,25848,24333,24824,-128,-219,-28,-0.501961,-0.858824,-0.109804,0,69,619540
2026-05-18T07:29:25.074+00:00,1779089365074539000,1399,R,7862,10690,9340,12019,7862,10690,9340,12019,22328,25842,24332,24819,-128,-219,-28,-0.501961,-0.858824,-0.109804,0,69,719540
2026-05-18T07:29:25.074+00:00,1779089365074565000,1400,R,7859,10688,9329,12016,7859,10688,9329,12016,22315,25817,24334,24818,-130,-219,-27,-0.509804,-0.858824,-0.105882,0,69,e19600
2026-05-18T07:29:25.074+00:00,1779089365074587000,1401,R,7854,10689,9325,12015,7854,10689,9325,12015,22314,25813,24335,24819,-130,-218,-25,-0.509804,-0.854902,-0.098039,0,69,f19600
2026-05-18T07:29:25.074+00:00,1779089365074610000,1402,R,7856,10691,9323,12016,7856,10691,9323,12016,22311,25812,24337,24819,-131,-218,-25,-0.513725,-0.854902,-0.098039,0,69,019600
2026-05-18T07:29:25.225+00:00,1779089365225074000,1403,R,7856,10693,9323,12017,7856,10693,9323,12017,22310,25806,24338,24818,-131,-218,-24,-0.513725,-0.854902,-0.094118,0,69,119600
2026-05-18T07:29:25.225+00:00,1779089365225129000,1404,R,7856,10693,9324,12016,7856,10693,9324,12016,22311,25802,24336,24816,-131,-216,-25,-0.513725,-0.847059,-0.098039,0,69,219600
2026-05-18T07:29:25.225+00:00,1779089365225190000,1405,R,7853,10693,9321,12016,7853,10693,9321,12016,22308,25794,24341,24820,-129,-215,-26,-0.505882,-0.843137,-0.101961,0,69,319600
2026-05-18T07:29:25.225+00:00,1779089365225224000,1406,R,7846,10692,9309,12016,7846,10692,9309,12016,22301,25777,24344,24823,-130,-219,-25,-0.509804,-0.858824,-0.098039,0,69,a19660
2026-05-18T07:29:25.225+00:00,1779089365225250000,1407,R,7849,10695,9307,12016,7849,10695,9307,12016,22298,25769,24342,24818,-130,-221,-25,-0.509804,-0.866667,-0.098039,0,69,b19660
2026-05-18T07:29:25.375+00:00,1779089365375109000,1408,R,7848,10693,9310,12017,7848,10693,9310,12017,22290,25764,24339,24817,-131,-220,-25,-0.513725,-0.862745,-0.098039,0,69,c19660
2026-05-18T07:29:25.375+00:00,1779089365375257000,1409,R,7849,10695,9310,12018,7849,10695,9310,12018,22296,25767,24345,24821,-131,-220,-25,-0.513725,-0.862745,-0.098039,0,69,d19660
2026-05-18T07:29:25.375+00:00,1779089365375333000,1410,R,7848,10697,9305,12019,7848,10697,9305,12019,22295,25764,24343,24821,-131,-219,-25,-0.513725,-0.858824,-0.098039,0,69,e19660
2026-05-18T07:29:25.375+00:00,1779089365375400000,1411,R,7846,10705,9303,12024,7846,10705,9303,12024,22293,25754,24361,24827,-133,-216,-23,-0.521569,-0.847059,-0.090196,0,69,619730
2026-05-18T07:29:25.375+00:00,1779089365375464000,1412,R,7846,10705,9303,12023,7846,10705,9303,12023,22296,25752,24359,24827,-134,-215,-22,-0.52549,-0.843137,-0.086275,0,69,719730
2026-05-18T07:29:25.524+00:00,1779089365524847000,1413,R,7853,10709,9301,12023,7853,10709,9301,12023,22289,25749,24360,24824,-133,-215,-22,-0.521569,-0.843137,-0.086275,0,69,819730
2026-05-18T07:29:25.524+00:00,1779089365524964000,1414,R,7847,10707,9304,12027,7847,10707,9304,12027,22292,25755,24364,24832,-134,-215,-22,-0.52549,-0.843137,-0.086275,0,69,919730
2026-05-18T07:29:25.525+00:00,1779089365525045000,1415,R,7849,10709,9303,12026,7849,10709,9303,12026,22295,25752,24366,24830,-134,-216,-21,-0.52549,-0.847059,-0.082353,0,69,a19730
2026-05-18T07:29:25.525+00:00,1779089365525113000,1416,R,7850,10718,9307,12038,7850,10718,9307,12038,22297,25752,24374,24842,-132,-217,-21,-0.517647,-0.85098,-0.082353,0,69,219800
2026-05-18T07:29:25.525+00:00,1779089365525176000,1417,R,7851,10717,9305,12038,7851,10717,9305,12038,22295,25753,24377,24844,-132,-218,-22,-0.517647,-0.854902,-0.086275,0,69,319800
2026-05-18T07:29:25.675+00:00,1779089365675082000,1418,R,7851,10717,9304,12039,7851,10717,9304,12039,22296,25750,24376,24844,-132,-218,-22,-0.517647,-0.854902,-0.086275,0,69,419800
2026-05-18T07:29:25.675+00:00,1779089365675227000,1419,R,7851,10716,9303,12040,7851,10716,9303,12040,22295,25752,24376,24844,-132,-217,-22,-0.517647,-0.85098,-0.086275,0,69,519800
2026-05-18T07:29:25.675+00:00,1779089365675300000,1420,R,7851,10720,9305,12041,7851,10720,9305,12041,22299,25749,24381,24849,-132,-216,-22,-0.517647,-0.847059,-0.086275,0,69,619800
2026-05-18T07:29:25.675+00:00,1779089365675370000,1421,R,7854,10730,9304,12052,7854,10730,9304,12052,22298,25744,24392,24855,-135,-217,-20,-0.529412,-0.85098,-0.078431,0,69,d19860
2026-05-18T07:29:25.675+00:00,1779089365675435000,1422,R,7852,10729,9304,12050,7852,10729,9304,12050,22298,25747,24391,24859,-133,-215,-21,-0.521569,-0.843137,-0.082353,0,69,e19860
2026-05-18T07:29:25.675+00:00,1779089365675499000,1423,R,7852,10724,9305,12048,7852,10724,9305,12048,22298,25746,24386,24856,-133,-215,-21,-0.521569,-0.843137,-0.082353,0,69,f19860
2026-05-18T07:29:25.825+00:00,1779089365825570000,1424,R,7852,10720,9303,12045,7852,10720,9303,12045,22300,25744,24381,24851,-135,-216,-21,-0.529412,-0.847059,-0.082353,0,69,019860
2026-05-18T07:29:25.825+00:00,1779089365825693000,1425,R,7850,10717,9300,12039,7850,10717,9300,12039,22298,25744,24375,24850,-134,-217,-21,-0.52549,-0.85098,-0.082353,0,69,119860
2026-05-18T07:29:25.825+00:00,1779089365826003000,1426,R,7840,10699,9291,12021,7840,10699,9291,12021,22280,25725,24354,24825,-134,-217,-23,-0.52549,-0.85098,-0.090196,0,69,a19940
2026-05-18T07:29:25.826+00:00,1779089365826076000,1427,R,7839,10698,9291,12020,7839,10698,9291,12020,22282,25724,24349,24826,-134,-217,-23,-0.52549,-0.85098,-0.090196,0,69,b19940
2026-05-18T07:29:25.826+00:00,1779089365826143000,1428,R,7843,10699,9291,12019,7843,10699,9291,12019,22282,25728,24352,24825,-134,-217,-23,-0.52549,-0.85098,-0.090196,0,69,c19940
2026-05-18T07:29:25.974+00:00,1779089365974917000,1429,R,7841,10698,9288,12019,7841,10698,9288,12019,22282,25722,24353,24825,-135,-216,-22,-0.529412,-0.847059,-0.086275,0,69,d19940
2026-05-18T07:29:25.975+00:00,1779089365975072000,1430,R,7841,10697,9291,12017,7841,10697,9291,12017,22279,25723,24348,24825,-135,-216,-21,-0.529412,-0.847059,-0.082353,0,69,e19940
2026-05-18T07:29:25.975+00:00,1779089365975149000,1431,R,7840,10697,9289,12019,7840,10697,9289,12019,22279,25721,24349,24827,-133,-217,-22,-0.521569,-0.85098,-0.086275,0,69,520000
2026-05-18T07:29:25.975+00:00,1779089365975231000,1432,R,7838,10700,9290,12019,7838,10700,9290,12019,22277,25722,24351,24823,-134,-217,-22,-0.52549,-0.85098,-0.086275,0,69,620000
2026-05-18T07:29:25.975+00:00,1779089365975294000,1433,R,7839,10698,9290,12020,7839,10698,9290,12020,22279,25723,24352,24825,-133,-217,-22,-0.521569,-0.85098,-0.086275,0,69,720000
2026-05-18T07:29:26.125+00:00,1779089366125286000,1434,R,7841,10698,9291,12019,7841,10698,9291,12019,22276,25719,24349,24822,-132,-216,-22,-0.517647,-0.847059,-0.086275,0,69,820000
2026-05-18T07:29:26.125+00:00,1779089366125439000,1435,R,7841,10697,9288,12018,7841,10697,9288,12018,22275,25719,24350,24824,-133,-216,-22,-0.521569,-0.847059,-0.086275,0,69,920000
2026-05-18T07:29:26.125+00:00,1779089366125525000,1436,R,7839,10703,9289,12024,7839,10703,9289,12024,22278,25724,24352,24828,-133,-217,-22,-0.521569,-0.85098,-0.086275,0,69,220080
2026-05-18T07:29:26.125+00:00,1779089366125593000,1437,R,7841,10701,9290,12033,7841,10701,9290,12033,22278,25726,24356,24830,-134,-217,-22,-0.52549,-0.85098,-0.086275,0,69,320080
2026-05-18T07:29:26.125+00:00,1779089366125659000,1438,R,7843,10702,9293,12024,7843,10702,9293,12024,22277,25726,24358,24829,-133,-217,-23,-0.521569,-0.85098,-0.090196,0,69,420080
2026-05-18T07:29:26.274+00:00,1779089366274849000,1439,R,7842,10706,9291,12027,7842,10706,9291,12027,22280,25728,24358,24834,-134,-216,-23,-0.52549,-0.847059,-0.090196,0,69,520080
2026-05-18T07:29:26.275+00:00,1779089366275013000,1440,R,7843,10705,9291,12030,7843,10705,9291,12030,22279,25729,24361,24837,-134,-217,-22,-0.52549,-0.85098,-0.086275,0,69,620080
2026-05-18T07:29:26.275+00:00,1779089366275089000,1441,R,7848,10711,9294,12038,7848,10711,9294,12038,22281,25735,24371,24846,-133,-217,-21,-0.521569,-0.85098,-0.082353,0,69,e20150
2026-05-18T07:29:26.275+00:00,1779089366275155000,1442,R,7845,10713,9294,12037,7845,10713,9294,12037,22288,25735,24369,24847,-132,-216,-21,-0.517647,-0.847059,-0.082353,0,69,f20150
2026-05-18T07:29:26.275+00:00,1779089366275220000,1443,R,7846,10713,9298,12041,7846,10713,9298,12041,22287,25737,24373,24847,-133,-217,-21,-0.521569,-0.85098,-0.082353,0,69,020150
2026-05-18T07:29:26.424+00:00,1779089366424878000,1444,R,7847,10716,9299,12041,7847,10716,9299,12041,22287,25736,24373,24848,-133,-216,-21,-0.521569,-0.847059,-0.082353,0,69,120150
2026-05-18T07:29:26.425+00:00,1779089366425016000,1445,R,7848,10714,9300,12042,7848,10714,9300,12042,22287,25739,24376,24855,-132,-217,-22,-0.517647,-0.85098,-0.086275,0,69,220150
2026-05-18T07:29:26.425+00:00,1779089366425087000,1446,R,7850,10720,9302,12047,7850,10720,9302,12047,22297,25750,24386,24863,-132,-217,-21,-0.517647,-0.85098,-0.082353,0,69,920210
2026-05-18T07:29:26.425+00:00,1779089366425169000,1447,R,7853,10723,9304,12052,7853,10723,9304,12052,22296,25750,24386,24865,-132,-220,-21,-0.517647,-0.862745,-0.082353,0,69,a20210
2026-05-18T07:29:26.425+00:00,1779089366425241000,1448,R,7854,10735,9297,12047,7854,10735,9297,12047,22294,25749,24383,24863,-131,-216,-21,-0.513725,-0.847059,-0.082353,0,69,b20210
2026-05-18T07:29:26.574+00:00,1779089366574871000,1449,R,7852,10717,9304,12048,7852,10717,9304,12048,22295,25750,24378,24860,-131,-218,-22,-0.513725,-0.854902,-0.086275,0,69,c20210
2026-05-18T07:29:26.574+00:00,1779089366574999000,1450,R,7849,10714,9302,12039,7849,10714,9302,12039,22296,25748,24369,24855,-130,-218,-22,-0.509804,-0.854902,-0.086275,0,69,d20210
2026-05-18T07:29:26.575+00:00,1779089366575083000,1451,R,7843,10688,9303,12014,7843,10688,9303,12014,22288,25754,24345,24828,-132,-217,-23,-0.517647,-0.85098,-0.090196,0,69,620290
2026-05-18T07:29:26.575+00:00,1779089366575151000,1452,R,7845,10689,9304,12021,7845,10689,9304,12021,22287,25761,24344,24828,-131,-218,-23,-0.513725,-0.854902,-0.090196,0,69,720290
2026-05-18T07:29:26.575+00:00,1779089366575218000,1453,R,7845,10688,9304,12013,7845,10688,9304,12013,22285,25758,24343,24825,-132,-219,-23,-0.517647,-0.858824,-0.090196,0,69,820290
2026-05-18T07:29:26.724+00:00,1779089366724619000,1454,R,7844,10691,9305,12013,7844,10691,9305,12013,22289,25762,24341,24825,-132,-217,-24,-0.517647,-0.85098,-0.094118,0,69,920290
2026-05-18T07:29:26.724+00:00,1779089366724786000,1455,R,7844,10688,9305,12010,7844,10688,9305,12010,22286,25762,24341,24820,-131,-218,-23,-0.513725,-0.854902,-0.090196,0,69,a20290
2026-05-18T07:29:26.724+00:00,1779089366724871000,1456,R,7842,10686,9303,12010,7842,10686,9303,12010,22287,25763,24338,24823,-133,-219,-23,-0.521569,-0.858824,-0.090196,0,69,b20290
2026-05-18T07:29:26.724+00:00,1779089366724942000,1457,R,7845,10688,9313,12005,7845,10688,9313,12005,22291,25783,24337,24817,-133,-218,-22,-0.521569,-0.854902,-0.086275,0,69,220350
2026-05-18T07:29:26.725+00:00,1779089366725008000,1458,R,7835,10684,9319,12001,7835,10684,9319,12001,22295,25786,24334,24810,-133,-218,-22,-0.521569,-0.854902,-0.086275,0,69,320350
2026-05-18T07:29:26.873+00:00,1779089366873889000,1459,R,7845,10684,9315,12006,7845,10684,9315,12006,22295,25787,24338,24817,-132,-218,-22,-0.517647,-0.854902,-0.086275,0,69,420350
2026-05-18T07:29:26.873+00:00,1779089366873932000,1460,R,7848,10682,9316,12003,7848,10682,9316,12003,22296,25787,24337,24813,-131,-217,-23,-0.513725,-0.85098,-0.090196,0,70,520350
2026-05-18T07:29:26.873+00:00,1779089366873954000,1461,R,7848,10683,9314,12005,7848,10683,9314,12005,22294,25793,24332,24812,-131,-216,-23,-0.513725,-0.847059,-0.090196,0,70,620350
2026-05-18T07:29:26.873+00:00,1779089366873973000,1462,R,7849,10686,9321,12007,7849,10686,9321,12007,22297,25799,24336,24816,-131,-219,-24,-0.513725,-0.858824,-0.094118,0,70,c20400
2026-05-18T07:29:26.873+00:00,1779089366873992000,1463,R,7848,10686,9321,12007,7848,10686,9321,12007,22299,25803,24339,24818,-131,-218,-24,-0.513725,-0.854902,-0.094118,0,70,d20400
2026-05-18T07:29:27.024+00:00,1779089367024364000,1464,R,7848,10687,9318,12006,7848,10687,9318,12006,22298,25805,24339,24816,-131,-218,-23,-0.513725,-0.854902,-0.090196,0,70,e20400
2026-05-18T07:29:27.024+00:00,1779089367024505000,1465,R,7845,10692,9306,12012,7845,10692,9306,12012,22304,25807,24342,24819,-131,-218,-23,-0.513725,-0.854902,-0.090196,0,70,f20400
2026-05-18T07:29:27.024+00:00,1779089367024589000,1466,R,7850,10688,9321,12011,7850,10688,9321,12011,22302,25805,24341,24823,-131,-217,-23,-0.513725,-0.85098,-0.090196,0,70,020400
2026-05-18T07:29:27.024+00:00,1779089367024659000,1467,R,7853,10695,9330,12020,7853,10695,9330,12020,22312,25824,24355,24832,-129,-218,-22,-0.505882,-0.854902,-0.086275,0,70,a20490
2026-05-18T07:29:27.024+00:00,1779089367024725000,1468,R,7871,10690,9349,12023,7871,10690,9349,12023,22311,25823,24354,24835,-130,-218,-22,-0.509804,-0.854902,-0.086275,0,70,b20490
2026-05-18T07:29:27.174+00:00,1779089367174642000,1469,R,7854,10697,9331,12022,7854,10697,9331,12022,22312,25828,24356,24836,-130,-218,-22,-0.509804,-0.854902,-0.086275,0,70,c20490
2026-05-18T07:29:27.174+00:00,1779089367174811000,1470,R,7857,10700,9331,12021,7857,10700,9331,12021,22317,25830,24361,24839,-130,-218,-21,-0.509804,-0.854902,-0.082353,0,70,d20490
2026-05-18T07:29:27.174+00:00,1779089367174891000,1471,R,7858,10699,9335,12021,7858,10699,9335,12021,22317,25832,24359,24836,-130,-219,-21,-0.509804,-0.858824,-0.082353,0,70,e20490
2026-05-18T07:29:27.175+00:00,1779089367175159000,1472,R,7861,10708,9340,12035,7861,10708,9340,12035,22324,25842,24369,24855,-131,-218,-21,-0.513725,-0.854902,-0.082353,0,70,620560
2026-05-18T07:29:27.175+00:00,1779089367175225000,1473,R,7856,10702,9326,12029,7856,10702,9326,12029,22321,25841,24370,24853,-131,-218,-22,-0.513725,-0.854902,-0.086275,0,70,720560
2026-05-18T07:29:27.175+00:00,1779089367175260000,1474,R,7864,10709,9343,12038,7864,10709,9343,12038,22322,25847,24371,24859,-131,-219,-21,-0.513725,-0.858824,-0.082353,0,70,820560
2026-05-18T07:29:27.324+00:00,1779089367324178000,1475,R,7861,10709,9340,12036,7861,10709,9340,12036,22321,25844,24371,24859,-131,-218,-22,-0.513725,-0.854902,-0.086275,0,70,920560
2026-05-18T07:29:27.324+00:00,1779089367324236000,1476,R,7862,10706,9338,12037,7862,10706,9338,12037,22322,25845,24367,24860,-131,-218,-23,-0.513725,-0.854902,-0.090196,0,70,a20560
2026-05-18T07:29:27.324+00:00,1779089367324259000,1477,R,7851,10680,9328,12011,7851,10680,9328,12011,22309,25831,24338,24836,-130,-217,-22,-0.509804,-0.85098,-0.086275,0,70,220630
2026-05-18T07:29:27.324+00:00,1779089367324278000,1478,R,7854,10680,9326,12006,7854,10680,9326,12006,22312,25836,24341,24836,-131,-217,-22,-0.513725,-0.85098,-0.086275,0,70,320630
2026-05-18T07:29:27.324+00:00,1779089367324297000,1479,R,7850,10679,9326,12006,7850,10679,9326,12006,22309,25825,24338,24828,-131,-218,-22,-0.513725,-0.854902,-0.086275,0,70,420630
2026-05-18T07:29:27.473+00:00,1779089367473805000,1480,R,7849,10679,9324,12005,7849,10679,9324,12005,22309,25826,24340,24827,-130,-218,-22,-0.509804,-0.854902,-0.086275,0,70,520630
2026-05-18T07:29:27.473+00:00,1779089367473844000,1481,R,7849,10678,9324,12005,7849,10678,9324,12005,22307,25824,24335,24828,-131,-219,-22,-0.513725,-0.858824,-0.086275,0,70,620630
2026-05-18T07:29:27.473+00:00,1779089367473860000,1482,R,7845,10679,9322,12003,7845,10679,9322,12003,22300,25818,24335,24823,-129,-217,-22,-0.505882,-0.85098,-0.086275,0,70,e20700
2026-05-18T07:29:27.473+00:00,1779089367473874000,1483,R,7846,10676,9321,12001,7846,10676,9321,12001,22303,25821,24329,24820,-131,-218,-21,-0.513725,-0.854902,-0.082353,0,70,f20700
2026-05-18T07:29:27.473+00:00,1779089367473900000,1484,R,7843,10677,9321,12005,7843,10677,9321,12005,22298,25819,24334,24824,-130,-219,-22,-0.509804,-0.858824,-0.086275,0,70,020700
2026-05-18T07:29:27.623+00:00,1779089367623878000,1485,R,7844,10679,9322,12001,7844,10679,9322,12001,22298,25820,24336,24826,-129,-219,-21,-0.505882,-0.858824,-0.082353,0,70,120700
2026-05-18T07:29:27.623+00:00,1779089367623919000,1486,R,7846,10675,9320,12001,7846,10675,9320,12001,22299,25815,24336,24823,-128,-218,-21,-0.501961,-0.854902,-0.082353,0,70,220700
2026-05-18T07:29:27.623+00:00,1779089367623941000,1487,R,7842,10675,9323,12002,7842,10675,9323,12002,22296,25812,24337,24826,-129,-219,-22,-0.505882,-0.858824,-0.086275,0,70,820750
2026-05-18T07:29:27.623+00:00,1779089367623964000,1488,R,7845,10676,9316,12002,7845,10676,9316,12002,22297,25813,24337,24826,-129,-219,-22,-0.505882,-0.858824,-0.086275,0,70,920750
2026-05-18T07:29:27.623+00:00,1779089367623984000,1489,R,7844,10676,9317,12000,7844,10676,9317,12000,22297,25811,24338,24828,-129,-219,-22,-0.505882,-0.858824,-0.086275,0,70,a20750
2026-05-18T07:29:27.774+00:00,1779089367774422000,1490,R,7844,10678,9318,12002,7844,10678,9318,12002,22293,25807,24335,24824,-128,-220,-22,-0.501961,-0.862745,-0.086275,0,70,b20750
2026-05-18T07:29:27.774+00:00,1779089367774564000,1491,R,7844,10680,9316,12005,7844,10680,9316,12005,22295,25808,24338,24832,-129,-220,-22,-0.505882,-0.862745,-0.086275,0,70,c20750
2026-05-18T07:29:27.774+00:00,1779089367774649000,1492,R,7845,10687,9319,12011,7845,10687,9319,12011,22298,25810,24352,24840,-130,-219,-21,-0.509804,-0.858824,-0.082353,0,70,520830
2026-05-18T07:29:27.774+00:00,1779089367774717000,1493,R,7845,10688,9319,12011,7845,10688,9319,12011,22299,25812,24348,24841,-129,-217,-22,-0.505882,-0.85098,-0.086275,0,70,620830
2026-05-18T07:29:27.774+00:00,1779089367774833000,1494,R,7847,10689,9319,12014,7847,10689,9319,12014,22301,25816,24352,24844,-129,-219,-21,-0.505882,-0.858824,-0.082353,0,70,720830
2026-05-18T07:29:27.924+00:00,1779089367924416000,1495,R,7845,10687,9322,12012,7845,10687,9322,12012,22299,25817,24354,24844,-130,-219,-22,-0.509804,-0.858824,-0.086275,0,70,820830
2026-05-18T07:29:27.924+00:00,1779089367924559000,1496,R,7850,10691,9325,12017,7850,10691,9325,12017,22299,25811,24353,24844,-129,-219,-22,-0.505882,-0.858824,-0.086275,0,70,920830
2026-05-18T07:29:27.924+00:00,1779089367924633000,1497,R,7852,10696,9325,12024,7852,10696,9325,12024,22308,25828,24361,24859,-129,-219,-21,-0.505882,-0.858824,-0.082353,0,70,120900
2026-05-18T07:29:27.924+00:00,1779089367924700000,1498,R,7853,10700,9329,12025,7853,10700,9329,12025,22306,25825,24364,24859,-129,-219,-22,-0.505882,-0.858824,-0.086275,0,70,220900
2026-05-18T07:29:27.924+00:00,1779089367924765000,1499,R,7853,10699,9326,12031,7853,10699,9326,12031,22303,25825,24365,24861,-130,-220,-22,-0.509804,-0.862745,-0.086275,0,70,320900
2026-05-18T07:29:28.073+00:00,1779089368073764000,1500,R,7854,10698,9329,12030,7854,10698,9329,12030,22307,25829,24370,24864,-129,-220,-21,-0.505882,-0.862745,-0.082353,0,70,420900
2026-05-18T07:29:28.073+00:00,1779089368073927000,1501,R,7853,10701,9329,12032,7853,10701,9329,12032,22307,25829,24367,24865,-129,-220,-22,-0.505882,-0.862745,-0.086275,0,70,520900
2026-05-18T07:29:28.073+00:00,1779089368073957000,1502,R,7847,10682,9318,12010,7847,10682,9318,12010,22303,25813,24344,24846,-128,-218,-22,-0.501961,-0.854902,-0.086275,0,70,d20970
2026-05-18T07:29:28.073+00:00,1779089368073982000,1503,R,7848,10678,9317,12006,7848,10678,9317,12006,22300,25811,24342,24844,-128,-217,-23,-0.501961,-0.85098,-0.090196,0,70,e20970
2026-05-18T07:29:28.074+00:00,1779089368074007000,1504,R,7845,10677,9317,12009,7845,10677,9317,12009,22301,25814,24340,24841,-128,-218,-23,-0.501961,-0.854902,-0.090196,0,70,f20970
2026-05-18T07:29:28.375+00:00,1779089368375197000,1505,R,7846,10679,9317,12006,7846,10679,9317,12006,22298,25806,24339,24838,-128,-219,-23,-0.501961,-0.858824,-0.090196,0,70,020970
2026-05-18T07:29:28.375+00:00,1779089368375357000,1506,R,7845,10676,9317,12004,7845,10676,9317,12004,22295,25807,24337,24842,-128,-219,-22,-0.501961,-0.858824,-0.086275,0,70,120970
2026-05-18T07:29:28.375+00:00,1779089368375437000,1507,R,7842,10674,9315,12006,7842,10674,9315,12006,22295,25806,24337,24839,-129,-220,-23,-0.505882,-0.862745,-0.090196,0,70,220970
2026-05-18T07:29:28.375+00:00,1779089368375508000,1508,R,7841,10672,9312,12000,7841,10672,9312,12000,22289,25806,24332,24831,-131,-220,-22,-0.513725,-0.862745,-0.086275,0,70,921030
2026-05-18T07:29:28.375+00:00,1779089368375572000,1509,R,7840,10673,9314,12000,7840,10673,9314,12000,22292,25805,24337,24832,-128,-218,-22,-0.501961,-0.854902,-0.086275,0,70,a21030
2026-05-18T07:29:28.525+00:00,1779089368525095000,1510,R,7839,10674,9315,12002,7839,10674,9315,12002,22292,25808,24334,24833,-128,-218,-23,-0.501961,-0.854902,-0.090196,0,70,b21030
2026-05-18T07:29:28.525+00:00,1779089368525216000,1511,R,7840,10670,9312,11999,7840,10670,9312,11999,22288,25807,24335,24833,-130,-218,-22,-0.509804,-0.854902,-0.086275,0,70,c21030
2026-05-18T07:29:28.525+00:00,1779089368525270000,1512,R,7838,10671,9314,12001,7838,10671,9314,12001,22292,25805,24337,24836,-129,-219,-21,-0.505882,-0.858824,-0.082353,0,70,d21030
2026-05-18T07:29:28.525+00:00,1779089368525318000,1513,R,7839,10675,9315,12002,7839,10675,9315,12002,22290,25806,24337,24832,-129,-218,-21,-0.505882,-0.854902,-0.082353,0,70,521100
2026-05-18T07:29:28.525+00:00,1779089368525365000,1514,R,7841,10673,9313,12000,7841,10673,9313,12000,22290,25809,24339,24834,-129,-218,-21,-0.505882,-0.854902,-0.082353,0,70,621100
2026-05-18T07:29:28.675+00:00,1779089368675917000,1515,R,7839,10671,9315,12002,7839,10671,9315,12002,22294,25808,24343,24834,-129,-220,-21,-0.505882,-0.862745,-0.082353,0,70,721100
2026-05-18T07:29:28.676+00:00,1779089368676069000,1516,R,7839,10674,9314,12004,7839,10674,9314,12004,22293,25808,24340,24832,-129,-220,-21,-0.505882,-0.862745,-0.082353,0,70,821100
2026-05-18T07:29:28.676+00:00,1779089368676142000,1517,R,7840,10675,9315,12002,7840,10675,9315,12002,22291,25810,24339,24835,-129,-218,-22,-0.505882,-0.854902,-0.086275,0,70,921100
2026-05-18T07:29:28.676+00:00,1779089368676210000,1518,R,7841,10681,9315,12008,7841,10681,9315,12008,22299,25813,24352,24842,-128,-219,-21,-0.501961,-0.858824,-0.082353,0,70,121170
2026-05-18T07:29:28.676+00:00,1779089368676273000,1519,R,7843,10681,9320,12012,7843,10681,9320,12012,22294,25816,24354,24845,-129,-219,-21,-0.505882,-0.858824,-0.082353,0,70,221170
2026-05-18T07:29:28.825+00:00,1779089368825167000,1520,R,7843,10683,9318,12013,7843,10683,9318,12013,22297,25816,24351,24848,-130,-218,-21,-0.509804,-0.854902,-0.082353,0,70,321170
2026-05-18T07:29:28.825+00:00,1779089368825296000,1521,R,7844,10683,9318,12015,7844,10683,9318,12015,22301,25820,24353,24849,-129,-219,-22,-0.505882,-0.858824,-0.086275,0,70,421170
2026-05-18T07:29:28.825+00:00,1779089368825351000,1522,R,7842,10684,9323,12015,7842,10684,9323,12015,22301,25815,24355,24852,-128,-220,-21,-0.501961,-0.862745,-0.082353,0,70,521170
2026-05-18T07:29:28.825+00:00,1779089368825400000,1523,R,7848,10691,9325,12024,7848,10691,9325,12024,22309,25826,24366,24861,-128,-220,-21,-0.501961,-0.862745,-0.082353,0,70,c21230
2026-05-18T07:29:28.825+00:00,1779089368825446000,1524,R,7849,10692,9327,12025,7849,10692,9327,12025,22306,25825,24370,24863,-127,-219,-21,-0.498039,-0.858824,-0.082353,0,70,d21230
2026-05-18T07:29:28.825+00:00,1779089368825491000,1525,R,7848,10692,9325,12024,7848,10692,9325,12024,22309,25830,24367,24864,-127,-218,-22,-0.498039,-0.854902,-0.086275,0,70,e21230
2026-05-18T07:29:28.975+00:00,1779089368975942000,1526,R,7850,10694,9326,12027,7850,10694,9326,12027,22312,25831,24371,24870,-127,-219,-22,-0.498039,-0.858824,-0.086275,0,70,f21230
2026-05-18T07:29:28.976+00:00,1779089368976098000,1527,R,7847,10693,9329,12030,7847,10693,9329,12030,22309,25832,24370,24870,-127,-219,-21,-0.498039,-0.858824,-0.082353,0,70,021230
2026-05-18T07:29:28.976+00:00,1779089368976173000,1528,R,7845,10678,9322,12015,7845,10678,9322,12015,22306,25825,24349,24861,-128,-221,-22,-0.501961,-0.866667,-0.086275,0,70,721290
2026-05-18T07:29:28.976+00:00,1779089368976241000,1529,R,7842,10675,9318,12011,7842,10675,9318,12011,22303,25825,24347,24859,-128,-220,-22,-0.501961,-0.862745,-0.086275,0,70,821290
2026-05-18T07:29:28.976+00:00,1779089368976307000,1530,R,7840,10675,9320,12014,7840,10675,9320,12014,22299,25821,24343,24857,-127,-218,-22,-0.498039,-0.854902,-0.086275,0,70,921290
2026-05-18T07:29:29.125+00:00,1779089369125735000,1531,R,7840,10674,9319,12020,7840,10674,9319,12020,22298,25823,24343,24855,-127,-218,-21,-0.498039,-0.854902,-0.082353,0,70,a21290
2026-05-18T07:29:29.125+00:00,1779089369125867000,1532,R,7841,10671,9318,12009,7841,10671,9318,12009,22295,25819,24341,24854,-128,-219,-22,-0.501961,-0.858824,-0.086275,0,70,b21290
2026-05-18T07:29:29.125+00:00,1779089369125943000,1533,R,7834,10662,9314,12003,7834,10662,9314,12003,22287,25809,24334,24845,-129,-221,-21,-0.505882,-0.866667,-0.082353,0,70,321360
2026-05-18T07:29:29.126+00:00,1779089369126009000,1534,R,7836,10664,9311,12000,7836,10664,9311,12000,22288,25810,24331,24842,-129,-220,-21,-0.505882,-0.862745,-0.082353,0,70,421360
2026-05-18T07:29:29.126+00:00,1779089369126074000,1535,R,7832,10666,9311,12002,7832,10666,9311,12002,22289,25814,24333,24844,-127,-221,-21,-0.498039,-0.866667,-0.082353,0,70,521360
2026-05-18T07:29:29.274+00:00,1779089369274538000,1536,R,7835,10659,9312,12006,7835,10659,9312,12006,22294,25810,24337,24845,-129,-219,-21,-0.505882,-0.858824,-0.082353,0,70,621360
2026-05-18T07:29:29.274+00:00,1779089369274598000,1537,R,7833,10667,9311,12003,7833,10667,9311,12003,22288,25810,24335,24845,-127,-219,-22,-0.498039,-0.858824,-0.086275,0,70,721360
2026-05-18T07:29:29.274+00:00,1779089369274631000,1538,R,7832,10667,9311,12006,7832,10667,9311,12006,22289,25810,24337,24846,-127,-220,-21,-0.498039,-0.862745,-0.082353,0,69,e21420
2026-05-18T07:29:29.274+00:00,1779089369274659000,1539,R,7835,10665,9310,12006,7835,10665,9310,12006,22288,25811,24338,24849,-128,-220,-20,-0.501961,-0.862745,-0.078431,0,69,f21420
2026-05-18T07:29:29.274+00:00,1779089369274687000,1540,R,7834,10667,9313,12006,7834,10667,9313,12006,22286,25811,24338,24852,-127,-219,-21,-0.498039,-0.858824,-0.082353,0,69,021420
2026-05-18T07:29:29.425+00:00,1779089369425651000,1541,R,7833,10667,9311,12006,7833,10667,9311,12006,22288,25812,24337,24849,-127,-220,-22,-0.498039,-0.862745,-0.086275,0,69,121420
2026-05-18T07:29:29.425+00:00,1779089369425760000,1542,R,7836,10675,9307,12005,7836,10675,9307,12005,22288,25812,24341,24852,-126,-220,-22,-0.494118,-0.862745,-0.086275,0,69,221420
2026-05-18T07:29:29.425+00:00,1779089369425799000,1543,R,7836,10674,9314,12013,7836,10674,9314,12013,22290,25811,24348,24856,-127,-220,-23,-0.498039,-0.862745,-0.090196,0,69,921480
2026-05-18T07:29:29.425+00:00,1779089369425851000,1544,R,7838,10674,9314,12013,7838,10674,9314,12013,22294,25811,24350,24857,-127,-221,-22,-0.498039,-0.866667,-0.086275,0,69,a21480
2026-05-18T07:29:29.425+00:00,1779089369425885000,1545,R,7835,10675,9311,12016,7835,10675,9311,12016,22292,25815,24352,24856,-128,-220,-22,-0.501961,-0.862745,-0.086275,0,69,b21480
2026-05-18T07:29:29.574+00:00,1779089369574354000,1546,R,7839,10675,9315,12016,7839,10675,9315,12016,22295,25813,24353,24862,-127,-220,-22,-0.498039,-0.862745,-0.086275,0,69,c21480
2026-05-18T07:29:29.574+00:00,1779089369574649000,1547,R,7838,10675,9316,12017,7838,10675,9316,12017,22294,25814,24351,24859,-128,-220,-23,-0.501961,-0.862745,-0.090196,0,69,d21480
2026-05-18T07:29:29.574+00:00,1779089369574727000,1548,R,7843,10689,9318,12034,7843,10689,9318,12034,22301,25821,24372,24883,-128,-219,-21,-0.501961,-0.858824,-0.082353,0,69,921590
2026-05-18T07:29:29.574+00:00,1779089369574795000,1549,R,7832,10689,9321,12027,7832,10689,9321,12027,22306,25821,24369,24879,-129,-219,-21,-0.505882,-0.858824,-0.082353,0,69,a21590
2026-05-18T07:29:29.574+00:00,1779089369574860000,1550,R,7840,10691,9318,12036,7840,10691,9318,12036,22304,25818,24376,24887,-128,-220,-21,-0.501961,-0.862745,-0.082353,0,69,b21590
2026-05-18T07:29:29.725+00:00,1779089369725672000,1551,R,7842,10694,9319,12036,7842,10694,9319,12036,22302,25820,24373,24883,-129,-219,-20,-0.505882,-0.858824,-0.078431,0,69,c21590
2026-05-18T07:29:29.725+00:00,1779089369725795000,1552,R,7844,10696,9317,12038,7844,10696,9317,12038,22307,25823,24381,24890,-130,-219,-20,-0.509804,-0.858824,-0.078431,0,69,d21590
2026-05-18T07:29:29.725+00:00,1779089369725880000,1553,R,7839,10681,9311,12027,7839,10681,9311,12027,22304,25811,24369,24886,-130,-219,-20,-0.509804,-0.858824,-0.078431,0,69,521660
2026-05-18T07:29:29.725+00:00,1779089369725949000,1554,R,7845,10686,9311,12030,7845,10686,9311,12030,22306,25810,24363,24883,-129,-219,-21,-0.505882,-0.858824,-0.082353,0,69,621660
2026-05-18T07:29:29.726+00:00,1779089369726015000,1555,R,7840,10676,9312,12023,7840,10676,9312,12023,22301,25811,24359,24882,-131,-217,-21,-0.513725,-0.85098,-0.082353,0,69,721660
2026-05-18T07:29:29.874+00:00,1779089369874506000,1556,R,7837,10676,9311,12022,7837,10676,9311,12022,22300,25810,24361,24879,-131,-216,-21,-0.513725,-0.847059,-0.082353,0,69,821660
2026-05-18T07:29:29.874+00:00,1779089369874545000,1557,R,7837,10675,9313,12023,7837,10675,9313,12023,22300,25809,24360,24877,-132,-218,-19,-0.517647,-0.854902,-0.07451,0,69,921660
2026-05-18T07:29:29.874+00:00,1779089369874561000,1558,R,7834,10675,9310,12020,7834,10675,9310,12020,22298,25811,24355,24873,-133,-219,-19,-0.521569,-0.858824,-0.07451,0,69,a21660
2026-05-18T07:29:29.874+00:00,1779089369874575000,1559,R,7835,10675,9310,12021,7835,10675,9310,12021,22294,25815,24361,24870,-133,-219,-19,-0.521569,-0.858824,-0.07451,0,70,f21700
2026-05-18T07:29:29.874+00:00,1779089369874588000,1560,R,7832,10675,9314,12017,7832,10675,9314,12017,22293,25814,24356,24870,-135,-219,-18,-0.529412,-0.858824,-0.070588,0,70,021700
2026-05-18T07:29:30.025+00:00,1779089370025311000,1561,R,7835,10674,9311,12016,7835,10674,9311,12016,22293,25814,24358,24868,-135,-219,-17,-0.529412,-0.858824,-0.066667,0,70,121700
2026-05-18T07:29:30.025+00:00,1779089370025368000,1562,R,7833,10670,9317,12021,7833,10670,9317,12021,22292,25814,24361,24871,-134,-218,-18,-0.52549,-0.854902,-0.070588,0,70,221700
2026-05-18T07:29:30.025+00:00,1779089370025402000,1563,R,7835,10679,9311,12017,7835,10679,9311,12017,22297,25823,24365,24871,-135,-217,-17,-0.529412,-0.85098,-0.066667,0,70,321700
2026-05-18T07:29:30.025+00:00,1779089370025429000,1564,R,7838,10689,9318,12023,7838,10689,9318,12023,22301,25836,24375,24874,-140,-212,-11,-0.54902,-0.831373,-0.043137,0,70,d21790
2026-05-18T07:29:30.025+00:00,1779089370025456000,1565,R,7838,10689,9313,12026,7838,10689,9313,12026,22297,25833,24380,24872,-142,-211,-10,-0.556863,-0.827451,-0.039216,0,70,e21790
2026-05-18T07:29:30.174+00:00,1779089370174472000,1566,R,7837,10689,9317,12025,7837,10689,9317,12025,22306,25835,24379,24871,-142,-211,-9,-0.556863,-0.827451,-0.035294,0,70,f21790
2026-05-18T07:29:30.174+00:00,1779089370174613000,1567,R,7839,10690,9318,12026,7839,10690,9318,12026,22305,25837,24380,24874,-143,-210,-8,-0.560784,-0.823529,-0.031373,0,70,021790
2026-05-18T07:29:30.174+00:00,1779089370174687000,1568,R,7840,10693,9321,12028,7840,10693,9321,12028,22307,25843,24385,24874,-144,-213,-8,-0.564706,-0.835294,-0.031373,0,70,121790
2026-05-18T07:29:30.174+00:00,1779089370174753000,1569,R,7844,10705,9325,12036,7844,10705,9325,12036,22316,25851,24401,24887,-146,-208,-1,-0.572549,-0.815686,-0.003922,0,70,921860
2026-05-18T07:29:30.174+00:00,1779089370174816000,1570,R,7850,10706,9323,12037,7850,10706,9323,12037,22311,25844,24402,24884,-147,-208,0,-0.576471,-0.815686,0.0,0,70,a21860
2026-05-18T07:29:30.323+00:00,1779089370324004000,1571,R,7846,10708,9328,12039,7846,10708,9328,12039,22318,25850,24408,24888,-147,-208,1,-0.576471,-0.815686,0.003922,0,70,b21860
2026-05-18T07:29:30.324+00:00,1779089370324076000,1572,R,7845,10708,9327,12041,7845,10708,9327,12041,22320,25856,24408,24889,-148,-207,2,-0.580392,-0.811765,0.007843,0,70,c21860
2026-05-18T07:29:30.324+00:00,1779089370324105000,1573,R,7847,10708,9328,12041,7847,10708,9328,12041,22322,25856,24411,24889,-148,-207,2,-0.580392,-0.811765,0.007843,0,70,d21860
2026-05-18T07:29:30.324+00:00,1779089370324130000,1574,R,7852,10720,9333,12054,7852,10720,9333,12054,22330,25864,24427,24901,-149,-207,4,-0.584314,-0.811765,0.015686,0,70,521930
2026-05-18T07:29:30.324+00:00,1779089370324155000,1575,R,7854,10723,9335,12055,7854,10723,9335,12055,22334,25868,24426,24904,-149,-207,5,-0.584314,-0.811765,0.019608,0,70,621930
2026-05-18T07:29:30.324+00:00,1779089370324644000,1576,R,7852,10723,9333,12054,7852,10723,9333,12054,22336,25864,24435,24908,-148,-207,5,-0.580392,-0.811765,0.019608,0,70,721930
2026-05-18T07:29:30.475+00:00,1779089370475314000,1577,R,7852,10726,9334,12055,7852,10726,9334,12055,22334,25863,24434,24910,-149,-206,5,-0.584314,-0.807843,0.019608,0,70,821930
2026-05-18T07:29:30.475+00:00,1779089370475416000,1578,R,7856,10724,9335,12058,7856,10724,9335,12058,22335,25870,24436,24910,-149,-206,6,-0.584314,-0.807843,0.023529,0,70,921930
2026-05-18T07:29:30.475+00:00,1779089370475472000,1579,R,7862,10732,9337,12070,7862,10732,9337,12070,22343,25870,24453,24927,-148,-207,5,-0.580392,-0.811765,0.019608,0,70,122000
2026-05-18T07:29:30.475+00:00,1779089370475523000,1580,R,7859,10734,9336,12068,7859,10734,9336,12068,22342,25859,24444,24918,-148,-207,5,-0.580392,-0.811765,0.019608,0,70,222000
2026-05-18T07:29:30.475+00:00,1779089370475569000,1581,R,7859,10731,9333,12064,7859,10731,9333,12064,22341,25863,24444,24923,-149,-208,5,-0.584314,-0.815686,0.019608,0,70,322000
2026-05-18T07:29:30.626+00:00,1779089370626244000,1582,R,7855,10724,9330,12060,7855,10724,9330,12060,22340,25856,24441,24919,-148,-208,5,-0.580392,-0.815686,0.019608,0,70,422000
2026-05-18T07:29:30.626+00:00,1779089370626394000,1583,R,7855,10722,9328,12059,7855,10722,9328,12059,22338,25851,24436,24919,-149,-207,6,-0.584314,-0.811765,0.023529,0,70,522000
2026-05-18T07:29:30.626+00:00,1779089370626470000,1584,R,7852,10719,9319,12053,7852,10719,9319,12053,22330,25834,24428,24910,-149,-208,5,-0.584314,-0.815686,0.019608,0,70,b22050
2026-05-18T07:29:30.626+00:00,1779089370626538000,1585,R,7851,10718,9320,12052,7851,10718,9320,12052,22327,25833,24425,24911,-150,-207,5,-0.588235,-0.811765,0.019608,0,70,c22050
2026-05-18T07:29:30.626+00:00,1779089370626605000,1586,R,7850,10717,9320,12054,7850,10717,9320,12054,22330,25833,24430,24911,-151,-206,5,-0.592157,-0.807843,0.019608,0,70,d22050
2026-05-18T07:29:30.775+00:00,1779089370775344000,1587,R,7850,10717,9320,12053,7850,10717,9320,12053,22333,25830,24432,24915,-149,-208,5,-0.584314,-0.815686,0.019608,0,70,e22050
2026-05-18T07:29:30.775+00:00,1779089370775512000,1588,R,7849,10716,9315,12049,7849,10716,9315,12049,22329,25833,24429,24912,-150,-207,5,-0.588235,-0.811765,0.019608,0,70,f22050
2026-05-18T07:29:30.775+00:00,1779089370775590000,1589,R,7849,10719,9316,12052,7849,10719,9316,12052,22331,25830,24434,24912,-151,-207,6,-0.592157,-0.811765,0.023529,0,70,722120
2026-05-18T07:29:30.775+00:00,1779089370775657000,1590,R,7849,10719,9318,12052,7849,10719,9318,12052,22331,25832,24432,24911,-149,-207,6,-0.584314,-0.811765,0.023529,0,70,822120
2026-05-18T07:29:30.775+00:00,1779089370775738000,1591,R,7848,10719,9319,12054,7848,10719,9319,12054,22330,25829,24434,24913,-150,-206,6,-0.588235,-0.807843,0.023529,0,70,922120
2026-05-18T07:29:30.924+00:00,1779089370924538000,1592,R,7849,10720,9319,12052,7849,10720,9319,12052,22332,25831,24432,24915,-150,-207,6,-0.588235,-0.811765,0.023529,0,70,a22120
2026-05-18T07:29:30.924+00:00,1779089370924592000,1593,R,7850,10719,9320,12054,7850,10719,9320,12054,22333,25828,24432,24912,-150,-206,6,-0.588235,-0.807843,0.023529,0,70,b22120
2026-05-18T07:29:30.924+00:00,1779089370924616000,1594,R,7853,10724,9325,12063,7853,10724,9325,12063,22332,25839,24442,24920,-149,-208,4,-0.584314,-0.815686,0.015686,0,70,422200
2026-05-18T07:29:30.924+00:00,1779089370924635000,1595,R,7851,10725,9320,12064,7851,10725,9320,12064,22334,25842,24440,24923,-149,-208,5,-0.584314,-0.815686,0.019608,0,70,522200
2026-05-18T07:29:30.924+00:00,1779089370924654000,1596,R,7853,10726,9322,12065,7853,10726,9322,12065,22335,25842,24443,24924,-150,-208,5,-0.588235,-0.815686,0.019608,0,70,622200
2026-05-18T07:29:31.075+00:00,1779089371075777000,1597,R,7854,10727,9324,12063,7854,10727,9324,12063,22337,25846,24443,24922,-149,-206,4,-0.584314,-0.807843,0.015686,0,70,722200
2026-05-18T07:29:31.075+00:00,1779089371075954000,1598,R,7855,10729,9324,12067,7855,10729,9324,12067,22338,25845,24441,24926,-150,-208,4,-0.588235,-0.815686,0.015686,0,70,822200
2026-05-18T07:29:31.076+00:00,1779089371076034000,1599,R,7858,10732,9329,12074,7858,10732,9329,12074,22343,25854,24457,24937,-149,-206,5,-0.584314,-0.807843,0.019608,0,70,f22260
2026-05-18T07:29:31.076+00:00,1779089371076103000,1600,R,7856,10734,9329,12076,7856,10734,9329,12076,22344,25861,24459,24940,-148,-207,5,-0.580392,-0.811765,0.019608,0,70,022260
2026-05-18T07:29:31.076+00:00,1779089371076169000,1601,R,7859,10734,9332,12075,7859,10734,9332,12075,22345,25860,24460,24944,-148,-208,4,-0.580392,-0.815686,0.015686,0,70,122260
2026-05-18T07:29:31.371+00:00,1779089371371883000,1602,R,7858,10736,9330,12078,7858,10736,9330,12078,22345,25859,24460,24942,-149,-208,4,-0.584314,-0.815686,0.015686,0,70,222260
2026-05-18T07:29:31.371+00:00,1779089371371936000,1603,R,7861,10737,9333,12079,7861,10737,9333,12079,22344,25858,24461,24945,-148,-209,3,-0.580392,-0.819608,0.011765,0,70,322260
2026-05-18T07:29:31.371+00:00,1779089371371960000,1604,R,7859,10738,9334,12081,7859,10738,9334,12081,22348,25861,24463,24946,-148,-210,4,-0.580392,-0.823529,0.015686,0,70,422260
2026-05-18T07:29:31.371+00:00,1779089371371980000,1605,R,7865,10745,9337,12089,7865,10745,9337,12089,22356,25874,24471,24951,-148,-206,4,-0.580392,-0.807843,0.015686,0,70,b22320
2026-05-18T07:29:31.371+00:00,1779089371371999000,1606,R,7865,10747,9340,12089,7865,10747,9340,12089,22355,25875,24473,24954,-149,-208,5,-0.584314,-0.815686,0.019608,0,70,c22320
2026-05-18T07:29:31.521+00:00,1779089371521574000,1607,R,7867,10747,9341,12091,7867,10747,9341,12091,22361,25881,24475,24954,-149,-207,5,-0.584314,-0.811765,0.019608,0,70,d22320
2026-05-18T07:29:31.521+00:00,1779089371521610000,1608,R,7866,10746,9339,12088,7866,10746,9339,12088,22361,25879,24473,24957,-148,-207,4,-0.580392,-0.811765,0.015686,0,70,e22320
2026-05-18T07:29:31.521+00:00,1779089371521626000,1609,R,7867,10740,9339,12086,7867,10740,9339,12086,22360,25875,24466,24953,-148,-207,3,-0.580392,-0.811765,0.011765,0,70,f22320
2026-05-18T07:29:31.521+00:00,1779089371521640000,1610,R,7862,10725,9332,12068,7862,10725,9332,12068,22351,25861,24447,24935,-149,-207,4,-0.584314,-0.811765,0.015686,0,70,822400
2026-05-18T07:29:31.521+00:00,1779089371521653000,1611,R,7860,10728,9329,12065,7860,10728,9329,12065,22351,25864,24445,24932,-149,-207,4,-0.584314,-0.811765,0.015686,0,70,922400
2026-05-18T07:29:31.672+00:00,1779089371673006000,1612,R,7857,10723,9331,12064,7857,10723,9331,12064,22351,25860,24444,24930,-149,-208,4,-0.584314,-0.815686,0.015686,0,70,a22400
2026-05-18T07:29:31.673+00:00,1779089371673044000,1613,R,7858,10725,9331,12065,7858,10725,9331,12065,22350,25862,24447,24932,-148,-208,4,-0.580392,-0.815686,0.015686,0,70,b22400
2026-05-18T07:29:31.673+00:00,1779089371673060000,1614,R,7860,10723,9332,12066,7860,10723,9332,12066,22350,25861,24446,24934,-149,-209,4,-0.584314,-0.819608,0.015686,0,70,c22400
2026-05-18T07:29:31.673+00:00,1779089371673074000,1615,R,7857,10725,9328,12064,7857,10725,9328,12064,22348,25856,24451,24927,-147,-209,4,-0.576471,-0.819608,0.015686,0,70,422470
2026-05-18T07:29:31.673+00:00,1779089371673087000,1616,R,7859,10724,9328,12063,7859,10724,9328,12063,22345,25857,24448,24930,-147,-210,4,-0.576471,-0.823529,0.015686,0,70,522470
2026-05-18T07:29:31.822+00:00,1779089371822941000,1617,R,7859,10725,9328,12062,7859,10725,9328,12062,22346,25859,24447,24927,-147,-209,4,-0.576471,-0.819608,0.015686,0,70,622470
2026-05-18T07:29:31.822+00:00,1779089371822980000,1618,R,7857,10724,9327,12063,7857,10724,9327,12063,22346,25855,24448,24926,-146,-209,4,-0.572549,-0.819608,0.015686,0,70,722470
2026-05-18T07:29:31.823+00:00,1779089371823006000,1619,R,7857,10726,9326,12061,7857,10726,9326,12061,22348,25856,24444,24926,-145,-209,4,-0.568627,-0.819608,0.015686,0,70,822470
2026-05-18T07:29:31.823+00:00,1779089371823032000,1620,R,7858,10726,9326,12065,7858,10726,9326,12065,22351,25854,24453,24927,-145,-210,2,-0.568627,-0.823529,0.007843,0,69,022540
2026-05-18T07:29:31.823+00:00,1779089371823057000,1621,R,7859,10729,9327,12069,7859,10729,9327,12069,22351,25856,24455,24927,-144,-210,3,-0.564706,-0.823529,0.011765,0,69,122540
2026-05-18T07:29:31.972+00:00,1779089371972356000,1622,R,7857,10731,9328,12066,7857,10731,9328,12066,22351,25857,24455,24929,-146,-211,3,-0.572549,-0.827451,0.011765,0,69,222540
2026-05-18T07:29:31.972+00:00,1779089371972488000,1623,R,7860,10732,9329,12068,7860,10732,9329,12068,22354,25858,24456,24933,-147,-211,2,-0.576471,-0.827451,0.007843,0,69,322540
2026-05-18T07:29:31.972+00:00,1779089371972563000,1624,R,7859,10732,9329,12067,7859,10732,9329,12067,22353,25857,24458,24930,-146,-212,3,-0.572549,-0.831373,0.011765,0,69,422540
2026-05-18T07:29:31.972+00:00,1779089371972632000,1625,R,7863,10738,9336,12074,7863,10738,9336,12074,22359,25866,24467,24940,-146,-210,2,-0.572549,-0.823529,0.007843,0,69,c22610
2026-05-18T07:29:31.972+00:00,1779089371972697000,1626,R,7865,10745,9334,12083,7865,10745,9334,12083,22359,25868,24473,24938,-146,-208,4,-0.572549,-0.815686,0.015686,0,69,d22610
2026-05-18T07:29:31.972+00:00,1779089371972761000,1627,R,7863,10742,9335,12077,7863,10742,9335,12077,22360,25871,24471,24937,-147,-208,5,-0.576471,-0.815686,0.019608,0,69,e22610
2026-05-18T07:29:32.122+00:00,1779089372122178000,1628,R,7866,10743,9336,12074,7866,10743,9336,12074,22359,25871,24472,24938,-148,-208,5,-0.580392,-0.815686,0.019608,0,69,f22610
2026-05-18T07:29:32.122+00:00,1779089372122310000,1629,R,7867,10743,9336,12076,7867,10743,9336,12076,22361,25870,24470,24937,-148,-207,6,-0.580392,-0.811765,0.023529,0,69,022610
2026-05-18T07:29:32.122+00:00,1779089372122385000,1630,R,7869,10750,9342,12086,7869,10750,9342,12086,22372,25880,24484,24950,-150,-207,7,-0.588235,-0.811765,0.027451,0,69,822680
2026-05-18T07:29:32.122+00:00,1779089372122453000,1631,R,7871,10745,9332,12071,7871,10745,9332,12071,22371,25882,24484,24949,-148,-206,6,-0.580392,-0.807843,0.023529,0,69,922680
2026-05-18T07:29:32.122+00:00,1779089372122518000,1632,R,7871,10755,9343,12085,7871,10755,9343,12085,22372,25884,24485,24950,-149,-207,7,-0.584314,-0.811765,0.027451,0,69,a22680
2026-05-18T07:29:32.273+00:00,1779089372273409000,1633,R,7871,10751,9341,12086,7871,10751,9341,12086,22371,25882,24485,24950,-148,-205,5,-0.580392,-0.803922,0.019608,0,69,b22680
2026-05-18T07:29:32.273+00:00,1779089372273528000,1634,R,7870,10748,9340,12083,7870,10748,9340,12083,22370,25879,24479,24948,-149,-204,5,-0.584314,-0.8,0.019608,0,69,c22680
2026-05-18T07:29:32.273+00:00,1779089372273608000,1635,R,7866,10731,9335,12066,7866,10731,9335,12066,22361,25868,24456,24929,-152,-204,8,-0.596078,-0.8,0.031373,0,69,422750
2026-05-18T07:29:32.273+00:00,1779089372273675000,1636,R,7869,10729,9337,12071,7869,10729,9337,12071,22360,25869,24455,24926,-152,-205,7,-0.596078,-0.803922,0.027451,0,69,522750
2026-05-18T07:29:32.273+00:00,1779089372273740000,1637,R,7863,10730,9333,12060,7863,10730,9333,12060,22359,25868,24455,24922,-152,-205,7,-0.596078,-0.803922,0.027451,0,69,622750
2026-05-18T07:29:32.421+00:00,1779089372421593000,1638,R,7861,10727,9332,12059,7861,10727,9332,12059,22358,25866,24455,24920,-151,-204,7,-0.592157,-0.8,0.027451,0,69,722750
2026-05-18T07:29:32.421+00:00,1779089372421734000,1639,R,7860,10729,9329,12060,7860,10729,9329,12060,22358,25867,24452,24919,-152,-205,7,-0.596078,-0.803922,0.027451,0,69,822750
2026-05-18T07:29:32.421+00:00,1779089372421806000,1640,R,7863,10725,9332,12055,7863,10725,9332,12055,22353,25861,24451,24912,-150,-209,7,-0.588235,-0.819608,0.027451,0,69,022820
2026-05-18T07:29:32.421+00:00,1779089372421872000,1641,R,7848,10727,9332,12048,7848,10727,9332,12048,22356,25861,24449,24918,-151,-209,8,-0.592157,-0.819608,0.031373,0,69,122820
2026-05-18T07:29:32.421+00:00,1779089372421937000,1642,R,7858,10726,9328,12053,7858,10726,9328,12053,22355,25861,24452,24914,-152,-208,9,-0.596078,-0.815686,0.035294,0,69,222820
2026-05-18T07:29:32.572+00:00,1779089372572123000,1643,R,7862,10725,9330,12053,7862,10725,9330,12053,22356,25863,24452,24909,-153,-208,8,-0.6,-0.815686,0.031373,0,69,322820
2026-05-18T07:29:32.572+00:00,1779089372572241000,1644,R,7860,10725,9330,12051,7860,10725,9330,12051,22356,25861,24450,24910,-154,-206,9,-0.603922,-0.807843,0.035294,0,69,422820
2026-05-18T07:29:32.572+00:00,1779089372572313000,1645,R,7862,10727,9330,12051,7862,10727,9330,12051,22359,25863,24452,24906,-155,-202,9,-0.607843,-0.792157,0.035294,0,69,c22890
2026-05-18T07:29:32.572+00:00,1779089372572381000,1646,R,7869,10735,9331,12055,7869,10735,9331,12055,22363,25862,24458,24909,-155,-202,9,-0.607843,-0.792157,0.035294,0,69,d22890
2026-05-18T07:29:32.572+00:00,1779089372572443000,1647,R,7863,10724,9331,12051,7863,10724,9331,12051,22361,25866,24455,24908,-155,-202,9,-0.607843,-0.792157,0.035294,0,69,e22890
2026-05-18T07:29:32.721+00:00,1779089372721439000,1648,R,7863,10731,9330,12052,7863,10731,9330,12052,22363,25864,24458,24907,-156,-202,9,-0.611765,-0.792157,0.035294,0,69,f22890
2026-05-18T07:29:32.721+00:00,1779089372721605000,1649,R,7864,10732,9333,12053,7864,10732,9333,12053,22362,25865,24458,24908,-156,-202,8,-0.611765,-0.792157,0.031373,0,69,022890
2026-05-18T07:29:32.721+00:00,1779089372721681000,1650,R,7864,10735,9334,12059,7864,10735,9334,12059,22367,25871,24461,24916,-154,-204,8,-0.603922,-0.8,0.031373,0,69,722950
2026-05-18T07:29:32.721+00:00,1779089372721971000,1651,R,7867,10735,9338,12060,7867,10735,9338,12060,22368,25870,24463,24917,-154,-203,7,-0.603922,-0.796078,0.027451,0,69,822950
2026-05-18T07:29:32.722+00:00,1779089372722041000,1652,R,7866,10728,9340,12063,7866,10728,9340,12063,22365,25869,24463,24921,-155,-202,8,-0.607843,-0.792157,0.031373,0,69,922950
2026-05-18T07:29:32.872+00:00,1779089372872516000,1653,R,7869,10736,9336,12062,7869,10736,9336,12062,22370,25871,24466,24919,-155,-203,9,-0.607843,-0.796078,0.035294,0,69,a22950
2026-05-18T07:29:32.872+00:00,1779089372872675000,1654,R,7869,10737,9337,12064,7869,10737,9337,12064,22370,25873,24468,24917,-154,-204,7,-0.603922,-0.8,0.027451,0,69,b22950
2026-05-18T07:29:32.872+00:00,1779089372872751000,1655,R,7871,10741,9340,12062,7871,10741,9340,12062,22368,25875,24468,24921,-154,-204,6,-0.603922,-0.8,0.023529,0,69,c22950
2026-05-18T07:29:32.872+00:00,1779089372872819000,1656,R,7871,10744,9341,12072,7871,10744,9341,12072,22372,25878,24469,24925,-153,-202,8,-0.6,-0.792157,0.031373,0,69,223000
2026-05-18T07:29:32.872+00:00,1779089372872884000,1657,R,7870,10745,9337,12070,7870,10745,9337,12070,22374,25876,24471,24929,-153,-205,8,-0.6,-0.803922,0.031373,0,69,323000
2026-05-18T07:29:33.173+00:00,1779089373173660000,1658,R,7871,10748,9340,12074,7871,10748,9340,12074,22374,25876,24473,24928,-153,-204,8,-0.6,-0.8,0.031373,0,69,423000
2026-05-18T07:29:33.173+00:00,1779089373173806000,1659,R,7873,10748,9332,12074,7873,10748,9332,12074,22374,25871,24478,24927,-152,-205,6,-0.596078,-0.803922,0.023529,0,69,523000
2026-05-18T07:29:33.173+00:00,1779089373173882000,1660,R,7873,10747,9340,12076,7873,10747,9340,12076,22374,25871,24479,24931,-153,-204,7,-0.6,-0.8,0.027451,0,69,623000
2026-05-18T07:29:33.173+00:00,1779089373173948000,1661,R,7868,10731,9332,12061,7868,10731,9332,12061,22369,25860,24456,24925,-150,-206,4,-0.588235,-0.807843,0.015686,0,69,023090
2026-05-18T07:29:33.174+00:00,1779089373174012000,1662,R,7874,10730,9326,12058,7874,10730,9326,12058,22364,25856,24453,24917,-148,-206,2,-0.580392,-0.807843,0.007843,0,69,123090
2026-05-18T07:29:33.323+00:00,1779089373323393000,1663,R,7865,10728,9329,12060,7865,10728,9329,12060,22369,25857,24451,24923,-147,-208,2,-0.576471,-0.815686,0.007843,0,69,223090
2026-05-18T07:29:33.323+00:00,1779089373323501000,1664,R,7863,10726,9328,12059,7863,10726,9328,12059,22365,25856,24453,24923,-148,-208,2,-0.580392,-0.815686,0.007843,0,69,323090
2026-05-18T07:29:33.323+00:00,1779089373323556000,1665,R,7865,10727,9328,12056,7865,10727,9328,12056,22364,25852,24450,24919,-148,-209,2,-0.580392,-0.819608,0.007843,0,69,423090
2026-05-18T07:29:33.323+00:00,1779089373323604000,1666,R,7862,10719,9321,12049,7862,10719,9321,12049,22355,25845,24442,24914,-146,-211,1,-0.572549,-0.827451,0.003922,0,69,c23160
2026-05-18T07:29:33.323+00:00,1779089373323650000,1667,R,7861,10724,9322,12049,7861,10724,9322,12049,22354,25843,24439,24904,-145,-209,2,-0.568627,-0.819608,0.007843,0,69,d23160
2026-05-18T07:29:33.471+00:00,1779089373471641000,1668,R,7859,10722,9321,12048,7859,10722,9321,12048,22354,25836,24449,24913,-145,-209,0,-0.568627,-0.819608,0.0,0,69,e23160
2026-05-18T07:29:33.471+00:00,1779089373471692000,1669,R,7858,10720,9323,12049,7858,10720,9323,12049,22352,25838,24444,24912,-145,-209,-1,-0.568627,-0.819608,-0.003922,0,69,f23160
2026-05-18T07:29:33.471+00:00,1779089373471711000,1670,R,7862,10720,9320,12050,7862,10720,9320,12050,22357,25837,24449,24910,-145,-210,0,-0.568627,-0.823529,0.0,0,69,023160
2026-05-18T07:29:33.471+00:00,1779089373471726000,1671,R,7862,10721,9320,12049,7862,10721,9320,12049,22351,25835,24441,24909,-145,-210,-1,-0.568627,-0.823529,-0.003922,0,69,723220
2026-05-18T07:29:33.471+00:00,1779089373471740000,1672,R,7858,10723,9321,12050,7858,10723,9321,12050,22351,25837,24443,24909,-145,-210,-2,-0.568627,-0.823529,-0.007843,0,69,823220
2026-05-18T07:29:33.471+00:00,1779089373471755000,1673,R,7859,10724,9318,12046,7859,10724,9318,12046,22348,25829,24443,24904,-143,-210,-1,-0.560784,-0.823529,-0.003922,0,69,923220
2026-05-18T07:29:33.622+00:00,1779089373622605000,1674,R,7857,10722,9318,12048,7857,10722,9318,12048,22354,25834,24446,24907,-145,-210,-1,-0.568627,-0.823529,-0.003922,0,69,a23220
2026-05-18T07:29:33.622+00:00,1779089373622796000,1675,R,7859,10723,9322,12049,7859,10723,9322,12049,22355,25836,24444,24908,-144,-210,-1,-0.564706,-0.823529,-0.003922,0,69,b23220
2026-05-18T07:29:33.622+00:00,1779089373622878000,1676,R,7859,10727,9320,12053,7859,10727,9320,12053,22354,25835,24453,24916,-144,-211,-4,-0.564706,-0.827451,-0.015686,0,69,323290
2026-05-18T07:29:33.622+00:00,1779089373622947000,1677,R,7862,10728,9321,12054,7862,10728,9321,12054,22359,25835,24453,24916,-144,-211,-3,-0.564706,-0.827451,-0.011765,0,69,423290
2026-05-18T07:29:33.623+00:00,1779089373623012000,1678,R,7863,10728,9320,12052,7863,10728,9320,12052,22360,25836,24455,24913,-144,-211,-4,-0.564706,-0.827451,-0.015686,0,69,523290
2026-05-18T07:29:33.773+00:00,1779089373773516000,1679,R,7863,10728,9324,12055,7863,10728,9324,12055,22363,25837,24453,24917,-144,-211,-3,-0.564706,-0.827451,-0.011765,0,69,623290
2026-05-18T07:29:33.773+00:00,1779089373773670000,1680,R,7863,10731,9323,12058,7863,10731,9323,12058,22363,25834,24454,24916,-144,-211,-3,-0.564706,-0.827451,-0.011765,0,69,723290
2026-05-18T07:29:33.773+00:00,1779089373773755000,1681,R,7867,10738,9328,12064,7867,10738,9328,12064,22361,25841,24464,24924,-143,-210,-3,-0.560784,-0.823529,-0.011765,0,69,f23360
2026-05-18T07:29:33.773+00:00,1779089373773825000,1682,R,7866,10737,9327,12067,7866,10737,9327,12067,22365,25843,24461,24923,-144,-211,-2,-0.564706,-0.827451,-0.007843,0,69,023360
2026-05-18T07:29:33.773+00:00,1779089373773890000,1683,R,7866,10739,9327,12065,7866,10739,9327,12065,22366,25844,24465,24924,-143,-211,-4,-0.560784,-0.827451,-0.015686,0,69,123360
2026-05-18T07:29:33.923+00:00,1779089373923485000,1684,R,7865,10737,9325,12065,7865,10737,9325,12065,22362,25843,24463,24924,-143,-212,-4,-0.560784,-0.831373,-0.015686,0,69,223360
2026-05-18T07:29:33.923+00:00,1779089373923618000,1685,R,7870,10739,9327,12066,7870,10739,9327,12066,22363,25843,24467,24929,-142,-211,-5,-0.556863,-0.827451,-0.019608,0,69,323360
2026-05-18T07:29:33.923+00:00,1779089373923703000,1686,R,7867,10735,9326,12066,7867,10735,9326,12066,22367,25845,24463,24925,-143,-213,-3,-0.560784,-0.835294,-0.011765,0,69,b23430
2026-05-18T07:29:33.923+00:00,1779089373923772000,1687,R,7867,10729,9323,12062,7867,10729,9323,12062,22366,25838,24457,24924,-142,-213,-3,-0.556863,-0.835294,-0.011765,0,69,c23430
2026-05-18T07:29:33.923+00:00,1779089373923839000,1688,R,7865,10728,9321,12056,7865,10728,9321,12056,22363,25833,24451,24915,-143,-212,-3,-0.560784,-0.831373,-0.011765,0,69,d23430
2026-05-18T07:29:34.073+00:00,1779089374073321000,1689,R,7864,10728,9321,12057,7864,10728,9321,12057,22361,25835,24450,24919,-142,-211,-4,-0.556863,-0.827451,-0.015686,0,69,e23430
2026-05-18T07:29:34.073+00:00,1779089374073426000,1690,R,7863,10722,9323,12053,7863,10722,9323,12053,22360,25833,24450,24918,-141,-210,-5,-0.552941,-0.823529,-0.019608,0,69,f23430
2026-05-18T07:29:34.073+00:00,1779089374073460000,1691,R,7858,10718,9315,12046,7858,10718,9315,12046,22351,25823,24436,24905,-143,-212,-3,-0.560784,-0.831373,-0.011765,0,69,723500
2026-05-18T07:29:34.073+00:00,1779089374073491000,1692,R,7859,10715,9314,12044,7859,10715,9314,12044,22353,25821,24438,24903,-144,-212,-3,-0.564706,-0.831373,-0.011765,0,69,823500
2026-05-18T07:29:34.073+00:00,1779089374073518000,1693,R,7857,10717,9314,12043,7857,10717,9314,12043,22351,25826,24439,24905,-143,-212,-2,-0.560784,-0.831373,-0.007843,0,69,923500
2026-05-18T07:29:34.223+00:00,1779089374223348000,1694,R,7855,10715,9312,12043,7855,10715,9312,12043,22348,25820,24439,24906,-144,-212,-3,-0.564706,-0.831373,-0.011765,0,69,a23500
2026-05-18T07:29:34.223+00:00,1779089374223447000,1695,R,7857,10718,9314,12044,7857,10718,9314,12044,22349,25820,24438,24903,-143,-212,-2,-0.560784,-0.831373,-0.007843,0,69,b23500
2026-05-18T07:29:34.223+00:00,1779089374223477000,1696,R,7855,10718,9313,12044,7855,10718,9313,12044,22348,25817,24441,24903,-141,-211,-4,-0.552941,-0.827451,-0.015686,0,69,323570
2026-05-18T07:29:34.223+00:00,1779089374223714000,1697,R,7856,10716,9315,12043,7856,10716,9315,12043,22346,25815,24438,24902,-142,-212,-3,-0.556863,-0.831373,-0.011765,0,69,423570
2026-05-18T07:29:34.223+00:00,1779089374223743000,1698,R,7856,10719,9314,12044,7856,10719,9314,12044,22349,25818,24437,24902,-142,-212,-3,-0.556863,-0.831373,-0.011765,0,69,523570
2026-05-18T07:29:34.373+00:00,1779089374373471000,1699,R,7855,10718,9313,12045,7855,10718,9313,12045,22348,25815,24441,24903,-142,-212,-2,-0.556863,-0.831373,-0.007843,0,69,623570
2026-05-18T07:29:34.373+00:00,1779089374373619000,1700,R,7858,10716,9312,12043,7858,10716,9312,12043,22347,25817,24437,24903,-142,-211,-3,-0.556863,-0.827451,-0.011765,0,69,723570
2026-05-18T07:29:34.373+00:00,1779089374373696000,1701,R,7858,10722,9315,12050,7858,10722,9315,12050,22350,25824,24441,24908,-141,-212,-3,-0.552941,-0.831373,-0.011765,0,69,f23640
2026-05-18T07:29:34.373+00:00,1779089374373763000,1702,R,7859,10723,9315,12050,7859,10723,9315,12050,22350,25825,24446,24908,-142,-213,-3,-0.556863,-0.835294,-0.011765,0,69,023640
2026-05-18T07:29:34.373+00:00,1779089374373830000,1703,R,7861,10725,9318,12052,7861,10725,9318,12052,22349,25821,24450,24910,-142,-212,-5,-0.556863,-0.831373,-0.019608,0,69,123640
2026-05-18T07:29:34.523+00:00,1779089374523482000,1704,R,7859,10725,9315,12054,7859,10725,9315,12054,22351,25821,24449,24913,-141,-213,-4,-0.552941,-0.835294,-0.015686,0,69,223640
2026-05-18T07:29:34.523+00:00,1779089374523604000,1705,R,7859,10726,9314,12055,7859,10726,9314,12055,22354,25823,24447,24912,-142,-213,-4,-0.556863,-0.835294,-0.015686,0,69,323640
2026-05-18T07:29:34.523+00:00,1779089374523678000,1706,R,7860,10729,9316,12056,7860,10729,9316,12056,22353,25821,24450,24911,-141,-213,-4,-0.552941,-0.835294,-0.015686,0,69,423640
2026-05-18T07:29:34.523+00:00,1779089374523752000,1707,R,7861,10734,9321,12062,7861,10734,9321,12062,22358,25830,24459,24922,-140,-213,-3,-0.54902,-0.835294,-0.011765,0,69,b23700
2026-05-18T07:29:34.523+00:00,1779089374523820000,1708,R,7865,10734,9319,12065,7865,10734,9319,12065,22357,25829,24459,24923,-140,-213,-5,-0.54902,-0.835294,-0.019608,0,69,c23700
2026-05-18T07:29:34.672+00:00,1779089374673007000,1709,R,7864,10733,9322,12064,7864,10733,9322,12064,22358,25827,24460,24926,-142,-212,-3,-0.556863,-0.831373,-0.011765,0,69,d23700
2026-05-18T07:29:34.673+00:00,1779089374673092000,1710,R,7863,10736,9319,12062,7863,10736,9319,12062,22360,25830,24460,24925,-141,-214,-4,-0.552941,-0.839216,-0.015686,0,69,e23700
2026-05-18T07:29:34.673+00:00,1779089374673143000,1711,R,7866,10737,9324,12067,7866,10737,9324,12067,22359,25831,24462,24926,-141,-213,-4,-0.552941,-0.835294,-0.015686,0,69,f23700
2026-05-18T07:29:34.673+00:00,1779089374673189000,1712,R,7867,10738,9325,12071,7867,10738,9325,12071,22362,25838,24465,24937,-141,-213,-4,-0.552941,-0.835294,-0.015686,0,69,723770
2026-05-18T07:29:34.673+00:00,1779089374673235000,1713,R,7867,10737,9324,12072,7867,10737,9324,12072,22360,25833,24461,24933,-141,-213,-4,-0.552941,-0.835294,-0.015686,0,69,823770
2026-05-18T07:29:34.822+00:00,1779089374822669000,1714,R,7863,10731,9322,12065,7863,10731,9322,12065,22360,25833,24456,24934,-140,-215,-4,-0.54902,-0.843137,-0.015686,0,69,923770
2026-05-18T07:29:34.822+00:00,1779089374822797000,1715,R,7863,10730,9321,12061,7863,10730,9321,12061,22357,25832,24453,24930,-140,-214,-4,-0.54902,-0.839216,-0.015686,0,69,a23770
2026-05-18T07:29:34.822+00:00,1779089374822879000,1716,R,7863,10728,9318,12060,7863,10728,9318,12060,22357,25830,24451,24929,-141,-214,-4,-0.552941,-0.839216,-0.015686,0,69,b23770
2026-05-18T07:29:34.822+00:00,1779089374822947000,1717,R,7856,10718,9313,12050,7856,10718,9313,12050,22346,25820,24437,24914,-140,-213,-5,-0.54902,-0.835294,-0.019608,0,69,223830
2026-05-18T07:29:34.823+00:00,1779089374823013000,1718,R,7855,10714,9313,12050,7855,10714,9313,12050,22349,25819,24433,24915,-141,-215,-4,-0.552941,-0.843137,-0.015686,0,69,323830
2026-05-18T07:29:34.973+00:00,1779089374973193000,1719,R,7855,10722,9311,12058,7855,10722,9311,12058,22348,25817,24435,24913,-141,-214,-4,-0.552941,-0.839216,-0.015686,0,69,423830
2026-05-18T07:29:34.973+00:00,1779089374973233000,1720,R,7854,10712,9311,12047,7854,10712,9311,12047,22347,25819,24437,24913,-142,-213,-4,-0.556863,-0.835294,-0.015686,0,69,523830
2026-05-18T07:29:34.973+00:00,1779089374973251000,1721,R,7855,10714,9312,12044,7855,10714,9312,12044,22344,25817,24436,24911,-142,-214,-4,-0.556863,-0.839216,-0.015686,0,69,623830
2026-05-18T07:29:34.973+00:00,1779089374973266000,1722,R,7851,10714,9311,12048,7851,10714,9311,12048,22346,25818,24436,24912,-139,-214,-4,-0.545098,-0.839216,-0.015686,0,69,f23910
2026-05-18T07:29:34.973+00:00,1779089374973281000,1723,R,7855,10708,9301,12035,7855,10708,9301,12035,22340,25817,24435,24910,-140,-213,-3,-0.54902,-0.835294,-0.011765,0,69,023910
2026-05-18T07:29:34.973+00:00,1779089374973295000,1724,R,7856,10716,9310,12045,7856,10716,9310,12045,22343,25821,24433,24911,-140,-213,-3,-0.54902,-0.835294,-0.011765,0,69,123910
2026-05-18T07:29:35.123+00:00,1779089375123511000,1725,R,7856,10715,9314,12048,7856,10715,9314,12048,22344,25818,24437,24911,-140,-212,-3,-0.54902,-0.831373,-0.011765,0,69,223910
2026-05-18T07:29:35.123+00:00,1779089375123853000,1726,R,7852,10713,9310,12047,7852,10713,9310,12047,22348,25821,24434,24909,-140,-212,-3,-0.54902,-0.831373,-0.011765,0,69,323910
2026-05-18T07:29:35.123+00:00,1779089375123934000,1727,R,7856,10720,9314,12053,7856,10720,9314,12053,22346,25819,24441,24914,-140,-214,-5,-0.54902,-0.839216,-0.019608,0,70,b23980
2026-05-18T07:29:35.123+00:00,1779089375124002000,1728,R,7863,10720,9317,12059,7863,10720,9317,12059,22346,25821,24442,24916,-140,-214,-4,-0.54902,-0.839216,-0.015686,0,70,c23980
2026-05-18T07:29:35.124+00:00,1779089375124068000,1729,R,7856,10721,9315,12053,7856,10721,9315,12053,22347,25824,24444,24914,-140,-213,-4,-0.54902,-0.835294,-0.015686,0,70,d23980
2026-05-18T07:29:35.273+00:00,1779089375273648000,1730,R,7859,10724,9315,12056,7859,10724,9315,12056,22351,25825,24447,24918,-140,-213,-5,-0.54902,-0.835294,-0.019608,0,70,e23980
2026-05-18T07:29:35.273+00:00,1779089375273758000,1731,R,7860,10722,9317,12057,7860,10722,9317,12057,22351,25823,24444,24919,-140,-212,-5,-0.54902,-0.831373,-0.019608,0,70,f23980
2026-05-18T07:29:35.273+00:00,1779089375273796000,1732,R,7860,10730,9322,12066,7860,10730,9322,12066,22356,25834,24458,24930,-139,-213,-4,-0.545098,-0.835294,-0.015686,0,70,724050
2026-05-18T07:29:35.273+00:00,1779089375273829000,1733,R,7850,10732,9325,12061,7850,10732,9325,12061,22356,25834,24455,24932,-139,-214,-4,-0.545098,-0.839216,-0.015686,0,70,824050
2026-05-18T07:29:35.273+00:00,1779089375273859000,1734,R,7862,10730,9323,12065,7862,10730,9323,12065,22356,25837,24456,24933,-139,-213,-4,-0.545098,-0.835294,-0.015686,0,70,924050
2026-05-18T07:29:35.422+00:00,1779089375422915000,1735,R,7863,10733,9324,12069,7863,10733,9324,12069,22358,25838,24463,24938,-140,-214,-4,-0.54902,-0.839216,-0.015686,0,70,a24050
2026-05-18T07:29:35.423+00:00,1779089375423055000,1736,R,7862,10732,9324,12070,7862,10732,9324,12070,22356,25837,24463,24937,-139,-214,-4,-0.545098,-0.839216,-0.015686,0,70,b24050
2026-05-18T07:29:35.423+00:00,1779089375423129000,1737,R,7869,10745,9327,12080,7869,10745,9327,12080,22364,25848,24476,24950,-141,-213,-3,-0.552941,-0.835294,-0.011765,0,70,324120
2026-05-18T07:29:35.423+00:00,1779089375423198000,1738,R,7876,10750,9329,12084,7876,10750,9329,12084,22370,25851,24476,24952,-140,-213,-4,-0.54902,-0.835294,-0.015686,0,70,424120
2026-05-18T07:29:35.423+00:00,1779089375423262000,1739,R,7873,10745,9329,12083,7873,10745,9329,12083,22366,25846,24474,24952,-140,-215,-3,-0.54902,-0.843137,-0.011765,0,70,524120
2026-05-18T07:29:35.572+00:00,1779089375572287000,1740,R,7869,10744,9329,12083,7869,10744,9329,12083,22366,25850,24477,24956,-140,-214,-4,-0.54902,-0.839216,-0.015686,0,70,624120
2026-05-18T07:29:35.572+00:00,1779089375572413000,1741,R,7869,10739,9327,12080,7869,10739,9327,12080,22364,25846,24471,24952,-139,-214,-6,-0.545098,-0.839216,-0.023529,0,70,724120
2026-05-18T07:29:35.572+00:00,1779089375572487000,1742,R,7861,10719,9320,12060,7861,10719,9320,12060,22356,25830,24443,24933,-140,-213,-4,-0.54902,-0.835294,-0.015686,0,70,f24190
2026-05-18T07:29:35.572+00:00,1779089375572555000,1743,R,7859,10706,9324,12063,7859,10706,9324,12063,22357,25831,24444,24930,-140,-214,-4,-0.54902,-0.839216,-0.015686,0,70,024190
2026-05-18T07:29:35.572+00:00,1779089375572620000,1744,R,7860,10717,9316,12060,7860,10717,9316,12060,22349,25833,24440,24930,-140,-213,-4,-0.54902,-0.835294,-0.015686,0,70,124190
2026-05-18T07:29:35.722+00:00,1779089375722746000,1745,R,7859,10716,9316,12061,7859,10716,9316,12061,22351,25829,24439,24930,-138,-214,-4,-0.541176,-0.839216,-0.015686,0,70,224190
2026-05-18T07:29:35.722+00:00,1779089375722794000,1746,R,7861,10717,9316,12058,7861,10717,9316,12058,22350,25828,24442,24926,-139,-214,-5,-0.545098,-0.839216,-0.019608,0,70,324190
2026-05-18T07:29:35.722+00:00,1779089375722811000,1747,R,7857,10716,9315,12059,7857,10716,9315,12059,22347,25828,24441,24926,-138,-214,-4,-0.541176,-0.839216,-0.015686,0,70,a24250
2026-05-18T07:29:35.722+00:00,1779089375722826000,1748,R,7857,10716,9316,12057,7857,10716,9316,12057,22346,25828,24440,24926,-139,-213,-4,-0.545098,-0.835294,-0.015686,0,70,b24250
2026-05-18T07:29:35.722+00:00,1779089375722839000,1749,R,7855,10716,9313,12057,7855,10716,9313,12057,22350,25827,24437,24926,-139,-214,-4,-0.545098,-0.839216,-0.015686,0,70,c24250
2026-05-18T07:29:35.873+00:00,1779089375873052000,1750,R,7856,10716,9316,12060,7856,10716,9316,12060,22346,25825,24438,24925,-138,-215,-4,-0.541176,-0.843137,-0.015686,0,70,d24250
2026-05-18T07:29:35.873+00:00,1779089375873088000,1751,R,7858,10714,9314,12058,7858,10714,9314,12058,22349,25825,24442,24928,-139,-215,-4,-0.545098,-0.843137,-0.015686,0,70,e24250
2026-05-18T07:29:35.873+00:00,1779089375873106000,1752,R,7857,10717,9315,12058,7857,10717,9315,12058,22347,25825,24441,24929,-137,-213,-5,-0.537255,-0.835294,-0.019608,0,71,524310
2026-05-18T07:29:35.873+00:00,1779089375873121000,1753,R,7860,10716,9314,12059,7860,10716,9314,12059,22347,25827,24442,24930,-137,-215,-4,-0.537255,-0.843137,-0.015686,0,71,624310
2026-05-18T07:29:35.873+00:00,1779089375873135000,1754,R,7858,10717,9314,12060,7858,10717,9314,12060,22345,25827,24441,24931,-139,-215,-5,-0.545098,-0.843137,-0.019608,0,71,724310
2026-05-18T07:29:36.023+00:00,1779089376023239000,1755,R,7864,10719,9310,12062,7864,10719,9310,12062,22347,25821,24441,24927,-138,-215,-6,-0.541176,-0.843137,-0.023529,0,71,824310
2026-05-18T07:29:36.023+00:00,1779089376023361000,1756,R,7858,10721,9320,12063,7858,10721,9320,12063,22349,25827,24443,24931,-138,-215,-6,-0.541176,-0.843137,-0.023529,0,71,924310
2026-05-18T07:29:36.023+00:00,1779089376023437000,1757,R,7859,10715,9320,12065,7859,10715,9320,12065,22351,25828,24443,24931,-139,-216,-5,-0.545098,-0.847059,-0.019608,0,71,a24310
2026-05-18T07:29:36.023+00:00,1779089376023507000,1758,R,7861,10728,9320,12072,7861,10728,9320,12072,22353,25835,24452,24942,-139,-215,-5,-0.545098,-0.843137,-0.019608,0,71,124370
2026-05-18T07:29:36.023+00:00,1779089376023574000,1759,R,7861,10728,9319,12073,7861,10728,9319,12073,22358,25837,24456,24944,-138,-214,-4,-0.541176,-0.839216,-0.015686,0,71,224370
2026-05-18T07:29:36.171+00:00,1779089376171563000,1760,R,7861,10732,9319,12073,7861,10732,9319,12073,22354,25835,24456,24944,-139,-215,-4,-0.545098,-0.843137,-0.015686,0,71,324370
2026-05-18T07:29:36.171+00:00,1779089376171698000,1761,R,7863,10730,9323,12074,7863,10730,9323,12074,22356,25841,24453,24937,-138,-215,-4,-0.541176,-0.843137,-0.015686,0,71,424370
2026-05-18T07:29:36.171+00:00,1779089376171773000,1762,R,7864,10732,9322,12077,7864,10732,9322,12077,22358,25838,24457,24943,-137,-215,-4,-0.537255,-0.843137,-0.015686,0,71,524370
2026-05-18T07:29:36.171+00:00,1779089376171841000,1763,R,7869,10738,9328,12083,7869,10738,9328,12083,22362,25842,24469,24956,-138,-215,-4,-0.541176,-0.843137,-0.015686,0,71,c24430
2026-05-18T07:29:36.171+00:00,1779089376171906000,1764,R,7865,10738,9328,12086,7865,10738,9328,12086,22361,25844,24467,24952,-138,-215,-5,-0.541176,-0.843137,-0.019608,0,71,d24430
2026-05-18T07:29:36.323+00:00,1779089376323429000,1765,R,7867,10738,9327,12086,7867,10738,9327,12086,22363,25847,24469,24956,-138,-216,-5,-0.541176,-0.847059,-0.019608,0,71,e24430
2026-05-18T07:29:36.323+00:00,1779089376323549000,1766,R,7868,10741,9330,12088,7868,10741,9330,12088,22364,25848,24469,24958,-138,-215,-5,-0.541176,-0.843137,-0.019608,0,71,f24430
2026-05-18T07:29:36.323+00:00,1779089376323629000,1767,R,7869,10741,9326,12085,7869,10741,9326,12085,22361,25847,24468,24955,-138,-215,-4,-0.541176,-0.843137,-0.015686,0,71,024430
2026-05-18T07:29:36.323+00:00,1779089376323697000,1768,R,7874,10745,9333,12095,7874,10745,9333,12095,22370,25854,24479,24969,-138,-214,-5,-0.541176,-0.839216,-0.019608,0,71,724490
2026-05-18T07:29:36.323+00:00,1779089376323760000,1769,R,7872,10742,9331,12093,7872,10742,9331,12093,22369,25857,24475,24969,-137,-215,-5,-0.537255,-0.843137,-0.019608,0,71,824490
2026-05-18T07:29:36.473+00:00,1779089376473079000,1770,R,7869,10737,9328,12089,7869,10737,9328,12089,22369,25850,24468,24965,-137,-216,-4,-0.537255,-0.847059,-0.015686,0,71,924490
2026-05-18T07:29:36.473+00:00,1779089376473178000,1771,R,7869,10733,9329,12085,7869,10733,9329,12085,22362,25849,24467,24960,-137,-216,-4,-0.537255,-0.847059,-0.015686,0,71,a24490
2026-05-18T07:29:36.473+00:00,1779089376473338000,1772,R,7867,10731,9325,12081,7867,10731,9325,12081,22362,25847,24460,24959,-136,-215,-5,-0.533333,-0.843137,-0.019608,0,71,b24490
2026-05-18T07:29:36.473+00:00,1779089376473410000,1773,R,7861,10719,9319,12071,7861,10719,9319,12071,22353,25838,24447,24945,-138,-214,-4,-0.541176,-0.839216,-0.015686,0,71,624590
2026-05-18T07:29:36.473+00:00,1779089376473475000,1774,R,7863,10720,9319,12071,7863,10720,9319,12071,22355,25838,24449,24940,-138,-214,-4,-0.541176,-0.839216,-0.015686,0,71,724590
2026-05-18T07:29:36.473+00:00,1779089376473540000,1775,R,7863,10721,9321,12071,7863,10721,9321,12071,22354,25835,24447,24945,-137,-214,-5,-0.537255,-0.839216,-0.019608,0,71,824590
2026-05-18T07:29:36.623+00:00,1779089376623396000,1776,R,7863,10721,9321,12073,7863,10721,9321,12073,22357,25837,24447,24942,-138,-216,-4,-0.541176,-0.847059,-0.015686,0,71,924590
2026-05-18T07:29:36.623+00:00,1779089376623513000,1777,R,7863,10722,9320,12072,7863,10722,9320,12072,22353,25836,24448,24941,-136,-214,-6,-0.533333,-0.839216,-0.023529,0,71,a24590
2026-05-18T07:29:36.623+00:00,1779089376623586000,1778,R,7863,10719,9320,12072,7863,10719,9320,12072,22354,25839,24451,24943,-137,-215,-5,-0.537255,-0.843137,-0.019608,0,71,224660
2026-05-18T07:29:36.623+00:00,1779089376623652000,1779,R,7863,10722,9320,12072,7863,10722,9320,12072,22355,25836,24447,24943,-138,-215,-5,-0.541176,-0.843137,-0.019608,0,71,324660
2026-05-18T07:29:36.623+00:00,1779089376623717000,1780,R,7862,10723,9321,12071,7862,10723,9321,12071,22355,25835,24455,24943,-138,-215,-4,-0.541176,-0.843137,-0.015686,0,71,424660
2026-05-18T07:29:36.773+00:00,1779089376773724000,1781,R,7862,10722,9323,12070,7862,10722,9323,12070,22355,25837,24450,24945,-138,-215,-4,-0.541176,-0.843137,-0.015686,0,71,524660
2026-05-18T07:29:36.773+00:00,1779089376773872000,1782,R,7863,10723,9320,12074,7863,10723,9320,12074,22354,25840,24451,24943,-138,-216,-3,-0.541176,-0.847059,-0.011765,0,71,624660
2026-05-18T07:29:36.773+00:00,1779089376773945000,1783,R,7867,10729,9325,12082,7867,10729,9325,12082,22355,25843,24457,24949,-137,-215,-5,-0.537255,-0.843137,-0.019608,0,71,e24730
2026-05-18T07:29:36.774+00:00,1779089376774012000,1784,R,7867,10731,9326,12077,7867,10731,9326,12077,22357,25841,24458,24948,-136,-215,-5,-0.533333,-0.843137,-0.019608,0,71,f24730
2026-05-18T07:29:36.774+00:00,1779089376774076000,1785,R,7867,10730,9328,12081,7867,10730,9328,12081,22357,25844,24458,24951,-137,-215,-5,-0.537255,-0.843137,-0.019608,0,71,024730
2026-05-18T07:29:36.923+00:00,1779089376923409000,1786,R,7868,10730,9325,12082,7868,10730,9325,12082,22361,25845,24464,24950,-137,-216,-6,-0.537255,-0.847059,-0.023529,0,71,124730
2026-05-18T07:29:36.923+00:00,1779089376923532000,1787,R,7867,10732,9325,12084,7867,10732,9325,12084,22359,25848,24465,24952,-137,-215,-5,-0.537255,-0.843137,-0.019608,0,71,224730
2026-05-18T07:29:36.923+00:00,1779089376923612000,1788,R,7869,10741,9331,12095,7869,10741,9331,12095,22366,25852,24472,24964,-137,-216,-6,-0.537255,-0.847059,-0.023529,0,71,a24800
2026-05-18T07:29:36.923+00:00,1779089376923679000,1789,R,7871,10740,9331,12094,7871,10740,9331,12094,22368,25853,24472,24961,-137,-216,-5,-0.537255,-0.847059,-0.019608,0,71,b24800
2026-05-18T07:29:36.923+00:00,1779089376923743000,1790,R,7873,10744,9331,12095,7873,10744,9331,12095,22367,25856,24475,24964,-137,-215,-6,-0.537255,-0.843137,-0.023529,0,71,c24800
2026-05-18T07:29:37.073+00:00,1779089377073840000,1791,R,7872,10743,9332,12094,7872,10743,9332,12094,22369,25851,24476,24964,-138,-215,-4,-0.541176,-0.843137,-0.015686,0,71,d24800
2026-05-18T07:29:37.074+00:00,1779089377074028000,1792,R,7872,10745,9336,12095,7872,10745,9336,12095,22368,25855,24477,24966,-138,-215,-5,-0.541176,-0.843137,-0.019608,0,71,e24800
2026-05-18T07:29:37.074+00:00,1779089377074106000,1793,R,7872,10732,9330,12083,7872,10732,9330,12083,22364,25847,24461,24958,-134,-217,-5,-0.52549,-0.85098,-0.019608,0,71,624870
2026-05-18T07:29:37.074+00:00,1779089377074177000,1794,R,7868,10728,9327,12078,7868,10728,9327,12078,22363,25846,24458,24959,-135,-217,-5,-0.529412,-0.85098,-0.019608,0,71,724870
2026-05-18T07:29:37.074+00:00,1779089377074243000,1795,R,7867,10727,9328,12080,7867,10727,9328,12080,22363,25846,24458,24956,-134,-216,-5,-0.52549,-0.847059,-0.019608,0,71,824870
2026-05-18T07:29:37.222+00:00,1779089377222909000,1796,R,7867,10727,9326,12076,7867,10727,9326,12076,22361,25843,24455,24947,-134,-214,-4,-0.52549,-0.839216,-0.015686,0,71,924870
2026-05-18T07:29:37.222+00:00,1779089377222963000,1797,R,7870,10724,9326,12076,7870,10724,9326,12076,22359,25845,24453,24945,-135,-215,-4,-0.529412,-0.843137,-0.015686,0,71,a24870
2026-05-18T07:29:37.222+00:00,1779089377222991000,1798,R,7862,10719,9322,12066,7862,10719,9322,12066,22355,25838,24446,24940,-135,-218,-3,-0.529412,-0.854902,-0.011765,0,71,224940
2026-05-18T07:29:37.223+00:00,1779089377223016000,1799,R,7864,10720,9323,12069,7864,10720,9323,12069,22351,25833,24450,24942,-136,-217,-3,-0.533333,-0.85098,-0.011765,0,71,324940
2026-05-18T07:29:37.223+00:00,1779089377223040000,1800,R,7863,10721,9324,12069,7863,10721,9324,12069,22353,25834,24447,24937,-135,-218,-3,-0.529412,-0.854902,-0.011765,0,71,424940
2026-05-18T07:29:37.373+00:00,1779089377373939000,1801,R,7864,10720,9322,12070,7864,10720,9322,12070,22353,25838,24450,24941,-134,-216,-2,-0.52549,-0.847059,-0.007843,0,71,524940
2026-05-18T07:29:37.374+00:00,1779089377374093000,1802,R,7863,10721,9321,12070,7863,10721,9321,12070,22351,25836,24449,24940,-134,-215,-4,-0.52549,-0.843137,-0.015686,0,71,624940
2026-05-18T07:29:37.374+00:00,1779089377374168000,1803,R,7865,10723,9322,12067,7865,10723,9322,12067,22353,25836,24449,24938,-133,-217,-5,-0.521569,-0.85098,-0.019608,0,71,e25010
2026-05-18T07:29:37.374+00:00,1779089377374238000,1804,R,7864,10722,9320,12080,7864,10722,9320,12080,22352,25836,24446,24938,-134,-216,-4,-0.52549,-0.847059,-0.015686,0,71,f25010
2026-05-18T07:29:37.374+00:00,1779089377374307000,1805,R,7863,10723,9325,12069,7863,10723,9325,12069,22353,25836,24448,24935,-135,-218,-4,-0.529412,-0.854902,-0.015686,0,71,025010
2026-05-18T07:29:37.523+00:00,1779089377523750000,1806,R,7864,10723,9323,12069,7864,10723,9323,12069,22353,25838,24453,24937,-134,-218,-5,-0.52549,-0.854902,-0.019608,0,71,125010
2026-05-18T07:29:37.523+00:00,1779089377523889000,1807,R,7865,10722,9321,12068,7865,10722,9321,12068,22355,25838,24451,24936,-133,-217,-5,-0.521569,-0.85098,-0.019608,0,71,225010
2026-05-18T07:29:37.523+00:00,1779089377523965000,1808,R,7864,10724,9322,12069,7864,10724,9322,12069,22352,25834,24450,24941,-133,-217,-6,-0.521569,-0.85098,-0.023529,0,71,325010
2026-05-18T07:29:37.524+00:00,1779089377524031000,1809,R,7867,10733,9323,12077,7867,10733,9323,12077,22354,25840,24457,24942,-134,-218,-6,-0.52549,-0.854902,-0.023529,0,71,a25070
2026-05-18T07:29:37.524+00:00,1779089377524098000,1810,R,7865,10724,9328,12079,7865,10724,9328,12079,22357,25842,24461,24947,-135,-217,-5,-0.529412,-0.85098,-0.019608,0,71,b25070
2026-05-18T07:29:37.673+00:00,1779089377673892000,1811,R,7865,10731,9326,12078,7865,10731,9326,12078,22355,25843,24464,24947,-135,-217,-5,-0.529412,-0.85098,-0.019608,0,71,c25070
2026-05-18T07:29:37.674+00:00,1779089377674047000,1812,R,7867,10732,9327,12079,7867,10732,9327,12079,22357,25837,24464,24946,-135,-216,-5,-0.529412,-0.847059,-0.019608,0,71,d25070
2026-05-18T07:29:37.674+00:00,1779089377674122000,1813,R,7867,10734,9326,12079,7867,10734,9326,12079,22359,25845,24466,24948,-135,-218,-5,-0.529412,-0.854902,-0.019608,0,71,e25070
2026-05-18T07:29:37.674+00:00,1779089377674188000,1814,R,7871,10742,9331,12084,7871,10742,9331,12084,22362,25849,24472,24958,-134,-217,-5,-0.52549,-0.85098,-0.019608,0,71,525130
2026-05-18T07:29:37.674+00:00,1779089377674252000,1815,R,7871,10741,9331,12088,7871,10741,9331,12088,22363,25850,24475,24959,-133,-218,-5,-0.521569,-0.854902,-0.019608,0,71,625130
2026-05-18T07:29:37.973+00:00,1779089377973951000,1816,R,7870,10748,9325,12085,7870,10748,9325,12085,22363,25852,24475,24957,-135,-218,-4,-0.529412,-0.854902,-0.015686,0,71,725130
2026-05-18T07:29:37.974+00:00,1779089377974108000,1817,R,7871,10744,9332,12092,7871,10744,9332,12092,22363,25854,24476,24959,-135,-218,-3,-0.529412,-0.854902,-0.011765,0,71,825130
2026-05-18T07:29:37.974+00:00,1779089377974194000,1818,R,7872,10743,9334,12091,7872,10743,9334,12091,22362,25855,24480,24959,-134,-219,-4,-0.52549,-0.858824,-0.015686,0,71,925130
2026-05-18T07:29:37.974+00:00,1779089377974265000,1819,R,7873,10738,9332,12086,7873,10738,9332,12086,22367,25854,24472,24965,-134,-219,-4,-0.52549,-0.858824,-0.015686,0,71,225210
2026-05-18T07:29:37.974+00:00,1779089377974331000,1820,R,7874,10734,9335,12088,7874,10734,9335,12088,22365,25853,24471,24958,-133,-219,-5,-0.521569,-0.858824,-0.019608,0,71,325210
2026-05-18T07:29:38.123+00:00,1779089378123479000,1821,R,7872,10732,9329,12079,7872,10732,9329,12079,22362,25848,24458,24953,-132,-218,-4,-0.517647,-0.854902,-0.015686,0,71,425210
2026-05-18T07:29:38.123+00:00,1779089378123625000,1822,R,7871,10728,9330,12076,7871,10728,9330,12076,22358,25851,24461,24952,-133,-217,-4,-0.521569,-0.85098,-0.015686,0,71,525210
2026-05-18T07:29:38.123+00:00,1779089378123700000,1823,R,7869,10726,9328,12074,7869,10726,9328,12074,22359,25851,24460,24950,-132,-216,-4,-0.517647,-0.847059,-0.015686,0,71,625210
2026-05-18T07:29:38.123+00:00,1779089378123766000,1824,R,7866,10720,9322,12065,7866,10720,9322,12065,22353,25839,24449,24936,-134,-218,-4,-0.52549,-0.854902,-0.015686,0,71,e25280
2026-05-18T07:29:38.123+00:00,1779089378123830000,1825,R,7854,10717,9325,12058,7854,10717,9325,12058,22354,25842,24446,24933,-133,-219,-5,-0.521569,-0.858824,-0.019608,0,71,f25280
2026-05-18T07:29:38.123+00:00,1779089378123894000,1826,R,7863,10719,9321,12063,7863,10719,9321,12063,22351,25840,24448,24934,-134,-219,-4,-0.52549,-0.858824,-0.015686,0,71,025280
2026-05-18T07:29:38.272+00:00,1779089378272096000,1827,R,7863,10718,9323,12063,7863,10718,9323,12063,22350,25838,24450,24937,-134,-219,-3,-0.52549,-0.858824,-0.011765,0,71,125280
2026-05-18T07:29:38.272+00:00,1779089378272207000,1828,R,7864,10720,9323,12062,7864,10720,9323,12062,22349,25839,24448,24933,-134,-219,-5,-0.52549,-0.858824,-0.019608,0,71,225280
2026-05-18T07:29:38.272+00:00,1779089378272281000,1829,R,7863,10720,9322,12059,7863,10720,9322,12059,22348,25836,24444,24929,-133,-217,-4,-0.521569,-0.85098,-0.015686,0,71,925340
2026-05-18T07:29:38.272+00:00,1779089378272349000,1830,R,7860,10717,9320,12060,7860,10717,9320,12060,22350,25837,24448,24929,-132,-217,-5,-0.517647,-0.85098,-0.019608,0,71,a25340
2026-05-18T07:29:38.272+00:00,1779089378272413000,1831,R,7858,10725,9310,12063,7858,10725,9310,12063,22349,25838,24448,24931,-132,-216,-4,-0.517647,-0.847059,-0.015686,0,71,b25340
2026-05-18T07:29:38.421+00:00,1779089378421633000,1832,R,7862,10716,9318,12058,7862,10716,9318,12058,22349,25835,24446,24923,-134,-218,-4,-0.52549,-0.854902,-0.015686,0,71,c25340
2026-05-18T07:29:38.421+00:00,1779089378421769000,1833,R,7863,10718,9320,12060,7863,10718,9320,12060,22350,25835,24449,24925,-133,-218,-5,-0.521569,-0.854902,-0.019608,0,72,d25340
2026-05-18T07:29:38.421+00:00,1779089378421844000,1834,R,7865,10723,9320,12064,7865,10723,9320,12064,22346,25835,24453,24929,-133,-217,-6,-0.521569,-0.85098,-0.023529,0,72,425400
2026-05-18T07:29:38.421+00:00,1779089378421911000,1835,R,7864,10723,9322,12062,7864,10723,9322,12062,22346,25832,24452,24928,-133,-218,-5,-0.521569,-0.854902,-0.019608,0,72,525400
2026-05-18T07:29:38.421+00:00,1779089378421978000,1836,R,7866,10726,9321,12064,7866,10726,9321,12064,22351,25834,24454,24930,-133,-217,-5,-0.521569,-0.85098,-0.019608,0,72,625400
2026-05-18T07:29:38.573+00:00,1779089378573460000,1837,R,7882,10718,9338,12064,7882,10718,9338,12064,22351,25834,24457,24935,-133,-219,-4,-0.521569,-0.858824,-0.015686,0,72,725400
2026-05-18T07:29:38.573+00:00,1779089378573577000,1838,R,7864,10727,9324,12063,7864,10727,9324,12063,22351,25837,24458,24933,-134,-219,-4,-0.52549,-0.858824,-0.015686,0,72,825400
2026-05-18T07:29:38.573+00:00,1779089378573649000,1839,R,7867,10733,9325,12072,7867,10733,9325,12072,22361,25844,24469,24942,-132,-219,-6,-0.517647,-0.858824,-0.023529,0,72,f25460
2026-05-18T07:29:38.573+00:00,1779089378573713000,1840,R,7868,10736,9326,12074,7868,10736,9326,12074,22357,25849,24467,24943,-133,-218,-5,-0.521569,-0.854902,-0.019608,0,72,025460
2026-05-18T07:29:38.573+00:00,1779089378573782000,1841,R,7871,10736,9330,12074,7871,10736,9330,12074,22355,25847,24468,24945,-132,-218,-5,-0.517647,-0.854902,-0.019608,0,72,125460
2026-05-18T07:29:38.723+00:00,1779089378723204000,1842,R,7869,10735,9328,12075,7869,10735,9328,12075,22358,25848,24467,24945,-132,-218,-4,-0.517647,-0.854902,-0.015686,0,72,225460
2026-05-18T07:29:38.723+00:00,1779089378723306000,1843,R,7860,10728,9319,12069,7860,10728,9319,12069,22355,25842,24470,24942,-133,-219,-4,-0.521569,-0.858824,-0.015686,0,72,325460
2026-05-18T07:29:38.723+00:00,1779089378723376000,1844,R,7875,10744,9335,12084,7875,10744,9335,12084,22365,25852,24480,24954,-133,-217,-4,-0.521569,-0.85098,-0.015686,0,72,a25520
2026-05-18T07:29:38.723+00:00,1779089378723440000,1845,R,7875,10744,9333,12086,7875,10744,9333,12086,22365,25856,24478,24953,-133,-217,-4,-0.521569,-0.85098,-0.015686,0,72,b25520
2026-05-18T07:29:38.723+00:00,1779089378723503000,1846,R,7874,10746,9329,12088,7874,10746,9329,12088,22366,25856,24482,24954,-134,-216,-4,-0.52549,-0.847059,-0.015686,0,72,c25520
2026-05-18T07:29:38.873+00:00,1779089378873896000,1847,R,7874,10748,9335,12089,7874,10748,9335,12089,22366,25856,24485,24956,-132,-217,-3,-0.517647,-0.85098,-0.011765,0,72,d25520
2026-05-18T07:29:38.874+00:00,1779089378874046000,1848,R,7876,10747,9339,12092,7876,10747,9339,12092,22367,25858,24482,24961,-132,-217,-4,-0.517647,-0.85098,-0.015686,0,72,e25520
2026-05-18T07:29:38.874+00:00,1779089378874122000,1849,R,7866,10720,9322,12060,7866,10720,9322,12060,22357,25835,24450,24933,-132,-219,-5,-0.517647,-0.858824,-0.019608,0,72,a25630
2026-05-18T07:29:38.874+00:00,1779089378874190000,1850,R,7863,10719,9321,12058,7863,10719,9321,12058,22354,25839,24449,24929,-133,-218,-6,-0.521569,-0.854902,-0.023529,0,72,b25630
2026-05-18T07:29:38.874+00:00,1779089378874256000,1851,R,7864,10717,9322,12060,7864,10717,9322,12060,22351,25833,24450,24927,-134,-219,-6,-0.52549,-0.858824,-0.023529,0,72,c25630
2026-05-18T07:29:39.023+00:00,1779089379023652000,1852,R,7864,10720,9321,12057,7864,10720,9321,12057,22352,25833,24446,24928,-133,-218,-6,-0.521569,-0.854902,-0.023529,0,72,d25630
2026-05-18T07:29:39.023+00:00,1779089379023729000,1853,R,7862,10718,9318,12055,7862,10718,9318,12055,22350,25832,24447,24927,-133,-218,-5,-0.521569,-0.854902,-0.019608,0,72,e25630
2026-05-18T07:29:39.023+00:00,1779089379023761000,1854,R,7862,10717,9320,12053,7862,10717,9320,12053,22352,25831,24447,24922,-133,-218,-5,-0.521569,-0.854902,-0.019608,0,72,f25630
2026-05-18T07:29:39.023+00:00,1779089379023789000,1855,R,7863,10718,9319,12055,7863,10718,9319,12055,22345,25828,24444,24921,-131,-218,-5,-0.513725,-0.854902,-0.019608,0,72,625690
2026-05-18T07:29:39.023+00:00,1779089379023821000,1856,R,7862,10718,9319,12055,7862,10718,9319,12055,22351,25832,24451,24924,-132,-219,-5,-0.517647,-0.858824,-0.019608,0,72,725690
2026-05-18T07:29:39.320+00:00,1779089379320265000,1857,R,7860,10715,9319,12053,7860,10715,9319,12053,22346,25822,24444,24920,-130,-219,-6,-0.509804,-0.858824,-0.023529,0,72,825690
2026-05-18T07:29:39.320+00:00,1779089379320344000,1858,R,7862,10717,9317,12054,7862,10717,9317,12054,22346,25825,24441,24918,-132,-218,-4,-0.517647,-0.854902,-0.015686,0,72,925690
2026-05-18T07:29:39.320+00:00,1779089379320374000,1859,R,7861,10718,9318,12051,7861,10718,9318,12051,22348,25825,24442,24919,-130,-217,-5,-0.509804,-0.85098,-0.019608,0,72,a25690
2026-05-18T07:29:39.320+00:00,1779089379320402000,1860,R,7862,10720,9317,12053,7862,10720,9317,12053,22347,25826,24448,24920,-132,-219,-6,-0.517647,-0.858824,-0.023529,0,72,125750
2026-05-18T07:29:39.320+00:00,1779089379320428000,1861,R,7863,10721,9319,12053,7863,10721,9319,12053,22348,25827,24450,24921,-132,-219,-6,-0.517647,-0.858824,-0.023529,0,72,225750
2026-05-18T07:29:39.326+00:00,1779089379326062000,1862,R,7863,10723,9317,12055,7863,10723,9317,12055,22350,25832,24449,24924,-132,-220,-7,-0.517647,-0.862745,-0.027451,0,72,325750
2026-05-18T07:29:39.326+00:00,1779089379326119000,1863,R,7861,10721,9316,12055,7861,10721,9316,12055,22349,25829,24451,24924,-132,-220,-6,-0.517647,-0.862745,-0.023529,0,72,425750
2026-05-18T07:29:39.326+00:00,1779089379326151000,1864,R,7863,10724,9321,12055,7863,10724,9321,12055,22348,25825,24452,24922,-131,-219,-6,-0.513725,-0.858824,-0.023529,0,72,525750
2026-05-18T07:29:39.326+00:00,1779089379326179000,1865,R,7866,10727,9323,12063,7866,10727,9323,12063,22353,25828,24462,24924,-130,-219,-6,-0.509804,-0.858824,-0.023529,0,72,d25820
2026-05-18T07:29:39.326+00:00,1779089379326205000,1866,R,7868,10729,9319,12063,7868,10729,9319,12063,22357,25831,24461,24931,-131,-219,-6,-0.513725,-0.858824,-0.023529,0,72,e25820
2026-05-18T07:29:39.474+00:00,1779089379474443000,1867,R,7866,10731,9322,12062,7866,10731,9322,12062,22356,25835,24464,24930,-131,-219,-6,-0.513725,-0.858824,-0.023529,0,72,f25820
2026-05-18T07:29:39.474+00:00,1779089379474561000,1868,R,7866,10731,9322,12064,7866,10731,9322,12064,22354,25830,24461,24929,-131,-220,-6,-0.513725,-0.862745,-0.023529,0,72,025820
2026-05-18T07:29:39.474+00:00,1779089379474637000,1869,R,7869,10734,9324,12066,7869,10734,9324,12066,22355,25829,24462,24929,-130,-219,-6,-0.509804,-0.858824,-0.023529,0,72,125820
2026-05-18T07:29:39.474+00:00,1779089379474720000,1870,R,7873,10738,9326,12073,7873,10738,9326,12073,22364,25839,24468,24936,-130,-220,-6,-0.509804,-0.862745,-0.023529,0,72,925890
2026-05-18T07:29:39.474+00:00,1779089379474789000,1871,R,7871,10741,9327,12076,7871,10741,9327,12076,22364,25842,24474,24940,-131,-218,-6,-0.513725,-0.854902,-0.023529,0,72,a25890
2026-05-18T07:29:39.624+00:00,1779089379624499000,1872,R,7873,10741,9325,12076,7873,10741,9325,12076,22363,25835,24476,24937,-131,-220,-6,-0.513725,-0.862745,-0.023529,0,72,b25890
2026-05-18T07:29:39.624+00:00,1779089379624618000,1873,R,7875,10745,9327,12074,7875,10745,9327,12074,22362,25840,24476,24939,-131,-220,-5,-0.513725,-0.862745,-0.019608,0,72,c25890
2026-05-18T07:29:39.624+00:00,1779089379624699000,1874,R,7872,10744,9331,12077,7872,10744,9331,12077,22366,25841,24476,24936,-130,-219,-6,-0.509804,-0.858824,-0.023529,0,72,d25890
2026-05-18T07:29:39.624+00:00,1779089379624773000,1875,R,7867,10723,9321,12057,7867,10723,9321,12057,22355,25827,24448,24924,-131,-219,-7,-0.513725,-0.858824,-0.027451,0,72,525960
2026-05-18T07:29:39.624+00:00,1779089379625001000,1876,R,7867,10719,9321,12052,7867,10719,9321,12052,22353,25830,24444,24918,-131,-217,-7,-0.513725,-0.85098,-0.027451,0,72,625960
2026-05-18T07:29:39.625+00:00,1779089379625071000,1877,R,7865,10717,9320,12051,7865,10717,9320,12051,22355,25823,24445,24916,-131,-217,-6,-0.513725,-0.85098,-0.023529,0,72,725960
2026-05-18T07:29:39.775+00:00,1779089379775042000,1878,R,7865,10716,9319,12051,7865,10716,9319,12051,22354,25826,24447,24915,-130,-219,-6,-0.509804,-0.858824,-0.023529,0,72,825960
2026-05-18T07:29:39.775+00:00,1779089379775115000,1879,R,7863,10714,9317,12049,7863,10714,9317,12049,22352,25825,24445,24918,-131,-219,-5,-0.513725,-0.858824,-0.019608,0,72,925960
2026-05-18T07:29:39.775+00:00,1779089379775148000,1880,R,7863,10712,9314,12046,7863,10712,9314,12046,22348,25818,24439,24906,-132,-221,-6,-0.517647,-0.866667,-0.023529,0,72,126030
2026-05-18T07:29:39.775+00:00,1779089379775178000,1881,R,7861,10715,9314,12042,7861,10715,9314,12042,22346,25819,24440,24906,-131,-220,-6,-0.513725,-0.862745,-0.023529,0,72,226030
2026-05-18T07:29:39.775+00:00,1779089379775204000,1882,R,7862,10715,9315,12046,7862,10715,9315,12046,22345,25819,24438,24907,-131,-218,-6,-0.513725,-0.854902,-0.023529,0,72,326030
2026-05-18T07:29:39.924+00:00,1779089379924579000,1883,R,7862,10715,9315,12044,7862,10715,9315,12044,22345,25818,24439,24909,-130,-219,-6,-0.509804,-0.858824,-0.023529,0,72,426030
2026-05-18T07:29:39.924+00:00,1779089379924613000,1884,R,7859,10715,9313,12045,7859,10715,9313,12045,22345,25819,24442,24907,-131,-218,-5,-0.513725,-0.854902,-0.019608,0,72,526030
2026-05-18T07:29:39.924+00:00,1779089379924629000,1885,R,7861,10715,9314,12040,7861,10715,9314,12040,22342,25813,24439,24905,-130,-218,-5,-0.509804,-0.854902,-0.019608,0,72,d26100
2026-05-18T07:29:39.924+00:00,1779089379924643000,1886,R,7857,10717,9312,12044,7857,10717,9312,12044,22345,25814,24436,24904,-130,-220,-6,-0.509804,-0.862745,-0.023529,0,72,e26100
2026-05-18T07:29:39.924+00:00,1779089379924657000,1887,R,7862,10714,9315,12043,7862,10714,9315,12043,22347,25815,24439,24904,-131,-220,-6,-0.513725,-0.862745,-0.023529,0,72,f26100
2026-05-18T07:29:40.219+00:00,1779089380219298000,1888,R,7859,10716,9313,12044,7859,10716,9313,12044,22343,25815,24442,24907,-130,-220,-6,-0.509804,-0.862745,-0.023529,0,72,026100
2026-05-18T07:29:40.219+00:00,1779089380219383000,1889,R,7859,10715,9317,12042,7859,10715,9317,12042,22343,25812,24441,24908,-129,-220,-7,-0.505882,-0.862745,-0.027451,0,72,126100
2026-05-18T07:29:40.219+00:00,1779089380219435000,1890,R,7865,10721,9317,12049,7865,10721,9317,12049,22347,25820,24447,24913,-128,-220,-7,-0.501961,-0.862745,-0.027451,0,72,926170
2026-05-18T07:29:40.219+00:00,1779089380219481000,1891,R,7864,10722,9317,12050,7864,10722,9317,12050,22346,25816,24449,24913,-129,-220,-7,-0.505882,-0.862745,-0.027451,0,72,a26170
2026-05-18T07:29:40.219+00:00,1779089380219526000,1892,R,7862,10723,9315,12053,7862,10723,9315,12053,22345,25815,24446,24908,-130,-220,-6,-0.509804,-0.862745,-0.023529,0,72,b26170
2026-05-18T07:29:40.374+00:00,1779089380374941000,1893,R,7864,10725,9318,12053,7864,10725,9318,12053,22347,25821,24451,24915,-130,-220,-7,-0.509804,-0.862745,-0.027451,0,72,c26170
2026-05-18T07:29:40.375+00:00,1779089380375100000,1894,R,7864,10726,9318,12052,7864,10726,9318,12052,22350,25820,24450,24913,-129,-220,-6,-0.505882,-0.862745,-0.023529,0,72,d26170
2026-05-18T07:29:40.375+00:00,1779089380375184000,1895,R,7867,10733,9323,12063,7867,10733,9323,12063,22354,25826,24461,24926,-129,-221,-7,-0.505882,-0.866667,-0.027451,0,72,526240
2026-05-18T07:29:40.375+00:00,1779089380375250000,1896,R,7868,10735,9322,12069,7868,10735,9322,12069,22354,25827,24466,24928,-128,-221,-7,-0.501961,-0.866667,-0.027451,0,72,626240
2026-05-18T07:29:40.375+00:00,1779089380375323000,1897,R,7869,10734,9323,12065,7869,10734,9323,12065,22355,25830,24464,24927,-128,-219,-7,-0.501961,-0.858824,-0.027451,0,72,726240
2026-05-18T07:29:40.524+00:00,1779089380524898000,1898,R,7869,10737,9322,12064,7869,10737,9322,12064,22355,25831,24467,24932,-129,-219,-6,-0.505882,-0.858824,-0.023529,0,72,826240
2026-05-18T07:29:40.524+00:00,1779089380524999000,1899,R,7871,10738,9326,12068,7871,10738,9326,12068,22358,25828,24468,24931,-130,-218,-6,-0.509804,-0.854902,-0.023529,0,72,926240
2026-05-18T07:29:40.525+00:00,1779089380525071000,1900,R,7865,10719,9317,12051,7865,10719,9317,12051,22349,25820,24448,24913,-130,-220,-7,-0.509804,-0.862745,-0.027451,0,72,126310
2026-05-18T07:29:40.525+00:00,1779089380525139000,1901,R,7863,10715,9315,12043,7863,10715,9315,12043,22351,25821,24441,24912,-131,-218,-6,-0.513725,-0.854902,-0.023529,0,72,226310
2026-05-18T07:29:40.525+00:00,1779089380525211000,1902,R,7862,10714,9314,12044,7862,10714,9314,12044,22347,25816,24437,24910,-130,-217,-6,-0.509804,-0.85098,-0.023529,0,72,326310
2026-05-18T07:29:40.675+00:00,1779089380675684000,1903,R,7861,10713,9314,12040,7861,10713,9314,12040,22349,25817,24434,24902,-131,-217,-6,-0.513725,-0.85098,-0.023529,0,72,426310
2026-05-18T07:29:40.675+00:00,1779089380675789000,1904,R,7861,10710,9311,12037,7861,10710,9311,12037,22348,25816,24437,24902,-131,-219,-6,-0.513725,-0.858824,-0.023529,0,72,526310
2026-05-18T07:29:40.675+00:00,1779089380675860000,1905,R,7860,10713,9312,12038,7860,10713,9312,12038,22343,25811,24437,24903,-131,-218,-5,-0.513725,-0.854902,-0.019608,0,72,626310
2026-05-18T07:29:40.675+00:00,1779089380675926000,1906,R,7857,10704,9308,12029,7857,10704,9308,12029,22337,25810,24428,24894,-133,-220,-5,-0.521569,-0.862745,-0.019608,0,72,c26360
2026-05-18T07:29:40.675+00:00,1779089380675990000,1907,R,7857,10703,9309,12029,7857,10703,9309,12029,22334,25807,24427,24891,-132,-219,-4,-0.517647,-0.858824,-0.015686,0,72,d26360
2026-05-18T07:29:40.973+00:00,1779089380973782000,1908,R,7848,10699,9296,12014,7848,10699,9296,12014,22337,25806,24427,24890,-130,-220,-5,-0.509804,-0.862745,-0.019608,0,72,e26360
2026-05-18T07:29:40.973+00:00,1779089380973915000,1909,R,7854,10704,9308,12030,7854,10704,9308,12030,22337,25806,24430,24888,-132,-219,-4,-0.517647,-0.858824,-0.015686,0,72,f26360
2026-05-18T07:29:40.973+00:00,1779089380973988000,1910,R,7856,10705,9307,12028,7856,10705,9307,12028,22336,25804,24428,24886,-131,-219,-6,-0.513725,-0.858824,-0.023529,0,72,026360
2026-05-18T07:29:40.974+00:00,1779089380974054000,1911,R,7860,10701,9317,12022,7860,10701,9317,12022,22340,25824,24423,24879,-128,-226,-6,-0.501961,-0.886275,-0.023529,0,72,726420
2026-05-18T07:29:40.974+00:00,1779089380974119000,1912,R,7858,10706,9318,12024,7858,10706,9318,12024,22344,25831,24424,24874,-128,-222,-5,-0.501961,-0.870588,-0.019608,0,72,826420
2026-05-18T07:29:41.123+00:00,1779089381123546000,1913,R,7860,10706,9320,12021,7860,10706,9320,12021,22345,25834,24423,24870,-131,-216,-3,-0.513725,-0.847059,-0.011765,0,72,926420
2026-05-18T07:29:41.123+00:00,1779089381123664000,1914,R,7863,10715,9325,12032,7863,10715,9325,12032,22348,25833,24422,24868,-136,-214,-2,-0.533333,-0.839216,-0.007843,0,72,a26420
2026-05-18T07:29:41.123+00:00,1779089381123737000,1915,R,7864,10708,9325,12019,7864,10708,9325,12019,22350,25839,24426,24867,-134,-220,-3,-0.52549,-0.862745,-0.011765,0,72,b26420
2026-05-18T07:29:41.123+00:00,1779089381123804000,1916,R,7863,10717,9329,12025,7863,10717,9329,12025,22355,25852,24436,24864,-142,-211,1,-0.556863,-0.827451,0.003922,0,72,226480
2026-05-18T07:29:41.123+00:00,1779089381123870000,1917,R,7866,10718,9328,12025,7866,10718,9328,12025,22357,25853,24436,24867,-142,-209,1,-0.556863,-0.819608,0.003922,0,72,326480
2026-05-18T07:29:41.273+00:00,1779089381273998000,1918,R,7866,10721,9328,12026,7866,10721,9328,12026,22356,25853,24438,24869,-144,-209,2,-0.564706,-0.819608,0.007843,0,72,426480
2026-05-18T07:29:41.274+00:00,1779089381274154000,1919,R,7867,10721,9331,12025,7867,10721,9331,12025,22357,25860,24442,24868,-146,-208,3,-0.572549,-0.815686,0.011765,0,72,526480
2026-05-18T07:29:41.274+00:00,1779089381274227000,1920,R,7864,10711,9326,12015,7864,10711,9326,12015,22359,25858,24436,24864,-148,-207,4,-0.580392,-0.811765,0.015686,0,72,626480
2026-05-18T07:29:41.274+00:00,1779089381274293000,1921,R,7870,10731,9333,12036,7870,10731,9333,12036,22366,25873,24452,24878,-156,-205,8,-0.611765,-0.803922,0.031373,0,72,e26550
2026-05-18T07:29:41.274+00:00,1779089381274545000,1922,R,7869,10733,9336,12037,7869,10733,9336,12037,22365,25870,24455,24881,-158,-204,8,-0.619608,-0.8,0.031373,0,72,f26550
2026-05-18T07:29:41.274+00:00,1779089381274615000,1923,R,7871,10732,9338,12041,7871,10732,9338,12041,22367,25871,24458,24883,-158,-202,7,-0.619608,-0.792157,0.027451,0,72,026550
2026-05-18T07:29:41.423+00:00,1779089381423755000,1924,R,7871,10735,9337,12040,7871,10735,9337,12040,22369,25872,24454,24881,-159,-199,8,-0.623529,-0.780392,0.031373,0,72,126550
2026-05-18T07:29:41.423+00:00,1779089381423912000,1925,R,7871,10738,9331,12045,7871,10738,9331,12045,22369,25880,24457,24888,-160,-199,9,-0.627451,-0.780392,0.035294,0,72,226550
2026-05-18T07:29:41.423+00:00,1779089381423989000,1926,R,7878,10744,9344,12051,7878,10744,9344,12051,22378,25884,24465,24889,-164,-193,13,-0.643137,-0.756863,0.05098,0,72,926610
2026-05-18T07:29:41.424+00:00,1779089381424057000,1927,R,7878,10743,9346,12048,7878,10743,9346,12048,22380,25890,24468,24891,-164,-194,13,-0.643137,-0.760784,0.05098,0,72,a26610
2026-05-18T07:29:41.424+00:00,1779089381424133000,1928,R,7879,10740,9345,12051,7879,10740,9345,12051,22381,25890,24469,24890,-164,-194,13,-0.643137,-0.760784,0.05098,0,72,b26610
2026-05-18T07:29:41.572+00:00,1779089381572487000,1929,R,7876,10739,9344,12049,7876,10739,9344,12049,22379,25891,24464,24889,-165,-195,12,-0.647059,-0.764706,0.047059,0,72,c26610
2026-05-18T07:29:41.572+00:00,1779089381572627000,1930,R,7876,10733,9342,12041,7876,10733,9342,12041,22379,25891,24460,24885,-164,-194,11,-0.643137,-0.760784,0.043137,0,72,d26610
2026-05-18T07:29:41.572+00:00,1779089381572703000,1931,R,7869,10714,9335,12027,7869,10714,9335,12027,22369,25881,24436,24863,-165,-193,11,-0.647059,-0.756863,0.043137,0,72,426670
2026-05-18T07:29:41.572+00:00,1779089381572782000,1932,R,7869,10717,9336,12025,7869,10717,9336,12025,22363,25876,24430,24860,-167,-193,13,-0.654902,-0.756863,0.05098,0,72,526670
2026-05-18T07:29:41.572+00:00,1779089381572848000,1933,R,7867,10715,9334,12020,7867,10715,9334,12020,22367,25875,24428,24861,-168,-194,12,-0.658824,-0.760784,0.047059,0,72,626670
2026-05-18T07:29:41.722+00:00,1779089381723009000,1934,R,7864,10713,9333,12018,7864,10713,9333,12018,22365,25870,24428,24857,-168,-193,13,-0.658824,-0.756863,0.05098,0,72,726670
2026-05-18T07:29:41.723+00:00,1779089381723144000,1935,R,7867,10709,9332,12017,7867,10709,9332,12017,22362,25872,24427,24853,-169,-193,13,-0.662745,-0.756863,0.05098,0,72,826670
2026-05-18T07:29:41.723+00:00,1779089381723218000,1936,R,7864,10712,9325,12017,7864,10712,9325,12017,22357,25862,24423,24855,-167,-192,15,-0.654902,-0.752941,0.058824,0,72,526790
2026-05-18T07:29:41.723+00:00,1779089381723288000,1937,R,7862,10707,9334,12016,7862,10707,9334,12016,22361,25867,24425,24850,-169,-191,16,-0.662745,-0.74902,0.062745,0,72,626790
2026-05-18T07:29:41.723+00:00,1779089381723355000,1938,R,7865,10711,9327,12014,7865,10711,9327,12014,22362,25865,24424,24854,-168,-189,17,-0.658824,-0.741176,0.066667,0,72,726790
2026-05-18T07:29:41.872+00:00,1779089381872583000,1939,R,7863,10710,9326,12016,7863,10710,9326,12016,22355,25865,24427,24851,-170,-190,17,-0.666667,-0.745098,0.066667,0,72,826790
2026-05-18T07:29:41.872+00:00,1779089381872722000,1940,R,7864,10711,9327,12016,7864,10711,9327,12016,22355,25863,24426,24853,-169,-190,16,-0.662745,-0.745098,0.062745,0,72,926790
2026-05-18T07:29:41.872+00:00,1779089381872795000,1941,R,7861,10714,9326,12023,7861,10714,9326,12023,22361,25858,24430,24857,-170,-190,15,-0.666667,-0.745098,0.058824,0,72,026850
2026-05-18T07:29:41.872+00:00,1779089381872862000,1942,R,7864,10715,9325,12020,7864,10715,9325,12020,22356,25858,24433,24862,-170,-189,15,-0.666667,-0.741176,0.058824,0,72,126850
2026-05-18T07:29:41.872+00:00,1779089381872927000,1943,R,7862,10714,9323,12024,7862,10714,9323,12024,22359,25856,24431,24856,-167,-189,13,-0.654902,-0.741176,0.05098,0,72,226850
2026-05-18T07:29:42.021+00:00,1779089382021943000,1944,R,7861,10715,9322,12023,7861,10715,9322,12023,22357,25856,24432,24862,-170,-190,14,-0.666667,-0.745098,0.054902,0,72,326850
2026-05-18T07:29:42.021+00:00,1779089382021978000,1945,R,7861,10717,9325,12025,7861,10717,9325,12025,22357,25853,24432,24862,-169,-189,13,-0.662745,-0.741176,0.05098,0,72,426850
2026-05-18T07:29:42.021+00:00,1779089382021995000,1946,R,7865,10724,9324,12034,7865,10724,9324,12034,22360,25850,24448,24876,-169,-195,10,-0.662745,-0.764706,0.039216,0,72,d26930
2026-05-18T07:29:42.022+00:00,1779089382022009000,1947,R,7862,10725,9324,12033,7862,10725,9324,12033,22358,25848,24448,24869,-170,-197,9,-0.666667,-0.772549,0.035294,0,72,e26930
2026-05-18T07:29:42.022+00:00,1779089382022022000,1948,R,7865,10724,9324,12036,7865,10724,9324,12036,22359,25851,24449,24879,-169,-199,8,-0.662745,-0.780392,0.031373,0,72,f26930
2026-05-18T07:29:42.173+00:00,1779089382173173000,1949,R,7865,10728,9323,12037,7865,10728,9323,12037,22357,25851,24451,24878,-168,-200,6,-0.658824,-0.784314,0.023529,0,72,026930
2026-05-18T07:29:42.173+00:00,1779089382173308000,1950,R,7865,10727,9324,12037,7865,10727,9324,12037,22358,25852,24454,24883,-167,-202,6,-0.654902,-0.792157,0.023529,0,72,126930
2026-05-18T07:29:42.173+00:00,1779089382173603000,1951,R,7866,10734,9324,12047,7866,10734,9324,12047,22361,25845,24463,24893,-167,-193,5,-0.654902,-0.756863,0.019608,0,72,826990
2026-05-18T07:29:42.173+00:00,1779089382173680000,1952,R,7869,10734,9324,12045,7869,10734,9324,12045,22362,25847,24460,24893,-169,-191,5,-0.662745,-0.74902,0.019608,0,72,926990
2026-05-18T07:29:42.173+00:00,1779089382173746000,1953,R,7866,10728,9324,12045,7866,10728,9324,12045,22361,25853,24457,24894,-169,-191,5,-0.662745,-0.74902,0.019608,0,72,a26990
2026-05-18T07:29:42.323+00:00,1779089382323866000,1954,R,7865,10725,9322,12037,7865,10725,9322,12037,22361,25845,24453,24890,-169,-191,5,-0.662745,-0.74902,0.019608,0,72,b26990
2026-05-18T07:29:42.324+00:00,1779089382324040000,1955,R,7866,10722,9322,12033,7866,10722,9322,12033,22360,25844,24449,24885,-170,-191,6,-0.666667,-0.74902,0.023529,0,72,c26990
2026-05-18T07:29:42.324+00:00,1779089382324125000,1956,R,7864,10717,9319,12032,7864,10717,9319,12032,22358,25843,24446,24885,-169,-190,5,-0.662745,-0.745098,0.019608,0,72,d26990
2026-05-18T07:29:42.324+00:00,1779089382324197000,1957,R,7857,10706,9312,12019,7857,10706,9312,12019,22345,25825,24434,24870,-168,-194,3,-0.658824,-0.760784,0.011765,0,72,427050
2026-05-18T07:29:42.324+00:00,1779089382324281000,1958,R,7853,10707,9311,12015,7853,10707,9311,12015,22340,25821,24431,24866,-167,-195,4,-0.654902,-0.764706,0.015686,0,72,527050
2026-05-18T07:29:42.472+00:00,1779089382472376000,1959,R,7856,10703,9308,12015,7856,10703,9308,12015,22337,25817,24423,24863,-167,-196,3,-0.654902,-0.768627,0.011765,0,72,627050
2026-05-18T07:29:42.472+00:00,1779089382472498000,1960,R,7853,10704,9309,12014,7853,10704,9309,12014,22341,25819,24427,24867,-166,-196,2,-0.65098,-0.768627,0.007843,0,72,727050
2026-05-18T07:29:42.472+00:00,1779089382472571000,1961,R,7856,10704,9307,12016,7856,10704,9307,12016,22340,25819,24425,24861,-166,-197,2,-0.65098,-0.772549,0.007843,0,72,827050
2026-05-18T07:29:42.472+00:00,1779089382472636000,1962,R,7853,10704,9306,12013,7853,10704,9306,12013,22336,25816,24429,24863,-166,-193,3,-0.65098,-0.756863,0.011765,0,72,027120
2026-05-18T07:29:42.472+00:00,1779089382472700000,1963,R,7853,10702,9307,12015,7853,10702,9307,12015,22339,25816,24426,24860,-167,-193,4,-0.654902,-0.756863,0.015686,0,72,127120
2026-05-18T07:29:42.773+00:00,1779089382773824000,1964,R,7851,10704,9306,12014,7851,10704,9306,12014,22333,25811,24429,24856,-166,-193,3,-0.65098,-0.756863,0.011765,0,72,227120
2026-05-18T07:29:42.773+00:00,1779089382773976000,1965,R,7853,10704,9306,12010,7853,10704,9306,12010,22339,25813,24429,24861,-167,-193,3,-0.654902,-0.756863,0.011765,0,72,327120
2026-05-18T07:29:42.774+00:00,1779089382774063000,1966,R,7850,10704,9308,12013,7850,10704,9308,12013,22335,25817,24425,24859,-168,-193,4,-0.658824,-0.756863,0.015686,0,72,427120
2026-05-18T07:29:42.774+00:00,1779089382774131000,1967,R,7850,10707,9303,12013,7850,10707,9303,12013,22337,25817,24433,24863,-165,-195,4,-0.647059,-0.764706,0.015686,0,72,c27190
2026-05-18T07:29:42.774+00:00,1779089382774198000,1968,R,7853,10709,9306,12016,7853,10709,9306,12016,22343,25813,24437,24860,-167,-195,3,-0.654902,-0.764706,0.011765,0,72,d27190
2026-05-18T07:29:42.923+00:00,1779089382923700000,1969,R,7853,10709,9305,12017,7853,10709,9305,12017,22339,25809,24436,24864,-166,-194,4,-0.65098,-0.760784,0.015686,0,72,e27190
2026-05-18T07:29:42.923+00:00,1779089382923844000,1970,R,7853,10710,9307,12016,7853,10710,9307,12016,22337,25813,24437,24868,-167,-194,5,-0.654902,-0.760784,0.019608,0,72,f27190
2026-05-18T07:29:42.923+00:00,1779089382923916000,1971,R,7856,10710,9307,12017,7856,10710,9307,12017,22340,25815,24439,24864,-165,-195,4,-0.647059,-0.764706,0.015686,0,72,027190
2026-05-18T07:29:42.923+00:00,1779089382923983000,1972,R,7856,10718,9307,12023,7856,10718,9307,12023,22348,25820,24448,24872,-165,-196,3,-0.647059,-0.768627,0.011765,0,72,827260
2026-05-18T07:29:42.924+00:00,1779089382924048000,1973,R,7856,10719,9310,12026,7856,10719,9310,12026,22347,25821,24450,24876,-164,-197,3,-0.643137,-0.772549,0.011765,0,72,927260
2026-05-18T07:29:42.924+00:00,1779089382924129000,1974,R,7856,10720,9309,12027,7856,10720,9309,12027,22345,25822,24448,24878,-165,-197,4,-0.647059,-0.772549,0.015686,0,72,a27260
2026-05-18T07:29:43.073+00:00,1779089383073465000,1975,R,7858,10720,9309,12026,7858,10720,9309,12026,22344,25823,24451,24880,-163,-197,2,-0.639216,-0.772549,0.007843,0,72,b27260
2026-05-18T07:29:43.073+00:00,1779089383073587000,1976,R,7857,10721,9310,12028,7857,10721,9310,12028,22344,25824,24453,24881,-164,-196,2,-0.643137,-0.768627,0.007843,0,72,c27260
2026-05-18T07:29:43.073+00:00,1779089383073631000,1977,R,7860,10723,9313,12034,7860,10723,9313,12034,22354,25830,24458,24891,-163,-198,1,-0.639216,-0.776471,0.003922,0,72,427330
2026-05-18T07:29:43.073+00:00,1779089383073678000,1978,R,7860,10718,9311,12030,7860,10718,9311,12030,22349,25827,24454,24885,-162,-198,3,-0.635294,-0.776471,0.011765,0,72,527330
2026-05-18T07:29:43.073+00:00,1779089383073714000,1979,R,7857,10716,9311,12025,7857,10716,9311,12025,22348,25826,24446,24881,-163,-197,2,-0.639216,-0.772549,0.007843,0,72,627330
2026-05-18T07:29:43.222+00:00,1779089383222580000,1980,R,7856,10712,9310,12022,7856,10712,9310,12022,22348,25822,24447,24877,-163,-198,3,-0.639216,-0.776471,0.011765,0,72,727330
2026-05-18T07:29:43.222+00:00,1779089383222676000,1981,R,7853,10709,9307,12018,7853,10709,9307,12018,22347,25822,24439,24870,-163,-197,3,-0.639216,-0.772549,0.011765,0,72,827330
2026-05-18T07:29:43.222+00:00,1779089383222713000,1982,R,7849,10698,9303,12003,7849,10698,9303,12003,22337,25813,24428,24858,-164,-196,3,-0.643137,-0.768627,0.011765,0,72,f27390
2026-05-18T07:29:43.222+00:00,1779089383222744000,1983,R,7849,10697,9302,12003,7849,10697,9302,12003,22337,25811,24427,24860,-164,-195,3,-0.643137,-0.764706,0.011765,0,72,027390
2026-05-18T07:29:43.222+00:00,1779089383222775000,1984,R,7848,10696,9301,12002,7848,10696,9301,12002,22334,25807,24425,24855,-163,-196,4,-0.639216,-0.768627,0.015686,0,72,127390
2026-05-18T07:29:43.372+00:00,1779089383372650000,1985,R,7847,10694,9298,12002,7847,10694,9298,12002,22332,25810,24424,24857,-164,-196,3,-0.643137,-0.768627,0.011765,0,72,227390
2026-05-18T07:29:43.372+00:00,1779089383372820000,1986,R,7844,10693,9299,11999,7844,10693,9299,11999,22333,25808,24420,24857,-164,-197,3,-0.643137,-0.772549,0.011765,0,72,327390
2026-05-18T07:29:43.372+00:00,1779089383372906000,1987,R,7847,10698,9298,11999,7847,10698,9298,11999,22329,25800,24425,24855,-162,-197,4,-0.635294,-0.772549,0.015686,0,72,a27450
2026-05-18T07:29:43.372+00:00,1779089383372974000,1988,R,7843,10695,9297,12000,7843,10695,9297,12000,22329,25801,24426,24850,-161,-197,4,-0.631373,-0.772549,0.015686,0,72,b27450
2026-05-18T07:29:43.373+00:00,1779089383373038000,1989,R,7844,10696,9297,11997,7844,10696,9297,11997,22327,25803,24425,24848,-161,-198,4,-0.631373,-0.776471,0.015686,0,72,c27450
2026-05-18T07:29:43.523+00:00,1779089383523666000,1990,R,7846,10698,9298,12004,7846,10698,9298,12004,22327,25801,24425,24854,-161,-198,3,-0.631373,-0.776471,0.011765,0,72,d27450
2026-05-18T07:29:43.523+00:00,1779089383523802000,1991,R,7847,10696,9296,11999,7847,10696,9296,11999,22327,25805,24427,24852,-161,-198,3,-0.631373,-0.776471,0.011765,0,72,e27450
2026-05-18T07:29:43.523+00:00,1779089383523880000,1992,R,7844,10699,9295,12001,7844,10699,9295,12001,22327,25804,24431,24861,-159,-200,1,-0.623529,-0.784314,0.003922,0,72,627520
2026-05-18T07:29:43.523+00:00,1779089383523948000,1993,R,7845,10700,9296,12001,7845,10700,9296,12001,22331,25801,24433,24859,-160,-199,1,-0.627451,-0.780392,0.003922,0,72,727520
2026-05-18T07:29:43.524+00:00,1779089383524013000,1994,R,7845,10701,9298,12005,7845,10701,9298,12005,22329,25804,24434,24863,-159,-200,1,-0.623529,-0.784314,0.003922,0,72,827520
2026-05-18T07:29:43.673+00:00,1779089383673557000,1995,R,7846,10695,9296,12010,7846,10695,9296,12010,22333,25806,24436,24863,-160,-200,1,-0.627451,-0.784314,0.003922,0,72,927520
2026-05-18T07:29:43.673+00:00,1779089383673671000,1996,R,7846,10701,9298,12004,7846,10701,9298,12004,22331,25806,24436,24866,-160,-200,2,-0.627451,-0.784314,0.007843,0,72,a27520
2026-05-18T07:29:43.673+00:00,1779089383673868000,1997,R,7852,10710,9303,12014,7852,10710,9303,12014,22337,25810,24444,24871,-159,-200,2,-0.623529,-0.784314,0.007843,0,72,127580
2026-05-18T07:29:43.673+00:00,1779089383673938000,1998,R,7849,10710,9301,12015,7849,10710,9301,12015,22336,25813,24447,24872,-160,-199,2,-0.627451,-0.780392,0.007843,0,72,227580
2026-05-18T07:29:43.673+00:00,1779089383674005000,1999,R,7851,10711,9304,12014,7851,10711,9304,12014,22338,25815,24446,24872,-160,-199,2,-0.627451,-0.780392,0.007843,0,72,327580
2026-05-18T07:29:43.823+00:00,1779089383823208000,2000,R,7851,10710,9303,12015,7851,10710,9303,12015,22340,25816,24449,24874,-161,-199,2,-0.631373,-0.780392,0.007843,0,72,427580
2026-05-18T07:29:43.823+00:00,1779089383823284000,2001,R,7841,10709,9288,12005,7841,10709,9288,12005,22338,25816,24450,24875,-160,-199,2,-0.627451,-0.780392,0.007843,0,72,527580
2026-05-18T07:29:43.823+00:00,1779089383823336000,2002,R,7856,10722,9307,12024,7856,10722,9307,12024,22349,25819,24462,24887,-162,-198,2,-0.635294,-0.776471,0.007843,0,72,c27640
2026-05-18T07:29:43.823+00:00,1779089383823383000,2003,R,7858,10721,9311,12027,7858,10721,9311,12027,22344,25826,24465,24886,-160,-197,2,-0.627451,-0.772549,0.007843,0,72,d27640
2026-05-18T07:29:43.823+00:00,1779089383823428000,2004,R,7857,10721,9308,12027,7857,10721,9308,12027,22348,25825,24463,24893,-162,-199,2,-0.635294,-0.780392,0.007843,0,72,e27640
2026-05-18T07:29:43.972+00:00,1779089383972108000,2005,R,7857,10724,9308,12026,7857,10724,9308,12026,22348,25824,24463,24889,-162,-198,2,-0.635294,-0.776471,0.007843,0,72,f27640
2026-05-18T07:29:43.972+00:00,1779089383972159000,2006,R,7856,10717,9308,12027,7856,10717,9308,12027,22346,25828,24463,24890,-161,-198,2,-0.631373,-0.776471,0.007843,0,72,027640
2026-05-18T07:29:43.972+00:00,1779089383972185000,2007,R,7857,10725,9311,12034,7857,10725,9311,12034,22349,25824,24458,24886,-162,-198,2,-0.635294,-0.776471,0.007843,0,72,127640
2026-05-18T07:29:43.972+00:00,1779089383972204000,2008,R,7849,10700,9298,12007,7849,10700,9298,12007,22337,25811,24432,24867,-158,-198,1,-0.619608,-0.776471,0.003922,0,72,727690
2026-05-18T07:29:43.972+00:00,1779089383972222000,2009,R,7846,10699,9297,12004,7846,10699,9297,12004,22337,25810,24438,24870,-159,-199,2,-0.623529,-0.780392,0.007843,0,72,827690
2026-05-18T07:29:44.121+00:00,1779089384121824000,2010,R,7846,10698,9297,12005,7846,10698,9297,12005,22340,25807,24434,24868,-161,-199,1,-0.631373,-0.780392,0.003922,0,72,927690
2026-05-18T07:29:44.121+00:00,1779089384121871000,2011,R,7846,10696,9298,12001,7846,10696,9298,12001,22337,25808,24432,24867,-160,-199,1,-0.627451,-0.780392,0.003922,0,72,a27690
2026-05-18T07:29:44.121+00:00,1779089384121888000,2012,R,7845,10696,9295,12001,7845,10696,9295,12001,22334,25803,24430,24864,-161,-199,1,-0.631373,-0.780392,0.003922,0,72,b27690
2026-05-18T07:29:44.121+00:00,1779089384121902000,2013,R,7844,10693,9291,11992,7844,10693,9291,11992,22332,25806,24431,24861,-158,-201,2,-0.619608,-0.788235,0.007843,0,72,827810
2026-05-18T07:29:44.121+00:00,1779089384121916000,2014,R,7840,10697,9281,11995,7840,10697,9281,11995,22330,25808,24433,24866,-158,-200,1,-0.619608,-0.784314,0.003922,0,72,927810
2026-05-18T07:29:44.273+00:00,1779089384273269000,2015,R,7844,10692,9295,11994,7844,10692,9295,11994,22330,25802,24428,24858,-158,-200,2,-0.619608,-0.784314,0.007843,0,72,a27810
2026-05-18T07:29:44.273+00:00,1779089384273319000,2016,R,7843,10692,9293,11993,7843,10692,9293,11993,22332,25801,24430,24862,-158,-200,1,-0.619608,-0.784314,0.003922,0,72,b27810
2026-05-18T07:29:44.273+00:00,1779089384273342000,2017,R,7846,10694,9295,11995,7846,10694,9295,11995,22330,25804,24432,24857,-160,-200,2,-0.627451,-0.784314,0.007843,0,72,c27810
2026-05-18T07:29:44.273+00:00,1779089384273361000,2018,R,7846,10697,9295,11998,7846,10697,9295,11998,22333,25809,24439,24866,-158,-200,1,-0.619608,-0.784314,0.003922,0,72,427880
2026-05-18T07:29:44.273+00:00,1779089384273379000,2019,R,7860,10693,9313,12001,7860,10693,9313,12001,22334,25803,24437,24864,-158,-199,1,-0.619608,-0.780392,0.003922,0,72,527880
2026-05-18T07:29:44.423+00:00,1779089384423733000,2020,R,7845,10699,9296,12001,7845,10699,9296,12001,22334,25806,24442,24866,-158,-200,1,-0.619608,-0.784314,0.003922,0,72,627880
2026-05-18T07:29:44.423+00:00,1779089384423842000,2021,R,7847,10700,9296,12001,7847,10700,9296,12001,22334,25809,24440,24868,-159,-200,1,-0.623529,-0.784314,0.003922,0,72,727880
2026-05-18T07:29:44.423+00:00,1779089384423886000,2022,R,7847,10702,9296,12004,7847,10702,9296,12004,22337,25809,24441,24871,-160,-200,1,-0.627451,-0.784314,0.003922,0,72,827880
2026-05-18T07:29:44.423+00:00,1779089384423922000,2023,R,7853,10712,9303,12013,7853,10712,9303,12013,22345,25817,24457,24881,-158,-200,1,-0.619608,-0.784314,0.003922,0,72,027950
2026-05-18T07:29:44.423+00:00,1779089384423956000,2024,R,7842,10702,9289,12003,7842,10702,9289,12003,22343,25817,24456,24882,-157,-200,1,-0.615686,-0.784314,0.003922,0,72,127950
2026-05-18T07:29:44.423+00:00,1779089384423990000,2025,R,7853,10712,9300,12012,7853,10712,9300,12012,22346,25820,24456,24885,-158,-200,2,-0.619608,-0.784314,0.007843,0,72,227950
2026-05-18T07:29:44.572+00:00,1779089384572788000,2026,R,7853,10715,9307,12015,7853,10715,9307,12015,22347,25820,24457,24883,-157,-201,1,-0.615686,-0.788235,0.003922,0,72,327950
2026-05-18T07:29:44.572+00:00,1779089384572959000,2027,R,7855,10714,9305,12014,7855,10714,9305,12014,22347,25821,24461,24886,-157,-202,2,-0.615686,-0.792157,0.007843,0,72,427950
2026-05-18T07:29:44.573+00:00,1779089384573033000,2028,R,7857,10725,9308,12028,7857,10725,9308,12028,22355,25829,24476,24899,-158,-200,2,-0.619608,-0.784314,0.007843,0,72,c28020
2026-05-18T07:29:44.573+00:00,1779089384573102000,2029,R,7865,10726,9310,12028,7865,10726,9310,12028,22364,25838,24476,24899,-158,-199,1,-0.619608,-0.780392,0.003922,0,72,d28020
2026-05-18T07:29:44.573+00:00,1779089384573168000,2030,R,7858,10724,9310,12028,7858,10724,9310,12028,22361,25834,24474,24902,-158,-201,1,-0.619608,-0.788235,0.003922,0,72,e28020
2026-05-18T07:29:44.722+00:00,1779089384722592000,2031,R,7861,10725,9311,12027,7861,10725,9311,12027,22359,25833,24476,24906,-158,-202,2,-0.619608,-0.792157,0.007843,0,72,f28020
2026-05-18T07:29:44.722+00:00,1779089384722724000,2032,R,7861,10724,9312,12030,7861,10724,9312,12030,22361,25835,24477,24900,-157,-201,1,-0.615686,-0.788235,0.003922,0,72,028020
2026-05-18T07:29:44.722+00:00,1779089384722799000,2033,R,7853,10704,9300,12008,7853,10704,9300,12008,22352,25823,24449,24885,-157,-201,0,-0.615686,-0.788235,0.0,0,72,828090
2026-05-18T07:29:44.722+00:00,1779089384722865000,2034,R,7851,10704,9303,12008,7851,10704,9303,12008,22350,25823,24447,24877,-158,-202,2,-0.619608,-0.792157,0.007843,0,72,928090
2026-05-18T07:29:44.722+00:00,1779089384722931000,2035,R,7852,10700,9300,12005,7852,10700,9300,12005,22349,25822,24448,24885,-157,-202,1,-0.615686,-0.792157,0.003922,0,72,a28090
2026-05-18T07:29:44.873+00:00,1779089384873381000,2036,R,7853,10702,9301,12006,7853,10702,9301,12006,22350,25820,24446,24884,-157,-201,1,-0.615686,-0.788235,0.003922,0,72,b28090
2026-05-18T07:29:44.873+00:00,1779089384873433000,2037,R,7853,10702,9298,12005,7853,10702,9298,12005,22350,25819,24447,24885,-157,-202,2,-0.615686,-0.792157,0.007843,0,72,c28090
2026-05-18T07:29:44.873+00:00,1779089384873453000,2038,R,7849,10703,9298,12003,7849,10703,9298,12003,22348,25817,24447,24877,-157,-200,1,-0.615686,-0.784314,0.003922,0,72,328150
2026-05-18T07:29:44.873+00:00,1779089384873468000,2039,R,7851,10699,9297,12002,7851,10699,9297,12002,22345,25818,24447,24882,-157,-200,1,-0.615686,-0.784314,0.003922,0,72,428150
2026-05-18T07:29:44.873+00:00,1779089384873482000,2040,R,7851,10702,9298,12004,7851,10702,9298,12004,22344,25813,24446,24878,-158,-202,1,-0.619608,-0.792157,0.003922,0,72,528150
2026-05-18T07:29:45.023+00:00,1779089385023418000,2041,R,7851,10704,9298,12004,7851,10704,9298,12004,22345,25819,24448,24881,-157,-203,2,-0.615686,-0.796078,0.007843,0,72,628150
2026-05-18T07:29:45.023+00:00,1779089385023468000,2042,R,7851,10701,9298,11999,7851,10701,9298,11999,22344,25817,24450,24880,-157,-203,1,-0.615686,-0.796078,0.003922,0,72,728150
2026-05-18T07:29:45.023+00:00,1779089385023492000,2043,R,7851,10704,9301,12006,7851,10704,9301,12006,22347,25817,24451,24885,-156,-201,2,-0.611765,-0.788235,0.007843,0,72,f28220
2026-05-18T07:29:45.023+00:00,1779089385023512000,2044,R,7851,10703,9301,12006,7851,10703,9301,12006,22346,25820,24451,24882,-156,-201,1,-0.611765,-0.788235,0.003922,0,72,028220
2026-05-18T07:29:45.023+00:00,1779089385023531000,2045,R,7850,10705,9301,12006,7850,10705,9301,12006,22353,25819,24455,24887,-156,-203,1,-0.611765,-0.796078,0.003922,0,72,128220
2026-05-18T07:29:45.173+00:00,1779089385173715000,2046,R,7852,10705,9299,12006,7852,10705,9299,12006,22349,25818,24454,24885,-157,-203,1,-0.615686,-0.796078,0.003922,0,72,228220
2026-05-18T07:29:45.173+00:00,1779089385173854000,2047,R,7850,10706,9302,12008,7850,10706,9302,12008,22350,25821,24460,24887,-157,-202,1,-0.615686,-0.792157,0.003922,0,72,328220
2026-05-18T07:29:45.173+00:00,1779089385173943000,2048,R,7856,10713,9307,12017,7856,10713,9307,12017,22358,25829,24462,24895,-156,-203,0,-0.611765,-0.796078,0.0,0,72,b28290
2026-05-18T07:29:45.174+00:00,1779089385174010000,2049,R,7855,10714,9305,12017,7855,10714,9305,12017,22358,25830,24463,24894,-156,-203,1,-0.611765,-0.796078,0.003922,0,72,c28290
2026-05-18T07:29:45.174+00:00,1779089385174075000,2050,R,7857,10714,9306,12017,7857,10714,9306,12017,22358,25831,24464,24898,-156,-203,1,-0.611765,-0.796078,0.003922,0,72,d28290
2026-05-18T07:29:45.323+00:00,1779089385323829000,2051,R,7858,10718,9307,12021,7858,10718,9307,12021,22361,25833,24467,24897,-155,-202,1,-0.607843,-0.792157,0.003922,0,72,e28290
2026-05-18T07:29:45.323+00:00,1779089385323957000,2052,R,7857,10718,9308,12021,7857,10718,9308,12021,22361,25833,24471,24901,-157,-203,1,-0.615686,-0.796078,0.003922,0,72,f28290
2026-05-18T07:29:45.324+00:00,1779089385324012000,2053,R,7865,10727,9315,12029,7865,10727,9315,12029,22367,25844,24480,24911,-155,-203,1,-0.607843,-0.796078,0.003922,0,72,728360
2026-05-18T07:29:45.324+00:00,1779089385324061000,2054,R,7863,10725,9314,12033,7863,10725,9314,12033,22368,25846,24480,24911,-155,-203,1,-0.607843,-0.796078,0.003922,0,72,828360
2026-05-18T07:29:45.324+00:00,1779089385324106000,2055,R,7866,10727,9315,12034,7866,10727,9315,12034,22371,25840,24481,24907,-156,-203,1,-0.611765,-0.796078,0.003922,0,72,928360
2026-05-18T07:29:45.471+00:00,1779089385471768000,2056,R,7865,10728,9316,12034,7865,10728,9316,12034,22369,25850,24484,24914,-155,-203,1,-0.607843,-0.796078,0.003922,0,72,a28360
2026-05-18T07:29:45.471+00:00,1779089385471916000,2057,R,7863,10728,9318,12037,7863,10728,9318,12037,22373,25849,24489,24914,-154,-204,2,-0.603922,-0.8,0.007843,0,72,b28360
2026-05-18T07:29:45.471+00:00,1779089385471994000,2058,R,7867,10731,9320,12038,7867,10731,9320,12038,22372,25849,24487,24916,-155,-203,1,-0.607843,-0.796078,0.003922,0,72,c28360
2026-05-18T07:29:45.472+00:00,1779089385472063000,2059,R,7867,10727,9320,12035,7867,10727,9320,12035,22377,25852,24476,24916,-155,-203,0,-0.607843,-0.796078,0.0,0,72,228410
2026-05-18T07:29:45.472+00:00,1779089385472125000,2060,R,7864,10723,9315,12029,7864,10723,9315,12029,22373,25851,24476,24915,-154,-204,1,-0.603922,-0.8,0.003922,0,72,328410
2026-05-18T07:29:45.623+00:00,1779089385623181000,2061,R,7863,10718,9316,12025,7863,10718,9316,12025,22374,25847,24474,24910,-155,-204,1,-0.607843,-0.8,0.003922,0,72,428410
2026-05-18T07:29:45.623+00:00,1779089385623297000,2062,R,7862,10717,9314,12024,7862,10717,9314,12024,22373,25849,24471,24909,-154,-203,0,-0.603922,-0.796078,0.0,0,72,528410
2026-05-18T07:29:45.623+00:00,1779089385623368000,2063,R,7863,10715,9312,12023,7863,10715,9312,12023,22371,25847,24468,24909,-154,-203,0,-0.603922,-0.796078,0.0,0,72,628410
2026-05-18T07:29:45.623+00:00,1779089385623434000,2064,R,7855,10710,9309,12017,7855,10710,9309,12017,22363,25839,24458,24900,-155,-203,1,-0.607843,-0.796078,0.003922,0,72,e28480
2026-05-18T07:29:45.623+00:00,1779089385623499000,2065,R,7856,10711,9309,12014,7856,10711,9309,12014,22364,25839,24461,24897,-156,-205,0,-0.611765,-0.803922,0.0,0,72,f28480
2026-05-18T07:29:45.773+00:00,1779089385773492000,2066,R,7858,10709,9310,12013,7858,10709,9310,12013,22363,25837,24462,24896,-156,-204,0,-0.611765,-0.8,0.0,0,72,028480
2026-05-18T07:29:45.773+00:00,1779089385773591000,2067,R,7857,10711,9310,12015,7857,10711,9310,12015,22360,25834,24457,24899,-155,-204,1,-0.607843,-0.8,0.003922,0,72,128480
2026-05-18T07:29:45.773+00:00,1779089385773666000,2068,R,7857,10711,9310,12013,7857,10711,9310,12013,22364,25840,24461,24897,-155,-204,2,-0.607843,-0.8,0.007843,0,72,228480
2026-05-18T07:29:45.773+00:00,1779089385773742000,2069,R,7858,10713,9311,12018,7858,10713,9311,12018,22363,25838,24464,24899,-153,-204,2,-0.6,-0.8,0.007843,0,72,828530
2026-05-18T07:29:45.773+00:00,1779089385773808000,2070,R,7860,10713,9312,12018,7860,10713,9312,12018,22366,25841,24463,24897,-154,-204,1,-0.603922,-0.8,0.003922,0,72,928530
2026-05-18T07:29:45.923+00:00,1779089385923592000,2071,R,7860,10710,9310,12013,7860,10710,9310,12013,22362,25841,24464,24899,-152,-204,0,-0.596078,-0.8,0.0,0,72,a28530
2026-05-18T07:29:45.923+00:00,1779089385923710000,2072,R,7860,10712,9311,12014,7860,10712,9311,12014,22364,25837,24465,24901,-153,-203,1,-0.6,-0.796078,0.003922,0,72,b28530
2026-05-18T07:29:45.924+00:00,1779089385924019000,2073,R,7858,10710,9310,12015,7858,10710,9310,12015,22364,25841,24465,24899,-154,-204,0,-0.603922,-0.8,0.0,0,72,c28530
2026-05-18T07:29:45.924+00:00,1779089385924091000,2074,R,7862,10716,9314,12021,7862,10716,9314,12021,22368,25841,24469,24904,-153,-205,0,-0.6,-0.803922,0.0,0,72,428600
2026-05-18T07:29:45.924+00:00,1779089385924159000,2075,R,7864,10717,9313,12022,7864,10717,9313,12022,22370,25844,24470,24906,-152,-205,-1,-0.596078,-0.803922,-0.003922,0,72,528600
2026-05-18T07:29:45.924+00:00,1779089385924227000,2076,R,7864,10718,9316,12024,7864,10718,9316,12024,22369,25846,24473,24906,-153,-205,-1,-0.6,-0.803922,-0.003922,0,72,628600
2026-05-18T07:29:46.073+00:00,1779089386073547000,2077,R,7861,10717,9311,12021,7861,10717,9311,12021,22372,25844,24475,24905,-154,-205,-1,-0.603922,-0.803922,-0.003922,0,72,728600
2026-05-18T07:29:46.073+00:00,1779089386073682000,2078,R,7862,10720,9316,12026,7862,10720,9316,12026,22374,25849,24474,24906,-153,-206,0,-0.6,-0.807843,0.0,0,72,828600
2026-05-18T07:29:46.073+00:00,1779089386073771000,2079,R,7867,10724,9319,12032,7867,10724,9319,12032,22376,25852,24484,24918,-153,-205,-1,-0.6,-0.803922,-0.003922,0,72,f28660
2026-05-18T07:29:46.073+00:00,1779089386073840000,2080,R,7866,10726,9319,12035,7866,10726,9319,12035,22379,25855,24486,24917,-153,-205,-1,-0.6,-0.803922,-0.003922,0,72,028660
2026-05-18T07:29:46.073+00:00,1779089386073907000,2081,R,7867,10730,9321,12036,7867,10730,9321,12036,22376,25855,24485,24916,-153,-204,0,-0.6,-0.8,0.0,0,72,128660
2026-05-18T07:29:46.223+00:00,1779089386223113000,2082,R,7869,10732,9319,12034,7869,10732,9319,12034,22380,25860,24487,24923,-153,-204,-1,-0.6,-0.8,-0.003922,0,72,228660
2026-05-18T07:29:46.223+00:00,1779089386223164000,2083,R,7869,10732,9321,12037,7869,10732,9321,12037,22384,25857,24489,24923,-152,-205,0,-0.596078,-0.803922,0.0,0,72,328660
2026-05-18T07:29:46.223+00:00,1779089386223192000,2084,R,7875,10744,9329,12051,7875,10744,9329,12051,22387,25870,24505,24940,-152,-204,0,-0.596078,-0.8,0.0,0,72,f28770
2026-05-18T07:29:46.223+00:00,1779089386223218000,2085,R,7877,10751,9330,12061,7877,10751,9330,12061,22390,25871,24506,24938,-152,-203,0,-0.596078,-0.796078,0.0,0,72,028770
2026-05-18T07:29:46.223+00:00,1779089386223242000,2086,R,7875,10744,9330,12053,7875,10744,9330,12053,22392,25871,24505,24940,-152,-205,0,-0.596078,-0.803922,0.0,0,72,128770
2026-05-18T07:29:46.373+00:00,1779089386373761000,2087,R,7876,10746,9328,12056,7876,10746,9328,12056,22391,25871,24506,24942,-152,-207,-1,-0.596078,-0.811765,-0.003922,0,72,228770
2026-05-18T07:29:46.373+00:00,1779089386373909000,2088,R,7877,10743,9331,12055,7877,10743,9331,12055,22393,25871,24506,24941,-151,-206,-1,-0.592157,-0.807843,-0.003922,0,72,328770
2026-05-18T07:29:46.373+00:00,1779089386373969000,2089,R,7870,10723,9320,12032,7870,10723,9320,12032,22382,25855,24480,24924,-152,-205,-1,-0.596078,-0.803922,-0.003922,0,72,b28840
2026-05-18T07:29:46.374+00:00,1779089386374018000,2090,R,7869,10715,9314,12023,7869,10715,9314,12023,22383,25856,24478,24920,-152,-205,0,-0.596078,-0.803922,0.0,0,72,c28840
2026-05-18T07:29:46.374+00:00,1779089386374063000,2091,R,7868,10721,9319,12031,7868,10721,9319,12031,22379,25857,24475,24918,-153,-205,0,-0.6,-0.803922,0.0,0,72,d28840
2026-05-18T07:29:46.523+00:00,1779089386523635000,2092,R,7867,10721,9318,12030,7867,10721,9318,12030,22378,25855,24476,24918,-152,-205,-2,-0.596078,-0.803922,-0.007843,0,72,e28840
2026-05-18T07:29:46.523+00:00,1779089386523766000,2093,R,7867,10718,9318,12031,7867,10718,9318,12031,22378,25852,24475,24917,-152,-205,-1,-0.596078,-0.803922,-0.003922,0,72,f28840
2026-05-18T07:29:46.523+00:00,1779089386523841000,2094,R,7868,10719,9319,12030,7868,10719,9319,12030,22374,25853,24473,24911,-151,-205,-1,-0.592157,-0.803922,-0.003922,0,72,728910
2026-05-18T07:29:46.523+00:00,1779089386523905000,2095,R,7869,10719,9324,12032,7869,10719,9324,12032,22377,25848,24474,24911,-151,-205,-1,-0.592157,-0.803922,-0.003922,0,72,828910
2026-05-18T07:29:46.523+00:00,1779089386523969000,2096,R,7866,10720,9317,12029,7866,10720,9317,12029,22376,25850,24475,24915,-152,-206,-1,-0.596078,-0.807843,-0.003922,0,72,928910
2026-05-18T07:29:46.673+00:00,1779089386673491000,2097,R,7865,10721,9318,12028,7865,10721,9318,12028,22371,25852,24474,24911,-152,-207,0,-0.596078,-0.811765,0.0,0,72,a28910
2026-05-18T07:29:46.673+00:00,1779089386673568000,2098,R,7866,10722,9317,12029,7866,10722,9317,12029,22376,25852,24471,24913,-152,-205,-1,-0.596078,-0.803922,-0.003922,0,72,b28910
2026-05-18T07:29:46.673+00:00,1779089386673609000,2099,R,7865,10721,9318,12031,7865,10721,9318,12031,22376,25849,24473,24910,-150,-206,-1,-0.588235,-0.807843,-0.003922,0,72,128960
2026-05-18T07:29:46.673+00:00,1779089386673644000,2100,R,7865,10721,9316,12030,7865,10721,9316,12030,22373,25849,24476,24913,-149,-206,-1,-0.584314,-0.807843,-0.003922,0,72,228960
2026-05-18T07:29:46.674+00:00,1779089386674401000,2101,R,7866,10724,9316,12032,7866,10724,9316,12032,22373,25848,24477,24914,-150,-206,-1,-0.588235,-0.807843,-0.003922,0,72,328960
2026-05-18T07:29:46.823+00:00,1779089386824046000,2102,R,7855,10723,9321,12025,7855,10723,9321,12025,22375,25849,24477,24920,-150,-207,-2,-0.588235,-0.811765,-0.007843,0,72,428960
2026-05-18T07:29:46.824+00:00,1779089386824203000,2103,R,7865,10721,9318,12029,7865,10721,9318,12029,22376,25850,24478,24915,-150,-206,-2,-0.588235,-0.807843,-0.007843,0,72,528960
2026-05-18T07:29:46.824+00:00,1779089386824278000,2104,R,7864,10724,9318,12034,7864,10724,9318,12034,22373,25853,24477,24919,-151,-206,-1,-0.592157,-0.807843,-0.003922,0,72,628960
2026-05-18T07:29:46.824+00:00,1779089386824377000,2105,R,7870,10730,9322,12041,7870,10730,9322,12041,22377,25856,24482,24925,-150,-206,-1,-0.588235,-0.807843,-0.003922,0,72,d29020
2026-05-18T07:29:46.824+00:00,1779089386824452000,2106,R,7868,10731,9321,12045,7868,10731,9321,12045,22378,25859,24485,24928,-149,-207,-1,-0.584314,-0.811765,-0.003922,0,72,e29020
2026-05-18T07:29:46.973+00:00,1779089386973686000,2107,R,7869,10732,9321,12043,7869,10732,9321,12043,22378,25859,24486,24926,-150,-207,-1,-0.588235,-0.811765,-0.003922,0,72,f29020
2026-05-18T07:29:46.973+00:00,1779089386973831000,2108,R,7874,10738,9321,12045,7874,10738,9321,12045,22380,25857,24489,24927,-150,-207,-2,-0.588235,-0.811765,-0.007843,0,72,029020
2026-05-18T07:29:46.973+00:00,1779089386973906000,2109,R,7870,10735,9322,12043,7870,10735,9322,12043,22383,25863,24491,24930,-149,-206,-2,-0.584314,-0.807843,-0.007843,0,72,129020
2026-05-18T07:29:46.973+00:00,1779089386973974000,2110,R,7875,10744,9329,12058,7875,10744,9329,12058,22386,25865,24501,24940,-150,-207,-1,-0.588235,-0.811765,-0.003922,0,72,b29110
2026-05-18T07:29:46.974+00:00,1779089386974038000,2111,R,7874,10743,9333,12067,7874,10743,9333,12067,22391,25866,24505,24948,-149,-207,-1,-0.584314,-0.811765,-0.003922,0,72,c29110
2026-05-18T07:29:47.124+00:00,1779089387124092000,2112,R,7876,10746,9329,12060,7876,10746,9329,12060,22387,25867,24502,24942,-150,-207,-1,-0.588235,-0.811765,-0.003922,0,72,d29110
2026-05-18T07:29:47.124+00:00,1779089387124253000,2113,R,7875,10747,9331,12061,7875,10747,9331,12061,22391,25868,24504,24943,-151,-206,-2,-0.592157,-0.807843,-0.007843,0,72,e29110
2026-05-18T07:29:47.124+00:00,1779089387124329000,2114,R,7876,10747,9332,12062,7876,10747,9332,12062,22390,25864,24506,24946,-151,-207,-1,-0.592157,-0.811765,-0.003922,0,72,f29110
2026-05-18T07:29:47.124+00:00,1779089387124408000,2115,R,7880,10756,9336,12073,7880,10756,9336,12073,22398,25874,24514,24959,-151,-207,0,-0.592157,-0.811765,0.0,0,72,729180
2026-05-18T07:29:47.124+00:00,1779089387124484000,2116,R,7881,10755,9330,12073,7881,10755,9330,12073,22391,25871,24510,24952,-150,-206,-2,-0.588235,-0.807843,-0.007843,0,72,829180
2026-05-18T07:29:47.272+00:00,1779089387272838000,2117,R,7878,10751,9331,12068,7878,10751,9331,12068,22397,25875,24511,24955,-150,-207,-1,-0.588235,-0.811765,-0.003922,0,72,929180
2026-05-18T07:29:47.272+00:00,1779089387272991000,2118,R,7879,10746,9333,12065,7879,10746,9333,12065,22395,25869,24506,24955,-150,-207,-1,-0.588235,-0.811765,-0.003922,0,72,a29180
2026-05-18T07:29:47.273+00:00,1779089387273065000,2119,R,7877,10744,9329,12059,7877,10744,9329,12059,22395,25873,24501,24949,-151,-208,-2,-0.592157,-0.815686,-0.007843,0,72,b29180
2026-05-18T07:29:47.273+00:00,1779089387273132000,2120,R,7871,10730,9324,12048,7871,10730,9324,12048,22383,25860,24484,24935,-149,-207,-2,-0.584314,-0.811765,-0.007843,0,72,329250
2026-05-18T07:29:47.273+00:00,1779089387273205000,2121,R,7878,10730,9320,12047,7878,10730,9320,12047,22381,25860,24479,24930,-151,-207,-1,-0.592157,-0.811765,-0.003922,0,72,429250
2026-05-18T07:29:47.573+00:00,1779089387573370000,2122,R,7869,10729,9320,12045,7869,10729,9320,12045,22382,25858,24480,24933,-150,-207,-1,-0.588235,-0.811765,-0.003922,0,72,529250
2026-05-18T07:29:47.573+00:00,1779089387573541000,2123,R,7868,10729,9321,12046,7868,10729,9321,12046,22383,25855,24480,24932,-151,-207,-1,-0.592157,-0.811765,-0.003922,0,72,629250
2026-05-18T07:29:47.573+00:00,1779089387573616000,2124,R,7871,10730,9321,12046,7871,10730,9321,12046,22379,25857,24480,24931,-149,-207,-2,-0.584314,-0.811765,-0.007843,0,72,729250
2026-05-18T07:29:47.573+00:00,1779089387573684000,2125,R,7872,10730,9321,12048,7872,10730,9321,12048,22379,25858,24480,24933,-150,-208,-1,-0.588235,-0.815686,-0.003922,0,72,f29320
2026-05-18T07:29:47.573+00:00,1779089387573751000,2126,R,7868,10729,9322,12049,7868,10729,9322,12049,22377,25859,24475,24926,-150,-207,-1,-0.588235,-0.811765,-0.003922,0,72,029320
2026-05-18T07:29:47.573+00:00,1779089387573814000,2127,R,7868,10730,9321,12049,7868,10730,9321,12049,22379,25856,24476,24928,-148,-207,-1,-0.580392,-0.811765,-0.003922,0,72,129320
2026-05-18T07:29:47.722+00:00,1779089387722601000,2128,R,7866,10730,9322,12046,7866,10730,9322,12046,22380,25858,24480,24934,-149,-206,-1,-0.584314,-0.807843,-0.003922,0,72,229320
2026-05-18T07:29:47.722+00:00,1779089387722746000,2129,R,7867,10731,9320,12049,7867,10731,9320,12049,22376,25854,24477,24931,-148,-206,-1,-0.580392,-0.807843,-0.003922,0,72,329320
2026-05-18T07:29:47.722+00:00,1779089387722819000,2130,R,7870,10729,9324,12051,7870,10729,9324,12051,22374,25858,24484,24933,-149,-208,-2,-0.584314,-0.815686,-0.007843,0,72,a29380
2026-05-18T07:29:47.722+00:00,1779089387722884000,2131,R,7868,10732,9324,12052,7868,10732,9324,12052,22375,25854,24484,24932,-148,-208,-3,-0.580392,-0.815686,-0.011765,0,72,b29380
2026-05-18T07:29:47.722+00:00,1779089387722950000,2132,R,7871,10736,9324,12053,7871,10736,9324,12053,22374,25854,24481,24929,-149,-207,-3,-0.584314,-0.811765,-0.011765,0,72,c29380
2026-05-18T07:29:47.872+00:00,1779089387872555000,2133,R,7870,10732,9325,12051,7870,10732,9325,12051,22378,25860,24480,24936,-149,-208,-2,-0.584314,-0.815686,-0.007843,0,72,d29380
2026-05-18T07:29:47.872+00:00,1779089387872691000,2134,R,7868,10737,9325,12057,7868,10737,9325,12057,22373,25859,24483,24935,-149,-208,-2,-0.584314,-0.815686,-0.007843,0,72,e29380
2026-05-18T07:29:47.872+00:00,1779089387872765000,2135,R,7875,10741,9328,12063,7875,10741,9328,12063,22384,25864,24491,24943,-148,-208,-3,-0.580392,-0.815686,-0.011765,0,72,629450
2026-05-18T07:29:47.872+00:00,1779089387872831000,2136,R,7875,10742,9326,12063,7875,10742,9326,12063,22379,25862,24491,24943,-148,-207,-2,-0.580392,-0.811765,-0.007843,0,72,729450
2026-05-18T07:29:47.872+00:00,1779089387872895000,2137,R,7876,10741,9330,12066,7876,10741,9330,12066,22379,25859,24493,24947,-147,-207,-3,-0.576471,-0.811765,-0.011765,0,72,829450
2026-05-18T07:29:48.022+00:00,1779089388022502000,2138,R,7874,10745,9330,12066,7874,10745,9330,12066,22384,25861,24492,24947,-147,-207,-3,-0.576471,-0.811765,-0.011765,0,72,929450
2026-05-18T07:29:48.022+00:00,1779089388022614000,2139,R,7874,10746,9327,12068,7874,10746,9327,12068,22382,25866,24496,24946,-148,-208,-3,-0.580392,-0.815686,-0.011765,0,72,a29450
2026-05-18T07:29:48.022+00:00,1779089388022686000,2140,R,7878,10750,9335,12074,7878,10750,9335,12074,22385,25873,24503,24958,-149,-208,-2,-0.584314,-0.815686,-0.007843,0,72,229520
2026-05-18T07:29:48.022+00:00,1779089388022757000,2141,R,7879,10753,9335,12075,7879,10753,9335,12075,22388,25874,24503,24959,-148,-208,-2,-0.580392,-0.815686,-0.007843,0,72,329520
2026-05-18T07:29:48.022+00:00,1779089388022822000,2142,R,7880,10752,9336,12077,7880,10752,9336,12077,22390,25871,24507,24958,-148,-207,-2,-0.580392,-0.811765,-0.007843,0,72,429520
2026-05-18T07:29:48.172+00:00,1779089388172051000,2143,R,7880,10753,9337,12081,7880,10753,9337,12081,22392,25872,24506,24959,-148,-208,-3,-0.580392,-0.815686,-0.011765,0,72,529520
2026-05-18T07:29:48.172+00:00,1779089388172086000,2144,R,7881,10756,9336,12077,7881,10756,9336,12077,22390,25875,24508,24957,-149,-208,-1,-0.584314,-0.815686,-0.003922,0,72,629520
2026-05-18T07:29:48.172+00:00,1779089388172103000,2145,R,7876,10742,9332,12069,7876,10742,9332,12069,22391,25869,24491,24957,-148,-209,-3,-0.580392,-0.819608,-0.011765,0,72,e29590
2026-05-18T07:29:48.172+00:00,1779089388172117000,2146,R,7875,10737,9331,12065,7875,10737,9331,12065,22383,25866,24488,24952,-148,-209,-3,-0.580392,-0.819608,-0.011765,0,72,f29590
2026-05-18T07:29:48.172+00:00,1779089388172168000,2147,R,7874,10734,9328,12066,7874,10734,9328,12066,22379,25860,24484,24944,-146,-208,-2,-0.572549,-0.815686,-0.007843,0,72,029590
2026-05-18T07:29:48.322+00:00,1779089388322093000,2148,R,7876,10737,9327,12065,7876,10737,9327,12065,22382,25863,24481,24946,-147,-207,-2,-0.576471,-0.811765,-0.007843,0,72,129590
2026-05-18T07:29:48.322+00:00,1779089388322130000,2149,R,7873,10735,9326,12062,7873,10735,9326,12062,22381,25861,24480,24948,-149,-207,-3,-0.584314,-0.811765,-0.011765,0,72,229590
2026-05-18T07:29:48.322+00:00,1779089388322161000,2150,R,7870,10730,9323,12057,7870,10730,9323,12057,22374,25854,24475,24936,-147,-209,-3,-0.576471,-0.819608,-0.011765,0,72,a29660
2026-05-18T07:29:48.322+00:00,1779089388322175000,2151,R,7870,10727,9324,12057,7870,10727,9324,12057,22371,25854,24476,24935,-148,-209,-2,-0.580392,-0.819608,-0.007843,0,72,b29660
2026-05-18T07:29:48.322+00:00,1779089388322188000,2152,R,7867,10728,9323,12054,7867,10728,9323,12054,22372,25859,24474,24937,-148,-209,-3,-0.580392,-0.819608,-0.011765,0,72,c29660
2026-05-18T07:29:48.620+00:00,1779089388620604000,2153,R,7870,10731,9324,12057,7870,10731,9324,12057,22372,25855,24474,24934,-147,-208,-3,-0.576471,-0.815686,-0.011765,0,72,d29660
2026-05-18T07:29:48.620+00:00,1779089388620775000,2154,R,7870,10730,9326,12060,7870,10730,9326,12060,22373,25857,24474,24936,-147,-208,-3,-0.576471,-0.815686,-0.011765,0,72,e29660
2026-05-18T07:29:48.620+00:00,1779089388620863000,2155,R,7868,10727,9324,12059,7868,10727,9324,12059,22372,25854,24474,24936,-147,-207,-3,-0.576471,-0.811765,-0.011765,0,72,f29660
2026-05-18T07:29:48.620+00:00,1779089388620942000,2156,R,7872,10731,9322,12058,7872,10731,9322,12058,22368,25850,24472,24935,-148,-208,-3,-0.580392,-0.815686,-0.011765,0,72,629720
2026-05-18T07:29:48.621+00:00,1779089388621090000,2157,R,7869,10731,9324,12057,7869,10731,9324,12057,22369,25851,24469,24932,-147,-207,-2,-0.576471,-0.811765,-0.007843,0,72,729720
2026-05-18T07:29:48.626+00:00,1779089388626995000,2158,R,7869,10731,9323,12059,7869,10731,9323,12059,22369,25852,24475,24935,-147,-208,-2,-0.576471,-0.815686,-0.007843,0,72,829720
2026-05-18T07:29:48.627+00:00,1779089388627068000,2159,R,7867,10730,9320,12059,7867,10730,9320,12059,22369,25848,24473,24934,-147,-207,-3,-0.576471,-0.811765,-0.011765,0,72,929720
2026-05-18T07:29:48.627+00:00,1779089388627132000,2160,R,7870,10731,9322,12058,7870,10731,9322,12058,22370,25848,24471,24938,-147,-209,-3,-0.576471,-0.819608,-0.011765,0,72,a29720
2026-05-18T07:29:48.627+00:00,1779089388627194000,2161,R,7872,10738,9325,12063,7872,10738,9325,12063,22371,25851,24479,24943,-148,-210,-3,-0.580392,-0.823529,-0.011765,0,72,229790
2026-05-18T07:29:48.627+00:00,1779089388627257000,2162,R,7870,10735,9325,12063,7870,10735,9325,12063,22373,25852,24477,24941,-148,-209,-3,-0.580392,-0.819608,-0.011765,0,72,329790
2026-05-18T07:29:48.775+00:00,1779089388775732000,2163,R,7871,10740,9326,12067,7871,10740,9326,12067,22373,25853,24484,24943,-147,-209,-4,-0.576471,-0.819608,-0.015686,0,72,429790
2026-05-18T07:29:48.775+00:00,1779089388775886000,2164,R,7869,10740,9328,12064,7869,10740,9328,12064,22372,25857,24482,24943,-148,-209,-4,-0.580392,-0.819608,-0.015686,0,72,529790
2026-05-18T07:29:48.775+00:00,1779089388775983000,2165,R,7873,10741,9328,12067,7873,10741,9328,12067,22377,25856,24483,24947,-147,-208,-3,-0.576471,-0.815686,-0.011765,0,72,629790
2026-05-18T07:29:48.776+00:00,1779089388776052000,2166,R,7876,10745,9331,12075,7876,10745,9331,12075,22378,25859,24490,24951,-147,-209,-4,-0.576471,-0.819608,-0.015686,0,72,e29860
2026-05-18T07:29:48.776+00:00,1779089388776115000,2167,R,7875,10748,9334,12076,7875,10748,9334,12076,22379,25862,24493,24953,-146,-209,-3,-0.572549,-0.819608,-0.011765,0,72,f29860
2026-05-18T07:29:48.925+00:00,1779089388925601000,2168,R,7876,10748,9331,12079,7876,10748,9331,12079,22379,25863,24494,24955,-146,-208,-4,-0.572549,-0.815686,-0.015686,0,72,029860
2026-05-18T07:29:48.925+00:00,1779089388925748000,2169,R,7877,10750,9331,12078,7877,10750,9331,12078,22381,25862,24494,24954,-146,-209,-3,-0.572549,-0.819608,-0.011765,0,72,129860
2026-05-18T07:29:48.925+00:00,1779089388925823000,2170,R,7878,10750,9334,12080,7878,10750,9334,12080,22379,25863,24496,24956,-146,-209,-3,-0.572549,-0.819608,-0.011765,0,72,229860
2026-05-18T07:29:48.925+00:00,1779089388925892000,2171,R,7881,10760,9336,12091,7881,10760,9336,12091,22389,25868,24503,24963,-146,-209,-3,-0.572549,-0.819608,-0.011765,0,72,a29930
2026-05-18T07:29:48.925+00:00,1779089388925979000,2172,R,7882,10759,9337,12099,7882,10759,9337,12099,22387,25872,24506,24968,-147,-210,-3,-0.576471,-0.823529,-0.011765,0,72,b29930
2026-05-18T07:29:48.926+00:00,1779089388926046000,2173,R,7884,10758,9337,12090,7884,10758,9337,12090,22389,25873,24504,24970,-147,-209,-4,-0.576471,-0.819608,-0.015686,0,72,c29930
2026-05-18T07:29:49.075+00:00,1779089389075787000,2174,R,7882,10756,9336,12089,7882,10756,9336,12089,22386,25870,24505,24966,-146,-211,-4,-0.572549,-0.827451,-0.015686,0,72,d29930
2026-05-18T07:29:49.075+00:00,1779089389075865000,2175,R,7883,10753,9334,12087,7883,10753,9334,12087,22387,25871,24499,24968,-148,-210,-4,-0.580392,-0.823529,-0.015686,0,72,e29930
2026-05-18T07:29:49.076+00:00,1779089389076120000,2176,R,7871,10730,9327,12066,7871,10730,9327,12066,22373,25849,24468,24939,-146,-209,-4,-0.572549,-0.819608,-0.015686,0,72,630000
2026-05-18T07:29:49.076+00:00,1779089389076160000,2177,R,7871,10733,9325,12072,7871,10733,9325,12072,22375,25853,24470,24940,-147,-209,-4,-0.576471,-0.819608,-0.015686,0,72,730000
2026-05-18T07:29:49.076+00:00,1779089389076194000,2178,R,7872,10728,9328,12060,7872,10728,9328,12060,22369,25852,24468,24941,-146,-209,-3,-0.572549,-0.819608,-0.011765,0,72,830000
2026-05-18T07:29:49.224+00:00,1779089389224328000,2179,R,7872,10727,9324,12059,7872,10727,9324,12059,22366,25852,24468,24937,-146,-209,-4,-0.572549,-0.819608,-0.015686,0,72,930000
2026-05-18T07:29:49.224+00:00,1779089389224405000,2180,R,7869,10727,9325,12059,7869,10727,9325,12059,22367,25852,24463,24936,-146,-208,-4,-0.572549,-0.815686,-0.015686,0,72,a30000
2026-05-18T07:29:49.224+00:00,1779089389224434000,2181,R,7868,10727,9323,12057,7868,10727,9323,12057,22366,25845,24461,24930,-146,-208,-4,-0.572549,-0.815686,-0.015686,0,72,230070
2026-05-18T07:29:49.224+00:00,1779089389224459000,2182,R,7872,10721,9311,12046,7872,10721,9311,12046,22368,25846,24460,24931,-146,-209,-2,-0.572549,-0.819608,-0.007843,0,72,330070
2026-05-18T07:29:49.224+00:00,1779089389224483000,2183,R,7869,10727,9323,12058,7869,10727,9323,12058,22364,25844,24461,24928,-146,-210,-3,-0.572549,-0.823529,-0.011765,0,72,430070
2026-05-18T07:29:49.374+00:00,1779089389374815000,2184,R,7869,10727,9320,12056,7869,10727,9320,12056,22362,25844,24463,24930,-146,-210,-3,-0.572549,-0.823529,-0.011765,0,72,530070
2026-05-18T07:29:49.374+00:00,1779089389374942000,2185,R,7868,10723,9320,12056,7868,10723,9320,12056,22363,25842,24457,24925,-146,-209,-3,-0.572549,-0.819608,-0.011765,0,72,630070
2026-05-18T07:29:49.375+00:00,1779089389375017000,2186,R,7868,10727,9321,12055,7868,10727,9321,12055,22361,25843,24463,24931,-146,-211,-5,-0.572549,-0.827451,-0.019608,0,72,e30140
2026-05-18T07:29:49.375+00:00,1779089389375081000,2187,R,7873,10729,9333,12068,7873,10729,9333,12068,22365,25845,24463,24929,-145,-211,-5,-0.568627,-0.827451,-0.019608,0,72,f30140
2026-05-18T07:29:49.375+00:00,1779089389375145000,2188,R,7868,10728,9322,12059,7868,10728,9322,12059,22361,25845,24460,24928,-145,-210,-5,-0.568627,-0.823529,-0.019608,0,72,030140
2026-05-18T07:29:49.526+00:00,1779089389526278000,2189,R,7869,10730,9323,12062,7869,10730,9323,12062,22364,25846,24464,24932,-145,-210,-4,-0.568627,-0.823529,-0.015686,0,72,130140
2026-05-18T07:29:49.526+00:00,1779089389526432000,2190,R,7869,10728,9323,12059,7869,10728,9323,12059,22364,25846,24465,24930,-145,-210,-5,-0.568627,-0.823529,-0.019608,0,72,230140
2026-05-18T07:29:49.526+00:00,1779089389526509000,2191,R,7873,10736,9328,12067,7873,10736,9328,12067,22368,25847,24474,24936,-145,-209,-4,-0.568627,-0.819608,-0.015686,0,72,a30210
2026-05-18T07:29:49.526+00:00,1779089389526577000,2192,R,7857,10736,9329,12062,7857,10736,9329,12062,22364,25847,24474,24938,-145,-209,-3,-0.568627,-0.819608,-0.011765,0,72,b30210
2026-05-18T07:29:49.526+00:00,1779089389526656000,2193,R,7873,10738,9327,12069,7873,10738,9327,12069,22370,25850,24473,24935,-146,-210,-4,-0.572549,-0.823529,-0.015686,0,72,c30210
2026-05-18T07:29:49.675+00:00,1779089389675723000,2194,R,7872,10738,9329,12073,7872,10738,9329,12073,22371,25853,24475,24938,-145,-210,-4,-0.568627,-0.823529,-0.015686,0,72,d30210
2026-05-18T07:29:49.675+00:00,1779089389675879000,2195,R,7873,10739,9326,12070,7873,10739,9326,12070,22373,25852,24476,24942,-144,-210,-3,-0.564706,-0.823529,-0.011765,0,72,e30210
2026-05-18T07:29:49.675+00:00,1779089389675955000,2196,R,7879,10747,9333,12078,7879,10747,9333,12078,22375,25856,24482,24947,-145,-210,-4,-0.568627,-0.823529,-0.015686,0,72,430260
2026-05-18T07:29:49.676+00:00,1779089389676022000,2197,R,7878,10745,9332,12078,7878,10745,9332,12078,22379,25860,24486,24947,-145,-209,-4,-0.568627,-0.819608,-0.015686,0,72,530260
2026-05-18T07:29:49.676+00:00,1779089389676085000,2198,R,7880,10747,9332,12079,7880,10747,9332,12079,22377,25861,24483,24950,-146,-210,-4,-0.572549,-0.823529,-0.015686,0,72,630260
2026-05-18T07:29:49.826+00:00,1779089389826151000,2199,R,7887,10753,9334,12083,7887,10753,9334,12083,22381,25861,24487,24950,-146,-210,-4,-0.572549,-0.823529,-0.015686,0,72,730260
2026-05-18T07:29:49.826+00:00,1779089389826293000,2200,R,7879,10750,9333,12085,7879,10750,9333,12085,22379,25860,24489,24950,-146,-210,-4,-0.572549,-0.823529,-0.015686,0,72,830260
2026-05-18T07:29:49.826+00:00,1779089389826368000,2201,R,7884,10757,9339,12091,7884,10757,9339,12091,22388,25868,24498,24960,-145,-208,-4,-0.568627,-0.815686,-0.015686,0,72,030330
2026-05-18T07:29:49.826+00:00,1779089389826435000,2202,R,7884,10758,9339,12090,7884,10758,9339,12090,22389,25873,24502,24961,-145,-210,-3,-0.568627,-0.823529,-0.011765,0,72,130330
2026-05-18T07:29:49.826+00:00,1779089389826502000,2203,R,7888,10757,9342,12094,7888,10757,9342,12094,22388,25870,24498,24963,-145,-209,-4,-0.568627,-0.819608,-0.015686,0,72,230330
2026-05-18T07:29:50.120+00:00,1779089390120574000,2204,R,7885,10746,9348,12093,7885,10746,9348,12093,22390,25870,24494,24965,-145,-209,-5,-0.568627,-0.819608,-0.019608,0,72,330330
2026-05-18T07:29:50.120+00:00,1779089390120728000,2205,R,7884,10748,9339,12086,7884,10748,9339,12086,22387,25870,24486,24960,-146,-210,-4,-0.572549,-0.823529,-0.015686,0,72,430330
2026-05-18T07:29:50.120+00:00,1779089390120805000,2206,R,7882,10744,9333,12080,7882,10744,9333,12080,22385,25862,24486,24952,-146,-211,-5,-0.572549,-0.827451,-0.019608,0,72,530330
2026-05-18T07:29:50.120+00:00,1779089390120873000,2207,R,7874,10727,9327,12059,7874,10727,9327,12059,22371,25852,24460,24932,-145,-211,-4,-0.568627,-0.827451,-0.015686,0,72,d30400
2026-05-18T07:29:50.120+00:00,1779089390120954000,2208,R,7875,10728,9328,12061,7875,10728,9328,12061,22373,25850,24464,24932,-145,-211,-5,-0.568627,-0.827451,-0.019608,0,72,e30400
2026-05-18T07:29:50.125+00:00,1779089390126010000,2209,R,7874,10725,9329,12057,7874,10725,9329,12057,22375,25848,24462,24934,-145,-211,-5,-0.568627,-0.827451,-0.019608,0,72,f30400
2026-05-18T07:29:50.126+00:00,1779089390126108000,2210,R,7873,10727,9326,12061,7873,10727,9326,12061,22372,25847,24458,24927,-146,-211,-5,-0.572549,-0.827451,-0.019608,0,72,030400
2026-05-18T07:29:50.126+00:00,1779089390126187000,2211,R,7873,10724,9328,12059,7873,10724,9328,12059,22368,25849,24458,24928,-145,-211,-5,-0.568627,-0.827451,-0.019608,0,72,130400
2026-05-18T07:29:50.126+00:00,1779089390126259000,2212,R,7872,10728,9326,12058,7872,10728,9326,12058,22368,25845,24458,24927,-144,-211,-4,-0.564706,-0.827451,-0.015686,0,72,a30480
2026-05-18T07:29:50.126+00:00,1779089390126321000,2213,R,7878,10729,9322,12057,7878,10729,9322,12057,22368,25848,24452,24916,-145,-210,-4,-0.568627,-0.823529,-0.015686,0,72,b30480
2026-05-18T07:29:50.275+00:00,1779089390275408000,2214,R,7874,10727,9328,12058,7874,10727,9328,12058,22366,25844,24454,24924,-144,-211,-4,-0.564706,-0.827451,-0.015686,0,72,c30480
2026-05-18T07:29:50.275+00:00,1779089390275542000,2215,R,7872,10725,9328,12058,7872,10725,9328,12058,22371,25847,24461,24928,-144,-209,-4,-0.564706,-0.819608,-0.015686,0,72,d30480
2026-05-18T07:29:50.275+00:00,1779089390275615000,2216,R,7871,10726,9326,12056,7871,10726,9326,12056,22366,25844,24457,24925,-145,-210,-3,-0.568627,-0.823529,-0.011765,0,72,e30480
2026-05-18T07:29:50.275+00:00,1779089390275682000,2217,R,7872,10727,9325,12060,7872,10727,9325,12060,22368,25847,24459,24922,-144,-210,-5,-0.564706,-0.823529,-0.019608,0,72,630550
2026-05-18T07:29:50.275+00:00,1779089390275746000,2218,R,7875,10730,9327,12059,7875,10730,9327,12059,22368,25849,24463,24926,-145,-211,-5,-0.568627,-0.827451,-0.019608,0,72,730550
2026-05-18T07:29:50.425+00:00,1779089390425144000,2219,R,7874,10731,9328,12061,7874,10731,9328,12061,22369,25846,24462,24924,-145,-211,-5,-0.568627,-0.827451,-0.019608,0,72,830550
2026-05-18T07:29:50.425+00:00,1779089390425251000,2220,R,7877,10733,9327,12063,7877,10733,9327,12063,22369,25846,24460,24926,-145,-211,-4,-0.568627,-0.827451,-0.015686,0,72,930550
2026-05-18T07:29:50.425+00:00,1779089390425324000,2221,R,7877,10732,9329,12062,7877,10732,9329,12062,22372,25850,24465,24931,-144,-211,-5,-0.564706,-0.827451,-0.019608,0,72,a30550
2026-05-18T07:29:50.425+00:00,1779089390425531000,2222,R,7879,10739,9331,12069,7879,10739,9331,12069,22374,25851,24472,24935,-145,-210,-4,-0.568627,-0.823529,-0.015686,0,72,230620
2026-05-18T07:29:50.425+00:00,1779089390425598000,2223,R,7881,10742,9333,12070,7881,10742,9333,12070,22372,25851,24471,24930,-144,-211,-4,-0.564706,-0.827451,-0.015686,0,72,330620
2026-05-18T07:29:50.425+00:00,1779089390425663000,2224,R,7879,10744,9333,12072,7879,10744,9333,12072,22373,25854,24472,24935,-144,-211,-5,-0.564706,-0.827451,-0.019608,0,72,430620
2026-05-18T07:29:50.574+00:00,1779089390575018000,2225,R,7881,10744,9333,12074,7881,10744,9333,12074,22377,25857,24479,24938,-143,-210,-4,-0.560784,-0.823529,-0.015686,0,72,530620
2026-05-18T07:29:50.575+00:00,1779089390575080000,2226,R,7878,10745,9334,12076,7878,10745,9334,12076,22375,25854,24478,24940,-144,-211,-4,-0.564706,-0.827451,-0.015686,0,72,630620
2026-05-18T07:29:50.575+00:00,1779089390575115000,2227,R,7882,10751,9338,12083,7882,10751,9338,12083,22379,25857,24483,24945,-144,-211,-4,-0.564706,-0.827451,-0.015686,0,72,c30670
2026-05-18T07:29:50.575+00:00,1779089390575144000,2228,R,7883,10754,9336,12083,7883,10754,9336,12083,22382,25860,24484,24947,-145,-211,-5,-0.568627,-0.827451,-0.019608,0,72,d30670
2026-05-18T07:29:50.575+00:00,1779089390575171000,2229,R,7884,10754,9337,12083,7884,10754,9337,12083,22384,25862,24486,24947,-144,-210,-5,-0.564706,-0.823529,-0.019608,0,72,e30670
2026-05-18T07:29:50.870+00:00,1779089390870591000,2230,R,7885,10754,9339,12084,7885,10754,9339,12084,22386,25862,24489,24952,-144,-211,-5,-0.564706,-0.827451,-0.019608,0,72,f30670
2026-05-18T07:29:50.870+00:00,1779089390870705000,2231,R,7884,10753,9338,12087,7884,10753,9338,12087,22380,25863,24492,24952,-144,-211,-5,-0.564706,-0.827451,-0.019608,0,72,030670
2026-05-18T07:29:50.870+00:00,1779089390870737000,2232,R,7886,10754,9342,12088,7886,10754,9342,12088,22388,25869,24489,24954,-145,-211,-5,-0.568627,-0.827451,-0.019608,0,72,930750
2026-05-18T07:29:50.870+00:00,1779089390870764000,2233,R,7888,10749,9340,12084,7888,10749,9340,12084,22389,25867,24482,24953,-144,-211,-4,-0.564706,-0.827451,-0.015686,0,72,a30750
2026-05-18T07:29:50.870+00:00,1779089390870789000,2234,R,7886,10742,9338,12078,7886,10742,9338,12078,22388,25863,24477,24946,-143,-211,-4,-0.560784,-0.827451,-0.015686,0,72,b30750
2026-05-18T07:29:50.877+00:00,1779089390877572000,2235,R,7883,10738,9338,12073,7883,10738,9338,12073,22382,25858,24472,24944,-143,-211,-5,-0.560784,-0.827451,-0.019608,0,72,c30750
2026-05-18T07:29:50.877+00:00,1779089390877694000,2236,R,7884,10738,9335,12071,7884,10738,9335,12071,22383,25858,24469,24940,-143,-211,-5,-0.560784,-0.827451,-0.019608,0,72,d30750
2026-05-18T07:29:50.877+00:00,1779089390877762000,2237,R,7876,10731,9332,12062,7876,10731,9332,12062,22377,25854,24460,24928,-145,-212,-4,-0.568627,-0.831373,-0.015686,0,72,530820
2026-05-18T07:29:50.877+00:00,1779089390877829000,2238,R,7878,10732,9330,12059,7878,10732,9330,12059,22371,25854,24460,24924,-145,-211,-5,-0.568627,-0.827451,-0.019608,0,72,630820
2026-05-18T07:29:50.877+00:00,1779089390877901000,2239,R,7876,10733,9332,12060,7876,10733,9332,12060,22373,25849,24457,24923,-145,-211,-4,-0.568627,-0.827451,-0.015686,0,72,730820
2026-05-18T07:29:51.026+00:00,1779089391026272000,2240,R,7878,10730,9332,12059,7878,10730,9332,12059,22372,25854,24458,24926,-145,-211,-4,-0.568627,-0.827451,-0.015686,0,72,830820
2026-05-18T07:29:51.026+00:00,1779089391026428000,2241,R,7879,10732,9329,12062,7879,10732,9329,12062,22369,25850,24459,24922,-145,-211,-3,-0.568627,-0.827451,-0.011765,0,72,930820
2026-05-18T07:29:51.026+00:00,1779089391026480000,2242,R,7877,10734,9329,12062,7877,10734,9329,12062,22368,25850,24463,24924,-143,-210,-4,-0.560784,-0.823529,-0.015686,0,72,130890
2026-05-18T07:29:51.026+00:00,1779089391026514000,2243,R,7878,10733,9332,12062,7878,10733,9332,12062,22369,25849,24457,24923,-143,-211,-3,-0.560784,-0.827451,-0.011765,0,72,230890
2026-05-18T07:29:51.026+00:00,1779089391026545000,2244,R,7876,10733,9332,12062,7876,10733,9332,12062,22370,25853,24461,24922,-143,-210,-3,-0.560784,-0.823529,-0.011765,0,72,330890
2026-05-18T07:29:51.175+00:00,1779089391175716000,2245,R,7876,10734,9329,12061,7876,10734,9329,12061,22373,25849,24465,24921,-144,-211,-4,-0.564706,-0.827451,-0.015686,0,72,430890
2026-05-18T07:29:51.175+00:00,1779089391175841000,2246,R,7878,10732,9330,12059,7878,10732,9330,12059,22369,25850,24460,24920,-143,-211,-4,-0.560784,-0.827451,-0.015686,0,72,530890
2026-05-18T07:29:51.175+00:00,1779089391175914000,2247,R,7881,10741,9335,12068,7881,10741,9335,12068,22371,25850,24468,24928,-142,-212,-5,-0.556863,-0.831373,-0.019608,0,72,d30960
2026-05-18T07:29:51.175+00:00,1779089391175980000,2248,R,7879,10741,9331,12065,7879,10741,9331,12065,22372,25853,24469,24929,-142,-212,-5,-0.556863,-0.831373,-0.019608,0,72,e30960
2026-05-18T07:29:51.176+00:00,1779089391176044000,2249,R,7878,10740,9333,12068,7878,10740,9333,12068,22373,25855,24466,24930,-143,-211,-5,-0.560784,-0.827451,-0.019608,0,72,f30960
2026-05-18T07:29:51.325+00:00,1779089391325164000,2250,R,7880,10744,9335,12071,7880,10744,9335,12071,22374,25854,24472,24931,-143,-211,-4,-0.560784,-0.827451,-0.015686,0,72,030960
2026-05-18T07:29:51.325+00:00,1779089391325444000,2251,R,7879,10743,9337,12070,7879,10743,9337,12070,22371,25854,24472,24932,-143,-211,-5,-0.560784,-0.827451,-0.019608,0,72,130960
2026-05-18T07:29:51.325+00:00,1779089391325533000,2252,R,7883,10751,9337,12076,7883,10751,9337,12076,22378,25860,24483,24938,-143,-211,-4,-0.560784,-0.827451,-0.015686,0,72,931030
2026-05-18T07:29:51.325+00:00,1779089391325602000,2253,R,7883,10752,9338,12078,7883,10752,9338,12078,22379,25860,24481,24935,-142,-211,-4,-0.556863,-0.827451,-0.015686,0,72,a31030
2026-05-18T07:29:51.325+00:00,1779089391325734000,2254,R,7888,10754,9342,12082,7888,10754,9342,12082,22376,25864,24487,24941,-142,-211,-5,-0.556863,-0.827451,-0.019608,0,72,b31030
2026-05-18T07:29:51.476+00:00,1779089391476932000,2255,R,7887,10754,9340,12082,7887,10754,9340,12082,22381,25862,24487,24941,-143,-211,-4,-0.560784,-0.827451,-0.015686,0,72,c31030
2026-05-18T07:29:51.477+00:00,1779089391477079000,2256,R,7888,10756,9342,12084,7888,10756,9342,12084,22383,25866,24488,24943,-143,-212,-5,-0.560784,-0.831373,-0.019608,0,72,d31030
2026-05-18T07:29:51.477+00:00,1779089391477123000,2257,R,7886,10757,9342,12084,7886,10757,9342,12084,22380,25866,24487,24942,-143,-211,-4,-0.560784,-0.827451,-0.015686,0,72,e31030
2026-05-18T07:29:51.477+00:00,1779089391477160000,2258,R,7892,10764,9346,12092,7892,10764,9346,12092,22387,25870,24494,24952,-144,-211,-4,-0.564706,-0.827451,-0.015686,0,72,531090
2026-05-18T07:29:51.477+00:00,1779089391477195000,2259,R,7892,10766,9347,12094,7892,10766,9347,12094,22387,25868,24499,24949,-144,-211,-4,-0.564706,-0.827451,-0.015686,0,72,631090
2026-05-18T07:29:51.625+00:00,1779089391625314000,2260,R,7892,10764,9349,12089,7892,10764,9349,12089,22390,25870,24497,24953,-144,-211,-5,-0.564706,-0.827451,-0.019608,0,72,731090
2026-05-18T07:29:51.625+00:00,1779089391625473000,2261,R,7891,10759,9344,12090,7891,10759,9344,12090,22388,25869,24492,24952,-143,-211,-5,-0.560784,-0.827451,-0.019608,0,72,831090
2026-05-18T07:29:51.625+00:00,1779089391625551000,2262,R,7892,10756,9346,12086,7892,10756,9346,12086,22385,25867,24487,24946,-145,-211,-5,-0.568627,-0.827451,-0.019608,0,72,931090
2026-05-18T07:29:51.625+00:00,1779089391625635000,2263,R,7880,10734,9336,12062,7880,10734,9336,12062,22371,25852,24463,24924,-143,-210,-5,-0.560784,-0.823529,-0.019608,0,72,131160
2026-05-18T07:29:51.625+00:00,1779089391625700000,2264,R,7878,10741,9335,12059,7878,10741,9335,12059,22372,25853,24463,24923,-143,-212,-4,-0.560784,-0.831373,-0.015686,0,72,231160
2026-05-18T07:29:51.775+00:00,1779089391775094000,2265,R,7878,10735,9335,12060,7878,10735,9335,12060,22368,25849,24461,24918,-144,-211,-5,-0.564706,-0.827451,-0.019608,0,72,331160
2026-05-18T07:29:51.775+00:00,1779089391775249000,2266,R,7881,10734,9333,12060,7881,10734,9333,12060,22371,25853,24462,24917,-144,-211,-5,-0.564706,-0.827451,-0.019608,0,72,431160
2026-05-18T07:29:51.775+00:00,1779089391775326000,2267,R,7879,10732,9332,12059,7879,10732,9332,12059,22368,25847,24457,24918,-143,-212,-5,-0.560784,-0.831373,-0.019608,0,72,531160
2026-05-18T07:29:51.775+00:00,1779089391775394000,2268,R,7876,10734,9332,12057,7876,10734,9332,12057,22366,25850,24460,24913,-143,-211,-5,-0.560784,-0.827451,-0.019608,0,72,b31210
2026-05-18T07:29:51.775+00:00,1779089391775458000,2269,R,7878,10733,9329,12057,7878,10733,9329,12057,22362,25846,24457,24913,-142,-211,-5,-0.556863,-0.827451,-0.019608,0,72,c31210
2026-05-18T07:29:51.924+00:00,1779089391924931000,2270,R,7878,10733,9330,12055,7878,10733,9330,12055,22368,25847,24461,24913,-143,-212,-4,-0.560784,-0.831373,-0.015686,0,72,d31210
2026-05-18T07:29:51.925+00:00,1779089391925081000,2271,R,7878,10741,9333,12065,7878,10741,9333,12065,22370,25851,24460,24915,-144,-212,-4,-0.564706,-0.831373,-0.015686,0,72,e31210
2026-05-18T07:29:51.925+00:00,1779089391925155000,2272,R,7879,10735,9332,12053,7879,10735,9332,12053,22368,25844,24461,24910,-143,-212,-4,-0.560784,-0.831373,-0.015686,0,72,f31210
2026-05-18T07:29:51.925+00:00,1779089391925222000,2273,R,7877,10738,9332,12057,7877,10738,9332,12057,22364,25842,24461,24913,-143,-212,-6,-0.560784,-0.831373,-0.023529,0,72,931300
2026-05-18T07:29:51.925+00:00,1779089391925288000,2274,R,7878,10728,9328,12044,7878,10728,9328,12044,22366,25845,24465,24915,-144,-212,-5,-0.564706,-0.831373,-0.019608,0,72,a31300
2026-05-18T07:29:51.925+00:00,1779089391925351000,2275,R,7878,10737,9331,12057,7878,10737,9331,12057,22363,25842,24464,24911,-143,-212,-6,-0.560784,-0.831373,-0.023529,0,72,b31300
2026-05-18T07:29:52.075+00:00,1779089392075141000,2276,R,7876,10739,9332,12058,7876,10739,9332,12058,22365,25846,24464,24913,-143,-212,-6,-0.560784,-0.831373,-0.023529,0,72,c31300
2026-05-18T07:29:52.075+00:00,1779089392075353000,2277,R,7879,10741,9335,12060,7879,10741,9335,12060,22367,25847,24464,24912,-143,-212,-6,-0.560784,-0.831373,-0.023529,0,72,d31300
2026-05-18T07:29:52.075+00:00,1779089392075430000,2278,R,7883,10749,9337,12064,7883,10749,9337,12064,22371,25854,24476,24921,-143,-211,-6,-0.560784,-0.827451,-0.023529,0,72,531370
2026-05-18T07:29:52.075+00:00,1779089392075499000,2279,R,7877,10747,9327,12070,7877,10747,9327,12070,22370,25851,24474,24920,-142,-211,-5,-0.556863,-0.827451,-0.019608,0,72,631370
2026-05-18T07:29:52.075+00:00,1779089392075563000,2280,R,7881,10752,9335,12069,7881,10752,9335,12069,22371,25852,24473,24922,-143,-212,-5,-0.560784,-0.831373,-0.019608,0,72,731370
2026-05-18T07:29:52.374+00:00,1779089392374915000,2281,R,7882,10752,9334,12070,7882,10752,9334,12070,22373,25851,24480,24920,-142,-212,-5,-0.556863,-0.831373,-0.019608,0,72,831370
2026-05-18T07:29:52.374+00:00,1779089392374951000,2282,R,7885,10751,9340,12070,7885,10751,9340,12070,22372,25851,24476,24923,-142,-212,-5,-0.556863,-0.831373,-0.019608,0,72,931370
2026-05-18T07:29:52.374+00:00,1779089392374967000,2283,R,7887,10759,9340,12079,7887,10759,9340,12079,22377,25859,24486,24931,-143,-211,-5,-0.560784,-0.827451,-0.019608,0,72,131440
2026-05-18T07:29:52.374+00:00,1779089392374982000,2284,R,7898,10758,9357,12080,7898,10758,9357,12080,22378,25859,24490,24932,-142,-212,-6,-0.556863,-0.831373,-0.023529,0,72,231440
2026-05-18T07:29:52.374+00:00,1779089392374995000,2285,R,7889,10762,9343,12082,7889,10762,9343,12082,22378,25863,24489,24935,-142,-211,-6,-0.556863,-0.827451,-0.023529,0,72,331440
2026-05-18T07:29:52.524+00:00,1779089392524990000,2286,R,7890,10763,9345,12083,7890,10763,9345,12083,22379,25860,24492,24940,-141,-212,-5,-0.552941,-0.831373,-0.019608,0,72,431440
2026-05-18T07:29:52.525+00:00,1779089392525041000,2287,R,7888,10764,9343,12086,7888,10764,9343,12086,22380,25864,24494,24938,-143,-211,-5,-0.560784,-0.827451,-0.019608,0,72,531440
2026-05-18T07:29:52.525+00:00,1779089392525059000,2288,R,7887,10750,9340,12070,7887,10750,9340,12070,22376,25858,24475,24929,-143,-212,-5,-0.560784,-0.831373,-0.019608,0,72,c31500
2026-05-18T07:29:52.525+00:00,1779089392525074000,2289,R,7883,10742,9337,12065,7883,10742,9337,12065,22375,25858,24468,24920,-142,-213,-6,-0.556863,-0.835294,-0.023529,0,72,d31500
2026-05-18T07:29:52.525+00:00,1779089392525089000,2290,R,7879,10741,9328,12056,7879,10741,9328,12056,22376,25851,24467,24922,-142,-212,-6,-0.556863,-0.831373,-0.023529,0,72,e31500
2026-05-18T07:29:52.675+00:00,1779089392675692000,2291,R,7882,10740,9335,12062,7882,10740,9335,12062,22375,25850,24467,24914,-141,-210,-6,-0.552941,-0.823529,-0.023529,0,72,f31500
2026-05-18T07:29:52.675+00:00,1779089392675736000,2292,R,7882,10739,9335,12058,7882,10739,9335,12058,22371,25851,24464,24914,-142,-210,-5,-0.556863,-0.823529,-0.019608,0,72,031500
2026-05-18T07:29:52.675+00:00,1779089392675759000,2293,R,7875,10734,9331,12053,7875,10734,9331,12053,22361,25843,24458,24905,-142,-212,-5,-0.556863,-0.831373,-0.019608,0,72,731560
2026-05-18T07:29:52.675+00:00,1779089392675789000,2294,R,7877,10732,9331,12049,7877,10732,9331,12049,22358,25844,24453,24902,-143,-213,-5,-0.560784,-0.835294,-0.019608,0,72,831560
2026-05-18T07:29:52.675+00:00,1779089392675808000,2295,R,7875,10732,9329,12047,7875,10732,9329,12047,22361,25841,24455,24902,-142,-213,-4,-0.556863,-0.835294,-0.015686,0,72,931560
2026-05-18T07:29:52.825+00:00,1779089392826037000,2296,R,7875,10740,9335,12062,7875,10740,9335,12062,22359,25842,24459,24905,-142,-213,-4,-0.556863,-0.835294,-0.015686,0,72,a31560
2026-05-18T07:29:52.827+00:00,1779089392827021000,2297,R,7876,10734,9331,12047,7876,10734,9331,12047,22361,25838,24458,24898,-144,-212,-5,-0.564706,-0.831373,-0.019608,0,72,b31560
2026-05-18T07:29:52.827+00:00,1779089392827075000,2298,R,7877,10734,9331,12048,7877,10734,9331,12048,22355,25836,24456,24897,-142,-212,-5,-0.556863,-0.831373,-0.019608,0,72,531650
2026-05-18T07:29:52.827+00:00,1779089392827112000,2299,R,7875,10736,9322,12049,7875,10736,9322,12049,22356,25836,24456,24891,-141,-212,-6,-0.552941,-0.831373,-0.023529,0,72,631650
2026-05-18T07:29:52.827+00:00,1779089392827148000,2300,R,7876,10732,9329,12050,7876,10732,9329,12050,22359,25836,24459,24898,-142,-213,-6,-0.556863,-0.835294,-0.023529,0,72,731650
2026-05-18T07:29:52.975+00:00,1779089392975603000,2301,R,7876,10738,9329,12048,7876,10738,9329,12048,22357,25838,24456,24896,-142,-212,-6,-0.556863,-0.831373,-0.023529,0,72,831650
2026-05-18T07:29:52.975+00:00,1779089392975737000,2302,R,7874,10736,9331,12050,7874,10736,9331,12050,22356,25838,24459,24898,-142,-213,-6,-0.556863,-0.835294,-0.023529,0,72,931650
2026-05-18T07:29:52.975+00:00,1779089392975808000,2303,R,7879,10742,9334,12053,7879,10742,9334,12053,22362,25842,24464,24902,-141,-211,-5,-0.552941,-0.827451,-0.019608,0,72,131720
2026-05-18T07:29:52.975+00:00,1779089392975875000,2304,R,7885,10743,9330,12057,7885,10743,9330,12057,22357,25839,24462,24902,-143,-212,-5,-0.560784,-0.831373,-0.019608,0,72,231720
2026-05-18T07:29:52.975+00:00,1779089392975939000,2305,R,7879,10743,9333,12057,7879,10743,9333,12057,22362,25841,24464,24899,-143,-212,-5,-0.560784,-0.831373,-0.019608,0,72,331720
2026-05-18T07:29:53.126+00:00,1779089393126337000,2306,R,7878,10746,9334,12059,7878,10746,9334,12059,22362,25843,24465,24907,-142,-212,-5,-0.556863,-0.831373,-0.019608,0,72,431720
2026-05-18T07:29:53.126+00:00,1779089393126486000,2307,R,7881,10746,9336,12057,7881,10746,9336,12057,22363,25843,24471,24906,-142,-212,-6,-0.556863,-0.831373,-0.023529,0,72,531720
2026-05-18T07:29:53.126+00:00,1779089393126561000,2308,R,7881,10747,9336,12061,7881,10747,9336,12061,22362,25844,24470,24911,-142,-212,-5,-0.556863,-0.831373,-0.019608,0,72,631720
2026-05-18T07:29:53.126+00:00,1779089393126629000,2309,R,7882,10751,9337,12067,7882,10751,9337,12067,22369,25849,24478,24916,-142,-211,-4,-0.556863,-0.827451,-0.015686,0,72,d31780
2026-05-18T07:29:53.126+00:00,1779089393126694000,2310,R,7884,10754,9338,12067,7884,10754,9338,12067,22371,25858,24475,24915,-142,-211,-6,-0.556863,-0.827451,-0.023529,0,72,e31780
2026-05-18T07:29:53.275+00:00,1779089393275304000,2311,R,7883,10755,9339,12068,7883,10755,9339,12068,22366,25849,24478,24919,-142,-212,-4,-0.556863,-0.831373,-0.015686,0,72,f31780
2026-05-18T07:29:53.275+00:00,1779089393275448000,2312,R,7887,10757,9340,12068,7887,10757,9340,12068,22371,25854,24481,24919,-142,-211,-5,-0.556863,-0.827451,-0.019608,0,72,031780
2026-05-18T07:29:53.275+00:00,1779089393275525000,2313,R,7887,10759,9342,12072,7887,10759,9342,12072,22368,25853,24480,24918,-142,-212,-5,-0.556863,-0.831373,-0.019608,0,72,131780
2026-05-18T07:29:53.275+00:00,1779089393275594000,2314,R,7892,10766,9344,12081,7892,10766,9344,12081,22376,25859,24492,24930,-142,-211,-6,-0.556863,-0.827451,-0.023529,0,72,931850
2026-05-18T07:29:53.275+00:00,1779089393275661000,2315,R,7891,10767,9344,12082,7891,10767,9344,12082,22376,25860,24489,24927,-143,-212,-5,-0.560784,-0.831373,-0.019608,0,72,a31850
2026-05-18T07:29:53.424+00:00,1779089393424662000,2316,R,7888,10766,9346,12084,7888,10766,9346,12084,22379,25860,24489,24930,-142,-212,-6,-0.556863,-0.831373,-0.023529,0,72,b31850
2026-05-18T07:29:53.424+00:00,1779089393424737000,2317,R,7888,10762,9343,12083,7888,10762,9343,12083,22377,25858,24488,24933,-142,-211,-6,-0.556863,-0.827451,-0.023529,0,71,c31850
2026-05-18T07:29:53.424+00:00,1779089393424771000,2318,R,7890,10758,9342,12074,7890,10758,9342,12074,22372,25853,24479,24928,-143,-212,-6,-0.560784,-0.831373,-0.023529,0,71,d31850
2026-05-18T07:29:53.424+00:00,1779089393424802000,2319,R,7880,10741,9334,12055,7880,10741,9334,12055,22361,25844,24456,24903,-141,-212,-6,-0.552941,-0.831373,-0.023529,0,71,431910
2026-05-18T07:29:53.424+00:00,1779089393424832000,2320,R,7879,10738,9333,12051,7879,10738,9333,12051,22359,25839,24454,24901,-142,-213,-7,-0.556863,-0.835294,-0.027451,0,71,531910
2026-05-18T07:29:53.574+00:00,1779089393574960000,2321,R,7877,10741,9333,12054,7877,10741,9333,12054,22367,25843,24456,24905,-142,-214,-6,-0.556863,-0.839216,-0.023529,0,71,631910
2026-05-18T07:29:53.575+00:00,1779089393575108000,2322,R,7880,10738,9332,12050,7880,10738,9332,12050,22359,25839,24455,24901,-142,-213,-6,-0.556863,-0.835294,-0.023529,0,71,731910
2026-05-18T07:29:53.575+00:00,1779089393575184000,2323,R,7877,10738,9332,12052,7877,10738,9332,12052,22360,25845,24454,24899,-142,-213,-6,-0.556863,-0.835294,-0.023529,0,71,831910
2026-05-18T07:29:53.575+00:00,1779089393575251000,2324,R,7876,10736,9332,12049,7876,10736,9332,12049,22357,25836,24455,24891,-141,-211,-6,-0.552941,-0.827451,-0.023529,0,71,f31970
2026-05-18T07:29:53.575+00:00,1779089393575316000,2325,R,7877,10739,9330,12048,7877,10739,9330,12048,22355,25840,24455,24895,-142,-212,-5,-0.556863,-0.831373,-0.019608,0,71,031970
2026-05-18T07:29:53.575+00:00,1779089393575858000,2326,R,7876,10739,9331,12049,7876,10739,9331,12049,22356,25832,24451,24893,-142,-212,-5,-0.556863,-0.831373,-0.019608,0,71,131970
2026-05-18T07:29:53.725+00:00,1779089393725207000,2327,R,7874,10737,9330,12046,7874,10737,9330,12046,22358,25839,24455,24896,-141,-212,-6,-0.552941,-0.831373,-0.023529,0,71,231970
2026-05-18T07:29:53.725+00:00,1779089393725363000,2328,R,7877,10738,9330,12047,7877,10738,9330,12047,22355,25836,24455,24893,-142,-212,-6,-0.556863,-0.831373,-0.023529,0,71,331970
2026-05-18T07:29:53.725+00:00,1779089393725443000,2329,R,7877,10739,9330,12050,7877,10739,9330,12050,22353,25837,24450,24892,-142,-212,-7,-0.556863,-0.831373,-0.027451,0,71,d32060
2026-05-18T07:29:53.725+00:00,1779089393725514000,2330,R,7878,10741,9331,12051,7878,10741,9331,12051,22355,25834,24463,24891,-142,-214,-7,-0.556863,-0.839216,-0.027451,0,71,e32060
2026-05-18T07:29:53.725+00:00,1779089393725579000,2331,R,7876,10739,9329,12050,7876,10739,9329,12050,22354,25836,24453,24895,-142,-213,-7,-0.556863,-0.835294,-0.027451,0,71,f32060
2026-05-18T07:29:53.876+00:00,1779089393876250000,2332,R,7876,10741,9331,12053,7876,10741,9331,12053,22356,25832,24457,24897,-141,-213,-7,-0.552941,-0.835294,-0.027451,0,71,032060
2026-05-18T07:29:53.876+00:00,1779089393876395000,2333,R,7877,10741,9331,12050,7877,10741,9331,12050,22356,25836,24455,24896,-142,-212,-7,-0.556863,-0.831373,-0.027451,0,71,132060
2026-05-18T07:29:53.876+00:00,1779089393876468000,2334,R,7881,10745,9332,12054,7881,10745,9332,12054,22360,25840,24463,24901,-142,-212,-7,-0.556863,-0.831373,-0.027451,0,71,832120
2026-05-18T07:29:53.876+00:00,1779089393876536000,2335,R,7879,10746,9334,12059,7879,10746,9334,12059,22358,25839,24464,24903,-140,-213,-7,-0.54902,-0.835294,-0.027451,0,71,932120
2026-05-18T07:29:53.876+00:00,1779089393876603000,2336,R,7880,10750,9336,12060,7880,10750,9336,12060,22359,25847,24462,24903,-140,-212,-7,-0.54902,-0.831373,-0.027451,0,71,a32120
2026-05-18T07:29:54.026+00:00,1779089394026200000,2337,R,7882,10750,9336,12060,7882,10750,9336,12060,22359,25843,24464,24903,-142,-211,-6,-0.556863,-0.827451,-0.023529,0,71,b32120
2026-05-18T07:29:54.026+00:00,1779089394026322000,2338,R,7881,10749,9335,12060,7881,10749,9335,12060,22359,25846,24470,24906,-141,-213,-7,-0.552941,-0.835294,-0.027451,0,71,c32120
2026-05-18T07:29:54.026+00:00,1779089394026463000,2339,R,7886,10759,9339,12072,7886,10759,9339,12072,22366,25848,24479,24911,-143,-213,-7,-0.560784,-0.835294,-0.027451,0,71,432190
2026-05-18T07:29:54.026+00:00,1779089394026563000,2340,R,7886,10759,9342,12071,7886,10759,9342,12071,22364,25854,24474,24916,-141,-211,-7,-0.552941,-0.827451,-0.027451,0,71,532190
2026-05-18T07:29:54.026+00:00,1779089394026635000,2341,R,7887,10759,9343,12072,7887,10759,9343,12072,22368,25851,24476,24911,-143,-212,-6,-0.560784,-0.831373,-0.023529,0,71,632190
2026-05-18T07:29:54.174+00:00,1779089394174640000,2342,R,7887,10762,9343,12071,7887,10762,9343,12071,22370,25856,24481,24921,-142,-211,-6,-0.556863,-0.827451,-0.023529,0,71,732190
2026-05-18T07:29:54.174+00:00,1779089394174743000,2343,R,7889,10763,9345,12075,7889,10763,9345,12075,22371,25855,24483,24917,-141,-211,-5,-0.552941,-0.827451,-0.019608,0,71,832190
2026-05-18T07:29:54.174+00:00,1779089394174815000,2344,R,7881,10740,9337,12055,7881,10740,9337,12055,22362,25845,24453,24901,-141,-212,-7,-0.552941,-0.831373,-0.027451,0,71,032260
2026-05-18T07:29:54.174+00:00,1779089394174881000,2345,R,7879,10739,9334,12051,7879,10739,9334,12051,22361,25842,24453,24898,-140,-211,-7,-0.54902,-0.827451,-0.027451,0,71,132260
2026-05-18T07:29:54.174+00:00,1779089394174946000,2346,R,7880,10737,9334,12049,7880,10737,9334,12049,22358,25842,24448,24895,-139,-211,-7,-0.545098,-0.827451,-0.027451,0,71,232260
2026-05-18T07:29:54.474+00:00,1779089394474177000,2347,R,7878,10736,9334,12048,7878,10736,9334,12048,22356,25837,24447,24892,-141,-212,-6,-0.552941,-0.831373,-0.023529,0,71,332260
2026-05-18T07:29:54.474+00:00,1779089394474339000,2348,R,7878,10737,9332,12048,7878,10737,9332,12048,22355,25837,24445,24891,-141,-213,-7,-0.552941,-0.835294,-0.027451,0,71,432260
2026-05-18T07:29:54.474+00:00,1779089394474415000,2349,R,7870,10732,9328,12039,7870,10732,9328,12039,22349,25832,24440,24879,-142,-213,-5,-0.556863,-0.835294,-0.019608,0,71,c32330
2026-05-18T07:29:54.474+00:00,1779089394474481000,2350,R,7874,10731,9329,12040,7874,10731,9329,12040,22348,25828,24439,24880,-140,-213,-5,-0.54902,-0.835294,-0.019608,0,71,d32330
2026-05-18T07:29:54.474+00:00,1779089394474547000,2351,R,7872,10733,9329,12040,7872,10733,9329,12040,22349,25830,24441,24880,-141,-212,-6,-0.552941,-0.831373,-0.023529,0,71,e32330
2026-05-18T07:29:54.623+00:00,1779089394623518000,2352,R,7875,10732,9327,12038,7875,10732,9327,12038,22348,25831,24440,24881,-140,-212,-6,-0.54902,-0.831373,-0.023529,0,71,f32330
2026-05-18T07:29:54.623+00:00,1779089394623663000,2353,R,7872,10733,9328,12041,7872,10733,9328,12041,22347,25831,24439,24879,-141,-212,-6,-0.552941,-0.831373,-0.023529,0,71,032330
2026-05-18T07:29:54.623+00:00,1779089394623737000,2354,R,7871,10733,9325,12042,7871,10733,9325,12042,22347,25832,24442,24877,-141,-214,-6,-0.552941,-0.839216,-0.023529,0,71,132330
2026-05-18T07:29:54.623+00:00,1779089394623804000,2355,R,7873,10732,9325,12038,7873,10732,9325,12038,22348,25831,24439,24877,-140,-213,-6,-0.54902,-0.835294,-0.023529,0,71,732380
2026-05-18T07:29:54.623+00:00,1779089394623867000,2356,R,7873,10733,9326,12036,7873,10733,9326,12036,22346,25828,24440,24878,-140,-211,-5,-0.54902,-0.827451,-0.019608,0,71,832380
2026-05-18T07:29:54.773+00:00,1779089394773500000,2357,R,7874,10732,9328,12044,7874,10732,9328,12044,22347,25827,24437,24875,-140,-213,-6,-0.54902,-0.835294,-0.023529,0,71,932380
2026-05-18T07:29:54.773+00:00,1779089394773543000,2358,R,7874,10732,9329,12037,7874,10732,9329,12037,22347,25828,24439,24875,-141,-213,-6,-0.552941,-0.835294,-0.023529,0,71,a32380
2026-05-18T07:29:54.773+00:00,1779089394773561000,2359,R,7876,10732,9328,12040,7876,10732,9328,12040,22347,25826,24436,24876,-140,-214,-7,-0.54902,-0.839216,-0.027451,0,71,b32380
2026-05-18T07:29:54.773+00:00,1779089394773646000,2360,R,7874,10738,9331,12044,7874,10738,9331,12044,22346,25832,24443,24883,-141,-212,-7,-0.552941,-0.831373,-0.027451,0,71,432460
2026-05-18T07:29:54.773+00:00,1779089394773678000,2361,R,7876,10739,9329,12045,7876,10739,9329,12045,22350,25833,24450,24884,-142,-212,-7,-0.556863,-0.831373,-0.027451,0,71,532460
2026-05-18T07:29:54.923+00:00,1779089394923465000,2362,R,7875,10738,9328,12044,7875,10738,9328,12044,22349,25831,24448,24885,-140,-212,-6,-0.54902,-0.831373,-0.023529,0,71,632460
2026-05-18T07:29:54.923+00:00,1779089394923501000,2363,R,7877,10742,9329,12049,7877,10742,9329,12049,22353,25835,24450,24887,-142,-212,-7,-0.556863,-0.831373,-0.027451,0,71,732460
2026-05-18T07:29:54.923+00:00,1779089394923518000,2364,R,7881,10741,9332,12049,7881,10741,9332,12049,22353,25835,24454,24887,-141,-214,-7,-0.552941,-0.839216,-0.027451,0,71,832460
2026-05-18T07:29:54.923+00:00,1779089394923532000,2365,R,7879,10748,9336,12055,7879,10748,9336,12055,22353,25843,24461,24895,-141,-213,-7,-0.552941,-0.835294,-0.027451,0,71,e32510
2026-05-18T07:29:54.923+00:00,1779089394923545000,2366,R,7877,10750,9333,12059,7877,10750,9333,12059,22358,25844,24460,24899,-141,-212,-6,-0.552941,-0.831373,-0.023529,0,71,f32510
2026-05-18T07:29:55.073+00:00,1779089395073235000,2367,R,7880,10747,9333,12059,7880,10747,9333,12059,22359,25842,24458,24896,-141,-213,-6,-0.552941,-0.835294,-0.023529,0,71,032510
2026-05-18T07:29:55.073+00:00,1779089395073269000,2368,R,7870,10742,9326,12048,7870,10742,9326,12048,22358,25845,24461,24903,-140,-213,-6,-0.54902,-0.835294,-0.023529,0,71,132510
2026-05-18T07:29:55.073+00:00,1779089395073290000,2369,R,7881,10750,9340,12062,7881,10750,9340,12062,22358,25847,24461,24904,-140,-213,-6,-0.54902,-0.835294,-0.023529,0,71,232510
2026-05-18T07:29:55.073+00:00,1779089395073309000,2370,R,7885,10758,9343,12073,7885,10758,9343,12073,22361,25860,24474,24922,-141,-213,-6,-0.552941,-0.835294,-0.023529,0,71,a32580
2026-05-18T07:29:55.073+00:00,1779089395073326000,2371,R,7883,10757,9342,12077,7883,10757,9342,12077,22364,25864,24473,24925,-142,-214,-6,-0.556863,-0.839216,-0.023529,0,71,b32580
2026-05-18T07:29:55.225+00:00,1779089395225076000,2372,R,7887,10757,9342,12075,7887,10757,9342,12075,22363,25861,24468,24927,-141,-212,-7,-0.552941,-0.831373,-0.027451,0,71,c32580
2026-05-18T07:29:55.225+00:00,1779089395225171000,2373,R,7880,10758,9343,12082,7880,10758,9343,12082,22363,25859,24467,24922,-141,-213,-7,-0.552941,-0.835294,-0.027451,0,71,d32580
2026-05-18T07:29:55.225+00:00,1779089395225201000,2374,R,7882,10748,9341,12067,7882,10748,9341,12067,22359,25857,24461,24919,-141,-213,-7,-0.552941,-0.835294,-0.027451,0,71,e32580
2026-05-18T07:29:55.225+00:00,1779089395225226000,2375,R,7871,10728,9327,12039,7871,10728,9327,12039,22350,25833,24433,24883,-141,-214,-7,-0.552941,-0.839216,-0.027451,0,71,832670
2026-05-18T07:29:55.225+00:00,1779089395225250000,2376,R,7871,10719,9318,12027,7871,10719,9318,12027,22344,25832,24435,24881,-140,-215,-7,-0.54902,-0.843137,-0.027451,0,71,932670
2026-05-18T07:29:55.225+00:00,1779089395225282000,2377,R,7871,10726,9328,12037,7871,10726,9328,12037,22348,25831,24431,24881,-141,-214,-7,-0.552941,-0.839216,-0.027451,0,71,a32670
2026-05-18T07:29:55.375+00:00,1779089395375208000,2378,R,7871,10724,9327,12036,7871,10724,9327,12036,22344,25826,24432,24880,-141,-214,-7,-0.552941,-0.839216,-0.027451,0,71,b32670
2026-05-18T07:29:55.375+00:00,1779089395375362000,2379,R,7871,10725,9326,12037,7871,10725,9326,12037,22343,25833,24429,24882,-141,-215,-7,-0.552941,-0.843137,-0.027451,0,71,c32670
2026-05-18T07:29:55.375+00:00,1779089395375441000,2380,R,7871,10725,9324,12035,7871,10725,9324,12035,22343,25824,24431,24879,-141,-212,-6,-0.552941,-0.831373,-0.023529,0,71,432740
2026-05-18T07:29:55.375+00:00,1779089395375510000,2381,R,7877,10725,9326,12037,7877,10725,9326,12037,22341,25833,24428,24881,-141,-213,-6,-0.552941,-0.835294,-0.023529,0,71,532740
2026-05-18T07:29:55.375+00:00,1779089395375574000,2382,R,7869,10725,9324,12036,7869,10725,9324,12036,22345,25826,24432,24876,-140,-212,-7,-0.54902,-0.831373,-0.027451,0,71,632740
2026-05-18T07:29:55.524+00:00,1779089395524669000,2383,R,7867,10725,9326,12035,7867,10725,9326,12035,22344,25829,24427,24876,-141,-212,-6,-0.552941,-0.831373,-0.023529,0,71,732740
2026-05-18T07:29:55.524+00:00,1779089395524773000,2384,R,7870,10723,9324,12033,7870,10723,9324,12033,22341,25827,24427,24874,-141,-213,-6,-0.552941,-0.835294,-0.023529,0,71,832740
2026-05-18T07:29:55.524+00:00,1779089395524846000,2385,R,7873,10728,9326,12035,7873,10728,9326,12035,22344,25829,24437,24880,-140,-215,-7,-0.54902,-0.843137,-0.027451,0,71,032810
2026-05-18T07:29:55.524+00:00,1779089395524910000,2386,R,7862,10729,9328,12032,7862,10729,9328,12032,22343,25827,24434,24880,-141,-213,-8,-0.552941,-0.835294,-0.031373,0,71,132810
2026-05-18T07:29:55.524+00:00,1779089395524993000,2387,R,7870,10729,9325,12040,7870,10729,9325,12040,22345,25832,24433,24877,-140,-213,-7,-0.54902,-0.835294,-0.027451,0,71,232810
2026-05-18T07:29:55.676+00:00,1779089395676264000,2388,R,7874,10733,9328,12040,7874,10733,9328,12040,22344,25829,24435,24883,-140,-214,-7,-0.54902,-0.839216,-0.027451,0,71,332810
2026-05-18T07:29:55.676+00:00,1779089395676369000,2389,R,7872,10730,9325,12038,7872,10730,9325,12038,22344,25830,24440,24881,-140,-213,-6,-0.54902,-0.835294,-0.023529,0,71,432810
2026-05-18T07:29:55.676+00:00,1779089395676441000,2390,R,7875,10737,9329,12049,7875,10737,9329,12049,22353,25836,24443,24889,-140,-213,-7,-0.54902,-0.835294,-0.027451,0,71,c32880
2026-05-18T07:29:55.676+00:00,1779089395676507000,2391,R,7881,10745,9330,12049,7881,10745,9330,12049,22347,25832,24448,24894,-140,-213,-6,-0.54902,-0.835294,-0.023529,0,71,d32880
2026-05-18T07:29:55.676+00:00,1779089395676570000,2392,R,7878,10738,9330,12049,7878,10738,9330,12049,22354,25837,24449,24891,-140,-213,-7,-0.54902,-0.835294,-0.027451,0,71,e32880
2026-05-18T07:29:55.974+00:00,1779089395974398000,2393,R,7878,10740,9333,12051,7878,10740,9333,12051,22355,25842,24450,24894,-139,-213,-7,-0.545098,-0.835294,-0.027451,0,71,f32880
2026-05-18T07:29:55.974+00:00,1779089395974551000,2394,R,7877,10740,9331,12049,7877,10740,9331,12049,22354,25840,24456,24897,-139,-213,-6,-0.545098,-0.835294,-0.023529,0,71,032880
2026-05-18T07:29:55.974+00:00,1779089395974624000,2395,R,7881,10746,9335,12060,7881,10746,9335,12060,22358,25839,24457,24905,-134,-214,-7,-0.52549,-0.839216,-0.027451,0,71,632930
2026-05-18T07:29:55.974+00:00,1779089395974693000,2396,R,7881,10746,9337,12061,7881,10746,9337,12061,22361,25843,24458,24902,-134,-215,-6,-0.52549,-0.843137,-0.023529,0,71,732930
2026-05-18T07:29:55.974+00:00,1779089395974758000,2397,R,7880,10750,9336,12062,7880,10750,9336,12062,22363,25842,24463,24908,-134,-217,-5,-0.52549,-0.85098,-0.019608,0,71,832930
2026-05-18T07:29:56.123+00:00,1779089396123314000,2398,R,7881,10750,9341,12064,7881,10750,9341,12064,22365,25848,24464,24910,-135,-216,-4,-0.529412,-0.847059,-0.015686,0,71,932930
2026-05-18T07:29:56.123+00:00,1779089396123437000,2399,R,7883,10751,9336,12063,7883,10751,9336,12063,22365,25845,24461,24911,-131,-219,-5,-0.513725,-0.858824,-0.019608,0,71,a32930
2026-05-18T07:29:56.123+00:00,1779089396123510000,2400,R,7880,10734,9329,12060,7880,10734,9329,12060,22355,25831,24443,24918,-115,-239,-20,-0.45098,-0.937255,-0.078431,0,71,433020
2026-05-18T07:29:56.123+00:00,1779089396123868000,2401,R,7878,10731,9327,12055,7878,10731,9327,12055,22353,25822,24442,24911,-117,-240,-23,-0.458824,-0.941176,-0.090196,0,71,533020
2026-05-18T07:29:56.123+00:00,1779089396123939000,2402,R,7876,10726,9323,12052,7876,10726,9323,12052,22351,25821,24439,24916,-113,-243,-30,-0.443137,-0.952941,-0.117647,0,71,633020
2026-05-18T07:29:56.273+00:00,1779089396273179000,2403,R,7874,10722,9321,12052,7874,10722,9321,12052,22350,25814,24430,24915,-100,-250,-44,-0.392157,-0.980392,-0.172549,0,71,733020
2026-05-18T07:29:56.273+00:00,1779089396273337000,2404,R,7871,10717,9317,12052,7871,10717,9317,12052,22341,25804,24423,24918,-90,-258,-50,-0.352941,-1.011765,-0.196078,0,70,833020
2026-05-18T07:29:56.273+00:00,1779089396273416000,2405,R,7868,10716,9314,12054,7868,10716,9314,12054,22340,25797,24416,24919,-99,-253,-49,-0.388235,-0.992157,-0.192157,0,70,933020
2026-05-18T07:29:56.273+00:00,1779089396273485000,2406,R,7867,10702,9312,12040,7867,10702,9312,12040,22338,25800,24398,24904,-145,-207,-51,-0.568627,-0.811765,-0.2,0,70,033080
2026-05-18T07:29:56.273+00:00,1779089396273550000,2407,R,7870,10702,9314,12040,7870,10702,9314,12040,22337,25797,24388,24893,-151,-202,-45,-0.592157,-0.792157,-0.176471,0,70,133080
2026-05-18T07:29:56.424+00:00,1779089396424112000,2408,R,7871,10699,9317,12036,7871,10699,9317,12036,22343,25807,24392,24894,-159,-195,-38,-0.623529,-0.764706,-0.14902,0,70,233080
2026-05-18T07:29:56.424+00:00,1779089396424253000,2409,R,7870,10701,9319,12035,7870,10701,9319,12035,22346,25808,24390,24887,-169,-192,-24,-0.662745,-0.752941,-0.094118,0,70,333080
2026-05-18T07:29:56.424+00:00,1779089396424329000,2410,R,7874,10707,9323,12039,7874,10707,9323,12039,22348,25815,24394,24886,-180,-183,-14,-0.705882,-0.717647,-0.054902,0,70,433080
2026-05-18T07:29:56.424+00:00,1779089396424398000,2411,R,7881,10705,9337,12028,7881,10705,9337,12028,22371,25849,24387,24870,-181,-169,36,-0.709804,-0.662745,0.141176,0,70,b33140
2026-05-18T07:29:56.424+00:00,1779089396424464000,2412,R,7881,10706,9332,12030,7881,10706,9332,12030,22366,25852,24396,24871,-183,-178,37,-0.717647,-0.698039,0.145098,0,70,c33140
2026-05-18T07:29:56.571+00:00,1779089396571474000,2413,R,7880,10706,9331,12028,7880,10706,9331,12028,22362,25853,24397,24875,-177,-186,32,-0.694118,-0.729412,0.12549,0,70,d33140
2026-05-18T07:29:56.571+00:00,1779089396571506000,2414,R,7880,10707,9332,12030,7880,10707,9332,12030,22361,25845,24401,24879,-164,-194,18,-0.643137,-0.760784,0.070588,0,70,e33140
2026-05-18T07:29:56.571+00:00,1779089396571523000,2415,R,7876,10707,9327,12033,7876,10707,9327,12033,22359,25836,24394,24880,-154,-206,9,-0.603922,-0.807843,0.035294,0,70,f33140
2026-05-18T07:29:56.571+00:00,1779089396571537000,2416,R,7869,10701,9315,12044,7869,10701,9315,12044,22339,25800,24388,24904,-130,-216,-64,-0.509804,-0.847059,-0.25098,0,70,733210
2026-05-18T07:29:56.571+00:00,1779089396571550000,2417,R,7870,10700,9314,12043,7870,10700,9314,12043,22341,25799,24394,24902,-127,-212,-69,-0.498039,-0.831373,-0.270588,0,70,833210
2026-05-18T07:29:56.723+00:00,1779089396723093000,2418,R,7872,10702,9316,12045,7872,10702,9316,12045,22337,25797,24383,24897,-123,-209,-70,-0.482353,-0.819608,-0.27451,0,70,933210
2026-05-18T07:29:56.723+00:00,1779089396723134000,2419,R,7869,10698,9315,12045,7869,10698,9315,12045,22344,25799,24385,24904,-119,-209,-76,-0.466667,-0.819608,-0.298039,0,70,a33210
2026-05-18T07:29:56.723+00:00,1779089396723154000,2420,R,7870,10699,9312,12049,7870,10699,9312,12049,22339,25797,24385,24911,-107,-227,-81,-0.419608,-0.890196,-0.317647,0,70,b33210
2026-05-18T07:29:56.723+00:00,1779089396723172000,2421,R,7874,10699,9325,12055,7874,10699,9325,12055,22348,25813,24378,24917,-90,-216,-57,-0.352941,-0.847059,-0.223529,0,70,233270
2026-05-18T07:29:56.723+00:00,1779089396723189000,2422,R,7875,10703,9325,12057,7875,10703,9325,12057,22345,25815,24381,24918,-87,-220,-51,-0.341176,-0.862745,-0.2,0,70,333270
2026-05-18T07:29:56.723+00:00,1779089396723206000,2423,R,7877,10703,9327,12054,7877,10703,9327,12054,22350,25824,24387,24915,-82,-226,-52,-0.321569,-0.886275,-0.203922,0,70,433270
2026-05-18T07:29:56.874+00:00,1779089396874214000,2424,R,7878,10705,9332,12057,7878,10705,9332,12057,22352,25823,24389,24921,-71,-231,-54,-0.278431,-0.905882,-0.211765,0,70,533270
2026-05-18T07:29:56.874+00:00,1779089396874347000,2425,R,7878,10706,9329,12059,7878,10706,9329,12059,22350,25828,24388,24919,-61,-229,-55,-0.239216,-0.898039,-0.215686,0,70,633270
2026-05-18T07:29:56.874+00:00,1779089396874423000,2426,R,7888,10709,9348,12078,7888,10709,9348,12078,22360,25858,24389,24949,19,-291,-63,0.07451,-1.141176,-0.247059,0,70,f33350
2026-05-18T07:29:56.874+00:00,1779089396874492000,2427,R,7889,10709,9350,12081,7889,10709,9350,12081,22365,25861,24389,24955,26,-293,-62,0.101961,-1.14902,-0.243137,0,70,033350
2026-05-18T07:29:56.874+00:00,1779089396874557000,2428,R,7893,10711,9354,12087,7893,10711,9354,12087,22364,25867,24383,24958,28,-289,-58,0.109804,-1.133333,-0.227451,0,70,133350
2026-05-18T07:29:57.173+00:00,1779089397173654000,2429,R,7894,10711,9356,12084,7894,10711,9356,12084,22368,25873,24388,24960,29,-291,-55,0.113725,-1.141176,-0.215686,0,70,233350
2026-05-18T07:29:57.173+00:00,1779089397173696000,2430,R,7896,10711,9361,12090,7896,10711,9361,12090,22376,25882,24387,24961,31,-289,-54,0.121569,-1.133333,-0.211765,0,70,333350
2026-05-18T07:29:57.173+00:00,1779089397173715000,2431,R,7899,10694,9368,12077,7899,10694,9368,12077,22385,25909,24362,24953,23,-265,-31,0.090196,-1.039216,-0.121569,0,70,a33410
2026-05-18T07:29:57.173+00:00,1779089397173730000,2432,R,7897,10694,9368,12074,7897,10694,9368,12074,22383,25913,24363,24948,16,-254,-30,0.062745,-0.996078,-0.117647,0,70,b33410
2026-05-18T07:29:57.173+00:00,1779089397173745000,2433,R,7898,10691,9370,12071,7898,10691,9370,12071,22385,25916,24359,24941,8,-247,-27,0.031373,-0.968627,-0.105882,0,70,c33410
2026-05-18T07:29:57.324+00:00,1779089397324173000,2434,R,7899,10689,9373,12067,7899,10689,9373,12067,22385,25920,24359,24941,3,-250,-22,0.011765,-0.980392,-0.086275,0,70,d33410
2026-05-18T07:29:57.324+00:00,1779089397324310000,2435,R,7897,10691,9372,12067,7897,10691,9372,12067,22385,25920,24363,24937,1,-253,-19,0.003922,-0.992157,-0.07451,0,70,e33410
2026-05-18T07:29:57.324+00:00,1779089397324374000,2436,R,7890,10714,9372,12067,7890,10714,9372,12067,22376,25929,24404,24924,-74,-257,11,-0.290196,-1.007843,0.043137,0,70,733490
2026-05-18T07:29:57.324+00:00,1779089397324432000,2437,R,7888,10715,9370,12065,7888,10715,9370,12065,22374,25930,24412,24930,-82,-251,14,-0.321569,-0.984314,0.054902,0,70,833490
2026-05-18T07:29:57.324+00:00,1779089397324492000,2438,R,7891,10722,9367,12069,7891,10722,9367,12069,22372,25924,24421,24933,-93,-240,18,-0.364706,-0.941176,0.070588,0,70,933490
2026-05-18T07:29:57.474+00:00,1779089397474136000,2439,R,7888,10723,9369,12069,7888,10723,9369,12069,22375,25928,24423,24931,-107,-227,21,-0.419608,-0.890196,0.082353,0,70,a33490
2026-05-18T07:29:57.474+00:00,1779089397474302000,2440,R,7892,10729,9369,12064,7892,10729,9369,12064,22379,25927,24429,24928,-118,-220,26,-0.462745,-0.862745,0.101961,0,70,b33490
2026-05-18T07:29:57.474+00:00,1779089397474403000,2441,R,7888,10736,9368,12058,7888,10736,9368,12058,22388,25931,24443,24907,-164,-168,40,-0.643137,-0.658824,0.156863,0,70,233550
2026-05-18T07:29:57.474+00:00,1779089397474474000,2442,R,7892,10736,9371,12057,7892,10736,9371,12057,22390,25929,24446,24902,-170,-166,40,-0.666667,-0.65098,0.156863,0,70,333550
2026-05-18T07:29:57.474+00:00,1779089397474614000,2443,R,7888,10739,9366,12055,7888,10739,9366,12055,22389,25929,24447,24905,-176,-163,41,-0.690196,-0.639216,0.160784,0,70,433550
2026-05-18T07:29:57.622+00:00,1779089397622296000,2444,R,7892,10739,9370,12058,7892,10739,9370,12058,22389,25929,24451,24906,-183,-161,41,-0.717647,-0.631373,0.160784,0,70,533550
2026-05-18T07:29:57.622+00:00,1779089397622433000,2445,R,7894,10741,9370,12057,7894,10741,9370,12057,22387,25929,24450,24905,-188,-160,40,-0.737255,-0.627451,0.156863,0,70,633550
2026-05-18T07:29:57.622+00:00,1779089397622508000,2446,R,7888,10746,9360,12068,7888,10746,9360,12068,22385,25920,24461,24922,-190,-163,28,-0.745098,-0.639216,0.109804,0,70,d33610
2026-05-18T07:29:57.622+00:00,1779089397622709000,2447,R,7885,10747,9360,12068,7885,10747,9360,12068,22383,25915,24464,24917,-188,-166,26,-0.737255,-0.65098,0.101961,0,70,e33610
2026-05-18T07:29:57.622+00:00,1779089397622780000,2448,R,7887,10748,9358,12068,7887,10748,9358,12068,22379,25911,24465,24923,-183,-167,23,-0.717647,-0.654902,0.090196,0,70,f33610
2026-05-18T07:29:57.773+00:00,1779089397773092000,2449,R,7885,10745,9358,12067,7885,10745,9358,12067,22377,25908,24458,24923,-178,-171,19,-0.698039,-0.670588,0.07451,0,70,033610
2026-05-18T07:29:57.773+00:00,1779089397773238000,2450,R,7886,10747,9355,12069,7886,10747,9355,12069,22380,25902,24461,24927,-173,-173,16,-0.678431,-0.678431,0.062745,0,70,133610
2026-05-18T07:29:57.773+00:00,1779089397773311000,2451,R,7886,10744,9347,12076,7886,10744,9347,12076,22371,25873,24454,24936,-131,-205,-2,-0.513725,-0.803922,-0.007843,0,70,833670
2026-05-18T07:29:57.773+00:00,1779089397773379000,2452,R,7886,10745,9344,12079,7886,10745,9344,12079,22369,25869,24453,24940,-122,-213,-5,-0.478431,-0.835294,-0.019608,0,70,933670
2026-05-18T07:29:57.773+00:00,1779089397773444000,2453,R,7888,10748,9341,12084,7888,10748,9341,12084,22371,25867,24452,24942,-112,-215,-7,-0.439216,-0.843137,-0.027451,0,70,a33670
2026-05-18T07:29:57.924+00:00,1779089397924142000,2454,R,7891,10749,9349,12087,7891,10749,9349,12087,22372,25868,24455,24948,-103,-218,-9,-0.403922,-0.854902,-0.035294,0,70,b33670
2026-05-18T07:29:57.924+00:00,1779089397924262000,2455,R,7895,10749,9362,12081,7895,10749,9362,12081,22382,25888,24453,24945,-91,-206,-13,-0.356863,-0.807843,-0.05098,0,70,c33670
2026-05-18T07:29:57.924+00:00,1779089397924335000,2456,R,7905,10754,9369,12088,7905,10754,9369,12088,22395,25919,24451,24948,-77,-207,-18,-0.301961,-0.811765,-0.070588,0,70,d33670
2026-05-18T07:29:57.924+00:00,1779089397924400000,2457,R,7918,10749,9382,12119,7918,10749,9382,12119,22425,25959,24436,24995,-12,-277,-46,-0.047059,-1.086275,-0.180392,0,70,433730
2026-05-18T07:29:57.924+00:00,1779089397924465000,2458,R,7919,10741,9381,12116,7919,10741,9381,12116,22424,25948,24425,24995,1,-283,-54,0.003922,-1.109804,-0.211765,0,70,533730
2026-05-18T07:29:58.072+00:00,1779089398072727000,2459,R,7913,10730,9374,12112,7913,10730,9374,12112,22418,25937,24411,24998,9,-289,-58,0.035294,-1.133333,-0.227451,0,70,633730
2026-05-18T07:29:58.072+00:00,1779089398072807000,2460,R,7913,10721,9374,12111,7913,10721,9374,12111,22417,25935,24403,24997,15,-297,-59,0.058824,-1.164706,-0.231373,0,70,733730
2026-05-18T07:29:58.072+00:00,1779089398072838000,2461,R,7922,10725,9374,12114,7922,10725,9374,12114,22411,25927,24398,24997,19,-298,-60,0.07451,-1.168627,-0.235294,0,70,833730
2026-05-18T07:29:58.072+00:00,1779089398072863000,2462,R,7913,10688,9379,12093,7913,10688,9379,12093,22408,25947,24352,24976,29,-274,-58,0.113725,-1.07451,-0.227451,0,69,f33790
2026-05-18T07:29:58.072+00:00,1779089398072888000,2463,R,7907,10684,9380,12090,7907,10684,9380,12090,22412,25952,24351,24974,27,-264,-55,0.105882,-1.035294,-0.215686,0,69,033790
2026-05-18T07:29:58.223+00:00,1779089398223643000,2464,R,7910,10682,9381,12090,7910,10682,9381,12090,22411,25956,24344,24970,20,-252,-53,0.078431,-0.988235,-0.207843,0,69,133790
2026-05-18T07:29:58.223+00:00,1779089398223706000,2465,R,7910,10682,9383,12086,7910,10682,9383,12086,22413,25958,24343,24970,12,-245,-51,0.047059,-0.960784,-0.2,0,69,233790
2026-05-18T07:29:58.223+00:00,1779089398223734000,2466,R,7911,10682,9388,12085,7911,10682,9388,12085,22414,25967,24342,24960,6,-246,-47,0.023529,-0.964706,-0.184314,0,69,333790
2026-05-18T07:29:58.223+00:00,1779089398223760000,2467,R,7902,10704,9387,12085,7902,10704,9387,12085,22401,25980,24382,24964,-53,-275,-31,-0.207843,-1.078431,-0.121569,0,69,a33850
2026-05-18T07:29:58.223+00:00,1779089398223788000,2468,R,7901,10713,9389,12089,7901,10713,9389,12089,22399,25980,24388,24957,-55,-283,-29,-0.215686,-1.109804,-0.113725,0,69,b33850
2026-05-18T07:29:58.374+00:00,1779089398374412000,2469,R,7898,10711,9384,12087,7898,10711,9384,12087,22396,25972,24395,24963,-60,-264,-27,-0.235294,-1.035294,-0.105882,0,69,c33850
2026-05-18T07:29:58.374+00:00,1779089398374579000,2470,R,7901,10710,9385,12087,7901,10710,9385,12087,22396,25975,24393,24956,-69,-254,-25,-0.270588,-0.996078,-0.098039,0,69,d33850
2026-05-18T07:29:58.374+00:00,1779089398374656000,2471,R,7903,10716,9389,12084,7903,10716,9389,12084,22397,25975,24395,24955,-82,-243,-17,-0.321569,-0.952941,-0.066667,0,69,e33850
2026-05-18T07:29:58.374+00:00,1779089398374725000,2472,R,7902,10737,9386,12068,7902,10737,9386,12068,22414,25979,24438,24914,-184,-165,18,-0.721569,-0.647059,0.070588,0,69,b33970
2026-05-18T07:29:58.374+00:00,1779089398374792000,2473,R,7906,10740,9388,12076,7906,10740,9388,12076,22414,25978,24442,24909,-194,-154,20,-0.760784,-0.603922,0.078431,0,69,c33970
2026-05-18T07:29:58.374+00:00,1779089398374857000,2474,R,7901,10742,9382,12070,7901,10742,9382,12070,22411,25966,24444,24909,-199,-147,20,-0.780392,-0.576471,0.078431,0,69,d33970
2026-05-18T07:29:58.523+00:00,1779089398524012000,2475,R,7899,10746,9379,12070,7899,10746,9379,12070,22413,25964,24447,24909,-200,-147,19,-0.784314,-0.576471,0.07451,0,69,e33970
2026-05-18T07:29:58.524+00:00,1779089398524339000,2476,R,7900,10746,9373,12070,7900,10746,9373,12070,22413,25952,24451,24911,-200,-153,18,-0.784314,-0.6,0.070588,0,69,f33970
2026-05-18T07:29:58.524+00:00,1779089398524419000,2477,R,7900,10752,9367,12079,7900,10752,9367,12079,22403,25927,24460,24923,-194,-166,11,-0.760784,-0.65098,0.043137,0,69,734040
2026-05-18T07:29:58.524+00:00,1779089398524488000,2478,R,7883,10752,9370,12068,7883,10752,9370,12068,22405,25924,24463,24922,-192,-167,11,-0.752941,-0.654902,0.043137,0,69,834040
2026-05-18T07:29:58.524+00:00,1779089398524555000,2479,R,7901,10755,9367,12079,7901,10755,9367,12079,22406,25925,24460,24920,-188,-169,9,-0.737255,-0.662745,0.035294,0,69,934040
2026-05-18T07:29:58.673+00:00,1779089398673040000,2480,R,7898,10750,9368,12080,7898,10750,9368,12080,22404,25929,24460,24924,-185,-171,7,-0.72549,-0.670588,0.027451,0,69,a34040
2026-05-18T07:29:58.673+00:00,1779089398673175000,2481,R,7898,10753,9367,12080,7898,10753,9367,12080,22406,25925,24458,24929,-181,-173,6,-0.709804,-0.678431,0.023529,0,69,b34040
2026-05-18T07:29:58.673+00:00,1779089398673251000,2482,R,7902,10748,9364,12084,7902,10748,9364,12084,22405,25916,24453,24939,-143,-190,-3,-0.560784,-0.745098,-0.011765,0,69,234100
2026-05-18T07:29:58.673+00:00,1779089398673319000,2483,R,7897,10738,9362,12083,7897,10738,9362,12083,22406,25913,24445,24936,-135,-195,-6,-0.529412,-0.764706,-0.023529,0,69,334100
2026-05-18T07:29:58.673+00:00,1779089398673385000,2484,R,7904,10739,9357,12076,7904,10739,9357,12076,22397,25901,24433,24935,-128,-200,-9,-0.501961,-0.784314,-0.035294,0,69,434100
2026-05-18T07:29:58.824+00:00,1779089398824222000,2485,R,7895,10726,9357,12071,7895,10726,9357,12071,22394,25896,24429,24931,-121,-205,-13,-0.47451,-0.803922,-0.05098,0,69,534100
2026-05-18T07:29:58.824+00:00,1779089398824333000,2486,R,7892,10725,9352,12068,7892,10725,9352,12068,22390,25886,24423,24930,-113,-213,-18,-0.443137,-0.835294,-0.070588,0,69,634100
2026-05-18T07:29:58.824+00:00,1779089398824374000,2487,R,7881,10697,9333,12068,7881,10697,9333,12068,22362,25846,24388,24947,-32,-269,-53,-0.12549,-1.054902,-0.207843,0,69,f34180
2026-05-18T07:29:58.824+00:00,1779089398824409000,2488,R,7878,10690,9335,12067,7878,10690,9335,12067,22361,25840,24381,24951,-22,-271,-55,-0.086275,-1.062745,-0.215686,0,69,034180
2026-05-18T07:29:58.824+00:00,1779089398824444000,2489,R,7880,10689,9329,12065,7880,10689,9329,12065,22363,25836,24376,24952,-19,-269,-55,-0.07451,-1.054902,-0.215686,0,69,134180
2026-05-18T07:29:58.974+00:00,1779089398974121000,2490,R,7883,10684,9331,12067,7883,10684,9331,12067,22362,25834,24369,24949,-14,-268,-56,-0.054902,-1.05098,-0.219608,0,69,234180
2026-05-18T07:29:58.974+00:00,1779089398974247000,2491,R,7881,10685,9330,12065,7881,10685,9330,12065,22361,25841,24362,24950,-10,-268,-56,-0.039216,-1.05098,-0.219608,0,69,334180
2026-05-18T07:29:58.974+00:00,1779089398974322000,2492,R,7880,10672,9331,12071,7880,10672,9331,12071,22360,25834,24346,24967,18,-267,-62,0.070588,-1.047059,-0.243137,0,69,b34250
2026-05-18T07:29:58.974+00:00,1779089398974409000,2493,R,7884,10669,9336,12071,7884,10669,9336,12071,22357,25837,24342,24959,13,-264,-61,0.05098,-1.035294,-0.239216,0,69,c34250
2026-05-18T07:29:58.974+00:00,1779089398974486000,2494,R,7885,10674,9336,12071,7885,10674,9336,12071,22359,25841,24346,24960,9,-266,-58,0.035294,-1.043137,-0.227451,0,69,d34250
2026-05-18T07:29:59.123+00:00,1779089399123832000,2495,R,7884,10674,9338,12070,7884,10674,9338,12070,22357,25847,24344,24959,3,-271,-55,0.011765,-1.062745,-0.215686,0,69,e34250
2026-05-18T07:29:59.123+00:00,1779089399123874000,2496,R,7881,10677,9340,12072,7881,10677,9340,12072,22359,25848,24353,24962,-5,-272,-54,-0.019608,-1.066667,-0.211765,0,69,f34250
2026-05-18T07:29:59.123+00:00,1779089399123895000,2497,R,7881,10698,9347,12073,7881,10698,9347,12073,22357,25877,24390,24955,-81,-255,-37,-0.317647,-1.0,-0.145098,0,69,734320
2026-05-18T07:29:59.123+00:00,1779089399123912000,2498,R,7881,10702,9350,12072,7881,10702,9350,12072,22361,25879,24394,24946,-94,-249,-34,-0.368627,-0.976471,-0.133333,0,69,834320
2026-05-18T07:29:59.123+00:00,1779089399123928000,2499,R,7882,10710,9350,12070,7882,10710,9350,12070,22361,25888,24406,24949,-98,-236,-35,-0.384314,-0.92549,-0.137255,0,69,934320
2026-05-18T07:29:59.419+00:00,1779089399419796000,2500,R,7882,10709,9351,12074,7882,10709,9351,12074,22366,25888,24403,24946,-100,-228,-35,-0.392157,-0.894118,-0.137255,0,69,a34320
2026-05-18T07:29:59.419+00:00,1779089399419952000,2501,R,7882,10711,9354,12072,7882,10711,9354,12072,22363,25895,24405,24942,-113,-225,-22,-0.443137,-0.882353,-0.086275,0,69,b34320
2026-05-18T07:29:59.420+00:00,1779089399420028000,2502,R,7887,10746,9368,12073,7887,10746,9368,12073,22380,25933,24466,24933,-161,-177,10,-0.631373,-0.694118,0.039216,0,69,234380
2026-05-18T07:29:59.420+00:00,1779089399420096000,2503,R,7887,10753,9370,12076,7887,10753,9370,12076,22383,25942,24473,24931,-155,-175,11,-0.607843,-0.686275,0.043137,0,69,334380
2026-05-18T07:29:59.420+00:00,1779089399420161000,2504,R,7889,10757,9374,12077,7889,10757,9374,12077,22384,25951,24479,24933,-152,-175,18,-0.596078,-0.686275,0.070588,0,69,434380
2026-05-18T07:29:59.425+00:00,1779089399425301000,2505,R,7890,10762,9377,12078,7890,10762,9377,12078,22389,25955,24486,24934,-149,-173,24,-0.584314,-0.678431,0.094118,0,69,534380
2026-05-18T07:29:59.425+00:00,1779089399425411000,2506,R,7893,10766,9379,12082,7893,10766,9379,12082,22386,25960,24492,24934,-145,-180,34,-0.568627,-0.705882,0.133333,0,69,634380
2026-05-18T07:29:59.425+00:00,1779089399425493000,2507,R,7893,10771,9380,12083,7893,10771,9380,12083,22390,25967,24500,24937,-140,-181,39,-0.54902,-0.709804,0.152941,0,69,734380
2026-05-18T07:29:59.425+00:00,1779089399425562000,2508,R,7890,10793,9377,12105,7890,10793,9377,12105,22379,25954,24542,24968,-78,-235,51,-0.305882,-0.921569,0.2,0,69,e34440
2026-05-18T07:29:59.425+00:00,1779089399425628000,2509,R,7891,10790,9375,12108,7891,10790,9375,12108,22381,25949,24541,24973,-69,-240,50,-0.270588,-0.941176,0.196078,0,69,f34440
2026-05-18T07:29:59.574+00:00,1779089399574915000,2510,R,7891,10794,9374,12111,7891,10794,9374,12111,22375,25935,24538,24976,-59,-246,47,-0.231373,-0.964706,0.184314,0,69,034440
2026-05-18T07:29:59.575+00:00,1779089399575045000,2511,R,7891,10790,9371,12112,7891,10790,9371,12112,22378,25929,24543,24988,-52,-251,45,-0.203922,-0.984314,0.176471,0,69,134440
2026-05-18T07:29:59.575+00:00,1779089399575120000,2512,R,7889,10789,9367,12116,7889,10789,9367,12116,22380,25917,24544,24992,-46,-257,42,-0.180392,-1.007843,0.164706,0,69,234440
2026-05-18T07:29:59.575+00:00,1779089399575188000,2513,R,7878,10734,9321,12089,7878,10734,9321,12089,22360,25807,24468,24986,-83,-243,17,-0.32549,-0.952941,0.066667,0,69,a34510
2026-05-18T07:29:59.575+00:00,1779089399575255000,2514,R,7877,10733,9318,12086,7877,10733,9318,12086,22356,25800,24468,24982,-104,-238,24,-0.407843,-0.933333,0.094118,0,69,b34510
2026-05-18T07:29:59.725+00:00,1779089399725245000,2515,R,7877,10736,9316,12082,7877,10736,9316,12082,22360,25800,24471,24978,-119,-235,27,-0.466667,-0.921569,0.105882,0,69,c34510
2026-05-18T07:29:59.725+00:00,1779089399725377000,2516,R,7874,10733,9315,12080,7874,10733,9315,12080,22355,25796,24472,24972,-120,-238,18,-0.470588,-0.933333,0.070588,0,69,d34510
2026-05-18T07:29:59.725+00:00,1779089399725460000,2517,R,7871,10729,9310,12078,7871,10729,9310,12078,22351,25787,24465,24975,-109,-241,5,-0.427451,-0.945098,0.019608,0,69,e34510
2026-05-18T07:29:59.725+00:00,1779089399725527000,2518,R,7867,10712,9292,12072,7867,10712,9292,12072,22334,25740,24430,24972,-108,-233,4,-0.423529,-0.913725,0.015686,0,69,434560
2026-05-18T07:29:59.725+00:00,1779089399725590000,2519,R,7866,10707,9291,12068,7866,10707,9291,12068,22334,25740,24425,24973,-104,-232,11,-0.407843,-0.909804,0.043137,0,69,534560
2026-05-18T07:29:59.874+00:00,1779089399874951000,2520,R,7865,10705,9289,12068,7865,10705,9289,12068,22340,25740,24425,24972,-101,-234,17,-0.396078,-0.917647,0.066667,0,69,634560
2026-05-18T07:29:59.875+00:00,1779089399875011000,2521,R,7865,10705,9290,12069,7865,10705,9290,12069,22338,25734,24423,24969,-98,-235,27,-0.384314,-0.921569,0.105882,0,69,734560
2026-05-18T07:29:59.875+00:00,1779089399875724000,2522,R,7865,10705,9288,12070,7865,10705,9288,12070,22338,25732,24423,24969,-95,-226,34,-0.372549,-0.886275,0.133333,0,69,834560
2026-05-18T07:29:59.875+00:00,1779089399875772000,2523,R,7870,10683,9289,12067,7870,10683,9289,12067,22344,25726,24385,24965,-36,-221,-2,-0.141176,-0.866667,-0.007843,0,69,134640
2026-05-18T07:29:59.875+00:00,1779089399875798000,2524,R,7869,10678,9283,12064,7869,10678,9283,12064,22340,25721,24375,24966,-30,-228,-18,-0.117647,-0.894118,-0.070588,0,69,234640
2026-05-18T07:29:59.875+00:00,1779089399875816000,2525,R,7869,10675,9284,12067,7869,10675,9284,12067,22337,25713,24366,24969,-25,-234,-34,-0.098039,-0.917647,-0.133333,0,69,334640
2026-05-18T07:30:00.173+00:00,1779089400173641000,2526,R,7867,10673,9280,12068,7867,10673,9280,12068,22335,25702,24365,24975,-26,-239,-47,-0.101961,-0.937255,-0.184314,0,69,434640
2026-05-18T07:30:00.173+00:00,1779089400173723000,2527,R,7868,10670,9276,12069,7868,10670,9276,12069,22333,25700,24356,24977,-33,-230,-59,-0.129412,-0.901961,-0.231373,0,69,534640
2026-05-18T07:30:00.173+00:00,1779089400173755000,2528,R,7861,10669,9275,12064,7861,10669,9275,12064,22328,25697,24347,24963,-100,-215,-104,-0.392157,-0.843137,-0.407843,0,69,b34690
2026-05-18T07:30:00.173+00:00,1779089400173788000,2529,R,7860,10674,9278,12064,7860,10674,9278,12064,22323,25704,24354,24958,-112,-220,-115,-0.439216,-0.862745,-0.45098,0,69,c34690
2026-05-18T07:30:00.173+00:00,1779089400173816000,2530,R,7858,10679,9279,12067,7858,10679,9279,12067,22324,25706,24361,24955,-122,-221,-125,-0.478431,-0.866667,-0.490196,0,69,d34690
2026-05-18T07:30:00.323+00:00,1779089400323583000,2531,R,7856,10678,9280,12064,7856,10678,9280,12064,22323,25707,24364,24953,-136,-209,-131,-0.533333,-0.819608,-0.513725,0,69,e34690
2026-05-18T07:30:00.323+00:00,1779089400323740000,2532,R,7857,10686,9282,12060,7857,10686,9282,12060,22321,25713,24372,24943,-170,-209,-126,-0.666667,-0.819608,-0.494118,0,69,f34690
2026-05-18T07:30:00.323+00:00,1779089400323824000,2533,R,7851,10719,9294,12057,7851,10719,9294,12057,22314,25752,24425,24919,-192,-177,-173,-0.752941,-0.694118,-0.678431,0,69,734760
2026-05-18T07:30:00.323+00:00,1779089400323897000,2534,R,7852,10723,9297,12060,7852,10723,9297,12060,22315,25755,24425,24918,-176,-169,-159,-0.690196,-0.662745,-0.623529,0,69,834760
2026-05-18T07:30:00.323+00:00,1779089400323976000,2535,R,7855,10724,9301,12056,7855,10724,9301,12056,22321,25763,24423,24915,-196,-166,-125,-0.768627,-0.65098,-0.490196,0,69,934760
2026-05-18T07:30:00.472+00:00,1779089400472698000,2536,R,7861,10739,9311,12054,7861,10739,9311,12054,22325,25782,24445,24905,-232,-163,-98,-0.909804,-0.639216,-0.384314,0,69,a34760
2026-05-18T07:30:00.472+00:00,1779089400472771000,2537,R,7860,10750,9319,12053,7860,10750,9319,12053,22331,25804,24466,24900,-223,-144,-104,-0.87451,-0.564706,-0.407843,0,69,b34760
2026-05-18T07:30:00.472+00:00,1779089400472802000,2538,R,7869,10768,9333,12065,7869,10768,9333,12065,22349,25838,24493,24901,-188,-124,-49,-0.737255,-0.486275,-0.192157,0,69,234820
2026-05-18T07:30:00.472+00:00,1779089400472830000,2539,R,7871,10778,9338,12063,7871,10778,9338,12063,22351,25850,24501,24899,-207,-119,-36,-0.811765,-0.466667,-0.141176,0,69,334820
2026-05-18T07:30:00.472+00:00,1779089400472856000,2540,R,7874,10781,9343,12063,7874,10781,9343,12063,22359,25860,24512,24899,-229,-117,-24,-0.898039,-0.458824,-0.094118,0,69,434820
2026-05-18T07:30:00.623+00:00,1779089400623905000,2541,R,7877,10789,9349,12063,7877,10789,9349,12063,22367,25873,24524,24896,-215,-107,-29,-0.843137,-0.419608,-0.113725,0,69,534820
2026-05-18T07:30:00.623+00:00,1779089400623962000,2542,R,7876,10786,9344,12065,7876,10786,9344,12065,22371,25872,24520,24899,-180,-101,-36,-0.705882,-0.396078,-0.141176,0,69,634820
2026-05-18T07:30:00.623+00:00,1779089400623985000,2543,R,7860,10755,9305,12064,7860,10755,9305,12064,22328,25768,24490,24927,-20,-244,-20,-0.078431,-0.956863,-0.078431,0,69,d34880
2026-05-18T07:30:00.624+00:00,1779089400624005000,2544,R,7858,10751,9299,12066,7858,10751,9299,12066,22325,25756,24489,24938,-18,-245,-12,-0.070588,-0.960784,-0.047059,0,69,e34880
2026-05-18T07:30:00.624+00:00,1779089400624023000,2545,R,7860,10748,9300,12066,7860,10748,9300,12066,22325,25750,24485,24939,-24,-251,-7,-0.094118,-0.984314,-0.027451,0,69,f34880
2026-05-18T07:30:00.773+00:00,1779089400773453000,2546,R,7858,10746,9295,12069,7858,10746,9295,12069,22324,25743,24482,24945,-22,-250,-16,-0.086275,-0.980392,-0.062745,0,69,034880
2026-05-18T07:30:00.773+00:00,1779089400773489000,2547,R,7857,10734,9293,12068,7857,10734,9293,12068,22329,25731,24474,24951,-18,-256,-23,-0.070588,-1.003922,-0.090196,0,69,134880
2026-05-18T07:30:00.773+00:00,1779089400773507000,2548,R,7864,10691,9272,12107,7864,10691,9272,12107,22321,25666,24408,25044,24,-277,-7,0.094118,-1.086275,-0.027451,0,69,e35000
2026-05-18T07:30:00.773+00:00,1779089400773522000,2549,R,7859,10687,9265,12094,7859,10687,9265,12094,22324,25678,24413,25042,30,-259,-2,0.117647,-1.015686,-0.007843,0,69,f35000
2026-05-18T07:30:00.773+00:00,1779089400773537000,2550,R,7868,10692,9279,12106,7868,10692,9279,12106,22325,25686,24406,25039,30,-251,16,0.117647,-0.984314,0.062745,0,69,035000
2026-05-18T07:30:00.922+00:00,1779089400922628000,2551,R,7871,10691,9285,12104,7871,10691,9285,12104,22329,25696,24411,25036,34,-240,32,0.133333,-0.941176,0.12549,0,69,135000
2026-05-18T07:30:00.922+00:00,1779089400922673000,2552,R,7874,10689,9289,12098,7874,10689,9289,12098,22337,25708,24407,25032,39,-223,44,0.152941,-0.87451,0.172549,0,69,235000
2026-05-18T07:30:00.922+00:00,1779089400922697000,2553,R,7891,10682,9322,12096,7891,10682,9322,12096,22378,25787,24377,25013,48,-212,111,0.188235,-0.831373,0.435294,0,69,a35070
2026-05-18T07:30:00.922+00:00,1779089400922717000,2554,R,7891,10700,9336,12108,7891,10700,9336,12108,22379,25804,24397,25011,36,-227,114,0.141176,-0.890196,0.447059,0,69,b35070
2026-05-18T07:30:00.922+00:00,1779089400922737000,2555,R,7892,10689,9325,12098,7892,10689,9325,12098,22376,25799,24400,25016,47,-214,97,0.184314,-0.839216,0.380392,0,69,c35070
2026-05-18T07:30:01.072+00:00,1779089401072883000,2556,R,7896,10685,9324,12098,7896,10685,9324,12098,22377,25796,24388,25018,38,-224,101,0.14902,-0.878431,0.396078,0,69,d35070
2026-05-18T07:30:01.073+00:00,1779089401073017000,2557,R,7896,10688,9328,12100,7896,10688,9328,12100,22379,25802,24389,25016,15,-227,110,0.058824,-0.890196,0.431373,0,69,e35070
2026-05-18T07:30:01.073+00:00,1779089401073094000,2558,R,7894,10694,9332,12099,7894,10694,9332,12099,22383,25816,24400,25012,-2,-223,107,-0.007843,-0.87451,0.419608,0,69,f35070
2026-05-18T07:30:01.073+00:00,1779089401073162000,2559,R,7896,10692,9332,12097,7896,10692,9332,12097,22393,25828,24386,25001,-44,-208,53,-0.172549,-0.815686,0.207843,0,69,535120
2026-05-18T07:30:01.073+00:00,1779089401073234000,2560,R,7897,10684,9333,12102,7897,10684,9333,12102,22388,25820,24378,25007,-37,-208,32,-0.145098,-0.815686,0.12549,0,69,635120
2026-05-18T07:30:01.222+00:00,1779089401222369000,2561,R,7896,10671,9321,12090,7896,10671,9321,12090,22393,25806,24364,25003,-56,-224,30,-0.219608,-0.878431,0.117647,0,69,735120
2026-05-18T07:30:01.222+00:00,1779089401222401000,2562,R,7898,10684,9327,12101,7898,10684,9327,12101,22387,25806,24376,25010,-78,-235,28,-0.305882,-0.921569,0.109804,0,69,835120
2026-05-18T07:30:01.222+00:00,1779089401222417000,2563,R,7896,10693,9326,12101,7896,10693,9326,12101,22380,25806,24385,25008,-99,-242,25,-0.388235,-0.94902,0.098039,0,69,935120
2026-05-18T07:30:01.222+00:00,1779089401222431000,2564,R,7898,10641,9292,12090,7898,10641,9292,12090,22384,25730,24285,25003,-123,-194,-92,-0.482353,-0.760784,-0.360784,0,69,235200
2026-05-18T07:30:01.222+00:00,1779089401222444000,2565,R,7893,10634,9286,12094,7893,10634,9286,12094,22388,25722,24271,24998,-139,-194,-94,-0.545098,-0.760784,-0.368627,0,69,335200
2026-05-18T07:30:01.372+00:00,1779089401372982000,2566,R,7894,10629,9283,12084,7894,10629,9283,12084,22387,25711,24263,24995,-148,-191,-107,-0.580392,-0.74902,-0.419608,0,69,435200
2026-05-18T07:30:01.373+00:00,1779089401373044000,2567,R,7892,10621,9279,12081,7892,10621,9279,12081,22384,25698,24249,24987,-148,-193,-123,-0.580392,-0.756863,-0.482353,0,69,535200
2026-05-18T07:30:01.373+00:00,1779089401373078000,2568,R,7891,10609,9269,12073,7891,10609,9269,12073,22385,25684,24229,24984,-144,-194,-143,-0.564706,-0.760784,-0.560784,0,69,635200
2026-05-18T07:30:01.373+00:00,1779089401373097000,2569,R,7863,10567,9241,12047,7863,10567,9241,12047,22330,25620,24155,24958,-132,-184,-255,-0.517647,-0.721569,-1.0,0,69,e35270
2026-05-18T07:30:01.373+00:00,1779089401373154000,2570,R,7868,10569,9257,12042,7868,10569,9257,12042,22324,25630,24162,24959,-149,-182,-246,-0.584314,-0.713725,-0.964706,0,69,f35270
2026-05-18T07:30:01.523+00:00,1779089401523825000,2571,R,7859,10580,9248,12044,7859,10580,9248,12044,22317,25639,24173,24945,-174,-173,-240,-0.682353,-0.678431,-0.941176,0,69,035270
2026-05-18T07:30:01.523+00:00,1779089401523931000,2572,R,7852,10590,9247,12040,7852,10590,9247,12040,22312,25649,24191,24935,-170,-185,-256,-0.666667,-0.72549,-1.003922,0,69,135270
2026-05-18T07:30:01.523+00:00,1779089401523962000,2573,R,7848,10587,9247,12043,7848,10587,9247,12043,22302,25644,24190,24936,-141,-194,-273,-0.552941,-0.760784,-1.070588,0,69,235270
2026-05-18T07:30:01.523+00:00,1779089401523978000,2574,R,7844,10632,9283,12036,7844,10632,9283,12036,22288,25725,24270,24910,-106,-187,-190,-0.415686,-0.733333,-0.745098,0,69,a35340
2026-05-18T07:30:01.523+00:00,1779089401523992000,2575,R,7835,10629,9276,12021,7835,10629,9276,12021,22294,25739,24280,24909,-104,-177,-171,-0.407843,-0.694118,-0.670588,0,69,b35340
2026-05-18T07:30:01.524+00:00,1779089401524006000,2576,R,7848,10646,9297,12033,7848,10646,9297,12033,22296,25752,24287,24901,-97,-160,-162,-0.380392,-0.627451,-0.635294,0,69,c35340
2026-05-18T07:30:01.674+00:00,1779089401674050000,2577,R,7850,10646,9300,12032,7850,10646,9300,12032,22299,25764,24290,24893,-80,-158,-146,-0.313725,-0.619608,-0.572549,0,69,d35340
2026-05-18T07:30:01.674+00:00,1779089401674144000,2578,R,7850,10651,9306,12031,7850,10651,9306,12031,22303,25775,24296,24891,-83,-165,-124,-0.32549,-0.647059,-0.486275,0,69,e35340
2026-05-18T07:30:01.674+00:00,1779089401674184000,2579,R,7845,10688,9305,12051,7845,10688,9305,12051,22294,25773,24373,24922,-52,-238,-68,-0.203922,-0.933333,-0.266667,0,69,535400
2026-05-18T07:30:01.674+00:00,1779089401674220000,2580,R,7843,10689,9299,12057,7843,10689,9299,12057,22290,25760,24383,24936,-39,-248,-76,-0.152941,-0.972549,-0.298039,0,69,635400
2026-05-18T07:30:01.674+00:00,1779089401674256000,2581,R,7843,10690,9297,12063,7843,10690,9297,12063,22288,25746,24385,24955,-22,-257,-79,-0.086275,-1.007843,-0.309804,0,69,735400
2026-05-18T07:30:02.119+00:00,1779089402119650000,2582,R,7839,10692,9285,12069,7839,10692,9285,12069,22280,25726,24387,24957,-13,-272,-72,-0.05098,-1.066667,-0.282353,0,69,835400
2026-05-18T07:30:02.119+00:00,1779089402119757000,2583,R,7841,10694,9285,12072,7841,10694,9285,12072,22277,25710,24398,24973,-12,-285,-66,-0.047059,-1.117647,-0.258824,0,69,935400
2026-05-18T07:30:02.119+00:00,1779089402119789000,2584,R,7853,10707,9284,12101,7853,10707,9284,12101,22291,25699,24416,25014,12,-254,17,0.047059,-0.996078,0.066667,0,69,235480
2026-05-18T07:30:02.119+00:00,1779089402119818000,2585,R,7851,10710,9289,12097,7851,10710,9289,12097,22294,25711,24428,25011,5,-247,31,0.019608,-0.968627,0.121569,0,69,335480
2026-05-18T07:30:02.119+00:00,1779089402119844000,2586,R,7855,10716,9292,12098,7855,10716,9292,12098,22301,25720,24433,25012,1,-244,40,0.003922,-0.956863,0.156863,0,69,435480
2026-05-18T07:30:02.125+00:00,1779089402125089000,2587,R,7857,10716,9296,12100,7857,10716,9296,12100,22306,25732,24438,25010,-3,-239,49,-0.011765,-0.937255,0.192157,0,69,535480
2026-05-18T07:30:02.125+00:00,1779089402125134000,2588,R,7859,10720,9301,12098,7859,10720,9301,12098,22312,25742,24444,25010,-12,-229,58,-0.047059,-0.898039,0.227451,0,69,635480
2026-05-18T07:30:02.125+00:00,1779089402125163000,2589,R,7877,10752,9338,12107,7877,10752,9338,12107,22344,25837,24494,25004,-55,-200,67,-0.215686,-0.784314,0.262745,0,69,d35540
2026-05-18T07:30:02.125+00:00,1779089402125190000,2590,R,7878,10752,9340,12107,7878,10752,9340,12107,22350,25839,24489,25001,-68,-198,73,-0.266667,-0.776471,0.286275,0,69,e35540
2026-05-18T07:30:02.125+00:00,1779089402125216000,2591,R,7880,10752,9346,12107,7880,10752,9346,12107,22358,25853,24489,24997,-72,-187,63,-0.282353,-0.733333,0.247059,0,69,f35540
2026-05-18T07:30:02.424+00:00,1779089402424370000,2592,R,7881,10748,9346,12101,7881,10748,9346,12101,22361,25861,24483,24994,-82,-187,58,-0.321569,-0.733333,0.227451,0,69,035540
2026-05-18T07:30:02.424+00:00,1779089402424475000,2593,R,7880,10744,9348,12096,7880,10744,9348,12096,22365,25860,24474,24984,-91,-186,52,-0.356863,-0.729412,0.203922,0,69,135540
2026-05-18T07:30:02.424+00:00,1779089402424509000,2594,R,7867,10717,9322,12064,7867,10717,9322,12064,22346,25830,24438,24945,-159,-202,15,-0.623529,-0.792157,0.058824,0,69,835600
2026-05-18T07:30:02.424+00:00,1779089402424540000,2595,R,7866,10717,9320,12063,7866,10717,9320,12063,22342,25825,24438,24944,-169,-207,13,-0.662745,-0.811765,0.05098,0,69,935600
2026-05-18T07:30:02.424+00:00,1779089402424567000,2596,R,7865,10716,9321,12062,7865,10716,9321,12062,22340,25818,24440,24944,-178,-207,10,-0.698039,-0.811765,0.039216,0,69,a35600
2026-05-18T07:30:02.573+00:00,1779089402573236000,2597,R,7862,10716,9318,12060,7862,10716,9318,12060,22336,25813,24438,24942,-179,-207,4,-0.701961,-0.811765,0.015686,0,69,b35600
2026-05-18T07:30:02.573+00:00,1779089402573375000,2598,R,7862,10713,9314,12059,7862,10713,9314,12059,22334,25803,24440,24944,-168,-207,-8,-0.658824,-0.811765,-0.031373,0,69,c35600
2026-05-18T07:30:02.573+00:00,1779089402573449000,2599,R,7853,10671,9273,12058,7853,10671,9273,12058,22315,25706,24367,24951,-143,-224,-27,-0.560784,-0.878431,-0.105882,0,69,535680
2026-05-18T07:30:02.573+00:00,1779089402573517000,2600,R,7855,10663,9268,12053,7855,10663,9268,12053,22315,25697,24354,24951,-135,-224,-25,-0.529412,-0.878431,-0.098039,0,69,635680
2026-05-18T07:30:02.573+00:00,1779089402573582000,2601,R,7856,10656,9265,12056,7856,10656,9265,12056,22306,25677,24334,24948,-118,-219,-31,-0.462745,-0.858824,-0.121569,0,69,735680
2026-05-18T07:30:02.869+00:00,1779089402870046000,2602,R,7854,10645,9259,12055,7854,10645,9259,12055,22314,25672,24324,24958,-96,-218,-41,-0.376471,-0.854902,-0.160784,0,69,835680
2026-05-18T07:30:02.870+00:00,1779089402870208000,2603,R,7854,10634,9256,12055,7854,10634,9256,12055,22311,25656,24300,24957,-76,-212,-52,-0.298039,-0.831373,-0.203922,0,69,935680
2026-05-18T07:30:02.870+00:00,1779089402870283000,2604,R,7857,10622,9252,12055,7857,10622,9252,12055,22312,25646,24284,24965,-59,-203,-67,-0.231373,-0.796078,-0.262745,0,69,a35680
2026-05-18T07:30:02.870+00:00,1779089402870368000,2605,R,7861,10576,9237,12067,7861,10576,9237,12067,22314,25603,24188,24992,52,-223,-143,0.203922,-0.87451,-0.560784,0,68,135740
2026-05-18T07:30:02.870+00:00,1779089402870438000,2606,R,7862,10565,9235,12069,7862,10565,9235,12069,22317,25597,24172,24999,70,-219,-160,0.27451,-0.858824,-0.627451,0,68,235740
2026-05-18T07:30:02.875+00:00,1779089402875505000,2607,R,7866,10559,9238,12070,7866,10559,9238,12070,22314,25588,24152,25007,82,-221,-173,0.321569,-0.866667,-0.678431,0,68,335740
2026-05-18T07:30:02.875+00:00,1779089402875611000,2608,R,7864,10552,9237,12077,7864,10552,9237,12077,22321,25591,24140,25013,91,-227,-181,0.356863,-0.890196,-0.709804,0,68,435740
2026-05-18T07:30:02.875+00:00,1779089402875684000,2609,R,7867,10550,9236,12083,7867,10550,9236,12083,22322,25592,24137,25022,95,-239,-187,0.372549,-0.937255,-0.733333,0,68,535740
2026-05-18T07:30:02.875+00:00,1779089402875751000,2610,R,7857,10553,9243,12096,7857,10553,9243,12096,22295,25610,24148,25048,112,-251,-245,0.439216,-0.984314,-0.960784,0,68,c35800
2026-05-18T07:30:02.875+00:00,1779089402875818000,2611,R,7859,10554,9248,12098,7859,10554,9248,12098,22301,25612,24140,25052,105,-255,-236,0.411765,-1.0,-0.92549,0,68,d35800
2026-05-18T07:30:03.025+00:00,1779089403025544000,2612,R,7860,10560,9250,12098,7860,10560,9250,12098,22299,25618,24152,25048,105,-259,-228,0.411765,-1.015686,-0.894118,0,68,e35800
2026-05-18T07:30:03.025+00:00,1779089403025692000,2613,R,7858,10564,9254,12099,7858,10564,9254,12099,22296,25627,24157,25049,109,-247,-221,0.427451,-0.968627,-0.866667,0,68,f35800
2026-05-18T07:30:03.025+00:00,1779089403025766000,2614,R,7859,10566,9261,12097,7859,10566,9261,12097,22298,25642,24165,25047,110,-241,-203,0.431373,-0.945098,-0.796078,0,68,035800
2026-05-18T07:30:03.025+00:00,1779089403025834000,2615,R,7869,10661,9330,12098,7869,10661,9330,12098,22317,25798,24324,25005,80,-212,-54,0.313725,-0.831373,-0.211765,0,68,935880
2026-05-18T07:30:03.025+00:00,1779089403025897000,2616,R,7874,10665,9335,12099,7874,10665,9335,12099,22320,25811,24331,25009,82,-202,-33,0.321569,-0.792157,-0.129412,0,68,a35880
2026-05-18T07:30:03.175+00:00,1779089403175346000,2617,R,7874,10678,9343,12101,7874,10678,9343,12101,22326,25826,24340,25000,47,-221,16,0.184314,-0.866667,0.062745,0,68,b35880
2026-05-18T07:30:03.175+00:00,1779089403175378000,2618,R,7871,10707,9350,12102,7871,10707,9350,12102,22328,25852,24398,24998,24,-242,36,0.094118,-0.94902,0.141176,0,68,c35880
2026-05-18T07:30:03.175+00:00,1779089403175394000,2619,R,7873,10721,9351,12104,7873,10721,9351,12104,22334,25856,24434,25002,29,-231,31,0.113725,-0.905882,0.121569,0,68,d35880
2026-05-18T07:30:03.175+00:00,1779089403175408000,2620,R,7869,10745,9354,12090,7869,10745,9354,12090,22346,25882,24491,24978,-23,-194,124,-0.090196,-0.760784,0.486275,0,68,535950
2026-05-18T07:30:03.175+00:00,1779089403175422000,2621,R,7871,10752,9355,12088,7871,10752,9355,12088,22348,25888,24497,24976,-30,-192,132,-0.117647,-0.752941,0.517647,0,68,635950
