host_time_iso,host_time_unix_ns,sample_index,record_type,ir1,ir2,ir3,ir4,ir1_repeat,ir2_repeat,ir3_repeat,ir4_repeat,red1,red2,red3,red4,accel_x_raw,accel_y_raw,accel_z_raw,accel_x_g,accel_y_g,accel_z_g,reserved,heart_rate,debug,host_time,elapsed_s_host,elapsed_s_sample,elapsed_s,ir_mean,red_mean,ir_ac_pct,red_ac_pct,accel_mag_g,accel_dynamic_g
2026-05-22T02:37:45.500+00:00,1779417465501939000,1,R,7482,7763,8994,10194,7482,7763,8994,10194,19095,23410,18433,22074,-126,-219,-15,-0.494118,-0.858824,-0.058824,1,255,e00,2026-05-22 02:37:45.500000+00:00,0.0,0.0,0.0,8608.25,20753.0,-0.10444167222721866,-0.03612629753618651,0.992568145708898,-0.00906040947161424
2026-05-22T02:37:45.502+00:00,1779417465502210000,2,R,7485,7765,8991,10194,7485,7765,8991,10194,19095,23405,18432,22079,-128,-220,-16,-0.501961,-0.862745,-0.062745,1,255,f00,2026-05-22 02:37:45.502000+00:00,0.002,0.03333333333333333,0.002,8608.75,20752.75,-0.11312873469861345,-0.043950751076191334,1.000115351132558,-0.0014711974140182438
2026-05-22T02:37:45.502+00:00,1779417465502346000,3,R,7487,7765,8992,10196,7487,7765,8992,10196,19098,23403,18431,22079,-127,-221,-16,-0.498039,-0.866667,-0.062745,1,255,000,2026-05-22 02:37:45.502000+00:00,0.002,0.06666666666666667,0.002,8610.0,20752.75,-0.11311232924388759,-0.05057011787653667,1.00154454191264,-8.401326787210728e-05
2026-05-22T02:37:45.502+00:00,1779417465502410000,4,R,7486,7766,8991,10195,7486,7766,8991,10195,19097,23400,18429,22078,-125,-222,-17,-0.490196,-0.870588,-0.066667,1,255,100,2026-05-22 02:37:45.502000+00:00,0.002,0.1,0.002,8609.5,20751.0,-0.12760280726175977,-0.06020179642160522,1.001329153200385,-0.0004107166500890713
2026-05-22T02:37:45.502+00:00,1779417465502452000,5,R,7485,7761,8989,10194,7485,7761,8989,10194,19093,23401,18426,22081,-126,-223,-16,-0.494118,-0.87451,-0.062745,1,255,200,2026-05-22 02:37:45.502000+00:00,0.002,0.13333333333333333,0.002,8607.25,20750.25,-0.1623894446860954,-0.06501715730540003,1.0064081046220763,0.00455692010164066
2026-05-22T02:37:45.502+00:00,1779417465502491000,6,R,7487,7761,8991,10195,7487,7761,8991,10195,19098,23399,18428,22082,-125,-225,-18,-0.490196,-0.882353,-0.070588,1,255,300,2026-05-22 02:37:45.502000+00:00,0.002,0.16666666666666666,0.002,8608.5,20751.75,-0.1493381276188543,-0.058394687889423334,1.0118406993044904,0.010100829454016358
2026-05-22T02:37:45.650+00:00,1779417465650815000,7,R,7486,7759,8991,10195,7486,7759,8991,10195,19101,23403,18421,22082,-127,-224,-17,-0.498039,-0.878431,-0.066667,1,255,400,2026-05-22 02:37:45.650000+00:00,0.15,0.2,0.15,8607.75,20751.75,-0.15948500840920954,-0.05899633981891736,1.0119922708059583,0.010141086285522682
2026-05-22T02:37:45.650+00:00,1779417465650971000,8,R,7484,7758,8992,10193,7484,7758,8992,10193,19096,23403,18416,22086,-126,-223,-18,-0.494118,-0.87451,-0.070588,1,255,500,2026-05-22 02:37:45.650000+00:00,0.15,0.23333333333333334,0.15,8606.75,20750.25,-0.18121457255106627,-0.0770480948654668,1.0069275067093957,0.0051876368589216515
2026-05-22T02:37:45.651+00:00,1779417465651060000,9,R,7488,7757,8993,10197,7488,7757,8993,10197,19097,23403,18417,22082,-128,-218,-18,-0.501961,-0.854902,-0.070588,1,255,600,2026-05-22 02:37:45.651000+00:00,0.151,0.26666666666666666,0.151,8608.75,20749.75,-0.1681500594323486,-0.09028095432987457,0.993883766277023,-0.007744788903489175
2026-05-22T02:37:45.651+00:00,1779417465651133000,10,R,7491,7757,8992,10195,7491,7757,8992,10195,19095,23407,18416,22084,-129,-219,-17,-0.505882,-0.858824,-0.066667,1,255,700,2026-05-22 02:37:45.651000+00:00,0.151,0.3,0.151,8608.75,20750.5,-0.1710442395778976,-0.0920815854884236,0.9989693437683661,-0.0026592114121460897
2026-05-22T02:37:45.651+00:00,1779417465651199000,11,R,7490,7757,8994,10198,7490,7757,8994,10198,19097,23407,18412,22084,-131,-221,-16,-0.513725,-0.866667,-0.062745,1,255,800,2026-05-22 02:37:45.651000+00:00,0.151,0.3333333333333333,0.151,8609.75,20750.0,-0.16234236845919697,-0.0999000999000999,1.009436476227702,0.0078079210471897476
2026-05-22T02:37:45.800+00:00,1779417465800848000,12,R,7495,7759,8996,10196,7495,7759,8996,10196,19102,23404,18416,22086,-131,-219,-16,-0.513725,-0.858824,-0.062745,1,255,900,2026-05-22 02:37:45.800000+00:00,0.3,0.36666666666666664,0.3,8611.5,20752.0,-0.14928618015798245,-0.09147368927832074,1.0027108125606305,0.0011242640140542992
2026-05-22T02:37:45.800+00:00,1779417465800991000,13,R,7496,7758,8999,10200,7496,7758,8999,10200,19111,23405,18415,22094,-131,-220,-16,-0.513725,-0.862745,-0.062745,1,255,a00,2026-05-22 02:37:45.800000+00:00,0.3,0.4,0.3,8613.25,20756.25,-0.13623188405797101,-0.07221520129987362,1.0060711931444017,0.004526651231761658
2026-05-22T02:37:45.801+00:00,1779417465801067000,14,R,7499,7756,9001,10204,7499,7756,9001,10204,19112,23409,18412,22096,-129,-220,-17,-0.505882,-0.862745,-0.066667,1,255,b00,2026-05-22 02:37:45.801000+00:00,0.301,0.43333333333333335,0.301,8615.0,20757.25,-0.12462684404254702,-0.07341436996028403,1.0023422678097538,0.0009054202532412514
2026-05-22T02:37:45.801+00:00,1779417465801134000,15,R,7501,7754,9000,10205,7501,7754,9000,10205,19116,23407,18410,22097,-126,-221,-16,-0.494118,-0.866667,-0.062745,1,255,c00,2026-05-22 02:37:45.801000+00:00,0.301,0.4666666666666667,0.301,8615.0,20757.5,-0.13331014895960122,-0.0782237198387388,0.9996005311313114,-0.0019440107813286645
2026-05-22T02:37:45.801+00:00,1779417465801199000,16,R,7505,7757,9000,10207,7505,7757,9000,10207,19121,23413,18408,22100,-127,-218,-17,-0.498039,-0.854902,-0.066667,1,255,d00,2026-05-22 02:37:45.801000+00:00,0.301,0.5,0.301,8617.25,20760.5,-0.1159117911269524,-0.06739031023610677,0.9916374155980603,-0.00994913294851596
2026-05-22T02:37:45.949+00:00,1779417465949367000,17,R,7511,7756,9010,10208,7511,7756,9010,10208,19123,23414,18409,22107,-130,-219,-16,-0.509804,-0.858824,-0.062745,1,255,e00,2026-05-22 02:37:45.949000+00:00,0.449,0.5333333333333333,0.449,8621.25,20763.25,-0.0782336578581363,-0.05776103777331199,1.0007076078540624,-0.0009209473264497614
2026-05-22T02:37:45.949+00:00,1779417465949500000,18,R,7508,7759,9003,10209,7508,7759,9003,10209,19127,23414,18411,22103,-129,-220,-17,-0.505882,-0.862745,-0.066667,1,255,f00,2026-05-22 02:37:45.949000+00:00,0.449,0.5666666666666667,0.449,8619.75,20763.75,-0.09996088487113738,-0.061968678743539916,1.0023422678097538,0.0007137126292415807
2026-05-22T02:37:45.949+00:00,1779417465949578000,19,R,7511,7758,9006,10211,7511,7758,9006,10211,19130,23417,18406,22103,-130,-222,-16,-0.509804,-0.870588,-0.062745,1,255,000,2026-05-22 02:37:45.949000+00:00,0.449,0.6,0.449,8621.5,20764.0,-0.08402143995364335,-0.06737895851381269,1.0108217049435573,0.009193149763045083
2026-05-22T02:37:45.949+00:00,1779417465949646000,20,R,7513,7760,9007,10213,7513,7760,9007,10213,19130,23423,18412,22109,-131,-221,-16,-0.513725,-0.866667,-0.062745,1,255,100,2026-05-22 02:37:45.949000+00:00,0.449,0.6333333333333333,0.449,8623.25,20768.5,-0.07387343018960847,-0.046322755301549105,1.009436476227702,0.0078079210471897476
2026-05-22T02:37:45.949+00:00,1779417465949709000,21,R,7512,7760,9011,10212,7512,7760,9011,10212,19135,23423,18415,22110,-131,-220,-14,-0.513725,-0.862745,-0.054902,1,255,200,2026-05-22 02:37:45.949000+00:00,0.449,0.6666666666666666,0.449,8623.75,20770.75,-0.07821099588668096,-0.036095436333666214,1.0056125199369785,0.0039839647564663405
2026-05-22T02:37:45.949+00:00,1779417465949773000,22,R,7513,7758,9012,10217,7513,7758,9012,10217,19137,23424,18413,22111,-131,-219,-13,-0.513725,-0.858824,-0.05098,1,255,300,2026-05-22 02:37:45.949000+00:00,0.449,0.7,0.449,8625.0,20771.25,-0.07530556681920872,-0.03970259149642677,1.0020434117347412,0.00045686318816495763
2026-05-22T02:37:46.099+00:00,1779417466099527000,23,R,7514,7761,9014,10217,7514,7761,9014,10217,19138,23431,18415,22111,-130,-221,-13,-0.509804,-0.866667,-0.05098,1,255,400,2026-05-22 02:37:46.099000+00:00,0.599,0.7333333333333333,0.599,8626.5,20773.75,-0.06950477845351868,-0.0336850209929863,1.0067823834896001,0.005237841576960056
2026-05-22T02:37:46.099+00:00,1779417466099662000,24,R,7515,7763,9016,10218,7515,7763,9016,10218,19137,23431,18416,22117,-130,-220,-13,-0.509804,-0.862745,-0.05098,1,255,500,2026-05-22 02:37:46.099000+00:00,0.599,0.7666666666666667,0.599,8628.0,20775.25,-0.04923397723652582,-0.027669505798566,1.0034081990102532,0.0019713514537407217
2026-05-22T02:37:46.099+00:00,1779417466099734000,25,R,7518,7763,9016,10218,7518,7763,9016,10218,19143,23436,18419,22115,-129,-220,-14,-0.505882,-0.862745,-0.054902,1,255,600,2026-05-22 02:37:46.099000+00:00,0.599,0.8,0.599,8628.75,20778.25,-0.03765060240963856,-0.01443609022556391,1.0016285551805122,8.401326787210728e-05
2026-05-22T02:37:46.099+00:00,1779417466099805000,26,R,7518,7764,9019,10221,7518,7764,9019,10221,19143,23440,18412,22117,-127,-221,-15,-0.498039,-0.866667,-0.058824,1,255,700,2026-05-22 02:37:46.099000+00:00,0.599,0.8333333333333334,0.599,8630.5,20778.0,-0.011585471818339802,-0.014436263894904,1.0013065451628687,-0.0001303023936438663
2026-05-22T02:37:46.099+00:00,1779417466099871000,27,R,7520,7766,9020,10224,7520,7766,9020,10224,19146,23443,18415,22121,-125,-222,-16,-0.490196,-0.870588,-0.062745,1,255,800,2026-05-22 02:37:46.099000+00:00,0.599,0.8666666666666667,0.599,8632.5,20781.25,0.01737921445950643,0.00240607292807045,1.001075681047642,-0.00046886086499808854
2026-05-22T02:37:46.249+00:00,1779417466249288000,28,R,7522,7764,9023,10227,7522,7764,9023,10227,19141,23445,18413,22124,-124,-222,-16,-0.486275,-0.870588,-0.062745,1,255,900,2026-05-22 02:37:46.249000+00:00,0.749,0.9,0.749,8634.0,20780.75,0.03765605538336761,0.0060155441661252675,0.9991615366866361,-0.0024250118599401516
2026-05-22T02:37:46.249+00:00,1779417466249414000,29,R,7524,7764,9022,10225,7524,7764,9022,10225,19150,23446,18415,22123,-124,-222,-15,-0.486275,-0.870588,-0.058824,1,255,a00,2026-05-22 02:37:46.249000+00:00,0.749,0.9333333333333333,0.749,8633.75,20783.5,0.0376571461676612,0.02526680543356635,0.9989229721780354,-0.002705583002476808
2026-05-22T02:37:46.249+00:00,1779417466249487000,30,R,7525,7767,9024,10227,7525,7767,9024,10227,19152,23453,18419,22125,-124,-221,-15,-0.486275,-0.866667,-0.058824,1,255,b00,2026-05-22 02:37:46.249000+00:00,0.749,0.9666666666666667,0.749,8635.75,20787.25,0.06083077457852963,0.04391637840276733,0.9955075727938989,-0.006120982386613294
2026-05-22T02:37:46.249+00:00,1779417466249554000,31,R,7525,7768,9023,10229,7525,7768,9023,10229,19152,23449,18420,22127,-127,-221,-14,-0.498039,-0.866667,-0.054902,1,255,c00,2026-05-22 02:37:46.249000+00:00,0.749,1.0,0.749,8636.25,20787.0,0.06662418168124674,0.04331504475887958,1.0010837947015225,-0.0005447604789896587
2026-05-22T02:37:46.249+00:00,1779417466249617000,32,R,7527,7766,9026,10232,7527,7766,9026,10232,19152,23456,18422,22129,-128,-220,-14,-0.501961,-0.862745,-0.054902,1,255,d00,2026-05-22 02:37:46.249000+00:00,0.749,1.0333333333333334,0.749,8637.75,20789.75,0.08400440298939807,0.05655019732409279,0.999653945198037,-0.0019746099824752283
2026-05-22T02:37:46.399+00:00,1779417466399377000,33,R,7529,7768,9030,10231,7529,7768,9030,10231,19150,23455,18423,22128,-130,-220,-14,-0.509804,-0.862745,-0.054902,1,255,e00,2026-05-22 02:37:46.399000+00:00,0.899,1.0666666666666667,0.899,8639.5,20789.0,0.10428132784890794,0.052940610260852825,1.0036151070231059,0.0017639225026702121
2026-05-22T02:37:46.399+00:00,1779417466399465000,34,R,7530,7770,9028,10233,7530,7770,9028,10233,19155,23456,18424,22132,-129,-220,-15,-0.505882,-0.862745,-0.058824,1,255,f00,2026-05-22 02:37:46.399000+00:00,0.899,1.1,0.899,8640.25,20791.75,0.1129714385029836,0.06617576282606603,1.0018511845204356,0.0
2026-05-22T02:37:46.399+00:00,1779417466399498000,35,R,7529,7771,9031,10234,7529,7771,9031,10234,19158,23456,18425,22135,-130,-220,-14,-0.509804,-0.862745,-0.054902,1,255,000,2026-05-22 02:37:46.399000+00:00,0.899,1.1333333333333333,0.899,8641.25,20793.5,0.12455825270841782,0.07459813264029262,1.0036151070231059,0.0017639225026702121
2026-05-22T02:37:46.399+00:00,1779417466399526000,36,R,7529,7775,9028,10236,7529,7775,9028,10236,19158,23457,18427,22134,-129,-220,-14,-0.505882,-0.862745,-0.054902,1,255,100,2026-05-22 02:37:46.399000+00:00,0.899,1.1666666666666667,0.899,8642.0,20794.0,0.1332483633624935,0.07700452401578593,1.0016285551805122,-0.00022262933992345246
2026-05-22T02:37:46.399+00:00,1779417466399552000,37,R,7530,7774,9032,10236,7530,7774,9032,10236,19159,23463,18426,22137,-129,-221,-14,-0.505882,-0.866667,-0.054902,1,255,200,2026-05-22 02:37:46.399000+00:00,0.899,1.2,0.899,8643.0,20796.25,0.1448351775679277,0.08783328520550582,1.0050087145975404,0.003157530077104731
2026-05-22T02:37:46.399+00:00,1779417466399578000,38,R,7535,7777,9034,10239,7535,7777,9034,10239,19158,23462,18430,22140,-127,-221,-14,-0.498039,-0.866667,-0.054902,1,255,300,2026-05-22 02:37:46.399000+00:00,0.899,1.2333333333333334,0.899,8646.25,20797.5,0.1824923237355889,0.0938492636442391,1.0010837947015225,-0.0007673898189131112
2026-05-22T02:37:46.551+00:00,1779417466551776000,39,R,7535,7776,9035,10242,7535,7776,9035,10242,19164,23462,18431,22140,-126,-221,-15,-0.494118,-0.866667,-0.058824,1,255,400,2026-05-22 02:37:46.551000+00:00,1.051,1.2666666666666666,1.051,8647.0,20799.25,0.19118243438966456,0.10227163345846568,0.9993620714180621,-0.0024891131023735413
2026-05-22T02:37:46.551+00:00,1779417466551931000,40,R,7536,7776,9036,10240,7536,7776,9036,10240,19165,23466,18430,22142,-126,-221,-14,-0.494118,-0.866667,-0.054902,1,255,500,2026-05-22 02:37:46.551000+00:00,1.051,1.3,1.051,8647.0,20800.75,0.19118243438966456,0.10949080758494562,0.999138887451089,-0.002712297069346614
2026-05-22T02:37:46.551+00:00,1779417466552006000,41,R,7537,7778,9038,10244,7537,7778,9038,10244,19165,23467,18432,22146,-125,-220,-15,-0.490196,-0.862745,-0.058824,1,255,600,2026-05-22 02:37:46.551000+00:00,1.051,1.3333333333333333,1.051,8649.25,20802.5,0.21725276635189156,0.1179131773991722,0.9940227947170025,-0.007828389803433145
2026-05-22T02:37:46.552+00:00,1779417466552105000,42,R,7538,7780,9039,10244,7538,7780,9039,10244,19170,23472,18432,22147,-126,-221,-14,-0.494118,-0.866667,-0.054902,1,255,700,2026-05-22 02:37:46.552000+00:00,1.052,1.3666666666666667,1.052,8650.25,20805.25,0.22883958055732576,0.1311483299643854,0.999138887451089,-0.0024896677294231617
2026-05-22T02:37:46.552+00:00,1779417466552172000,43,R,7540,7781,9042,10247,7540,7781,9042,10247,19174,23471,18436,22151,-127,-220,-14,-0.498039,-0.862745,-0.054902,1,255,800,2026-05-22 02:37:46.552000+00:00,1.052,1.4,1.052,8652.5,20808.0,0.25490991251955275,0.14438348252959862,0.997690337805273,-0.003938217375239139
2026-05-22T02:37:46.700+00:00,1779417466700654000,44,R,7539,7780,9039,10247,7539,7780,9039,10247,19168,23468,18433,22147,-128,-220,-15,-0.501961,-0.862745,-0.058824,1,255,900,2026-05-22 02:37:46.700000+00:00,1.2,1.4333333333333333,1.2,8651.25,20804.0,0.24042639476275998,0.12513235152565214,0.9998770141982463,-0.0014295309646223942
2026-05-22T02:37:46.700+00:00,1779417466700767000,45,R,7538,7778,9040,10245,7538,7778,9040,10245,19169,23474,18432,22146,-129,-220,-15,-0.505882,-0.862745,-0.058824,1,255,a00,2026-05-22 02:37:46.700000+00:00,1.2,1.4666666666666666,1.2,8650.25,20805.25,0.22883958055732576,0.1311483299643854,1.0018511845204356,0.0007673898189131112
2026-05-22T02:37:46.700+00:00,1779417466700833000,46,R,7538,7777,9039,10242,7538,7777,9039,10242,19171,23470,18432,22143,-128,-221,-15,-0.501961,-0.866667,-0.058824,1,255,b00,2026-05-22 02:37:46.700000+00:00,1.2,1.5,1.2,8649.0,20804.0,0.214356062800533,0.12513235152565214,1.0032630748642153,0.001956529701346632
2026-05-22T02:37:46.700+00:00,1779417466700896000,47,R,7534,7772,9035,10237,7534,7772,9035,10237,19166,23463,18425,22137,-128,-222,-15,-0.501961,-0.870588,-0.058824,1,255,c00,2026-05-22 02:37:46.700000+00:00,1.2,1.5333333333333334,1.2,8644.5,20797.75,0.16221539887607903,0.09505245933198575,1.0066521614942274,0.005345616331358771
2026-05-22T02:37:46.701+00:00,1779417466701192000,48,R,7531,7772,9032,10233,7531,7772,9032,10233,19163,23465,18423,22132,-129,-223,-14,-0.505882,-0.87451,-0.054902,1,255,d00,2026-05-22 02:37:46.701000+00:00,1.201,1.5666666666666667,1.201,8642.0,20795.75,0.12744757270304716,0.0854268938300125,1.0117799007827741,0.010235358870134048
2026-05-22T02:37:46.851+00:00,1779417466851757000,49,R,7531,7768,9030,10232,7531,7768,9030,10232,19159,23460,18418,22128,-128,-222,-16,-0.501961,-0.870588,-0.062745,1,255,e00,2026-05-22 02:37:46.851000+00:00,1.351,1.6,1.351,8640.25,20791.25,0.10427226647356988,0.06256542297835477,1.0068888947098384,0.0053443527971983595
2026-05-22T02:37:46.851+00:00,1779417466851900000,50,R,7529,7767,9028,10225,7529,7767,9028,10225,19158,23455,18419,22125,-128,-220,-16,-0.501961,-0.862745,-0.062745,1,255,f00,2026-05-22 02:37:46.851000+00:00,1.351,1.6333333333333333,1.351,8637.25,20789.25,0.06082020389249305,0.04932864911689687,1.000115351132558,-0.0014291907800820791
2026-05-22T02:37:46.851+00:00,1779417466851975000,51,R,7529,7764,9026,10225,7529,7764,9026,10225,19158,23454,18415,22122,-128,-219,-16,-0.501961,-0.858824,-0.062745,1,255,000,2026-05-22 02:37:46.851000+00:00,1.351,1.6666666666666667,1.351,8636.0,20787.25,0.040544454097885894,0.03729637382997666,0.9967348912935676,-0.004809650619072459
2026-05-22T02:37:46.852+00:00,1779417466852040000,52,R,7526,7765,9024,10224,7526,7765,9024,10224,19155,23449,18415,22119,-128,-220,-16,-0.501961,-0.862745,-0.062745,1,255,100,2026-05-22 02:37:46.852000+00:00,1.352,1.7,1.352,8634.75,20784.5,0.023167588543627465,0.018045546960528375,1.000115351132558,-0.0014291907800820791
2026-05-22T02:37:46.852+00:00,1779417466852178000,53,R,7524,7765,9022,10220,7524,7765,9022,10220,19152,23446,18416,22115,-127,-220,-16,-0.498039,-0.862745,-0.062745,1,255,200,2026-05-22 02:37:46.852000+00:00,1.352,1.7333333333333334,1.352,8632.75,20782.25,0.0,0.00481203007518797,0.9981526514371436,-0.003391890475496484
2026-05-22T02:37:46.999+00:00,1779417466999676000,54,R,7524,7765,9021,10218,7524,7765,9021,10218,19151,23449,18414,22113,-128,-220,-16,-0.501961,-0.862745,-0.062745,1,255,300,2026-05-22 02:37:46.999000+00:00,1.499,1.7666666666666666,1.499,8632.0,20781.75,-0.01447890423652738,0.00120299304670019,1.000115351132558,-0.0014291907800820791
2026-05-22T02:37:46.999+00:00,1779417466999815000,55,R,7524,7763,9020,10215,7524,7763,9020,10215,19149,23450,18414,22115,-129,-221,-16,-0.505882,-0.866667,-0.062745,1,255,400,2026-05-22 02:37:46.999000+00:00,1.499,1.8,1.499,8630.5,20782.0,-0.037642970899087885,0.0012029785749515802,1.0054676632483017,0.003923121335661639
2026-05-22T02:37:46.999+00:00,1779417466999890000,56,R,7523,7765,9022,10214,7523,7765,9022,10214,19148,23442,18410,22110,-130,-219,-16,-0.509804,-0.858824,-0.062745,1,255,500,2026-05-22 02:37:46.999000+00:00,1.499,1.8333333333333333,1.499,8631.0,20777.5,-0.03474635163307853,-0.020450635774176863,1.0007076078540624,-0.0008369340585776541
2026-05-22T02:37:46.999+00:00,1779417466999956000,57,R,7521,7764,9019,10214,7521,7764,9019,10214,19145,23442,18413,22111,-131,-219,-17,-0.513725,-0.858824,-0.066667,1,255,600,2026-05-22 02:37:46.999000+00:00,1.499,1.8666666666666667,1.499,8629.5,20777.75,-0.06080083384000695,-0.02045038976036955,1.0029638714779312,0.0013353162974190091
2026-05-22T02:37:47.000+00:00,1779417467000019000,58,R,7519,7759,9021,10215,7519,7759,9021,10215,19144,23439,18414,22109,-132,-220,-16,-0.517647,-0.862745,-0.062745,1,255,700,2026-05-22 02:37:47+00:00,1.5,1.9,1.5,8628.5,20776.5,-0.07527504342790967,-0.027667841547474408,1.0080795041359585,0.006228319615522837
2026-05-22T02:37:47.000+00:00,1779417467000082000,59,R,7518,7760,9015,10212,7518,7760,9015,10212,19140,23438,18408,22104,-131,-221,-17,-0.513725,-0.866667,-0.066667,1,255,800,2026-05-22 02:37:47+00:00,1.5,1.9333333333333333,1.5,8626.25,20772.5,-0.11000781634484555,-0.052926600428224314,1.0096878494876522,0.007836664967216578
2026-05-22T02:37:47.149+00:00,1779417467149426000,60,R,7517,7760,9013,10210,7517,7760,9013,10210,19135,23436,18409,22106,-129,-221,-18,-0.505882,-0.866667,-0.070588,1,255,900,2026-05-22 02:37:47.149000+00:00,1.649,1.9666666666666666,1.649,8625.0,20771.5,-0.12737378415933304,-0.05773810955806288,1.0059875508956362,0.0036452830858824115
2026-05-22T02:37:47.149+00:00,1779417467149567000,61,R,7517,7762,9015,10212,7517,7762,9015,10212,19136,23432,18408,22101,-128,-220,-17,-0.501961,-0.862745,-0.066667,1,255,a00,2026-05-22 02:37:47.149000+00:00,1.649,2.0,1.649,8626.5,20769.25,-0.11289622231871473,-0.06856400510019968,1.0003690666124179,-0.0019732011973359054
2026-05-22T02:37:47.149+00:00,1779417467149641000,62,R,7515,7763,9015,10211,7515,7763,9015,10211,19136,23434,18412,22103,-128,-222,-16,-0.501961,-0.870588,-0.062745,1,255,b00,2026-05-22 02:37:47.149000+00:00,1.649,2.033333333333333,1.649,8626.0,20771.25,-0.12157702773114108,-0.05894098684052253,1.0068888947098384,0.0045466269000846715
2026-05-22T02:37:47.149+00:00,1779417467149706000,63,R,7516,7764,9016,10214,7516,7764,9016,10214,19139,23435,18412,22105,-128,-222,-17,-0.501961,-0.870588,-0.066667,1,255,c00,2026-05-22 02:37:47.149000+00:00,1.649,2.066666666666667,1.649,8627.5,20772.75,-0.10420888091240664,-0.05172372314576467,1.0071409038232932,0.00479863601353947
2026-05-22T02:37:47.149+00:00,1779417467149769000,64,R,7516,7765,9017,10213,7516,7765,9017,10213,19138,23432,18413,22103,-127,-219,-17,-0.498039,-0.858824,-0.066667,1,255,d00,2026-05-22 02:37:47.149000+00:00,1.649,2.1,1.649,8627.75,20771.5,-0.1013141897759509,-0.05773810955806288,0.9950206014882305,-0.006830583032205184
2026-05-22T02:37:47.301+00:00,1779417467301934000,65,R,7516,7764,9015,10212,7516,7764,9015,10212,19138,23435,18412,22106,-128,-221,-17,-0.501961,-0.866667,-0.066667,1,255,e00,2026-05-22 02:37:47.301000+00:00,1.801,2.1333333333333333,1.801,8626.75,20772.75,-0.11289295432177386,-0.05172372314576467,1.003753467390773,0.0019022828703374461
2026-05-22T02:37:47.302+00:00,1779417467302074000,66,R,7518,7765,9018,10213,7518,7765,9018,10213,19140,23437,18414,22104,-129,-220,-17,-0.505882,-0.862745,-0.066667,1,255,f00,2026-05-22 02:37:47.302000+00:00,1.802,2.1666666666666665,1.802,8628.5,20773.75,-0.09263011636658369,-0.046912214015926094,1.0023422678097538,0.0007137126292415807
2026-05-22T02:37:47.302+00:00,1779417467302145000,67,R,7516,7763,9017,10213,7516,7763,9017,10213,19138,23435,18416,22104,-130,-221,-14,-0.509804,-0.866667,-0.054902,1,255,000,2026-05-22 02:37:47.302000+00:00,1.802,2.2,1.802,8627.25,20773.25,-0.10710357204886238,-0.04931796858084538,1.006988598202085,0.00536004302157278
2026-05-22T02:37:47.302+00:00,1779417467302210000,68,R,7515,7765,9017,10214,7515,7765,9017,10214,19137,23432,18415,22104,-131,-221,-14,-0.513725,-0.866667,-0.054902,1,255,100,2026-05-22 02:37:47.302000+00:00,1.802,2.2333333333333334,1.802,8627.75,20772.0,-0.1013141897759509,-0.0553323549931436,1.0089793328497865,0.007434790937146385
2026-05-22T02:37:47.302+00:00,1779417467302272000,69,R,7514,7765,9015,10214,7514,7765,9015,10214,19135,23430,18415,22100,-128,-220,-14,-0.501961,-0.862745,-0.054902,1,255,200,2026-05-22 02:37:47.302000+00:00,1.802,2.2666666666666666,1.802,8627.0,20770.0,-0.10999826318531812,-0.06495537325282075,0.999653945198037,-0.001890596714603121
2026-05-22T02:37:47.451+00:00,1779417467451757000,70,R,7513,7764,9015,10213,7513,7764,9015,10213,19134,23436,18415,22103,-127,-220,-15,-0.498039,-0.862745,-0.058824,1,255,300,2026-05-22 02:37:47.451000+00:00,1.951,2.3,1.951,8626.25,20772.0,-0.11868233659468534,-0.0553323549931436,0.9979138457412042,-0.0036306961714358543
2026-05-22T02:37:47.451+00:00,1779417467451888000,71,R,7517,7766,9016,10215,7517,7766,9016,10215,19134,23437,18418,22106,-127,-220,-15,-0.498039,-0.862745,-0.058824,1,255,400,2026-05-22 02:37:47.451000+00:00,1.951,2.3333333333333335,1.951,8628.5,20773.75,-0.09263011636658369,-0.046912214015926094,0.9979138457412042,-0.0036306961714358543
2026-05-22T02:37:47.451+00:00,1779417467451965000,72,R,7516,7766,9016,10214,7516,7766,9016,10214,19135,23434,18416,22106,-126,-219,-15,-0.494118,-0.858824,-0.058824,1,255,500,2026-05-22 02:37:47.451000+00:00,1.951,2.3666666666666667,1.951,8628.0,20772.75,-0.09841949863949516,-0.05172372314576467,0.992568145708898,-0.00906040947161424
2026-05-22T02:37:47.452+00:00,1779417467452031000,73,R,7517,7767,9016,10216,7517,7767,9016,10216,19135,23439,18417,22106,-128,-220,-14,-0.501961,-0.862745,-0.054902,1,255,600,2026-05-22 02:37:47.452000+00:00,1.952,2.4,1.952,8629.0,20774.25,-0.08684073409367221,-0.044506459451006807,0.999653945198037,-0.002197239322398681
2026-05-22T02:37:47.452+00:00,1779417467452094000,74,R,7516,7765,9020,10218,7516,7765,9020,10218,19135,23442,18417,22106,-127,-220,-15,-0.498039,-0.862745,-0.058824,1,255,700,2026-05-22 02:37:47.452000+00:00,1.952,2.433333333333333,1.952,8629.75,20775.0,-0.07815666068430499,-0.040897827603627875,0.9979138457412042,-0.003937338779231414
2026-05-22T02:37:47.452+00:00,1779417467452157000,75,R,7517,7768,9017,10220,7517,7768,9017,10220,19136,23436,18419,22109,-127,-219,-15,-0.498039,-0.858824,-0.058824,1,255,800,2026-05-22 02:37:47.452000+00:00,1.952,2.466666666666667,1.952,8630.5,20775.0,-0.06947258727493777,-0.040897827603627875,0.9945259028667881,-0.007325281653647542
2026-05-22T02:37:47.602+00:00,1779417467602077000,76,R,7516,7768,9019,10218,7516,7768,9019,10218,19137,23440,18422,22105,-127,-221,-16,-0.498039,-0.866667,-0.062745,1,255,900,2026-05-22 02:37:47.602000+00:00,2.102,2.5,2.102,8630.25,20776.0,-0.07236727841139351,-0.036086318473789306,1.00154454191264,-8.401326787210728e-05
2026-05-22T02:37:47.602+00:00,1779417467602232000,77,R,7518,7770,9018,10219,7518,7770,9018,10219,19138,23441,18421,22108,-126,-221,-17,-0.494118,-0.866667,-0.066667,1,255,a00,2026-05-22 02:37:47.602000+00:00,2.102,2.533333333333333,2.102,8631.25,20777.0,-0.06078851386557054,-0.03127480934395073,0.999854377248007,-0.0017741779325052276
2026-05-22T02:37:47.602+00:00,1779417467602306000,78,R,7517,7772,9020,10222,7517,7772,9020,10222,19137,23440,18422,22113,-128,-221,-17,-0.501961,-0.866667,-0.066667,1,255,b00,2026-05-22 02:37:47.602000+00:00,2.102,2.566666666666667,2.102,8632.75,20778.0,-0.043420367046836106,-0.026463300214112157,1.003753467390773,0.0021249122102608986
2026-05-22T02:37:47.602+00:00,1779417467602382000,79,R,7518,7774,9020,10221,7518,7774,9020,10221,19137,23441,18426,22112,-128,-221,-17,-0.501961,-0.866667,-0.066667,1,255,c00,2026-05-22 02:37:47.602000+00:00,2.102,2.6,2.102,8633.25,20779.0,-0.037630984773924625,-0.02165179108427358,1.003753467390773,0.0021249122102608986
2026-05-22T02:37:47.602+00:00,1779417467602445000,80,R,7520,7777,9024,10225,7520,7777,9024,10225,19141,23446,18425,22115,-129,-221,-16,-0.505882,-0.866667,-0.062745,1,255,d00,2026-05-22 02:37:47.602000+00:00,2.102,2.6333333333333333,2.102,8636.5,20781.75,0.0,-0.008420140977217504,1.0054676632483017,0.0038391080677895317
2026-05-22T02:37:47.751+00:00,1779417467751652000,81,R,7518,7776,9020,10226,7518,7776,9020,10226,19135,23443,18425,22115,-130,-221,-16,-0.509804,-0.866667,-0.062745,1,255,e00,2026-05-22 02:37:47.751000+00:00,2.251,2.6666666666666665,2.251,8635.0,20779.5,-0.017368146818734442,-0.019246036519354297,1.0074466449048307,0.00581808972431852
2026-05-22T02:37:47.751+00:00,1779417467751689000,82,R,7522,7778,9023,10229,7522,7778,9023,10229,19139,23443,18429,22115,-131,-220,-16,-0.513725,-0.862745,-0.062745,1,255,f00,2026-05-22 02:37:47.751000+00:00,2.251,2.7,2.251,8638.0,20781.5,0.0,-0.009623018259677148,1.0060711931444017,0.004442637963889551
2026-05-22T02:37:47.751+00:00,1779417467751704000,83,R,7521,7779,9025,10227,7521,7779,9025,10227,19143,23445,18429,22117,-131,-220,-17,-0.513725,-0.862745,-0.066667,1,255,000,2026-05-22 02:37:47.751000+00:00,2.251,2.7333333333333334,2.251,8638.0,20783.5,0.0,0.0,1.0063234070312586,0.003981139221504781
2026-05-22T02:37:47.751+00:00,1779417467751718000,84,R,7523,7778,9026,10231,7523,7778,9026,10231,19139,23447,18430,22119,-131,-219,-17,-0.513725,-0.858824,-0.066667,1,255,100,2026-05-22 02:37:47.751000+00:00,2.251,2.7666666666666666,2.251,8639.5,20783.75,0.0,0.0,1.0029638714779312,0.00042195551032442324
2026-05-22T02:37:47.751+00:00,1779417467751731000,85,R,7524,7779,9025,10232,7524,7779,9025,10232,19144,23448,18434,22123,-131,-220,-16,-0.513725,-0.862745,-0.062745,1,255,200,2026-05-22 02:37:47.751000+00:00,2.251,2.8,2.251,8640.0,20787.25,0.0,0.0,1.0060711931444017,0.003529277176794965
2026-05-22T02:37:47.902+00:00,1779417467902647000,86,R,7522,7780,9025,10233,7522,7780,9025,10233,19147,23452,18433,22123,-131,-220,-16,-0.513725,-0.862745,-0.062745,1,255,300,2026-05-22 02:37:47.902000+00:00,2.402,2.8333333333333335,2.402,8640.0,20788.75,0.0,0.004810525429640052,1.0060711931444017,0.00372892533464797
2026-05-22T02:37:47.902+00:00,1779417467902679000,87,R,7525,7781,9025,10233,7525,7781,9025,10233,19143,23450,18431,22128,-131,-222,-16,-0.513725,-0.870588,-0.062745,1,255,400,2026-05-22 02:37:47.902000+00:00,2.402,2.8666666666666667,2.402,8641.0,20788.0,0.0,0.001202631357410013,1.012804905395901,0.010462637586147183
2026-05-22T02:37:47.902+00:00,1779417467902695000,88,R,7527,7784,9031,10240,7527,7784,9031,10240,19145,23453,18437,22127,-130,-222,-16,-0.509804,-0.870588,-0.062745,1,255,500,2026-05-22 02:37:47.902000+00:00,2.402,2.9,2.402,8645.5,20790.5,0.017353077279037482,0.013228944931510144,1.0108217049435573,0.009193149763045083
2026-05-22T02:37:47.902+00:00,1779417467902709000,89,R,7527,7783,9030,10236,7527,7783,9030,10236,19144,23454,18438,22132,-129,-221,-15,-0.505882,-0.866667,-0.058824,1,255,600,2026-05-22 02:37:47.902000+00:00,2.402,2.933333333333333,2.402,8644.0,20792.0,-0.008675785881604442,0.020444733075970223,1.005230595330743,0.003602040150230801
2026-05-22T02:37:47.902+00:00,1779417467902722000,90,R,7529,7783,9030,10237,7529,7783,9030,10237,19150,23456,18440,22133,-129,-222,-15,-0.505882,-0.870588,-0.058824,1,255,700,2026-05-22 02:37:47.902000+00:00,2.402,2.966666666666667,2.402,8644.75,20794.75,-0.008675033254294142,0.03367367800748037,1.0086130708274605,0.00706852891482046
2026-05-22T02:37:47.902+00:00,1779417467902735000,91,R,7529,7783,9033,10238,7529,7783,9033,10238,19149,23456,18440,22130,-129,-220,-14,-0.505882,-0.862745,-0.054902,1,255,800,2026-05-22 02:37:47.902000+00:00,2.402,3.0,2.402,8645.75,20793.75,0.0,0.028863152577840313,1.0016285551805122,8.401326787210728e-05
2026-05-22T02:37:48.053+00:00,1779417468053310000,92,R,7531,7785,9033,10240,7531,7785,9033,10240,19151,23461,18442,22136,-128,-220,-14,-0.501961,-0.862745,-0.054902,1,255,900,2026-05-22 02:37:48.053000+00:00,2.553,3.033333333333333,2.553,8647.25,20797.5,0.0,0.04690262293899051,0.999653945198037,-0.0019746099824752283
2026-05-22T02:37:48.053+00:00,1779417468053479000,93,R,7530,7787,9031,10242,7530,7787,9031,10242,19148,23459,18443,22140,-123,-222,-15,-0.482353,-0.870588,-0.058824,1,255,a00,2026-05-22 02:37:48.053000+00:00,2.553,3.066666666666667,2.553,8647.5,20797.5,0.0,0.04690262293899051,0.9970196313659024,-0.004524910546737648
2026-05-22T02:37:48.053+00:00,1779417468053559000,94,R,7529,7789,9033,10244,7529,7789,9033,10244,19152,23460,18441,22137,-124,-220,-15,-0.486275,-0.862745,-0.058824,1,255,b00,2026-05-22 02:37:48.053000+00:00,2.553,3.1,2.553,8648.75,20797.5,0.0,0.04690262293899051,0.9920950426375489,-0.008988752063973648
2026-05-22T02:37:48.053+00:00,1779417468053625000,95,R,7530,7788,9037,10245,7530,7788,9037,10245,19151,23462,18442,22139,-124,-220,-16,-0.486275,-0.862745,-0.062745,1,255,c00,2026-05-22 02:37:48.053000+00:00,2.553,3.1333333333333333,2.553,8650.0,20798.5,0.0,0.051713148368630564,0.9923352486307235,-0.008748546070799001
2026-05-22T02:37:48.053+00:00,1779417468053688000,96,R,7533,7789,9036,10247,7533,7789,9036,10247,19154,23463,18445,22138,-124,-220,-15,-0.486275,-0.862745,-0.058824,1,255,d00,2026-05-22 02:37:48.053000+00:00,2.553,3.1666666666666665,2.553,8651.25,20800.0,0.0,0.05892893651309064,0.9920950426375489,-0.008988752063973648
2026-05-22T02:37:48.202+00:00,1779417468202169000,97,R,7535,7787,9039,10248,7535,7787,9039,10248,19158,23467,18451,22145,-126,-220,-16,-0.494118,-0.862745,-0.062745,1,255,e00,2026-05-22 02:37:48.202000+00:00,2.702,3.2,2.702,8652.25,20805.25,0.0,0.08418419501870092,0.9962020216672921,-0.004674341731304765
2026-05-22T02:37:48.202+00:00,1779417468202323000,98,R,7532,7790,9040,10249,7532,7790,9040,10249,19157,23467,18442,22142,-128,-220,-15,-0.501961,-0.862745,-0.058824,1,255,f00,2026-05-22 02:37:48.202000+00:00,2.702,3.2333333333333334,2.702,8652.75,20802.0,0.0,0.06854998737237075,0.9998770141982463,-0.0009993492003506077
2026-05-22T02:37:48.202+00:00,1779417468202397000,99,R,7536,7791,9039,10250,7536,7791,9039,10250,19154,23471,18449,22147,-128,-219,-14,-0.501961,-0.858824,-0.054902,1,255,000,2026-05-22 02:37:48.202000+00:00,2.702,3.2666666666666666,2.702,8654.0,20805.25,0.0,0.08418419501870092,0.9962719197593597,-0.004604443639237177
2026-05-22T02:37:48.202+00:00,1779417468202461000,100,R,7542,7789,9050,10252,7542,7789,9050,10252,19158,23473,18451,22148,-129,-218,-12,-0.505882,-0.854902,-0.047059,1,255,100,2026-05-22 02:37:48.202000+00:00,2.702,3.3,2.702,8658.25,20807.5,0.03177170585177055,0.09500787723539103,0.994479048049279,-0.006604746652243532
2026-05-22T02:37:48.202+00:00,1779417468202525000,101,R,7538,7796,9042,10250,7538,7796,9042,10250,19158,23472,18450,22148,-129,-219,-13,-0.505882,-0.858824,-0.05098,1,255,200,2026-05-22 02:37:48.202000+00:00,2.702,3.3333333333333335,2.702,8656.5,20807.0,0.00577634011090573,0.09139888397152203,0.9980452000285358,-0.0030385946729867275
2026-05-22T02:37:48.352+00:00,1779417468352315000,102,R,7538,7795,9043,10256,7538,7795,9043,10256,19157,23475,18450,22148,-130,-220,-13,-0.509804,-0.862745,-0.05098,1,255,300,2026-05-22 02:37:48.352000+00:00,2.852,3.3666666666666667,2.852,8658.0,20807.5,0.02310536044362292,0.09019301304792256,1.0034081990102532,0.002101653847384588
2026-05-22T02:37:48.352+00:00,1779417468352442000,103,R,7540,7796,9044,10256,7540,7796,9044,10256,19161,23472,18455,22153,-131,-220,-13,-0.513725,-0.862745,-0.05098,1,255,400,2026-05-22 02:37:48.352000+00:00,2.852,3.4,2.852,8659.0,20810.25,0.03176895306859206,0.10221751888017702,1.005406022982755,0.004099477819886399
2026-05-22T02:37:48.352+00:00,1779417468352521000,104,R,7539,7796,9045,10258,7539,7796,9045,10258,19164,23478,18458,22153,-129,-219,-14,-0.505882,-0.858824,-0.054902,1,255,500,2026-05-22 02:37:48.352000+00:00,2.852,3.433333333333333,2.852,8659.5,20813.25,0.03754512635379061,0.10942497775426277,0.9982532196311715,-0.0030533255316971264
2026-05-22T02:37:48.352+00:00,1779417468352589000,105,R,7544,7811,9051,10268,7544,7811,9051,10268,19148,23458,18452,22142,-130,-219,-14,-0.509804,-0.858824,-0.054902,1,255,b1970,2026-05-22 02:37:48.352000+00:00,2.852,3.466666666666667,2.852,8668.5,20800.0,0.1386241552590539,0.038476337052712584,1.000246475123007,-0.001060070039861749
2026-05-22T02:37:48.352+00:00,1779417468352652000,106,R,7547,7809,9052,10266,7547,7809,9052,10266,19151,23463,18455,22141,-130,-219,-14,-0.509804,-0.858824,-0.054902,1,255,c1970,2026-05-22 02:37:48.352000+00:00,2.852,3.5,2.852,8668.5,20802.5,0.12705746462604678,0.04207995190862639,1.000246475123007,-0.001060070039861749
2026-05-22T02:37:48.352+00:00,1779417468352716000,107,R,7545,7813,9055,10272,7545,7813,9055,10272,19151,23463,18456,22143,-131,-220,-15,-0.513725,-0.862745,-0.058824,1,255,d1970,2026-05-22 02:37:48.352000+00:00,2.852,3.533333333333333,2.852,8671.25,20803.25,0.15592965839854467,0.040875701799733107,1.005834267474518,0.004750472772995451
2026-05-22T02:37:48.502+00:00,1779417468502711000,108,R,7547,7816,9058,10273,7547,7816,9058,10273,19152,23464,18455,22144,-130,-220,-15,-0.509804,-0.862745,-0.058824,1,255,e1970,2026-05-22 02:37:48.502000+00:00,3.002,3.566666666666667,3.002,8673.5,20803.75,0.17902517902517903,0.04087471898630697,1.0038372957890138,0.0027535010874912835
2026-05-22T02:37:48.502+00:00,1779417468502761000,109,R,7547,7816,9057,10274,7547,7816,9057,10274,19152,23466,18457,22143,-129,-221,-15,-0.505882,-0.866667,-0.058824,1,255,f1970,2026-05-22 02:37:48.502000+00:00,3.002,3.6,3.002,8673.5,20804.5,0.17613259030404527,0.04327859392657065,1.005230595330743,0.0041468006292204596
2026-05-22T02:37:48.502+00:00,1779417468502777000,110,R,7555,7822,9067,10285,7555,7822,9067,10285,19165,23477,18461,22154,-126,-222,-14,-0.494118,-0.870588,-0.054902,1,255,72040,2026-05-22 02:37:48.502000+00:00,3.002,3.6333333333333333,3.002,8682.25,20814.25,0.2771922732653827,0.08896048471442482,1.0025419159676068,0.0014581212660842446
2026-05-22T02:37:48.502+00:00,1779417468502791000,111,R,7556,7825,9061,10288,7556,7825,9061,10288,19165,23477,18464,22158,-127,-221,-14,-0.498039,-0.866667,-0.054902,1,255,82040,2026-05-22 02:37:48.502000+00:00,3.002,3.6666666666666665,3.002,8682.5,20816.0,0.2771842697926893,0.09617234083477592,1.0010837947015225,0.0
2026-05-22T02:37:48.502+00:00,1779417468502804000,112,R,7555,7822,9065,10284,7555,7822,9065,10284,19167,23479,18464,22159,-127,-221,-14,-0.498039,-0.866667,-0.054902,1,255,92040,2026-05-22 02:37:48.502000+00:00,3.002,3.7,3.002,8681.5,20817.25,0.2627400028872528,0.094963336939536,1.0010837947015225,0.0
2026-05-22T02:37:48.651+00:00,1779417468651486000,113,R,7555,7819,9064,10280,7555,7819,9064,10280,19159,23475,18461,22160,-128,-223,-14,-0.501961,-0.87451,-0.054902,1,255,a2040,2026-05-22 02:37:48.651000+00:00,3.151,3.7333333333333334,3.151,8679.5,20813.75,0.23674789236632407,0.07813439115278278,1.0098251409154955,0.008741346213972934
2026-05-22T02:37:48.651+00:00,1779417468651548000,114,R,7555,7818,9063,10277,7555,7818,9063,10277,19163,23475,18461,22153,-128,-222,-14,-0.501961,-0.870588,-0.054902,1,255,b2040,2026-05-22 02:37:48.651000+00:00,3.151,3.7666666666666666,3.151,8678.25,20813.0,0.2165252035336913,0.0745281884841928,1.00643059416385,0.005346799462327523
2026-05-22T02:37:48.651+00:00,1779417468651581000,115,R,7541,7805,9045,10255,7541,7805,9045,10255,19146,23450,18439,22121,-129,-219,-14,-0.505882,-0.858824,-0.054902,1,255,22100,2026-05-22 02:37:48.651000+00:00,3.151,3.8,3.151,8661.5,20789.0,0.011546677443565615,-0.04567637089213165,0.9982532196311715,-0.0028305750703510046
2026-05-22T02:37:48.651+00:00,1779417468651608000,116,R,7539,7804,9045,10256,7539,7804,9045,10256,19141,23448,18439,22123,-130,-219,-14,-0.509804,-0.858824,-0.054902,1,255,32100,2026-05-22 02:37:48.651000+00:00,3.151,3.8333333333333335,3.151,8661.0,20787.75,0.0,-0.05168641969372791,1.000246475123007,-0.0008373195785156273
2026-05-22T02:37:48.651+00:00,1779417468651636000,117,R,7540,7800,9048,10254,7540,7800,9048,10254,19143,23447,18438,22123,-130,-219,-15,-0.509804,-0.858824,-0.058824,1,255,42100,2026-05-22 02:37:48.651000+00:00,3.151,3.8666666666666667,3.151,8660.5,20787.75,-0.005773005426625101,-0.05168641969372791,1.0004694120101825,-0.0004069513884144005
2026-05-22T02:37:48.801+00:00,1779417468802037000,118,R,7538,7802,9044,10250,7538,7802,9044,10250,19141,23444,18438,22120,-129,-219,-16,-0.505882,-0.858824,-0.062745,1,255,52100,2026-05-22 02:37:48.801000+00:00,3.301,3.9,3.301,8658.5,20785.75,-0.028865027133125505,-0.061302497776281946,0.9987152727003829,-0.0017541393097996183
2026-05-22T02:37:48.802+00:00,1779417468802192000,119,R,7536,7804,9042,10251,7536,7804,9042,10251,19140,23440,18437,22118,-129,-220,-15,-0.505882,-0.862745,-0.058824,1,255,62100,2026-05-22 02:37:48.802000+00:00,3.302,3.933333333333333,3.302,8658.25,20783.75,-0.03175152984643806,-0.07091857585883597,1.0018511845204356,0.0014050741851512338
2026-05-22T02:37:48.802+00:00,1779417468802270000,120,R,7533,7802,9040,10250,7533,7802,9040,10250,19133,23434,18436,22113,-128,-220,-15,-0.501961,-0.862745,-0.058824,1,255,f2180,2026-05-22 02:37:48.802000+00:00,3.302,3.966666666666667,3.302,8656.25,20779.0,-0.05484355155293846,-0.09375676130490179,0.9998770141982463,-0.00036946092476064507
2026-05-22T02:37:48.802+00:00,1779417468802337000,121,R,7534,7802,9037,10249,7534,7802,9037,10249,19134,23432,18438,22111,-127,-222,-15,-0.498039,-0.870588,-0.058824,1,255,02180,2026-05-22 02:37:48.802000+00:00,3.302,4.0,3.302,8655.5,20778.75,-0.06350305969287612,-0.09495877106522105,1.0047022316293521,0.004455756506345221
2026-05-22T02:37:48.802+00:00,1779417468802401000,122,R,7535,7802,9038,10249,7535,7802,9038,10249,19132,23435,18433,22113,-127,-222,-14,-0.498039,-0.870588,-0.054902,1,255,12180,2026-05-22 02:37:48.802000+00:00,3.302,4.033333333333333,3.302,8656.0,20778.25,-0.05773005426625101,-0.09736279058585956,1.0044802341853225,0.004233759062315601
2026-05-22T02:37:48.951+00:00,1779417468951966000,123,R,7534,7802,9038,10250,7534,7802,9038,10250,19132,23432,18433,22110,-127,-220,-14,-0.498039,-0.862745,-0.054902,1,255,22180,2026-05-22 02:37:48.951000+00:00,3.451,4.066666666666666,3.451,8656.0,20776.75,-0.05773005426625101,-0.10457484914777508,0.997690337805273,-0.002556137317733853
2026-05-22T02:37:48.952+00:00,1779417468952121000,124,R,7534,7800,9039,10252,7534,7800,9039,10252,19132,23434,18433,22113,-127,-221,-13,-0.498039,-0.866667,-0.05098,1,255,32180,2026-05-22 02:37:48.952000+00:00,3.452,4.1,3.452,8656.25,20778.0,-0.05484355155293846,-0.09856480034617882,1.0008763633985969,0.00043025306331245794
2026-05-22T02:37:48.952+00:00,1779417468952196000,125,R,7535,7803,9042,10250,7535,7803,9042,10250,19134,23431,18438,22113,-128,-219,-13,-0.501961,-0.858824,-0.05098,1,255,42180,2026-05-22 02:37:48.952000+00:00,3.452,4.133333333333334,3.452,8657.5,20779.0,-0.04041103798637571,-0.09375676130490179,0.996063486378755,-0.004405925631427499
2026-05-22T02:37:48.952+00:00,1779417468952261000,126,R,7537,7803,9041,10254,7537,7803,9041,10254,19133,23436,18439,22119,-126,-221,-15,-0.494118,-0.866667,-0.058824,1,255,b2240,2026-05-22 02:37:48.952000+00:00,3.452,4.166666666666667,3.452,8658.75,20781.75,-0.02886419396738346,-0.06852279284477784,0.9993620714180621,-0.0015142919805347654
2026-05-22T02:37:48.952+00:00,1779417468952325000,127,R,7533,7804,9039,10255,7533,7804,9039,10255,19136,23436,18439,22115,-126,-221,-16,-0.494118,-0.866667,-0.062745,1,255,c2240,2026-05-22 02:37:48.952000+00:00,3.452,4.2,3.452,8657.75,20781.5,-0.04329504127460602,-0.06972494710521254,0.9996005311313114,-0.001483263570211113
2026-05-22T02:37:49.101+00:00,1779417469101815000,128,R,7540,7804,9044,10258,7540,7804,9044,10258,19134,23436,18437,22118,-126,-222,-15,-0.494118,-0.870588,-0.058824,1,255,d2240,2026-05-22 02:37:49.101000+00:00,3.601,4.233333333333333,3.601,8661.5,20781.25,0.0,-0.07092710136564724,1.0027643425271962,0.0016805478256736173
2026-05-22T02:37:49.101+00:00,1779417469101935000,129,R,7539,7808,9043,10254,7539,7808,9043,10254,19135,23437,18439,22119,-126,-223,-16,-0.494118,-0.87451,-0.062745,1,255,e2240,2026-05-22 02:37:49.101000+00:00,3.601,4.266666666666667,3.601,8661.0,20782.5,-0.020201437187959942,-0.06491633006347375,1.0064081046220763,0.00510155945920765
2026-05-22T02:37:49.102+00:00,1779417469102015000,130,R,7540,7807,9046,10260,7540,7807,9046,10260,19141,23439,18442,22125,-128,-223,-15,-0.501961,-0.87451,-0.058824,1,255,f2240,2026-05-22 02:37:49.102000+00:00,3.602,4.3,3.602,8663.25,20786.75,0.0028858363153641924,-0.04447970763608386,1.0100459636061125,0.008555126499252275
2026-05-22T02:37:49.102+00:00,1779417469102081000,131,R,7546,7816,9053,10267,7546,7816,9053,10267,19147,23450,18451,22133,-129,-220,-14,-0.505882,-0.862745,-0.054902,1,255,72310,2026-05-22 02:37:49.102000+00:00,3.602,4.333333333333333,3.602,8670.5,20795.25,0.08368683808039708,-0.003606462781304097,1.0016285551805122,0.0
2026-05-22T02:37:49.102+00:00,1779417469102144000,132,R,7545,7814,9052,10269,7545,7814,9052,10269,19150,23449,18451,22133,-127,-221,-15,-0.498039,-0.866667,-0.058824,1,255,82310,2026-05-22 02:37:49.102000+00:00,3.602,4.366666666666666,3.602,8670.0,20795.75,0.017304031839418584,-0.001202154260434699,1.0013065451628687,-0.0005446393575669894
2026-05-22T02:37:49.102+00:00,1779417469102206000,133,R,7546,7813,9054,10272,7546,7813,9054,10272,19148,23450,18450,22134,-127,-220,-13,-0.498039,-0.862745,-0.05098,1,255,92310,2026-05-22 02:37:49.102000+00:00,3.602,4.4,3.602,8671.25,20795.5,0.031724058372267404,-0.002404308520869398,0.9974822008166361,-0.004146354363876115
2026-05-22T02:37:49.252+00:00,1779417469252594000,134,R,7549,7815,9055,10270,7549,7815,9055,10270,19148,23451,18451,22134,-126,-220,-14,-0.494118,-0.862745,-0.054902,1,255,a2310,2026-05-22 02:37:49.252000+00:00,3.752,4.433333333333334,3.752,8672.25,20796.0,0.025951557093425604,0.0,0.9957388023738957,-0.005752034732964595
2026-05-22T02:37:49.252+00:00,1779417469252745000,135,R,7549,7816,9054,10273,7549,7816,9054,10273,19150,23455,18454,22137,-127,-219,-13,-0.498039,-0.858824,-0.05098,1,255,b2310,2026-05-22 02:37:49.252000+00:00,3.752,4.466666666666667,3.752,8673.0,20799.0,0.028833400611268094,0.014425851125216388,0.9940927868649888,-0.007398050241871457
2026-05-22T02:37:49.252+00:00,1779417469252821000,136,R,7556,7820,9060,10279,7556,7820,9060,10279,19156,23459,18455,22145,-120,-223,-16,-0.470588,-0.87451,-0.062745,1,255,12360,2026-05-22 02:37:49.252000+00:00,3.752,4.5,3.752,8678.75,20803.75,0.08649272019605017,0.03726678207347567,0.9950667017185331,-0.006424135388327201
2026-05-22T02:37:49.252+00:00,1779417469252888000,137,R,7555,7821,9061,10280,7555,7821,9061,10280,19158,23459,18454,22147,-122,-223,-16,-0.478431,-0.87451,-0.062745,1,255,22360,2026-05-22 02:37:49.252000+00:00,3.752,4.533333333333333,3.752,8679.25,20804.5,0.09225890154245352,0.040873244854779764,0.9987997281167031,-0.0028288270638090474
2026-05-22T02:37:49.252+00:00,1779417469252952000,138,R,7554,7820,9062,10281,7554,7820,9062,10281,19165,23464,18455,22147,-123,-223,-15,-0.482353,-0.87451,-0.058824,1,255,32360,2026-05-22 02:37:49.252000+00:00,3.752,4.566666666666666,3.752,8679.25,20807.75,0.08071723024589927,0.05650125024043085,1.0004461103352844,-0.0011824448452277814
2026-05-22T02:37:49.402+00:00,1779417469402406000,139,R,7559,7821,9063,10282,7559,7821,9063,10282,19166,23464,18458,22150,-126,-223,-15,-0.494118,-0.87451,-0.058824,1,255,42360,2026-05-22 02:37:49.402000+00:00,3.902,4.6,3.902,8681.25,20809.5,0.10377929603044193,0.06491633006347375,1.0061712582855864,0.004542703105074208
2026-05-22T02:37:49.402+00:00,1779417469402509000,140,R,7559,7824,9062,10285,7559,7824,9062,10285,19166,23462,18457,22145,-127,-222,-16,-0.498039,-0.870588,-0.062745,1,255,52360,2026-05-22 02:37:49.402000+00:00,3.902,4.633333333333334,3.902,8682.5,20807.5,0.11819308714578108,0.05529909597999615,1.004939424189339,0.0033108690088268222
2026-05-22T02:37:49.402+00:00,1779417469402539000,141,R,7567,7824,9068,10288,7567,7824,9068,10288,19176,23471,18456,22155,-123,-223,-19,-0.482353,-0.87451,-0.07451,1,255,e2440,2026-05-22 02:37:49.402000+00:00,3.902,4.666666666666667,3.902,8686.75,20814.5,0.1671999769379342,0.08895941527216772,1.0014908371068603,-0.0001377180736519268
2026-05-22T02:37:49.402+00:00,1779417469402566000,142,R,7564,7823,9068,10285,7564,7823,9068,10285,19174,23470,18456,22150,-125,-222,-19,-0.490196,-0.870588,-0.07451,1,255,f2440,2026-05-22 02:37:49.402000+00:00,3.902,4.7,3.902,8685.0,20812.5,0.14702066937645938,0.07934218118869013,1.0018818913724312,3.0706851995576656e-05
2026-05-22T02:37:49.402+00:00,1779417469402592000,143,R,7561,7816,9064,10281,7561,7816,9064,10281,19171,23469,18453,22144,-127,-222,-19,-0.498039,-0.870588,-0.07451,1,255,02440,2026-05-22 02:37:49.402000+00:00,3.902,4.733333333333333,3.902,8680.5,20809.25,0.09513102136123844,0.06371417580303905,1.0057425373150926,0.0038606459426613338
2026-05-22T02:37:49.552+00:00,1779417469552535000,144,R,7559,7818,9062,10277,7559,7818,9062,10277,19163,23466,18447,22139,-127,-221,-20,-0.498039,-0.866667,-0.078431,1,255,12440,2026-05-22 02:37:49.552000+00:00,4.052,4.766666666666667,4.052,8679.0,20803.75,0.07783447202283145,0.03726678207347567,1.0026494682445106,0.0007982837240749774
2026-05-22T02:37:49.552+00:00,1779417469552684000,145,R,7555,7813,9059,10269,7555,7813,9059,10269,19162,23460,18447,22134,-127,-222,-20,-0.498039,-0.870588,-0.078431,1,255,22440,2026-05-22 02:37:49.552000+00:00,4.052,4.8,4.052,8674.0,20800.75,0.02017930756147482,0.02284093094825928,1.0060406219561913,0.004250834390955527
2026-05-22T02:37:49.552+00:00,1779417469552757000,146,R,7546,7804,9049,10253,7546,7804,9049,10253,19140,23438,18426,22108,-127,-220,-22,-0.498039,-0.862745,-0.086275,1,255,a2510,2026-05-22 02:37:49.552000+00:00,4.052,4.833333333333333,4.052,8663.0,20778.0,-0.11530035743110803,-0.10096639261502957,0.9999075738142,-0.0018822137510356995
2026-05-22T02:37:49.552+00:00,1779417469552824000,147,R,7546,7799,9046,10249,7546,7799,9046,10249,19142,23436,18423,22108,-126,-219,-23,-0.494118,-0.858824,-0.090196,1,255,b2510,2026-05-22 02:37:49.552000+00:00,4.052,4.866666666666666,4.052,8660.0,20777.25,-0.16140189070786257,-0.11297669555184309,0.9949203884311548,-0.006869399134080911
2026-05-22T02:37:49.552+00:00,1779417469552888000,148,R,7543,7796,9044,10245,7543,7796,9044,10245,19141,23438,18421,22104,-125,-220,-24,-0.490196,-0.862745,-0.094118,1,255,c2510,2026-05-22 02:37:49.552000+00:00,4.052,4.9,4.052,8657.0,20776.0,-0.25061212732248306,-0.1189860942514092,0.9967342932622515,-0.0050554943029842425
2026-05-22T02:37:49.702+00:00,1779417469702737000,149,R,7543,7794,9043,10247,7543,7794,9043,10247,19138,23431,18421,22100,-123,-219,-24,-0.482353,-0.858824,-0.094118,1,255,d2510,2026-05-22 02:37:49.702000+00:00,4.202,4.933333333333334,4.202,8656.75,20772.5,-0.25636594077658714,-0.13581241061019433,0.9894954661386782,-0.012355718381757419
2026-05-22T02:37:49.702+00:00,1779417469702899000,150,R,7543,7798,9043,10245,7543,7798,9043,10245,19136,23430,18417,22098,-123,-220,-25,-0.482353,-0.862745,-0.098039,1,255,e2510,2026-05-22 02:37:49.702000+00:00,4.202,4.966666666666667,4.202,8657.25,20770.25,-0.2534781231097157,-0.14662932826941336,0.993279918832048,-0.008509868733187709
2026-05-22T02:37:49.703+00:00,1779417469703261000,151,R,7544,7795,9041,10243,7544,7795,9041,10243,19139,23427,18416,22097,-119,-219,-24,-0.466667,-0.858824,-0.094118,1,255,f2510,2026-05-22 02:37:49.703000+00:00,4.203,5.0,4.203,8655.75,20769.75,-0.27076072241265087,-0.14903308774923982,0.9819444738828158,-0.019937417489615417
2026-05-22T02:37:49.703+00:00,1779417469703338000,152,R,7555,7802,9026,10252,7555,7802,9026,10252,19175,23393,18418,22105,-130,-222,-24,-0.509804,-0.870588,-0.094118,1,255,62570,2026-05-22 02:37:49.703000+00:00,4.203,5.033333333333333,4.203,8658.75,20772.75,-0.23619552380678055,-0.13461053087028113,1.0132530691214312,0.011371177748999983
2026-05-22T02:37:49.703+00:00,1779417469703404000,153,R,7557,7797,9029,10253,7557,7797,9029,10253,19176,23389,18425,22108,-128,-223,-26,-0.501961,-0.87451,-0.101961,1,255,72570,2026-05-22 02:37:49.703000+00:00,4.203,5.066666666666666,4.203,8659.0,20774.5,-0.23331509058962469,-0.12619737269088854,1.0134735473321443,0.01159165595971312
2026-05-22T02:37:50.003+00:00,1779417470003250000,154,R,7560,7801,9028,10255,7560,7801,9028,10255,19180,23385,18421,22108,-126,-222,-29,-0.494118,-0.870588,-0.113725,1,255,82570,2026-05-22 02:37:50.003000+00:00,4.503,5.1,4.503,8661.0,20773.5,-0.2102716248523778,-0.13100489165054144,1.007476768612061,0.004827300367550302
2026-05-22T02:37:50.003+00:00,1779417470003405000,155,R,7560,7801,9030,10254,7560,7801,9030,10254,19187,23384,18420,22109,-126,-222,-28,-0.494118,-0.870588,-0.109804,1,255,92570,2026-05-22 02:37:50.003000+00:00,4.503,5.133333333333334,4.503,8661.25,20775.0,-0.20739119163522193,-0.1237936132110621,1.007041698284634,0.004277355757437817
2026-05-22T02:37:50.003+00:00,1779417470003478000,156,R,7564,7801,9032,10254,7564,7801,9032,10254,19187,23385,18423,22110,-125,-222,-31,-0.490196,-0.870588,-0.121569,1,255,a2570,2026-05-22 02:37:50.003000+00:00,4.503,5.166666666666667,4.503,8662.75,20776.25,-0.19010859233228677,-0.11778421451149598,1.006476331525486,0.00371198899828995
2026-05-22T02:37:50.003+00:00,1779417470003544000,157,R,7636,7829,9092,10287,7636,7829,9092,10287,19303,23458,18455,22142,-132,-218,-32,-0.517647,-0.854902,-0.12549,1,255,22640,2026-05-22 02:37:50.003000+00:00,4.503,5.2,4.503,8711.0,20839.5,0.3658150185787942,0.18629135968654975,1.0072554722179474,0.004491129690751272
2026-05-22T02:37:50.003+00:00,1779417470003608000,158,R,7652,7832,9100,10297,7652,7832,9100,10297,19338,23466,18461,22157,-133,-221,-32,-0.521569,-0.866667,-0.12549,1,255,32640,2026-05-22 02:37:50.003000+00:00,4.503,5.233333333333333,4.503,8720.25,20855.5,0.4694970908462469,0.26321166304099614,1.0192613260346925,0.015722374666585326
2026-05-22T02:37:50.003+00:00,1779417470003671000,159,R,7672,7837,9113,10305,7672,7837,9113,10305,19365,23488,18463,22169,-132,-219,-32,-0.517647,-0.858824,-0.12549,1,255,42640,2026-05-22 02:37:50.003000+00:00,4.503,5.266666666666667,4.503,8731.75,20871.25,0.5933008841911235,0.33893008665552926,1.0105863741833252,0.007047422815217974
2026-05-22T02:37:50.151+00:00,1779417470151880000,160,R,7685,7837,9120,10312,7685,7837,9120,10312,19389,23494,18462,22178,-130,-219,-32,-0.509804,-0.858824,-0.12549,1,255,52640,2026-05-22 02:37:50.151000+00:00,4.651,5.3,4.651,8738.5,20880.75,0.668164276251368,0.38460151677223176,1.006591536568831,0.003052585200723712
2026-05-22T02:37:50.152+00:00,1779417470152032000,161,R,7693,7838,9126,10316,7693,7838,9126,10316,19409,23500,18465,22189,-129,-219,-32,-0.505882,-0.858824,-0.12549,1,255,62640,2026-05-22 02:37:50.152000+00:00,4.652,5.333333333333333,4.652,8743.25,20890.75,0.7199838723612592,0.43267670636876077,1.004610870436907,0.0019614021923963776
2026-05-22T02:37:50.152+00:00,1779417470152106000,162,R,7635,7851,9106,10305,7635,7851,9106,10305,19312,23485,18494,22155,-126,-221,-30,-0.494118,-0.866667,-0.117647,1,255,e2710,2026-05-22 02:37:50.152000+00:00,4.652,5.366666666666666,4.652,8724.25,20861.5,0.4953203743700504,0.2920567767989135,1.0045422357581586,0.001892767513647975
2026-05-22T02:37:50.152+00:00,1779417470152173000,163,R,7620,7853,9099,10301,7620,7853,9099,10301,19282,23483,18493,22154,-128,-215,-32,-0.501961,-0.843137,-0.12549,1,255,f2710,2026-05-22 02:37:50.152000+00:00,4.652,5.4,4.652,8718.25,20853.0,0.41753052292098597,0.2511928656418639,0.9892383870382306,-0.014100950407979429
2026-05-22T02:37:50.152+00:00,1779417470152236000,164,R,7606,7851,9093,10300,7606,7851,9093,10300,19259,23478,18496,22149,-129,-215,-31,-0.505882,-0.843137,-0.121569,1,255,02710,2026-05-22 02:37:50.152000+00:00,4.652,5.433333333333334,4.652,8712.5,20845.5,0.34552260293694215,0.21513647344446715,0.9907449825530281,-0.012594354893181947
2026-05-22T02:37:50.301+00:00,1779417470301557000,165,R,7597,7852,9088,10299,7597,7852,9088,10299,19237,23473,18492,22143,-128,-215,-29,-0.501961,-0.843137,-0.113725,1,255,12710,2026-05-22 02:37:50.301000+00:00,4.801,5.466666666666667,4.801,8709.0,20836.25,0.29366039039557784,0.16585143076904588,0.9878148722888312,-0.01552446515737882
2026-05-22T02:37:50.301+00:00,1779417470301606000,166,R,7587,7849,9085,10295,7587,7849,9085,10295,19217,23472,18492,22144,-121,-221,-27,-0.47451,-0.866667,-0.105882,1,255,22710,2026-05-22 02:37:50.301000+00:00,4.801,5.5,4.801,8704.0,20831.25,0.23319418454008925,0.14181499152715515,0.9937215036985966,-0.009617833747613491
2026-05-22T02:37:50.301+00:00,1779417470301622000,167,R,7564,7833,9084,10304,7564,7833,9084,10304,19170,23484,18463,22162,-134,-216,-32,-0.52549,-0.847059,-0.12549,1,255,92770,2026-05-22 02:37:50.301000+00:00,4.801,5.533333333333333,4.801,8696.25,20819.75,0.14394702749388225,0.08653118127080654,1.0046872297789993,0.0013478923327892023
2026-05-22T02:37:50.301+00:00,1779417470301635000,168,R,7566,7831,9090,10306,7566,7831,9090,10306,19171,23487,18458,22161,-132,-218,-31,-0.517647,-0.854902,-0.121569,1,255,a2770,2026-05-22 02:37:50.301000+00:00,4.801,5.566666666666666,4.801,8698.25,20819.25,0.15832805573147563,0.08412753734661747,1.0067744871489346,0.003235535780827359
2026-05-22T02:37:50.301+00:00,1779417470301648000,169,R,7572,7831,9088,10310,7572,7831,9088,10310,19178,23491,18457,22164,-131,-220,-32,-0.513725,-0.862745,-0.12549,1,255,b2770,2026-05-22 02:37:50.301000+00:00,4.801,5.6,4.801,8700.25,20822.5,0.1755900978698906,0.09975122285384642,1.01192393525897,0.00838498389086273
2026-05-22T02:37:50.451+00:00,1779417470451436000,170,R,7576,7831,9089,10309,7576,7831,9089,10309,19183,23486,18454,22164,-126,-222,-30,-0.494118,-0.870588,-0.117647,1,255,c2770,2026-05-22 02:37:50.451000+00:00,4.951,5.633333333333334,4.951,8701.25,20821.75,0.1871042026482441,0.09614575696756282,1.0079270213051141,0.004587683858904068
2026-05-22T02:37:50.451+00:00,1779417470451496000,171,R,7582,7831,9092,10311,7582,7831,9092,10311,19191,23493,18453,22172,-126,-223,-30,-0.494118,-0.87451,-0.117647,1,255,d2770,2026-05-22 02:37:50.451000+00:00,4.951,5.666666666666667,4.951,8704.0,20827.25,0.21299867595417651,0.1225858401336426,1.0113165452186572,0.007977207772447148
2026-05-22T02:37:50.451+00:00,1779417470451529000,172,R,7593,7828,9095,10307,7593,7828,9095,10307,19211,23481,18449,22167,-128,-220,-28,-0.501961,-0.862745,-0.109804,0,79,62850,2026-05-22 02:37:50.451000+00:00,4.951,5.7,4.951,8705.75,20827.0,0.23314719935524725,0.12138401817154806,1.004166668916072,0.0008273314698619139
2026-05-22T02:37:50.451+00:00,1779417470451552000,173,R,7591,7828,9089,10307,7591,7828,9089,10307,19212,23479,18442,22161,-128,-221,-28,-0.501961,-0.866667,-0.109804,0,79,72850,2026-05-22 02:37:50.451000+00:00,4.951,5.733333333333333,4.951,8703.75,20823.5,0.15246533571140902,0.10455851070222458,1.0075383133290763,0.003999361960969061
2026-05-22T02:37:50.451+00:00,1779417470451573000,174,R,7587,7820,9088,10296,7587,7820,9088,10296,19205,23473,18442,22159,-127,-220,-27,-0.498039,-0.862745,-0.105882,0,79,82850,2026-05-22 02:37:50.451000+00:00,4.951,5.766666666666667,4.951,8697.75,20819.75,0.06327475624838218,0.08653118127080654,1.0017897875652357,-0.0017491638028714895
2026-05-22T02:37:50.601+00:00,1779417470601924000,175,R,7589,7821,9084,10295,7589,7821,9084,10295,19204,23470,18434,22150,-126,-219,-28,-0.494118,-0.858824,-0.109804,0,79,92850,2026-05-22 02:37:50.601000+00:00,5.101,5.8,5.101,8697.25,20814.5,0.05752250568034743,0.0612929200668213,0.996889251279198,-0.006649700088909194
2026-05-22T02:37:50.601+00:00,1779417470601971000,176,R,7586,7816,9081,10292,7586,7816,9081,10292,19201,23468,18432,22146,-126,-219,-27,-0.494118,-0.858824,-0.105882,0,79,a2850,2026-05-22 02:37:50.601000+00:00,5.101,5.833333333333333,5.101,8693.75,20811.75,0.014380212827149842,0.04807287848378141,0.9964648808783981,-0.006874456567811937
2026-05-22T02:37:50.601+00:00,1779417470601993000,177,R,7585,7815,9082,10287,7585,7815,9082,10287,19203,23466,18427,22144,-123,-218,-28,-0.482353,-0.854902,-0.109804,0,79,b2850,2026-05-22 02:37:50.601000+00:00,5.101,5.866666666666666,5.101,8692.25,20810.0,-0.0028760425654299686,0.03966012474911967,0.9877139082897436,-0.015825043078363632
2026-05-22T02:37:50.602+00:00,1779417470602013000,178,R,7578,7803,9077,10277,7578,7803,9077,10277,19187,23464,18409,22126,-128,-219,-25,-0.501961,-0.858824,-0.098039,0,79,12900,2026-05-22 02:37:50.602000+00:00,5.102,5.9,5.102,8683.75,20796.5,-0.1006614897900489,-0.025238261203985243,0.9995774877506997,-0.003961463617407568
2026-05-22T02:37:50.602+00:00,1779417470602032000,179,R,7575,7800,9075,10273,7575,7800,9075,10273,19187,23461,18406,22126,-130,-219,-25,-0.509804,-0.858824,-0.098039,0,79,22900,2026-05-22 02:37:50.602000+00:00,5.102,5.933333333333334,5.102,8680.75,20795.0,-0.1351740005752085,-0.03244919297655245,1.0035389513681072,0.0
2026-05-22T02:37:50.602+00:00,1779417470602048000,180,R,7576,7802,9079,10283,7576,7802,9079,10283,19184,23459,18406,22121,-130,-218,-25,-0.509804,-0.854902,-0.098039,0,79,32900,2026-05-22 02:37:50.602000+00:00,5.102,5.966666666666667,5.102,8685.0,20792.5,-0.08628127696289906,-0.044467412597497806,1.0001845797356608,-0.003354371632446451
2026-05-22T02:37:50.753+00:00,1779417470753353000,181,R,7571,7799,9074,10273,7571,7799,9074,10273,19186,23454,18400,22120,-130,-220,-24,-0.509804,-0.862745,-0.094118,0,79,42900,2026-05-22 02:37:50.753000+00:00,5.253,6.0,5.253,8679.25,20790.0,-0.15243025596778834,-0.05648563221844316,1.006522355124316,0.002983403756208869
2026-05-22T02:37:50.753+00:00,1779417470753538000,182,R,7573,7798,9073,10271,7573,7798,9073,10271,19180,23455,18403,22118,-130,-221,-24,-0.509804,-0.866667,-0.094118,0,79,52900,2026-05-22 02:37:50.753000+00:00,5.253,6.033333333333333,5.253,8678.75,20789.0,-0.15818234109864826,-0.0612929200668213,1.009886134784016,0.006049042137006744
2026-05-22T02:37:50.753+00:00,1779417470753614000,183,R,7571,7796,9072,10267,7571,7796,9072,10267,19182,23453,18403,22118,-129,-221,-23,-0.505882,-0.866667,-0.090196,0,79,c2960,2026-05-22 02:37:50.753000+00:00,5.253,6.066666666666666,5.253,8676.5,20789.0,-0.184066724187518,-0.0612929200668213,1.007553276620646,0.004014325252538864
2026-05-22T02:37:50.753+00:00,1779417470753682000,184,R,7571,7799,9072,10266,7571,7799,9072,10266,19177,23449,18404,22112,-129,-220,-22,-0.505882,-0.862745,-0.086275,0,79,d2960,2026-05-22 02:37:50.753000+00:00,5.253,6.1,5.253,8677.0,20785.5,-0.17831463905665804,-0.0781184275361448,1.0038370926470093,0.0002981412789020421
2026-05-22T02:37:50.753+00:00,1779417470753747000,185,R,7574,7800,9071,10268,7574,7800,9071,10268,19178,23451,18405,22115,-129,-220,-23,-0.505882,-0.862745,-0.090196,0,79,e2960,2026-05-22 02:37:50.753000+00:00,5.253,6.133333333333334,5.253,8678.25,20787.25,-0.16393442622950818,-0.06970567380148304,1.0041816824484502,0.0008423450022401191
2026-05-22T02:37:50.902+00:00,1779417470902392000,186,R,7575,7797,9078,10268,7575,7797,9078,10268,19176,23449,18402,22112,-128,-220,-24,-0.501961,-0.862745,-0.094118,0,79,f2960,2026-05-22 02:37:50.902000+00:00,5.402,6.166666666666667,5.402,8679.5,20784.75,-0.14955421340235836,-0.0817238934224284,1.0025726798940813,-0.000590805942599193
2026-05-22T02:37:50.902+00:00,1779417470902531000,187,R,7570,7800,9071,10268,7570,7800,9071,10268,19171,23447,18404,22110,-127,-219,-24,-0.498039,-0.858824,-0.094118,0,79,02960,2026-05-22 02:37:50.902000+00:00,5.402,6.2,5.402,8677.25,20783.0,-0.17543859649122806,-0.09013664715709015,0.997236033454969,-0.00592745238171144
2026-05-22T02:37:50.902+00:00,1779417470902615000,188,R,7571,7810,9072,10275,7571,7810,9072,10275,19172,23451,18421,22119,-129,-220,-25,-0.505882,-0.862745,-0.098039,0,79,a3050,2026-05-22 02:37:50.902000+00:00,5.402,6.233333333333333,5.402,8682.0,20790.75,-0.11792113664471224,-0.052880166332159556,1.00491650323298,0.0019681366322861216
2026-05-22T02:37:50.902+00:00,1779417470902681000,189,R,7567,7810,9069,10275,7567,7810,9069,10275,19174,23452,18423,22120,-130,-219,-25,-0.509804,-0.858824,-0.098039,0,79,b3050,2026-05-22 02:37:50.902000+00:00,5.402,6.266666666666667,5.402,8680.25,20792.25,-0.13805401363283384,-0.03605812569862619,1.0035389513681072,0.0009662714740259482
2026-05-22T02:37:50.902+00:00,1779417470902746000,190,R,7572,7811,9075,10276,7572,7811,9075,10276,19172,23456,18423,22117,-129,-219,-26,-0.505882,-0.858824,-0.101961,0,79,c3050,2026-05-22 02:37:50.902000+00:00,5.402,6.3,5.402,8683.5,20792.0,-0.10066438494060802,-0.037260063221913726,1.0019437641010598,-0.0006289157930214895
2026-05-22T02:37:51.051+00:00,1779417471051837000,191,R,7572,7813,9073,10277,7572,7813,9073,10277,19174,23453,18423,22119,-127,-219,-26,-0.498039,-0.858824,-0.101961,0,79,d3050,2026-05-22 02:37:51.051000+00:00,5.551,6.333333333333333,5.551,8683.75,20792.25,-0.09778825965659065,-0.03605812569862619,0.9980067905670783,-0.00456588932700297
2026-05-22T02:37:51.051+00:00,1779417471051983000,192,R,7572,7815,9074,10277,7572,7815,9074,10277,19173,23454,18422,22122,-127,-219,-26,-0.498039,-0.858824,-0.101961,0,79,e3050,2026-05-22 02:37:51.051000+00:00,5.551,6.366666666666666,5.551,8684.5,20792.75,-0.08915988380453853,-0.033654250652051104,0.9980067905670783,-0.00456588932700297
2026-05-22T02:37:51.052+00:00,1779417471052058000,193,R,7573,7813,9077,10279,7573,7813,9077,10279,19175,23456,18425,22123,-128,-220,-26,-0.501961,-0.862745,-0.101961,0,79,f3050,2026-05-22 02:37:51.052000+00:00,5.552,6.4,5.552,8685.5,20794.75,-0.07765538266846904,-0.02403875046575079,1.00333933744621,0.000766657552128791
2026-05-22T02:37:51.052+00:00,1779417471052149000,194,R,7575,7822,9078,10287,7575,7822,9078,10287,19180,23459,18430,22130,-128,-220,-24,-0.501961,-0.862745,-0.094118,0,78,63110,2026-05-22 02:37:51.052000+00:00,5.552,6.433333333333334,5.552,8690.5,20799.75,-0.020132876988121603,0.0,1.0025726798940813,0.0
2026-05-22T02:37:51.052+00:00,1779417471052229000,195,R,7581,7819,9083,10290,7581,7819,9083,10290,19179,23461,18432,22135,-129,-218,-24,-0.505882,-0.854902,-0.094118,0,78,73110,2026-05-22 02:37:51.052000+00:00,5.552,6.466666666666667,5.552,8693.25,20801.75,0.011504501136069488,0.009615500186300316,0.9978137228220506,-0.004758957072030667
2026-05-22T02:37:51.201+00:00,1779417471201991000,196,R,7577,7823,9082,10288,7577,7823,9082,10288,19181,23461,18432,22133,-129,-219,-25,-0.505882,-0.858824,-0.098039,0,78,83110,2026-05-22 02:37:51.201000+00:00,5.701,6.5,5.701,8692.5,20801.75,0.002876125284017372,0.009615500186300316,1.0015522484728394,-0.001020431421241863
2026-05-22T02:37:51.202+00:00,1779417471202372000,197,R,7580,7824,9083,10289,7580,7824,9083,10289,19181,23465,18435,22133,-128,-220,-24,-0.501961,-0.862745,-0.094118,0,78,93110,2026-05-22 02:37:51.202000+00:00,5.702,6.533333333333333,5.702,8694.0,20803.5,0.020132876988121603,0.018029062849313094,1.0025726798940813,0.0
2026-05-22T02:37:51.202+00:00,1779417471202456000,198,R,7580,7822,9081,10291,7580,7822,9081,10291,19184,23462,18435,22138,-127,-221,-25,-0.498039,-0.866667,-0.098039,0,78,a3110,2026-05-22 02:37:51.202000+00:00,5.702,6.566666666666666,5.702,8693.5,20804.75,0.014380626420086858,0.02403875046575079,1.0043735261002253,0.0018008462061440689
2026-05-22T02:37:51.202+00:00,1779417471202524000,199,R,7584,7830,9089,10304,7584,7830,9089,10304,19189,23470,18442,22147,-129,-219,-24,-0.505882,-0.858824,-0.094118,0,78,23180,2026-05-22 02:37:51.202000+00:00,5.702,6.6,5.702,8701.75,20812.0,0.10929276079266013,0.05889493864108944,1.001176037879453,-0.001396642014628302
2026-05-22T02:37:51.202+00:00,1779417471202589000,200,R,7592,7830,9099,10305,7592,7830,9099,10305,19189,23477,18445,22148,-130,-219,-24,-0.509804,-0.858824,-0.094118,0,78,33180,2026-05-22 02:37:51.202000+00:00,5.702,6.633333333333334,5.702,8706.5,20814.75,0.1639391411889902,0.07211625139725238,1.0031634858366805,0.000590805942599193
2026-05-22T02:37:51.202+00:00,1779417471202652000,201,R,7585,7832,9093,10303,7585,7832,9093,10303,19192,23478,18446,22148,-130,-220,-24,-0.509804,-0.862745,-0.094118,0,78,43180,2026-05-22 02:37:51.202000+00:00,5.702,6.666666666666667,5.702,8703.25,20816.0,0.12654951249676435,0.07812593901369007,1.006522355124316,0.003949675230234817
2026-05-22T02:37:51.501+00:00,1779417471502017000,202,R,7587,7833,9091,10307,7587,7833,9091,10307,19194,23482,18446,22147,-130,-219,-24,-0.509804,-0.858824,-0.094118,0,78,53180,2026-05-22 02:37:51.501000+00:00,6.001,6.7,6.001,8704.5,20817.25,0.14093013891685122,0.08413562663012776,1.0031634858366805,0.000590805942599193
2026-05-22T02:37:51.502+00:00,1779417471502165000,203,R,7588,7835,9092,10308,7588,7835,9092,10308,19193,23481,18447,22153,-127,-222,-24,-0.498039,-0.870588,-0.094118,0,78,63180,2026-05-22 02:37:51.502000+00:00,6.002,6.733333333333333,6.002,8705.75,20818.5,0.15531076533693808,0.09014531424656547,1.0073849855884294,0.004812305694348096
2026-05-22T02:37:51.502+00:00,1779417471502239000,204,R,7580,7823,9083,10290,7580,7823,9083,10290,19185,23464,18439,22136,-130,-220,-25,-0.509804,-0.862745,-0.098039,0,78,e3250,2026-05-22 02:37:51.502000+00:00,6.002,6.766666666666667,6.002,8694.0,20806.0,0.020132876988121603,0.03004843808218849,1.006896568154843,0.004323888260761688
2026-05-22T02:37:51.502+00:00,1779417471502306000,205,R,7574,7817,9078,10283,7574,7817,9078,10283,19182,23466,18432,22130,-129,-219,-25,-0.505882,-0.858824,-0.098039,0,78,f3250,2026-05-22 02:37:51.502000+00:00,6.002,6.8,6.002,8688.0,20802.5,-0.04889412982829532,0.013221312756162935,1.0015522484728394,-0.001020431421241863
2026-05-22T02:37:51.502+00:00,1779417471502371000,206,R,7579,7821,9082,10288,7579,7821,9082,10288,19179,23463,18430,22124,-128,-219,-26,-0.501961,-0.858824,-0.101961,0,78,03250,2026-05-22 02:37:51.502000+00:00,6.002,6.833333333333333,6.002,8692.5,20799.0,0.002876125284017372,0.0,0.9999697765522717,-0.0026029033418095704
2026-05-22T02:37:51.799+00:00,1779417471799179000,207,R,7575,7817,9078,10281,7575,7817,9078,10281,19180,23460,18427,22124,-128,-221,-25,-0.501961,-0.866667,-0.098039,0,78,13250,2026-05-22 02:37:51.799000+00:00,6.299,6.866666666666666,6.299,8687.75,20797.75,-0.03451946034576993,-0.00480798124887313,1.006324092890059,0.0037514129959776987
2026-05-22T02:37:51.799+00:00,1779417471799292000,208,R,7577,7818,9079,10281,7577,7818,9079,10281,19178,23458,18427,22121,-126,-220,-25,-0.494118,-0.862745,-0.098039,0,78,23250,2026-05-22 02:37:51.799000+00:00,6.299,6.9,6.299,8688.75,20796.0,-0.02013693113169553,-0.00841437174694378,0.999046134305118,-0.003526545588963259
2026-05-22T02:37:51.799+00:00,1779417471799362000,209,R,7565,7812,9068,10268,7565,7812,9068,10268,19163,23444,18419,22102,-127,-220,-25,-0.498039,-0.862745,-0.098039,0,78,a3320,2026-05-22 02:37:51.799000+00:00,6.299,6.933333333333334,6.299,8678.25,20782.0,-0.1409585179218687,-0.07572934572249403,1.0009912217731982,-0.0015814581208830614
2026-05-22T02:37:51.799+00:00,1779417471799425000,210,R,7571,7814,9069,10270,7571,7814,9069,10270,19156,23438,18416,22100,-128,-220,-25,-0.501961,-0.862745,-0.098039,0,78,b3320,2026-05-22 02:37:51.799000+00:00,6.299,6.966666666666667,6.299,8681.0,20777.5,-0.10931476900063287,-0.0973663016432066,1.002948366600694,0.000375686706612699
2026-05-22T02:37:51.799+00:00,1779417471799488000,211,R,7565,7813,9067,10269,7565,7813,9067,10269,19162,23440,18418,22103,-127,-222,-24,-0.498039,-0.870588,-0.094118,0,78,c3320,2026-05-22 02:37:51.799000+00:00,6.299,7.0,6.299,8678.5,20780.75,-0.13808181347448364,-0.08173961125602529,1.0073849855884294,0.004812305694348096
2026-05-22T02:37:52.099+00:00,1779417472099138000,212,R,7566,7811,9068,10269,7566,7811,9068,10269,19161,23439,18421,22102,-127,-222,-25,-0.498039,-0.870588,-0.098039,0,78,d3320,2026-05-22 02:37:52.099000+00:00,6.599,7.033333333333333,6.599,8678.5,20780.75,-0.13808181347448364,-0.08173961125602529,1.007758878296788,0.005186198402706621
2026-05-22T02:37:52.099+00:00,1779417472099177000,213,R,7568,7814,9067,10270,7568,7814,9067,10270,19164,23435,18419,22103,-126,-219,-26,-0.494118,-0.858824,-0.101961,0,78,e3320,2026-05-22 02:37:52.099000+00:00,6.599,7.066666666666666,6.599,8679.75,20780.25,-0.12369829123755825,-0.0841437174694378,0.9960558751500842,-0.006516804743997073
2026-05-22T02:37:52.099+00:00,1779417472099194000,214,R,7569,7816,9067,10270,7569,7816,9067,10270,19166,23436,18424,22103,-127,-218,-25,-0.498039,-0.854902,-0.098039,0,78,f3320,2026-05-22 02:37:52.099000+00:00,6.599,7.1,6.599,8680.5,20782.25,-0.11506817789540302,-0.07452729261578776,0.9942393678817995,-0.008333312012281824
2026-05-22T02:37:52.099+00:00,1779417472099209000,215,R,7581,7821,9069,10269,7581,7821,9069,10269,19189,23433,18428,22099,-125,-217,-25,-0.490196,-0.85098,-0.098039,0,78,53370,2026-05-22 02:37:52.099000+00:00,6.599,7.133333333333334,6.599,8685.0,20787.25,-0.06328749784247166,-0.05048623048166268,0.9869502137073581,-0.015622466186723138
2026-05-22T02:37:52.099+00:00,1779417472099223000,216,R,7580,7823,9068,10269,7580,7823,9068,10269,19194,23431,18431,22099,-125,-218,-23,-0.490196,-0.854902,-0.090196,0,78,63370,2026-05-22 02:37:52.099000+00:00,6.599,7.166666666666667,6.599,8685.0,20788.75,-0.06328749784247166,-0.04327391184142516,0.9895882307485271,-0.0123555333525327
2026-05-22T02:37:52.250+00:00,1779417472251012000,217,R,7585,7826,9072,10270,7585,7826,9072,10270,19202,23436,18434,22101,-126,-218,-26,-0.494118,-0.854902,-0.101961,0,78,73370,2026-05-22 02:37:52.250000+00:00,6.75,7.2,6.75,8688.25,20793.25,-0.02589034002646568,-0.02163695592071258,0.9926762176304015,-0.008876030842437932
2026-05-22T02:37:52.251+00:00,1779417472251160000,218,R,7588,7825,9077,10273,7588,7825,9077,10273,19210,23436,18437,22101,-125,-220,-25,-0.490196,-0.862745,-0.098039,0,78,83370,2026-05-22 02:37:52.251000+00:00,6.751,7.233333333333333,6.751,8690.75,20796.0,0.0028767044473850755,-0.00841437174694378,0.9971121797280385,-0.004440068744800962
2026-05-22T02:37:52.251+00:00,1779417472251233000,219,R,7594,7832,9077,10276,7594,7832,9077,10276,19218,23434,18441,22102,-129,-218,-27,-0.505882,-0.854902,-0.105882,0,78,93370,2026-05-22 02:37:52.251000+00:00,6.751,7.266666666666667,6.751,8694.75,20798.75,0.04890397560554629,0.004808212426825017,0.9989920046987364,-0.0025602437741030215
2026-05-22T02:37:52.251+00:00,1779417472251298000,220,R,7626,7850,9097,10297,7626,7850,9097,10297,19275,23451,18462,22123,-130,-218,-28,-0.509804,-0.854902,-0.109804,0,78,13440,2026-05-22 02:37:52.251000+00:00,6.751,7.3,6.751,8717.5,20827.75,0.31068408031758815,0.1442463728047505,1.0014062444562646,-0.00014600401657482998
2026-05-22T02:37:52.251+00:00,1779417472251362000,221,R,7628,7851,9102,10300,7628,7851,9102,10300,19278,23450,18466,22127,-130,-217,-29,-0.509804,-0.85098,-0.113725,0,78,23440,2026-05-22 02:37:52.251000+00:00,6.751,7.333333333333333,6.751,8720.25,20830.25,0.33944136006673764,0.15145140933950357,0.9984991008714028,-0.002907143584861771
2026-05-22T02:37:52.251+00:00,1779417472251424000,222,R,7629,7852,9101,10301,7629,7852,9101,10301,19277,23453,18469,22127,-132,-218,-28,-0.517647,-0.854902,-0.109804,0,78,33440,2026-05-22 02:37:52.251000+00:00,6.751,7.366666666666666,6.751,8720.75,20831.5,0.3249928098935864,0.1562575123804029,1.0054216849804862,0.0038694365076468173
2026-05-22T02:37:52.549+00:00,1779417472549955000,223,R,7627,7854,9101,10305,7627,7854,9101,10305,19278,23460,18472,22132,-132,-220,-26,-0.517647,-0.862745,-0.101961,0,78,43440,2026-05-22 02:37:52.549000+00:00,7.049,7.4,7.049,8721.75,20835.5,0.3364969801553063,0.17187706583011816,1.0112781007986873,0.009725852325847884
2026-05-22T02:37:52.550+00:00,1779417472550107000,224,R,7628,7851,9102,10302,7628,7851,9102,10302,19276,23461,18469,22131,-133,-217,-28,-0.521569,-0.85098,-0.109804,0,78,53440,2026-05-22 02:37:52.550000+00:00,7.05,7.433333333333334,7.05,8720.75,20834.25,0.3249928098935864,0.1586443122408509,1.0041205607779375,0.0025683123050981305
2026-05-22T02:37:52.550+00:00,1779417472550185000,225,R,7562,7841,9085,10301,7562,7841,9085,10301,19149,23466,18465,22130,-131,-219,-25,-0.513725,-0.858824,-0.098039,0,78,d3510,2026-05-22 02:37:52.550000+00:00,7.05,7.466666666666667,7.05,8697.25,20802.5,0.04601271101141691,0.0048073456241136455,1.005536515558734,0.0039842670858944995
2026-05-22T02:37:52.550+00:00,1779417472550694000,226,R,7563,7839,9088,10296,7563,7839,9088,10296,19151,23466,18458,22131,-120,-203,-29,-0.470588,-0.796078,-0.113725,0,78,e3510,2026-05-22 02:37:52.550000+00:00,7.05,7.5,7.05,8696.5,20801.5,0.034508540863863804,0.0,0.9317331288802604,-0.06981911959257903
2026-05-22T02:37:52.550+00:00,1779417472550793000,227,R,7568,7835,9090,10301,7568,7835,9090,10301,19157,23468,18451,22129,-131,-211,-23,-0.513725,-0.827451,-0.090196,0,78,f3510,2026-05-22 02:37:52.550000+00:00,7.05,7.533333333333333,7.05,8698.5,20801.25,0.051759834368530024,-0.0012018364060284114,0.9781226157501931,-0.02342963272264631
2026-05-22T02:37:52.552+00:00,1779417472552393000,228,R,7573,7839,9087,10303,7573,7839,9087,10303,19161,23466,18454,22135,-139,-216,-20,-0.545098,-0.847059,-0.078431,0,78,03510,2026-05-22 02:37:52.552000+00:00,7.052,7.566666666666666,7.052,8700.5,20804.0,0.07476420519898781,0.012018364060284115,1.0103426155745387,0.008790367101699337
2026-05-22T02:37:52.552+00:00,1779417472552475000,229,R,7575,7839,9092,10305,7575,7839,9092,10305,19167,23467,18453,22141,-137,-218,-21,-0.537255,-0.854902,-0.082353,0,78,13510,2026-05-22 02:37:52.552000+00:00,7.052,7.6,7.052,8702.75,20807.0,0.0920095459903965,0.02644040093262505,1.013055961552964,0.011503713080124545
2026-05-22T02:37:52.552+00:00,1779417472552543000,230,R,7597,7837,9107,10317,7597,7837,9107,10317,19201,23477,18440,22157,-128,-218,-22,-0.501961,-0.854902,-0.086275,0,78,93580,2026-05-22 02:37:52.552000+00:00,7.052,7.633333333333334,7.052,8714.5,20818.75,0.22714856666379138,0.08292671201596039,0.9951209226772394,-0.006431325795600018
2026-05-22T02:37:52.552+00:00,1779417472552606000,231,R,7601,7836,9105,10319,7601,7836,9105,10319,19205,23478,18441,22161,-130,-218,-21,-0.509804,-0.854902,-0.082353,0,78,a3580,2026-05-22 02:37:52.552000+00:00,7.052,7.666666666666667,7.052,8715.25,20821.25,0.23577446160039103,0.0949450760762445,0.9987690246643616,-0.0026372197919030116
2026-05-22T02:37:52.552+00:00,1779417472552669000,232,R,7603,7837,9108,10323,7603,7837,9108,10323,19209,23485,18439,22164,-135,-220,-19,-0.529412,-0.862745,-0.07451,0,78,b3580,2026-05-22 02:37:52.552000+00:00,7.052,7.7,7.052,8717.75,20824.25,0.2645274447223899,0.10936711294858543,1.0149668668823628,0.013975645109164603
2026-05-22T02:37:52.848+00:00,1779417472848928000,233,R,7600,7834,9110,10322,7600,7834,9110,10322,19204,23485,18438,22164,-133,-219,-22,-0.521569,-0.858824,-0.086275,0,78,c3580,2026-05-22 02:37:52.848000+00:00,7.348,7.733333333333333,7.348,8716.5,20822.75,0.2501509531613905,0.10215609451241497,1.0084920725330468,0.007500850759848632
2026-05-22T02:37:52.849+00:00,1779417472849037000,234,R,7603,7831,9111,10325,7603,7831,9111,10325,19207,23488,18430,22165,-128,-221,-22,-0.501961,-0.866667,-0.086275,0,78,d3580,2026-05-22 02:37:52.849000+00:00,7.349,7.766666666666667,7.349,8717.5,20822.5,0.2616521464101901,0.10095425810638656,1.005246193743105,0.004254971969906762
2026-05-22T02:37:52.849+00:00,1779417472849091000,235,R,7601,7828,9109,10316,7601,7828,9109,10316,19206,23490,18426,22163,-127,-221,-22,-0.498039,-0.866667,-0.086275,0,78,e3580,2026-05-22 02:37:52.849000+00:00,7.349,7.8,7.349,8713.5,20821.25,0.1954809406082907,0.0949450760762445,1.003293531343146,0.0023023095699477025
2026-05-22T02:37:52.849+00:00,1779417472849139000,236,R,7580,7814,9090,10286,7580,7814,9090,10286,19173,23467,18404,22122,-127,-220,-22,-0.498039,-0.862745,-0.086275,0,78,43630,2026-05-22 02:37:52.849000+00:00,7.349,7.833333333333333,7.349,8692.5,20791.5,-0.054614964500273075,-0.04807345624113646,0.9999075738142,-0.00023105533128009448
2026-05-22T02:37:52.849+00:00,1779417472849185000,237,R,7577,7812,9089,10283,7577,7812,9089,10283,19170,23463,18409,22117,-128,-218,-21,-0.501961,-0.854902,-0.082353,0,78,53630,2026-05-22 02:37:52.849000+00:00,7.349,7.866666666666666,7.349,8690.25,20789.75,-0.09484393861010519,-0.056486311083335336,0.9947885663466384,-0.006202655426559844
2026-05-22T02:37:52.999+00:00,1779417472999775000,238,R,7577,7813,9087,10283,7577,7813,9087,10283,19166,23461,18403,22115,-130,-217,-22,-0.509804,-0.85098,-0.086275,0,78,63630,2026-05-22 02:37:52.999000+00:00,7.499,7.9,7.499,8690.0,20786.25,-0.09771799735586595,-0.07331202076773309,0.9957461797270427,-0.004392449418437416
2026-05-22T02:37:52.999+00:00,1779417472999923000,239,R,7574,7813,9086,10282,7574,7813,9086,10282,19166,23461,18402,22111,-131,-220,-21,-0.513725,-0.862745,-0.082353,0,78,73630,2026-05-22 02:37:52.999000+00:00,7.499,7.933333333333334,7.499,8688.75,20785.0,-0.11208829108466976,-0.07932120279787515,1.0074841573240743,0.007230639978596409
2026-05-22T02:37:52.999+00:00,1779417472999996000,240,R,7574,7809,9088,10281,7574,7809,9088,10281,19162,23454,18402,22112,-129,-219,-21,-0.505882,-0.858824,-0.082353,0,78,83630,2026-05-22 02:37:52.999000+00:00,7.499,7.966666666666667,7.499,8688.0,20782.5,-0.12071046732195206,-0.09133956685815926,1.0001386291454801,0.0
2026-05-22T02:37:53.000+00:00,1779417473000061000,241,R,7567,7810,9079,10275,7567,7810,9079,10275,19148,23445,18402,22105,-122,-222,-23,-0.478431,-0.870588,-0.090196,0,78,13710,2026-05-22 02:37:53+00:00,7.5,8.0,7.5,8682.75,20775.0,-0.1810657009829281,-0.12739465903901162,0.9974743134141351,-0.0026643157313450683
2026-05-22T02:37:53.000+00:00,1779417473000123000,242,R,7563,7811,9081,10277,7563,7811,9081,10277,19144,23451,18405,22102,-126,-226,-21,-0.494118,-0.886275,-0.082353,0,78,23710,2026-05-22 02:37:53+00:00,7.5,8.033333333333333,7.5,8683.0,20775.5,-0.17819164223716732,-0.12499098622695479,1.0180461630780797,0.017907533932599584
2026-05-22T02:37:53.000+00:00,1779417473000186000,243,R,7558,7818,9082,10279,7558,7818,9082,10279,19132,23454,18409,22105,-124,-224,-22,-0.486275,-0.878431,-0.086275,0,78,33710,2026-05-22 02:37:53+00:00,7.5,8.066666666666666,7.5,8684.25,20775.0,-0.16382134850836352,-0.12739465903901162,1.0077439024925927,0.007605273347112584
2026-05-22T02:37:53.151+00:00,1779417473151813000,244,R,7550,7817,9083,10280,7550,7817,9083,10280,19127,23459,18417,22106,-125,-222,-22,-0.490196,-0.870588,-0.086275,0,78,43710,2026-05-22 02:37:53.151000+00:00,7.651,8.1,7.651,8682.5,20777.25,-0.18393975972868887,-0.11657813138475591,1.002825488200714,0.002571970855236083
2026-05-22T02:37:53.151+00:00,1779417473151962000,245,R,7550,7816,9084,10282,7550,7816,9084,10282,19123,23461,18417,22105,-128,-216,-22,-0.501961,-0.847059,-0.086275,0,78,53710,2026-05-22 02:37:53.151000+00:00,7.651,8.133333333333333,7.651,8683.0,20776.5,-0.17819164223716732,-0.12018364060284115,0.9883912032323031,-0.011862314113174732
2026-05-22T02:37:53.152+00:00,1779417473152040000,246,R,7532,7830,9071,10288,7532,7830,9071,10288,19091,23454,18436,22105,-124,-219,-24,-0.486275,-0.858824,-0.094118,0,78,d3780,2026-05-22 02:37:53.152000+00:00,7.652,8.166666666666666,7.652,8680.25,20771.5,-0.20980628844053573,-0.14422036872340938,0.9914132521431213,-0.00884026520235659
2026-05-22T02:37:53.152+00:00,1779417473152108000,247,R,7532,7834,9072,10287,7532,7834,9072,10287,19095,23459,18440,22111,-125,-221,-24,-0.490196,-0.866667,-0.094118,0,78,e3780,2026-05-22 02:37:53.152000+00:00,7.652,8.2,7.652,8681.25,20776.25,-0.19831005345749267,-0.12138547700886955,1.0001309940347813,-0.00012252331069650957
2026-05-22T02:37:53.152+00:00,1779417473152171000,248,R,7534,7833,9074,10287,7534,7833,9074,10287,19101,23455,18445,22110,-123,-220,-24,-0.482353,-0.862745,-0.094118,0,78,f3780,2026-05-22 02:37:53.152000+00:00,7.652,8.233333333333333,7.652,8682.0,20777.75,-0.18968787722021038,-0.11417445857269909,0.992900573853193,-0.00735294349228488
2026-05-22T02:37:53.301+00:00,1779417473301933000,249,R,7539,7835,9075,10287,7539,7835,9075,10287,19104,23458,18444,22105,-127,-219,-24,-0.498039,-0.858824,-0.094118,0,78,03780,2026-05-22 02:37:53.301000+00:00,7.801,8.266666666666667,7.801,8684.0,20777.75,-0.16669540725412427,-0.11417445857269909,0.997236033454969,-0.003940004424483945
2026-05-22T02:37:53.302+00:00,1779417473302073000,250,R,7541,7835,9077,10286,7541,7835,9077,10286,19113,23460,18441,22103,-130,-220,-23,-0.509804,-0.862745,-0.090196,0,78,13780,2026-05-22 02:37:53.302000+00:00,7.802,8.3,7.802,8684.75,20779.25,-0.15807323101684198,-0.10696344013652861,1.0061631934517383,0.004756948995473742
2026-05-22T02:37:53.302+00:00,1779417473302149000,251,R,7597,7843,9108,10297,7597,7843,9108,10297,19207,23495,18443,22107,-130,-215,-24,-0.509804,-0.843137,-0.094118,0,78,83840,2026-05-22 02:37:53.302000+00:00,7.802,8.333333333333334,7.802,8711.25,20813.0,0.16097042168501538,0.0564869899645454,0.989766799356798,-0.012100036191220243
2026-05-22T02:37:53.302+00:00,1779417473302214000,252,R,7614,7850,9119,10302,7614,7850,9119,10302,19244,23504,18451,22114,-135,-223,-25,-0.529412,-0.87451,-0.098039,0,78,93840,2026-05-22 02:37:53.302000+00:00,7.802,8.366666666666667,7.802,8721.25,20828.25,0.2788317810739335,0.14665047901816303,1.0269646787329154,0.02509784318489716
2026-05-22T02:37:53.302+00:00,1779417473302279000,253,R,7630,7856,9132,10308,7630,7856,9132,10308,19275,23519,18458,22121,-133,-218,-25,-0.521569,-0.854902,-0.098039,0,78,a3840,2026-05-22 02:37:53.302000+00:00,7.802,8.4,7.802,8731.5,20843.25,0.39957455371259376,0.24407839365155706,1.0062322281093963,0.005056190229943303
2026-05-22T02:37:53.451+00:00,1779417473451958000,254,R,7647,7859,9138,10312,7647,7859,9138,10312,19306,23532,18462,22130,-130,-221,-26,-0.509804,-0.866667,-0.101961,0,78,b3840,2026-05-22 02:37:53.451000+00:00,7.951,8.433333333333334,7.951,8739.0,20857.5,0.4887023515207267,0.31743741432797057,1.010647244505223,0.009832286925151701
2026-05-22T02:37:53.452+00:00,1779417473452102000,255,R,7663,7861,9149,10317,7663,7861,9149,10317,19335,23540,18461,22139,-130,-220,-27,-0.509804,-0.862745,-0.105882,0,78,c3840,2026-05-22 02:37:53.452000+00:00,7.952,8.466666666666667,7.952,8747.5,20868.75,0.6124737613940248,0.37999494943421636,1.00769045414006,0.0068754965599886475
2026-05-22T02:37:53.452+00:00,1779417473452176000,256,R,7675,7860,9161,10322,7675,7860,9161,10322,19359,23552,18463,22152,-132,-213,-29,-0.517647,-0.835294,-0.113725,0,78,d3840,2026-05-22 02:37:53.452000+00:00,7.952,8.5,7.952,8754.5,20881.5,0.7132585562266321,0.4461547712103902,0.9892461062192764,-0.011368694026052562
2026-05-22T02:37:53.452+00:00,1779417473452243000,257,R,7692,7875,9161,10343,7692,7875,9161,10343,19397,23533,18482,22186,-124,-220,-27,-0.486275,-0.862745,-0.105882,0,78,43900,2026-05-22 02:37:53.452000+00:00,7.952,8.533333333333333,7.952,8767.75,20899.5,0.8685898357732463,0.5448313187804438,0.9959936287818311,-0.004821328798240265
2026-05-22T02:37:53.452+00:00,1779417473452307000,258,R,7657,7878,9140,10335,7657,7878,9140,10335,19338,23513,18491,22167,-135,-230,-27,-0.529412,-0.901961,-0.105882,0,77,53900,2026-05-22 02:37:53.452000+00:00,7.952,8.566666666666666,7.952,8752.5,20877.25,0.6931461934481866,0.43778940405316014,1.0512001280389003,0.050385170458828954
2026-05-22T02:37:53.602+00:00,1779417473602442000,259,R,7633,7878,9125,10335,7633,7878,9125,10335,19285,23493,18500,22164,-128,-222,-26,-0.501961,-0.870588,-0.101961,0,77,63900,2026-05-22 02:37:53.602000+00:00,8.102,8.6,8.102,8742.75,20860.5,0.5809773073715091,0.3572072884719466,1.0100912616125337,0.009476461367204703
2026-05-22T02:37:53.602+00:00,1779417473602589000,260,R,7624,7870,9117,10333,7624,7870,9117,10333,19258,23486,18490,22165,-128,-216,-24,-0.501961,-0.847059,-0.094118,0,77,73900,2026-05-22 02:37:53.602000+00:00,8.102,8.633333333333333,8.102,8736.0,20849.75,0.50332192470304,0.30549040832280955,0.989106664079259,-0.011508136166070049
2026-05-22T02:37:53.602+00:00,1779417473602665000,261,R,7611,7865,9110,10328,7611,7865,9110,10328,19235,23475,18484,22166,-128,-216,-25,-0.501961,-0.847059,-0.098039,0,77,83900,2026-05-22 02:37:53.602000+00:00,8.102,8.666666666666666,8.102,8728.5,20840.0,0.41703816618251893,0.25858440074568523,0.9894874635501958,-0.011127336695133216
2026-05-22T02:37:53.602+00:00,1779417473602731000,262,R,7596,7849,9116,10331,7596,7849,9116,10331,19189,23495,18451,22169,-124,-221,-24,-0.486275,-0.866667,-0.094118,0,77,13980,2026-05-22 02:37:53.602000+00:00,8.102,8.7,8.102,8723.0,20826.0,0.35376340993413674,0.19123218473750678,0.998215038174641,-0.002599919405430362
2026-05-22T02:37:53.602+00:00,1779417473602795000,263,R,7598,7846,9117,10330,7598,7846,9117,10330,19190,23491,18447,22167,-126,-223,-24,-0.494118,-0.87451,-0.094118,0,77,23980,2026-05-22 02:37:53.602000+00:00,8.102,8.733333333333333,8.102,8722.75,20823.75,0.35088728465011937,0.1804077214504781,1.0088501057877726,0.00823530554244356
2026-05-22T02:37:53.602+00:00,1779417473602858000,264,R,7597,7841,9111,10322,7597,7841,9111,10322,19195,23490,18445,22162,-128,-221,-24,-0.501961,-0.866667,-0.094118,0,77,33980,2026-05-22 02:37:53.602000+00:00,8.102,8.766666666666667,8.102,8717.75,20823.0,0.2933647789697719,0.1792093140733435,1.005949666898896,0.005334866653567083
2026-05-22T02:37:53.902+00:00,1779417473902166000,265,R,7599,7838,9109,10320,7599,7838,9109,10320,19189,23483,18440,22156,-128,-222,-25,-0.501961,-0.870588,-0.098039,0,77,43980,2026-05-22 02:37:53.902000+00:00,8.402,8.8,8.402,8716.5,20817.0,0.27898415254968506,0.15034338428971772,1.0097029052082598,0.009088104962930776
2026-05-22T02:37:53.902+00:00,1779417473902323000,266,R,7595,7834,9107,10315,7595,7834,9107,10315,19191,23480,18433,22151,-130,-218,-23,-0.509804,-0.854902,-0.090196,0,77,53980,2026-05-22 02:37:53.902000+00:00,8.402,8.833333333333334,8.402,8712.75,20813.75,0.2387252646111367,0.13832090449843637,0.9994462799150339,-0.0011685203302951308
2026-05-22T02:37:53.902+00:00,1779417473902398000,267,R,7586,7816,9100,10301,7586,7816,9100,10301,19180,23472,18402,22137,-129,-219,-24,-0.505882,-0.858824,-0.094118,0,77,d4050,2026-05-22 02:37:53.902000+00:00,8.402,8.866666666666667,8.402,8700.75,20797.75,0.10354646647683148,0.06374942866078087,1.001176037879453,0.0005612376341239678
2026-05-22T02:37:53.902+00:00,1779417473902464000,268,R,7581,7812,9103,10292,7581,7812,9103,10292,19173,23470,18400,22127,-131,-214,-25,-0.513725,-0.839216,-0.098039,0,77,e4050,2026-05-22 02:37:53.902000+00:00,8.402,8.9,8.402,8697.0,20792.5,0.06040210544481836,0.03969351792823893,0.9888420075027152,-0.011972950077356104
2026-05-22T02:37:53.902+00:00,1779417473902526000,269,R,7582,7813,9098,10294,7582,7813,9098,10294,19167,23468,18395,22125,-127,-220,-23,-0.498039,-0.862745,-0.090196,0,77,f4050,2026-05-22 02:37:53.902000+00:00,8.402,8.933333333333334,8.402,8696.75,20788.75,0.05752581470935082,0.03007337904486948,1.0002535173454778,-0.0005614402345934799
2026-05-22T02:37:54.051+00:00,1779417474051032000,270,R,7579,7810,9096,10292,7579,7810,9096,10292,19164,23464,18395,22120,-128,-219,-24,-0.501961,-0.858824,-0.094118,0,77,04050,2026-05-22 02:37:54.051000+00:00,8.551,8.966666666666667,8.551,8694.25,20785.75,0.02876290735467541,0.016841294854984423,0.9992005336372675,-0.001414266608061543
2026-05-22T02:37:54.051+00:00,1779417474051143000,271,R,7575,7808,9095,10289,7575,7808,9095,10289,19163,23462,18393,22119,-129,-220,-24,-0.505882,-0.862745,-0.094118,0,77,14050,2026-05-22 02:37:54.051000+00:00,8.551,9.0,8.551,8691.75,20784.25,0.0,0.012029785749515801,1.0045415525865518,0.0037265950064804265
2026-05-22T02:37:54.051+00:00,1779417474051217000,272,R,7577,7811,9094,10287,7577,7811,9094,10287,19160,23457,18392,22114,-129,-222,-21,-0.505882,-0.870588,-0.082353,0,77,94120,2026-05-22 02:37:54.051000+00:00,8.551,9.033333333333333,8.551,8692.25,20780.75,0.005752581470935082,-0.004811914299806321,1.0102584225221782,0.00908238464272526
2026-05-22T02:37:54.051+00:00,1779417474051443000,273,R,7568,7808,9083,10281,7568,7808,9083,10281,19159,23460,18393,22117,-126,-222,-22,-0.494118,-0.870588,-0.086275,0,77,a4120,2026-05-22 02:37:54.051000+00:00,8.551,9.066666666666666,8.551,8685.0,20782.25,-0.07765984985762361,0.0024059571499031604,1.0047484457778475,0.003933488197776169
2026-05-22T02:37:54.051+00:00,1779417474051527000,274,R,7575,7810,9094,10289,7575,7810,9094,10289,19161,23459,18391,22112,-128,-220,-22,-0.501961,-0.862745,-0.086275,0,77,b4120,2026-05-22 02:37:54.051000+00:00,8.551,9.1,8.551,8692.0,20780.75,0.002876290735467541,-0.004811914299806321,1.0018668355480183,0.0012520353026892472
2026-05-22T02:37:54.347+00:00,1779417474347509000,275,R,7573,7810,9091,10287,7573,7810,9091,10287,19158,23457,18396,22116,-129,-217,-22,-0.505882,-0.85098,-0.086275,0,77,c4120,2026-05-22 02:37:54.347000+00:00,8.847,9.133333333333333,8.847,8690.25,20781.75,-0.017257744412805247,0.0,0.9937438975656655,-0.006870902679663504
2026-05-22T02:37:54.347+00:00,1779417474347673000,276,R,7575,7811,9090,10287,7575,7811,9090,10287,19156,23455,18392,22111,-124,-219,-23,-0.486275,-0.858824,-0.090196,0,77,d4120,2026-05-22 02:37:54.347000+00:00,8.847,9.166666666666666,8.847,8690.75,20778.5,-0.011505162941870165,-0.01563872147437054,0.9910486148605425,-0.009566185384786485
2026-05-22T02:37:54.347+00:00,1779417474347749000,277,R,7572,7812,9089,10286,7572,7812,9089,10286,19151,23451,18395,22113,-127,-220,-21,-0.498039,-0.862745,-0.082353,0,77,e4120,2026-05-22 02:37:54.347000+00:00,8.847,9.2,8.847,8689.75,20777.5,-0.02301032588374033,-0.020450635774176863,0.9995768090322024,-0.0010379912131266433
2026-05-22T02:37:54.347+00:00,1779417474347814000,278,R,7559,7817,9087,10292,7559,7817,9087,10292,19133,23451,18409,22115,-128,-218,-23,-0.501961,-0.854902,-0.090196,0,77,54180,2026-05-22 02:37:54.347000+00:00,8.847,9.233333333333333,8.847,8688.75,20777.0,-0.034515488825610494,-0.022856592924080023,0.9954685296587734,-0.005346427921297914
2026-05-22T02:37:54.347+00:00,1779417474347877000,279,R,7561,7820,9087,10293,7561,7820,9087,10293,19131,23446,18409,22119,-128,-220,-23,-0.501961,-0.862745,-0.090196,0,77,64180,2026-05-22 02:37:54.347000+00:00,8.847,9.266666666666667,8.847,8690.25,20776.25,-0.017257744412805247,-0.026465528648934762,1.0022121027816417,0.0010360649021887713
2026-05-22T02:37:54.347+00:00,1779417474347946000,280,R,7559,7822,9082,10295,7559,7822,9082,10295,19128,23439,18416,22121,-129,-221,-24,-0.505882,-0.866667,-0.094118,0,77,74180,2026-05-22 02:37:54.347000+00:00,8.847,9.3,8.847,8689.5,20776.0,-0.02588661661920787,-0.027668507223886342,1.0079119429478947,0.006735905068441683
2026-05-22T02:37:54.353+00:00,1779417474353994000,281,R,7554,7826,9080,10299,7554,7826,9080,10299,19124,23441,18420,22122,-128,-220,-23,-0.501961,-0.862745,-0.090196,0,77,84180,2026-05-22 02:37:54.353000+00:00,8.853,9.333333333333334,8.853,8689.75,20776.75,-0.025885872066267832,-0.024059571499031603,1.0022121027816417,0.0010360649021887713
2026-05-22T02:37:54.354+00:00,1779417474354073000,282,R,7552,7828,9075,10299,7552,7828,9075,10299,19122,23435,18422,22122,-127,-220,-24,-0.498039,-0.862745,-0.094118,0,77,94180,2026-05-22 02:37:54.354000+00:00,8.854,9.366666666666667,8.854,8688.5,20775.25,-0.040266912103083294,-0.026466802208774946,1.000614800245329,-0.0005612376341239678
2026-05-22T02:37:54.354+00:00,1779417474354138000,283,R,7560,7832,9022,10324,7560,7832,9022,10324,19130,23332,18434,22191,-129,-219,-23,-0.505882,-0.858824,-0.090196,0,77,f4230,2026-05-22 02:37:54.354000+00:00,8.854,9.4,8.854,8684.5,20771.75,-0.08628624022089278,-0.043309312705268097,1.0008149575800713,-5.317685622885371e-05
2026-05-22T02:37:54.354+00:00,1779417474354201000,284,R,7563,7831,9015,10328,7563,7831,9015,10328,19137,23321,18431,22206,-127,-220,-23,-0.498039,-0.862745,-0.090196,0,77,04230,2026-05-22 02:37:54.354000+00:00,8.854,9.433333333333334,8.854,8684.25,20773.75,-0.08916244822825586,-0.0336850209929863,1.0002535173454778,-0.0005614402345934799
2026-05-22T02:37:54.354+00:00,1779417474354263000,285,R,7563,7828,9010,10335,7563,7828,9010,10335,19137,23309,18429,22217,-126,-222,-23,-0.494118,-0.870588,-0.090196,0,77,14230,2026-05-22 02:37:54.354000+00:00,8.854,9.466666666666667,8.854,8684.0,20773.0,-0.09203865623561897,-0.037294130385091974,1.005092723127573,0.004477922882244023
2026-05-22T02:37:54.501+00:00,1779417474501867000,286,R,7563,7827,9009,10335,7563,7827,9009,10335,19139,23298,18426,22229,-127,-220,-24,-0.498039,-0.862745,-0.094118,0,77,24230,2026-05-22 02:37:54.501000+00:00,9.001,9.5,9.001,8683.5,20773.0,-0.09779107225034514,-0.037294130385091974,1.000614800245329,0.0
2026-05-22T02:37:54.502+00:00,1779417474502017000,287,R,7572,7827,9008,10344,7572,7827,9008,10344,19145,23296,18425,22234,-128,-220,-25,-0.501961,-0.862745,-0.098039,0,77,34230,2026-05-22 02:37:54.502000+00:00,9.002,9.533333333333333,9.002,8687.75,20775.0,-0.04889553612517257,-0.027669838672810174,1.002948366600694,0.0021334090206226453
2026-05-22T02:37:54.502+00:00,1779417474502091000,288,R,7590,7825,9081,10330,7590,7825,9081,10330,19172,23421,18407,22182,-128,-218,-25,-0.501961,-0.854902,-0.098039,0,77,d4320,2026-05-22 02:37:54.502000+00:00,9.002,9.566666666666666,9.002,8706.5,20795.5,0.16682006442705938,0.07097915137807827,0.9962097774294328,-0.004658357006867342
2026-05-22T02:37:54.502+00:00,1779417474502158000,289,R,7589,7824,9084,10324,7589,7824,9084,10324,19179,23436,18411,22181,-131,-217,-23,-0.513725,-0.85098,-0.090196,0,77,e4320,2026-05-22 02:37:54.502000+00:00,9.002,9.6,9.002,8705.25,20801.75,0.1524390243902439,0.10105506297895889,0.9981060336662633,-0.0027621007700369127
2026-05-22T02:37:54.502+00:00,1779417474502223000,290,R,7593,7828,9095,10330,7593,7828,9095,10330,19181,23446,18411,22176,-131,-217,-22,-0.513725,-0.85098,-0.086275,0,77,f4320,2026-05-22 02:37:54.502000+00:00,9.002,9.633333333333333,9.002,8711.5,20803.5,0.2243442245743212,0.10947631822720547,0.9977593455588376,-0.0030556120212337223
2026-05-22T02:37:54.651+00:00,1779417474651946000,291,R,7594,7828,9099,10333,7594,7828,9099,10333,19183,23455,18414,22177,-148,-219,-23,-0.580392,-0.858824,-0.090196,0,77,04320,2026-05-22 02:37:54.651000+00:00,9.151,9.666666666666666,9.151,8713.5,20807.25,0.25023729398567607,0.12993106435196883,1.0404656914362913,0.039597556999991124
2026-05-22T02:37:54.652+00:00,1779417474652083000,292,R,7595,7832,9101,10333,7595,7832,9101,10333,19183,23461,18418,22179,-128,-220,-23,-0.501961,-0.862745,-0.090196,0,77,14320,2026-05-22 02:37:54.652000+00:00,9.152,9.7,9.152,8715.25,20810.25,0.2732554794914572,0.14436784927996535,1.0022121027816417,0.0010360649021887713
2026-05-22T02:37:54.652+00:00,1779417474652157000,293,R,7595,7828,9101,10332,7595,7828,9101,10332,19182,23460,18416,22175,-125,-221,-23,-0.490196,-0.866667,-0.090196,0,77,24320,2026-05-22 02:37:54.652000+00:00,9.152,9.733333333333333,9.152,8714.0,20808.25,0.2646415832470372,0.13594802694898941,0.9997695363037423,-0.0014065015757106503
2026-05-22T02:37:54.652+00:00,1779417474652222000,294,R,7584,7808,9092,10300,7584,7808,9092,10300,19172,23449,18385,22137,-134,-219,-21,-0.52549,-0.858824,-0.082353,0,77,94380,2026-05-22 02:37:54.652000+00:00,9.152,9.766666666666667,9.152,8696.0,20785.75,0.05753077896674721,0.02887426460857325,1.01019820811809,0.009330073681789841
2026-05-22T02:37:54.652+00:00,1779417474652285000,295,R,7580,7808,9088,10300,7580,7808,9088,10300,19167,23448,18388,22135,-134,-216,-22,-0.52549,-0.847059,-0.086275,0,77,a4380,2026-05-22 02:37:54.652000+00:00,9.152,9.8,9.152,8694.0,20784.5,0.03739608204125076,0.02767250195512242,1.000545883608543,-0.0003222508277571645
2026-05-22T02:37:54.803+00:00,1779417474803131000,296,R,7577,7807,9085,10295,7577,7807,9085,10295,19163,23446,18381,22133,-134,-218,-21,-0.52549,-0.854902,-0.082353,0,77,b4380,2026-05-22 02:37:54.803000+00:00,9.303,9.833333333333334,9.303,8691.0,20780.75,0.005753408894770151,0.010828500613615035,1.0068660220272607,0.0060510644471893915
2026-05-22T02:37:54.803+00:00,1779417474803271000,297,R,7568,7805,9081,10293,7568,7805,9081,10293,19156,23442,18388,22133,-136,-219,-20,-0.533333,-0.858824,-0.078431,0,77,c4380,2026-05-22 02:37:54.803000+00:00,9.303,9.866666666666667,9.303,8686.75,20779.75,-0.04027502085670723,0.009625681317755772,1.0139892374310489,0.013174279850977522
2026-05-22T02:37:54.803+00:00,1779417474803346000,298,R,7568,7806,9079,10293,7568,7806,9079,10293,19151,23438,18381,22132,-134,-219,-21,-0.52549,-0.858824,-0.082353,0,77,d4380,2026-05-22 02:37:54.803000+00:00,9.303,9.9,9.303,8686.5,20775.5,-0.043151808060757746,-0.010828891482475244,1.01019820811809,0.009583407872761018
2026-05-22T02:37:54.803+00:00,1779417474803412000,299,R,7555,7797,9071,10282,7555,7797,9071,10282,19129,23428,18375,22115,-129,-218,-24,-0.505882,-0.854902,-0.094118,0,77,44440,2026-05-22 02:37:54.803000+00:00,9.303,9.933333333333334,9.303,8676.25,20761.75,-0.1553554475099974,-0.07580315244856214,0.9978137228220506,-0.0028010774232783975
2026-05-22T02:37:54.803+00:00,1779417474803476000,300,R,7555,7799,9072,10283,7555,7799,9072,10283,19133,23424,18374,22110,-131,-217,-23,-0.513725,-0.85098,-0.090196,0,77,54440,2026-05-22 02:37:54.803000+00:00,9.303,9.966666666666667,9.303,8677.25,20760.25,-0.14384763658333094,-0.08061799104779323,0.9981060336662633,-0.002708923913808059
2026-05-22T02:37:54.803+00:00,1779417474803804000,301,R,7556,7803,9072,10282,7556,7803,9072,10282,19128,23426,18379,22113,-134,-220,-21,-0.52549,-0.862745,-0.082353,0,77,64440,2026-05-22 02:37:54.803000+00:00,9.303,10.0,9.303,8678.25,20761.5,-0.1294665976178146,-0.07460172305915194,1.0135337644765468,0.01271880689647542
2026-05-22T02:37:54.951+00:00,1779417474951403000,302,R,7555,7804,9074,10284,7555,7804,9074,10284,19127,23425,18379,22109,-136,-219,-22,-0.533333,-0.858824,-0.086275,0,77,74440,2026-05-22 02:37:54.951000+00:00,9.451,10.033333333333333,9.451,8679.25,20760.0,-0.1093367860739462,-0.0806189610983431,1.0146261023106,0.01381114473052869
2026-05-22T02:37:54.951+00:00,1779417474951461000,303,R,7558,7807,9075,10286,7558,7807,9075,10286,19130,23426,18384,22111,-133,-216,-24,-0.521569,-0.847059,-0.094118,0,77,84440,2026-05-22 02:37:54.951000+00:00,9.451,10.066666666666666,9.451,8681.5,20762.75,-0.08056626575358232,-0.06497803982913182,0.9992003648748333,-0.0014144353704956814
2026-05-22T02:37:54.951+00:00,1779417474951494000,304,R,7561,7814,9074,10284,7561,7814,9074,10284,19138,23430,18398,22109,-135,-215,-23,-0.529412,-0.843137,-0.090196,0,77,04510,2026-05-22 02:37:54.951000+00:00,9.451,10.1,9.451,8683.25,20768.75,-0.06042469931518674,-0.03489603388525221,0.9996461298524594,-0.0009686703928696305
2026-05-22T02:37:54.951+00:00,1779417474951523000,305,R,7559,7814,9076,10284,7559,7814,9076,10284,19133,23429,18400,22107,-130,-217,-24,-0.509804,-0.85098,-0.094118,0,77,14510,2026-05-22 02:37:54.951000+00:00,9.451,10.133333333333333,9.451,8683.25,20767.25,-0.06042469931518674,-0.03971023561406464,0.9964563596766293,-0.0041584405686997394
2026-05-22T02:37:54.951+00:00,1779417474951550000,306,R,7561,7814,9076,10284,7561,7814,9076,10284,19140,23425,18399,22103,-131,-216,-27,-0.513725,-0.847059,-0.105882,0,77,24510,2026-05-22 02:37:54.951000+00:00,9.451,10.166666666666666,9.451,8683.75,20766.75,-0.04604184052257489,-0.04091406842276266,0.9963098529222724,-0.00430494732305664
2026-05-22T02:37:55.101+00:00,1779417475101901000,307,R,7561,7815,9074,10283,7561,7815,9074,10283,19137,23424,18396,22109,-132,-219,-26,-0.517647,-0.858824,-0.101961,0,77,34510,2026-05-22 02:37:55.101000+00:00,9.601,10.2,9.601,8683.25,20766.5,-0.04029124816530923,-0.04091456077015644,1.0079350798072264,0.007120122227155079
2026-05-22T02:37:55.102+00:00,1779417475102081000,308,R,7562,7814,9076,10283,7562,7814,9076,10283,19134,23428,18394,22107,-131,-219,-28,-0.513725,-0.858824,-0.109804,0,77,44510,2026-05-22 02:37:55.102000+00:00,9.602,10.233333333333333,9.602,8683.75,20765.75,-0.03165832038220227,-0.038510138997532944,1.0067516858774064,0.005883551441106194
2026-05-22T02:37:55.102+00:00,1779417475102162000,309,R,7570,7822,9081,10291,7570,7822,9081,10291,19149,23435,18406,22118,-133,-217,-25,-0.521569,-0.85098,-0.098039,0,77,c4580,2026-05-22 02:37:55.102000+00:00,9.602,10.266666666666667,9.602,8691.0,20777.0,0.07484598998215211,0.019255764694555432,1.0029022024514653,0.001642284882605649
2026-05-22T02:37:55.102+00:00,1779417475102232000,310,R,7571,7821,9081,10293,7571,7821,9081,10293,19153,23432,18410,22116,-132,-217,-25,-0.517647,-0.85098,-0.098039,0,77,d4580,2026-05-22 02:37:55.102000+00:00,9.602,10.3,9.602,8691.5,20777.75,0.08348446900998935,0.022866220574784577,1.0008681344363002,0.0
2026-05-22T02:37:55.102+00:00,1779417475102297000,311,R,7573,7822,9083,10293,7573,7822,9083,10293,19156,23437,18411,22117,-131,-218,-25,-0.513725,-0.854902,-0.098039,0,77,e4580,2026-05-22 02:37:55.102000+00:00,9.602,10.333333333333334,9.602,8692.75,20780.25,0.09787834297722889,0.037308942110964013,1.0021888298868633,0.0013206954505631252
2026-05-22T02:37:55.398+00:00,1779417475398397000,312,R,7572,7823,9084,10293,7572,7823,9084,10293,19153,23435,18410,22113,-130,-217,-25,-0.509804,-0.85098,-0.098039,0,77,f4580,2026-05-22 02:37:55.398000+00:00,9.898,10.366666666666667,9.898,8693.0,20777.75,0.10363887609396591,0.028885385198647202,0.9968343515032977,-0.004033782933002494
2026-05-22T02:37:55.398+00:00,1779417475398435000,313,R,7572,7823,9081,10292,7572,7823,9081,10292,19155,23437,18411,22118,-129,-218,-26,-0.505882,-0.854902,-0.101961,0,77,04580,2026-05-22 02:37:55.398000+00:00,9.898,10.4,9.898,8692.0,20780.25,0.09500503814596228,0.04814578543830719,0.9985840340447069,-0.0022841003915933245
2026-05-22T02:37:55.398+00:00,1779417475398451000,314,R,7573,7823,9083,10294,7573,7823,9083,10294,19152,23439,18411,22118,-130,-217,-26,-0.509804,-0.85098,-0.101961,0,77,14580,2026-05-22 02:37:55.398000+00:00,9.898,10.433333333333334,9.898,8693.25,20780.0,0.10939974089535051,0.05416792055371652,0.9972277193986336,-0.0036404150376665445
2026-05-22T02:37:55.398+00:00,1779417475398465000,315,R,7577,7829,9084,10302,7577,7829,9084,10302,19156,23434,18416,22132,-131,-217,-26,-0.513725,-0.85098,-0.101961,0,77,84640,2026-05-22 02:37:55.398000+00:00,9.898,10.466666666666667,9.898,8698.0,20784.5,0.16409961134302575,0.0830634773501547,0.9992379003750809,-0.0016302340612193156
2026-05-22T02:37:55.398+00:00,1779417475398478000,316,R,7578,7831,9084,10301,7578,7831,9084,10301,19157,23438,18420,22127,-130,-219,-25,-0.509804,-0.858824,-0.098039,0,77,94640,2026-05-22 02:37:55.398000+00:00,9.898,10.5,9.898,8698.5,20785.5,0.16985749244278106,0.09028856224493481,1.0035389513681072,0.002924151122778218
2026-05-22T02:37:55.550+00:00,1779417475550796000,317,R,7581,7833,9086,10304,7581,7833,9086,10304,19161,23436,18423,22130,-132,-218,-25,-0.517647,-0.854902,-0.098039,0,77,a4640,2026-05-22 02:37:55.550000+00:00,10.05,10.533333333333333,10.05,8701.0,20787.5,0.19864689794155752,0.10112440709797028,1.0042049052529072,0.003336770816606993
2026-05-22T02:37:55.550+00:00,1779417475550925000,318,R,7579,7832,9085,10306,7579,7832,9085,10306,19158,23439,18421,22132,-132,-217,-26,-0.517647,-0.85098,-0.101961,0,77,b4640,2026-05-22 02:37:55.550000+00:00,10.05,10.566666666666666,10.05,8700.5,20787.5,0.1928890168418022,0.1023295009931981,1.0012599175688597,0.0003917831325594978
2026-05-22T02:37:55.550+00:00,1779417475550998000,319,R,7582,7832,9086,10308,7582,7832,9086,10308,19162,23435,18424,22137,-130,-219,-26,-0.509804,-0.858824,-0.101961,0,77,c4640,2026-05-22 02:37:55.550000+00:00,10.05,10.6,10.05,8702.0,20789.5,0.21593297440474477,0.11437101958754199,1.0039296922160437,0.0026697746471839867
2026-05-22T02:37:55.551+00:00,1779417475551066000,320,R,7570,7827,9079,10299,7570,7827,9079,10299,19151,23432,18418,22130,-131,-217,-26,-0.513725,-0.85098,-0.101961,0,76,44710,2026-05-22 02:37:55.551000+00:00,10.051,10.633333333333333,10.051,8693.75,20782.75,0.12092246566665707,0.09632635368628915,0.9992379003750809,-0.0020220171937788134
2026-05-22T02:37:55.551+00:00,1779417475551129000,321,R,7568,7824,9074,10296,7568,7824,9074,10296,19148,23427,18415,22125,-131,-219,-25,-0.513725,-0.858824,-0.098039,0,76,54710,2026-05-22 02:37:55.551000+00:00,10.051,10.666666666666666,10.051,8690.5,20778.75,0.0834940834365013,0.08188134429901141,1.005536515558734,0.004153558809918412
2026-05-22T02:37:55.551+00:00,1779417475551202000,322,R,7564,7824,9075,10291,7564,7824,9075,10291,19137,23422,18412,22119,-131,-220,-26,-0.513725,-0.862745,-0.101961,0,76,64710,2026-05-22 02:37:55.551000+00:00,10.051,10.7,10.051,8688.5,20772.5,0.06622325876018542,0.051777908894963094,1.0092761545637547,0.007893197814939246
2026-05-22T02:37:55.701+00:00,1779417475701206000,323,R,7558,7818,9071,10290,7558,7818,9071,10290,19136,23421,18410,22114,-128,-219,-26,-0.501961,-0.858824,-0.101961,0,76,74710,2026-05-22 02:37:55.701000+00:00,10.201,10.733333333333333,10.201,8684.25,20770.25,0.031676553590969304,0.04214531705319943,0.9999697765522717,-0.0014131801965437951
2026-05-22T02:37:55.701+00:00,1779417475701347000,324,R,7559,7818,9072,10286,7559,7818,9072,10286,19127,23418,18408,22112,-130,-217,-27,-0.509804,-0.85098,-0.105882,0,76,84710,2026-05-22 02:37:55.701000+00:00,10.201,10.766666666666667,10.201,8683.75,20766.25,0.025917180210793065,0.02890138606230657,0.9976362447004419,-0.004552585186421432
2026-05-22T02:37:55.701+00:00,1779417475701436000,325,R,7543,7807,9060,10271,7543,7807,9060,10271,19104,23405,18391,22091,-127,-221,-25,-0.498039,-0.866667,-0.098039,0,76,04780,2026-05-22 02:37:55.701000+00:00,10.201,10.8,10.201,8670.25,20747.75,-0.10657295927184746,-0.059007707129094415,1.0043735261002253,0.0021846962133620362
2026-05-22T02:37:55.701+00:00,1779417475701502000,326,R,7542,7806,9061,10268,7542,7806,9061,10268,19100,23402,18388,22092,-125,-220,-27,-0.490196,-0.862745,-0.105882,0,76,14780,2026-05-22 02:37:55.701000+00:00,10.201,10.833333333333334,10.201,8669.25,20745.5,-0.11521732868623441,-0.051791629027401385,0.9979138496709022,-0.004735219630515819
2026-05-22T02:37:55.701+00:00,1779417475701565000,327,R,7541,7801,9057,10268,7541,7801,9057,10268,19094,23397,18384,22088,-124,-221,-27,-0.486275,-0.866667,-0.105882,0,76,24780,2026-05-22 02:37:55.701000+00:00,10.201,10.866666666666667,10.201,8666.75,20740.75,-0.144021660857793,-0.06986184218450753,0.9993928469015575,-0.0027959829853058116
2026-05-22T02:37:55.850+00:00,1779417475851027000,328,R,7541,7802,9056,10266,7541,7802,9056,10266,19094,23392,18384,22086,-125,-220,-27,-0.490196,-0.862745,-0.105882,0,76,34780,2026-05-22 02:37:55.850000+00:00,10.35,10.9,10.35,8666.25,20739.0,-0.14402995823131212,-0.07708985786557455,0.9979138496709022,-0.0034691070779132582
2026-05-22T02:37:55.851+00:00,1779417475851168000,329,R,7534,7803,9054,10265,7534,7803,9054,10265,19092,23392,18383,22083,-126,-219,-26,-0.494118,-0.858824,-0.101961,0,76,44780,2026-05-22 02:37:55.851000+00:00,10.351,10.933333333333334,10.351,8664.0,20737.5,-0.16420361247947454,-0.08070636134767578,0.9960558751500842,-0.005204042418775479
2026-05-22T02:37:55.851+00:00,1779417475851242000,330,R,7526,7810,9051,10273,7526,7810,9051,10273,19073,23390,18400,22096,-128,-220,-26,-0.501961,-0.862745,-0.101961,0,76,c4850,2026-05-22 02:37:55.851000+00:00,10.351,10.966666666666667,10.351,8665.0,20739.75,-0.15268055195459915,-0.06745768836957176,1.00333933744621,0.002079419877350386
2026-05-22T02:37:55.851+00:00,1779417475851308000,331,R,7527,7812,9046,10273,7527,7812,9046,10273,19071,23387,18402,22096,-126,-218,-27,-0.494118,-0.854902,-0.105882,0,76,d4850,2026-05-22 02:37:55.851000+00:00,10.351,11.0,10.351,8664.5,20739.0,-0.15844208221703684,-0.05662445935689071,0.9930866152818697,-0.00817330228698998
2026-05-22T02:37:55.851+00:00,1779417475851372000,332,R,7526,7813,9047,10276,7526,7813,9047,10276,19072,23384,18401,22099,-129,-219,-28,-0.505882,-0.858824,-0.109804,0,76,e4850,2026-05-22 02:37:55.851000+00:00,10.351,11.033333333333333,10.351,8665.5,20739.0,-0.14691902169216145,-0.05662445935689071,1.0027722469813372,0.0015123294124774755
2026-05-22T02:37:56.146+00:00,1779417476146650000,333,R,7526,7814,9047,10278,7526,7814,9047,10278,19071,23384,18405,22101,-125,-219,-26,-0.490196,-0.858824,-0.101961,0,76,f4850,2026-05-22 02:37:56.146000+00:00,10.646,11.066666666666666,10.646,8666.25,20740.25,-0.10086455331412104,-0.036148498029906856,0.9941161033365268,-0.007143814232332901
2026-05-22T02:37:56.146+00:00,1779417476146683000,334,R,7527,7814,9049,10277,7527,7814,9049,10277,19071,23383,18405,22102,-123,-219,-27,-0.482353,-0.858824,-0.105882,0,76,04850,2026-05-22 02:37:56.146000+00:00,10.646,11.1,10.646,8666.75,20740.25,-0.06630152781781493,-0.03012556334803461,0.9906836414865242,-0.010699315262291287
2026-05-22T02:37:56.146+00:00,1779417476146699000,335,R,7528,7814,9048,10279,7528,7814,9048,10279,19072,23382,18409,22105,-135,-219,-25,-0.529412,-0.858824,-0.098039,0,76,14850,2026-05-22 02:37:56.146000+00:00,10.646,11.133333333333333,10.646,8667.25,20742.0,-0.05765516446135663,-0.019280825219319387,1.0136406534078042,0.011451823520940874
2026-05-22T02:37:56.146+00:00,1779417476146714000,336,R,7546,7807,9058,10274,7546,7807,9058,10274,19105,23390,18391,22098,-135,-221,-28,-0.529412,-0.866667,-0.109804,0,76,74900,2026-05-22 02:37:56.146000+00:00,10.646,11.166666666666666,10.646,8671.25,20746.0,-0.008648523985239853,0.0024101612397869417,1.0214918859437896,0.019303056056926282
2026-05-22T02:37:56.146+00:00,1779417476146728000,337,R,7547,7804,9058,10272,7547,7804,9058,10272,19106,23393,18384,22099,-128,-221,-28,-0.501961,-0.866667,-0.109804,0,76,84900,2026-05-22 02:37:56.146000+00:00,10.646,11.2,10.646,8670.25,20745.5,-0.02017988929889299,0.0,1.0075383133290763,0.005349483442212977
2026-05-22T02:37:56.153+00:00,1779417476153756000,338,R,7551,7804,9060,10275,7551,7804,9060,10275,19109,23389,18382,22097,-135,-225,-28,-0.529412,-0.882353,-0.109804,0,76,94900,2026-05-22 02:37:56.153000+00:00,10.653,11.233333333333333,10.653,8672.5,20744.25,0.005765682656826568,-0.006025403099467354,1.0348337068191198,0.032644876932256484
2026-05-22T02:37:56.153+00:00,1779417476153783000,339,R,7552,7803,9060,10273,7552,7803,9060,10273,19111,23390,18380,22094,-128,-223,-25,-0.501961,-0.87451,-0.098039,0,76,a4900,2026-05-22 02:37:56.153000+00:00,10.653,11.266666666666667,10.653,8672.0,20743.75,0.0,-0.008435564339254296,1.0130864874935408,0.011703530744725299
2026-05-22T02:37:56.153+00:00,1779417476153801000,340,R,7551,7801,9063,10274,7551,7801,9063,10274,19114,23394,18377,22095,-123,-219,-31,-0.482353,-0.858824,-0.121569,0,76,b4900,2026-05-22 02:37:56.153000+00:00,10.653,11.3,10.653,8672.25,20745.0,0.002882841328413284,-0.0024101612397869417,0.9924827964987605,-0.008777121070099203
2026-05-22T02:37:56.153+00:00,1779417476153814000,341,R,7553,7808,9077,10277,7553,7808,9077,10277,19111,23423,18379,22090,-132,-218,-23,-0.517647,-0.854902,-0.090196,0,76,24960,2026-05-22 02:37:56.153000+00:00,10.653,11.333333333333334,10.653,8678.75,20750.75,0.07783671586715867,0.02530669301776289,1.003469563379478,0.002086606630662402
2026-05-22T02:37:56.153+00:00,1779417476153827000,342,R,7553,7808,9081,10276,7553,7808,9081,10276,19110,23431,18385,22089,-133,-218,-23,-0.521569,-0.854902,-0.090196,0,76,34960,2026-05-22 02:37:56.153000+00:00,10.653,11.366666666666667,10.653,8679.5,20753.75,0.08648523985239852,0.03976766045648454,1.0054983688604373,0.004238451291577627
2026-05-22T02:37:56.153+00:00,1779417476153840000,343,R,7549,7807,9081,10276,7549,7807,9081,10276,19110,23433,18383,22091,-130,-217,-25,-0.509804,-0.85098,-0.098039,0,76,44960,2026-05-22 02:37:56.153000+00:00,10.653,11.4,10.653,8678.25,20754.25,0.0720710332103321,0.04217782169627148,0.9968343515032977,-0.004548605245517812
2026-05-22T02:37:56.301+00:00,1779417476301824000,344,R,7552,7809,9081,10284,7552,7809,9081,10284,19111,23432,18387,22091,-128,-217,-26,-0.501961,-0.85098,-0.101961,0,76,54960,2026-05-22 02:37:56.301000+00:00,10.801,11.433333333333334,10.801,8681.5,20755.25,0.1095479704797048,0.046998144175845365,0.9932410842499418,-0.00940798505147622
2026-05-22T02:37:56.301+00:00,1779417476301868000,345,R,7552,7812,9087,10280,7552,7812,9087,10280,19106,23435,18386,22093,-128,-217,-27,-0.501961,-0.85098,-0.105882,0,76,64960,2026-05-22 02:37:56.301000+00:00,10.801,11.466666666666667,10.801,8682.75,20755.0,0.12396217712177121,0.04579306355595189,0.9936512486003326,-0.009120998381004553
2026-05-22T02:37:56.301+00:00,1779417476301885000,346,R,7548,7820,9089,10290,7548,7820,9089,10290,19099,23445,18400,22103,-122,-222,-30,-0.478431,-0.870588,-0.117647,0,75,05050,2026-05-22 02:37:56.301000+00:00,10.801,11.5,10.801,8686.75,20761.75,0.17008763837638377,0.0783302402930756,1.0003301975417918,-0.0024420494395454018
2026-05-22T02:37:56.301+00:00,1779417476301899000,347,R,7541,7823,9084,10296,7541,7823,9084,10296,19093,23435,18398,22099,-125,-223,-29,-0.490196,-0.87451,-0.113725,0,75,15050,2026-05-22 02:37:56.301000+00:00,10.801,11.533333333333333,10.801,8686.0,20756.25,0.16143911439114392,0.05181846665541925,1.0089565075566935,0.006307438255275466
2026-05-22T02:37:56.301+00:00,1779417476301967000,348,R,7538,7818,9078,10283,7538,7818,9078,10283,19084,23423,18399,22097,-127,-222,-27,-0.498039,-0.870588,-0.105882,0,75,25050,2026-05-22 02:37:56.301000+00:00,10.801,11.566666666666666,10.801,8679.25,20750.75,0.08360239852398524,0.02530669301776289,1.0085520855112047,0.007169128762389176
2026-05-22T02:37:56.452+00:00,1779417476452440000,349,R,7537,7816,9066,10281,7537,7816,9066,10281,19080,23409,18400,22097,-127,-220,-26,-0.498039,-0.862745,-0.101961,0,75,35050,2026-05-22 02:37:56.452000+00:00,10.952,11.6,10.952,8675.0,20746.5,0.03459409594095941,0.004820322479573883,1.0013829567488155,0.0
2026-05-22T02:37:56.452+00:00,1779417476452584000,350,R,7533,7816,9058,10278,7533,7816,9058,10278,19074,23394,18395,22096,-125,-218,-25,-0.490196,-0.854902,-0.098039,0,75,45050,2026-05-22 02:37:56.452000+00:00,10.952,11.633333333333333,10.952,8671.25,20739.75,-0.008648523985239853,-0.02771685425754983,0.9903338798309387,-0.011049076917876821
2026-05-22T02:37:56.452+00:00,1779417476452662000,351,R,7547,7784,9004,10273,7547,7784,9004,10273,19102,23286,18353,22128,-137,-218,-30,-0.537255,-0.854902,-0.117647,0,75,c5120,2026-05-22 02:37:56.452000+00:00,10.952,11.666666666666666,10.952,8652.0,20717.25,-0.23062730627306274,-0.1361741100479622,1.016533905601776,0.013884836300357861
2026-05-22T02:37:56.452+00:00,1779417476452730000,352,R,7550,7777,9001,10265,7550,7777,9001,10265,19102,23280,18348,22124,-135,-220,-29,-0.529412,-0.862745,-0.113725,0,75,d5120,2026-05-22 02:37:56.452000+00:00,10.952,11.7,10.952,8648.25,20713.5,-0.273869926199262,-0.15425031934636427,1.0185967683013726,0.015947698999954518
2026-05-22T02:37:56.452+00:00,1779417476452795000,353,R,7550,7782,9007,10268,7550,7782,9007,10268,19108,23284,18347,22120,-134,-222,-30,-0.52549,-0.870588,-0.117647,0,75,e5120,2026-05-22 02:37:56.452000+00:00,10.952,11.733333333333333,10.952,8651.75,20714.75,-0.23063395508403725,-0.1482249162468969,1.0236718333787445,0.021022764077326395
2026-05-22T02:37:56.601+00:00,1779417476601458000,354,R,7549,7781,9011,10264,7549,7781,9011,10264,19105,23290,18341,22115,-131,-223,-29,-0.513725,-0.87451,-0.113725,0,75,f5120,2026-05-22 02:37:56.601000+00:00,11.101,11.766666666666667,11.101,8651.25,20712.75,-0.23064725385613377,-0.1554591467823572,1.0205951652589778,0.017822918277640598
2026-05-22T02:37:56.601+00:00,1779417476601522000,355,R,7548,7779,9019,10261,7548,7779,9019,10261,19107,23307,18343,22102,-127,-221,-30,-0.498039,-0.866667,-0.117647,0,75,05120,2026-05-22 02:37:56.601000+00:00,11.101,11.8,11.101,8651.75,20714.75,-0.22488107250973044,-0.14220808175759547,1.0064767016771923,0.003574499225726946
2026-05-22T02:37:56.601+00:00,1779417476601556000,356,R,7549,7779,9026,10259,7549,7779,9026,10259,19107,23324,18338,22091,-127,-220,-29,-0.498039,-0.862745,-0.113725,0,75,15120,2026-05-22 02:37:56.601000+00:00,11.101,11.833333333333334,11.101,8653.25,20715.0,-0.2075825284705204,-0.1385959626393492,1.002649069301418,-0.00012317767991909534
2026-05-22T02:37:56.601+00:00,1779417476601586000,357,R,7554,7785,9057,10259,7554,7785,9057,10259,19109,23378,18350,22083,-129,-219,-24,-0.505882,-0.858824,-0.094118,0,75,85180,2026-05-22 02:37:56.601000+00:00,11.101,11.866666666666667,11.101,8663.75,20730.0,-0.08649272019605017,-0.05785363031530229,1.001176037879453,-0.0015962091018841829
2026-05-22T02:37:56.601+00:00,1779417476601614000,358,R,7552,7787,9055,10261,7552,7787,9055,10261,19108,23383,18347,22077,-131,-217,-23,-0.513725,-0.85098,-0.090196,0,75,95180,2026-05-22 02:37:56.601000+00:00,11.101,11.9,11.101,8663.75,20728.75,-0.08649272019605017,-0.06388005013981295,0.9981060336662633,-0.004666213315073886
2026-05-22T02:37:56.900+00:00,1779417476900987000,359,R,7552,7786,9059,10257,7552,7786,9059,10257,19111,23382,18353,22080,-129,-218,-23,-0.505882,-0.854902,-0.090196,0,75,a5180,2026-05-22 02:37:56.900000+00:00,11.4,11.933333333333334,11.4,8663.5,20731.5,-0.08937581086925184,-0.050621926525889496,0.9974514253556411,-0.0054507770958242
2026-05-22T02:37:56.901+00:00,1779417476901147000,360,R,7553,7788,9061,10259,7553,7788,9061,10259,19111,23389,18351,22078,-131,-217,-23,-0.513725,-0.85098,-0.090196,0,75,b5180,2026-05-22 02:37:56.901000+00:00,11.401,11.966666666666667,11.401,8665.25,20732.25,-0.06919417615684013,-0.04700607463118311,0.9981060336662633,-0.00479616878520206
2026-05-22T02:37:56.901+00:00,1779417476901222000,361,R,7554,7787,9060,10261,7554,7787,9060,10261,19112,23389,18350,22079,-129,-216,-24,-0.505882,-0.847059,-0.094118,0,75,c5180,2026-05-22 02:37:56.901000+00:00,11.401,12.0,11.401,8665.5,20732.5,-0.06919218128351497,-0.045800790666280976,0.9911022880253078,-0.011669958956029403
2026-05-22T02:37:56.901+00:00,1779417476901304000,362,R,7558,7787,9066,10263,7558,7787,9066,10263,19113,23400,18349,22081,-135,-219,-25,-0.529412,-0.858824,-0.098039,0,75,45250,2026-05-22 02:37:56.901000+00:00,11.401,12.033333333333333,11.401,8668.5,20735.75,-0.03747801770115605,-0.030132099122553272,1.0136406534078042,0.010738450956338852
2026-05-22T02:37:56.901+00:00,1779417476901367000,363,R,7561,7785,9070,10265,7561,7785,9070,10265,19125,23396,18351,22080,-133,-220,-24,-0.521569,-0.862745,-0.094118,0,75,55250,2026-05-22 02:37:56.901000+00:00,11.401,12.066666666666666,11.401,8670.25,20738.0,-0.02017988929889299,-0.019284543438434096,1.0125321499636442,0.009545707805525883
2026-05-22T02:37:56.901+00:00,1779417476901430000,364,R,7560,7791,9068,10262,7560,7791,9068,10262,19120,23400,18351,22080,-133,-219,-25,-0.521569,-0.858824,-0.098039,0,75,65250,2026-05-22 02:37:56.901000+00:00,11.401,12.1,11.401,8670.25,20737.75,-0.02306206578454265,-0.02892437481169027,1.0095665061094292,0.006580063951310944
2026-05-22T02:37:57.050+00:00,1779417477050619000,365,R,7560,7789,9070,10265,7560,7789,9070,10265,19125,23402,18350,22079,-132,-218,-26,-0.517647,-0.854902,-0.101961,0,75,75250,2026-05-22 02:37:57.050000+00:00,11.55,12.133333333333333,11.55,8671.0,20739.0,-0.017296050735082155,-0.024103355187042035,1.0045953870758118,0.0013021957892367375
2026-05-22T02:37:57.050+00:00,1779417477050679000,366,R,7563,7789,9071,10264,7563,7789,9071,10264,19122,23402,18349,22085,-131,-217,-26,-0.513725,-0.85098,-0.101961,0,75,85250,2026-05-22 02:37:57.050000+00:00,11.55,12.166666666666666,11.55,8671.75,20739.5,-0.011530368107001816,-0.02289791146944334,0.9992379003750809,-0.004055290911494147
2026-05-22T02:37:57.050+00:00,1779417477050712000,367,R,7564,7801,9076,10275,7564,7801,9076,10275,19128,23411,18365,22091,-131,-217,-25,-0.513725,-0.85098,-0.098039,0,75,05320,2026-05-22 02:37:57.050000+00:00,11.55,12.2,11.55,8679.0,20748.75,0.057643532395665206,0.02169275823420948,0.9988453241348232,-0.0044478671517518276
2026-05-22T02:37:57.050+00:00,1779417477050740000,368,R,7567,7798,9075,10273,7567,7798,9075,10273,19134,23417,18370,22089,-133,-217,-25,-0.521569,-0.85098,-0.098039,0,75,15320,2026-05-22 02:37:57.050000+00:00,11.55,12.233333333333333,11.55,8678.25,20752.5,0.037463976945244955,0.03977005676271738,1.0029022024514653,-8.423970665294434e-05
2026-05-22T02:37:57.050+00:00,1779417477050766000,369,R,7567,7805,9078,10279,7567,7805,9078,10279,19130,23416,18370,22092,-132,-216,-26,-0.517647,-0.847059,-0.101961,0,75,25320,2026-05-22 02:37:57.050000+00:00,11.55,12.266666666666667,11.55,8682.25,20752.0,0.08068931731074032,0.033743070619426364,0.9979295624496751,-0.005056879708443152
2026-05-22T02:37:57.200+00:00,1779417477200506000,370,R,7569,7805,9078,10279,7569,7805,9078,10279,19133,23415,18375,22098,-132,-216,-26,-0.517647,-0.847059,-0.101961,0,75,35320,2026-05-22 02:37:57.200000+00:00,11.7,12.3,11.7,8682.75,20755.25,0.05473611431205347,0.0457925117192678,0.9979295624496751,-0.005056879708443152
2026-05-22T02:37:57.200+00:00,1779417477200616000,371,R,7569,7807,9078,10283,7569,7807,9078,10283,19134,23422,18378,22100,-131,-219,-27,-0.513725,-0.858824,-0.105882,0,75,45320,2026-05-22 02:37:57.200000+00:00,11.7,12.333333333333334,11.7,8684.25,20758.5,0.06913836314925244,0.057841081628226446,1.0063314744779674,0.0033450323198491727
2026-05-22T02:37:57.200+00:00,1779417477200687000,372,R,7573,7820,9087,10294,7573,7820,9087,10294,19135,23430,18400,22107,-131,-217,-26,-0.513725,-0.85098,-0.101961,0,75,c5390,2026-05-22 02:37:57.200000+00:00,11.7,12.366666666666667,11.7,8693.5,20768.0,0.17572667300434996,0.10363193791723906,0.9992379003750809,-0.003748541783037407
2026-05-22T02:37:57.200+00:00,1779417477200751000,373,R,7570,7824,9082,10297,7570,7824,9082,10297,19139,23433,18404,22112,-132,-218,-25,-0.517647,-0.854902,-0.098039,0,75,d5390,2026-05-22 02:37:57.200000+00:00,11.7,12.4,11.7,8693.25,20772.0,0.17284590787313112,0.1229122984599812,1.0042049052529072,0.0013027028014418462
2026-05-22T02:37:57.200+00:00,1779417477200815000,374,R,7574,7824,9088,10297,7574,7824,9088,10297,19138,23434,18404,22113,-130,-219,-25,-0.509804,-0.858824,-0.098039,0,75,e5390,2026-05-22 02:37:57.200000+00:00,11.7,12.433333333333334,11.7,8695.75,20772.25,0.20165355918531963,0.12411732099390259,1.0035389513681072,0.0005525092099889495
2026-05-22T02:37:57.351+00:00,1779417477351438000,375,R,7574,7826,9088,10299,7574,7826,9088,10299,19139,23438,18404,22111,-130,-220,-26,-0.509804,-0.862745,-0.101961,0,75,f5390,2026-05-22 02:37:57.351000+00:00,11.851,12.466666666666667,11.851,8696.75,20773.0,0.21317661971019503,0.12773238859566674,1.0072860065353832,0.004299564377264975
2026-05-22T02:37:57.351+00:00,1779417477351887000,376,R,7574,7827,9091,10298,7574,7827,9091,10298,19138,23435,18402,22118,-129,-217,-26,-0.505882,-0.85098,-0.101961,0,75,05390,2026-05-22 02:37:57.351000+00:00,11.851,12.5,11.851,8697.5,20773.25,0.22181891510385157,0.12893741112958812,0.9952284179247496,-0.007758024233368688
2026-05-22T02:37:57.351+00:00,1779417477351972000,377,R,7571,7825,9090,10295,7571,7825,9090,10295,19134,23436,18403,22114,-129,-218,-27,-0.505882,-0.854902,-0.105882,0,75,15390,2026-05-22 02:37:57.351000+00:00,11.851,12.533333333333333,11.851,8695.25,20771.75,0.1958920289228819,0.12170727592605982,0.9989920046987364,-0.003994437459381883
2026-05-22T02:37:57.352+00:00,1779417477352040000,378,R,7563,7814,9075,10277,7563,7814,9075,10277,19123,23419,18391,22093,-130,-217,-27,-0.509804,-0.85098,-0.105882,0,75,75440,2026-05-22 02:37:57.352000+00:00,11.852,12.566666666666666,11.852,8682.25,20756.5,0.04609224209950163,0.048200901356855376,0.9976362447004419,-0.005350197457676398
2026-05-22T02:37:57.352+00:00,1779417477352105000,379,R,7561,7813,9076,10276,7561,7813,9076,10276,19120,23419,18389,22090,-130,-218,-26,-0.509804,-0.854902,-0.101961,0,75,85440,2026-05-22 02:37:57.352000+00:00,11.852,12.6,11.852,8681.5,20754.5,0.037449946705845075,0.0385607210854843,1.0005766305191222,-0.0024098116389961177
2026-05-22T02:37:57.352+00:00,1779417477352169000,380,R,7558,7808,9075,10274,7558,7808,9075,10274,19119,23414,18385,22089,-132,-218,-26,-0.517647,-0.854902,-0.101961,0,75,95440,2026-05-22 02:37:57.352000+00:00,11.852,12.633333333333333,11.852,8678.75,20751.75,0.0,0.014458702331465751,1.0045953870758118,0.0016089449176934778
2026-05-22T02:37:57.499+00:00,1779417477499389000,381,R,7559,7811,9075,10272,7559,7811,9075,10272,19117,23417,18389,22085,-131,-218,-27,-0.513725,-0.854902,-0.105882,0,74,a5440,2026-05-22 02:37:57.499000+00:00,11.999,12.666666666666666,11.999,8679.25,20752.0,0.002880516188500979,0.012048483095978217,1.0029864421581183,0.0
2026-05-22T02:37:57.499+00:00,1779417477499560000,382,R,7558,7812,9071,10271,7558,7812,9071,10271,19113,23414,18388,22083,-131,-218,-27,-0.513725,-0.854902,-0.105882,0,74,b5440,2026-05-22 02:37:57.499000+00:00,11.999,12.7,11.999,8678.0,20749.5,-0.014402166085779301,-0.003614414284165251,1.0029864421581183,0.0
2026-05-22T02:37:57.499+00:00,1779417477499634000,383,R,7550,7803,9057,10263,7550,7803,9057,10263,19102,23387,18373,22072,-133,-217,-26,-0.521569,-0.85098,-0.101961,0,74,35510,2026-05-22 02:37:57.499000+00:00,11.999,12.733333333333333,11.999,8668.25,20733.5,-0.12961576127657123,-0.08433328514288468,1.003293191286575,0.0003067491284567403
2026-05-22T02:37:57.499+00:00,1779417477499700000,384,R,7549,7807,9057,10264,7549,7807,9057,10264,19096,23383,18377,22072,-132,-220,-26,-0.517647,-0.862745,-0.101961,0,74,45510,2026-05-22 02:37:57.499000+00:00,11.999,12.766666666666667,11.999,8669.25,20732.0,-0.13247703251447168,-0.09276549605445455,1.0112781007986873,0.008291658640569022
2026-05-22T02:37:57.499+00:00,1779417477499763000,385,R,7551,7806,9061,10263,7551,7806,9061,10263,19100,23387,18377,22076,-132,-218,-27,-0.517647,-0.854902,-0.105882,0,74,55510,2026-05-22 02:37:57.499000+00:00,11.999,12.8,11.999,8670.25,20735.0,-0.12958590105396534,-0.08071608418567108,1.0050009174806758,0.0020987150292104406
2026-05-22T02:37:57.649+00:00,1779417477649683000,386,R,7549,7804,9062,10264,7549,7804,9062,10264,19098,23390,18380,22073,-130,-218,-28,-0.509804,-0.854902,-0.109804,0,74,65510,2026-05-22 02:37:57.649000+00:00,12.149,12.833333333333334,12.149,8669.75,20735.25,-0.14397189668576693,-0.07951136651125809,1.0014062444562646,-0.0014959579952007473
2026-05-22T02:37:57.649+00:00,1779417477649818000,387,R,7549,7806,9063,10262,7549,7806,9063,10262,19098,23391,18383,22071,-129,-219,-27,-0.505882,-0.858824,-0.105882,0,74,75510,2026-05-22 02:37:57.649000+00:00,12.149,12.866666666666667,12.149,8670.0,20735.75,-0.1410924587520516,-0.07710193116243208,1.0023503672987806,-0.0005518351526847542
2026-05-22T02:37:57.649+00:00,1779417477649892000,388,R,7544,7808,9062,10265,7544,7808,9062,10265,19091,23395,18383,22071,-127,-219,-27,-0.498039,-0.858824,-0.105882,0,74,05590,2026-05-22 02:37:57.649000+00:00,12.149,12.9,12.149,8669.75,20735.0,-0.14397189668576693,-0.08071608418567108,0.9984149970933931,-0.004571445064725177
2026-05-22T02:37:57.649+00:00,1779417477649959000,389,R,7543,7807,9056,10266,7543,7807,9056,10266,19094,23396,18383,22070,-131,-219,-27,-0.513725,-0.858824,-0.105882,0,74,15590,2026-05-22 02:37:57.649000+00:00,12.149,12.933333333333334,12.149,8668.0,20735.75,-0.16987705508047565,-0.07710193116243208,1.0063314744779674,0.0033450323198491727
2026-05-22T02:37:57.650+00:00,1779417477650023000,390,R,7548,7808,9062,10268,7548,7808,9062,10268,19093,23394,18382,22071,-132,-216,-28,-0.517647,-0.847059,-0.109804,0,74,25590,2026-05-22 02:37:57.650000+00:00,12.15,12.966666666666667,12.15,8671.5,20735.0,-0.14394288346384154,-0.08071608418567108,0.9987613751572494,-0.004225067000868887
2026-05-22T02:37:57.799+00:00,1779417477799927000,391,R,7549,7811,9064,10267,7549,7811,9064,10267,19097,23398,18383,22076,-132,-217,-28,-0.517647,-0.85098,-0.109804,0,74,35590,2026-05-22 02:37:57.799000+00:00,12.299,13.0,12.299,8672.75,20738.5,-0.1324236404986038,-0.06505397070161913,1.0020889658233942,-0.0008974763347240344
2026-05-22T02:37:57.800+00:00,1779417477800080000,392,R,7549,7811,9065,10271,7549,7811,9065,10271,19098,23397,18383,22076,-135,-217,-28,-0.529412,-0.85098,-0.109804,0,74,45590,2026-05-22 02:37:57.800000+00:00,12.3,13.033333333333333,12.3,8674.0,20738.5,-0.11802976653136425,-0.06505397070161913,1.0082167150766743,0.005230272918556045
2026-05-22T02:37:57.800+00:00,1779417477800157000,393,R,7551,7812,9065,10273,7551,7812,9065,10273,19100,23395,18381,22075,-133,-218,-28,-0.521569,-0.854902,-0.109804,0,74,55590,2026-05-22 02:37:57.800000+00:00,12.3,13.066666666666666,12.3,8675.25,20737.75,-0.10651160112844724,-0.06987194159669434,1.007446559268034,0.004460117109915673
2026-05-22T02:37:57.800+00:00,1779417477800223000,394,R,7556,7815,9071,10276,7556,7815,9071,10276,19103,23404,18387,22082,-131,-218,-28,-0.513725,-0.854902,-0.109804,0,74,b5640,2026-05-22 02:37:57.800000+00:00,12.3,13.1,12.3,8679.5,20744.0,-0.06620419677038658,-0.04095892061197446,1.003408054405086,0.0004216122469677952
2026-05-22T02:37:57.800+00:00,1779417477800298000,395,R,7556,7815,9072,10280,7556,7815,9072,10280,19104,23402,18390,22087,-132,-218,-28,-0.517647,-0.854902,-0.109804,0,74,c5640,2026-05-22 02:37:57.800000+00:00,12.3,13.133333333333333,12.3,8680.75,20745.75,-0.06331846308821414,-0.03373046945585525,1.0054216849804862,0.0024352428223679556
2026-05-22T02:37:57.949+00:00,1779417477949885000,396,R,7558,7817,9073,10281,7558,7817,9073,10281,19110,23410,18390,22091,-132,-218,-27,-0.517647,-0.854902,-0.105882,0,74,d5640,2026-05-22 02:37:57.949000+00:00,12.449,13.166666666666666,12.449,8682.25,20750.25,-0.04892649513613078,-0.014455567200318022,1.0050009174806758,0.0020987150292104406
2026-05-22T02:37:57.950+00:00,1779417477950032000,397,R,7561,7821,9074,10281,7561,7821,9074,10281,19108,23410,18392,22094,-133,-217,-27,-0.521569,-0.85098,-0.105882,0,74,e5640,2026-05-22 02:37:57.950000+00:00,12.45,13.2,12.45,8684.25,20751.0,-0.025902262130892764,-0.010841675400238516,1.0036992478252635,0.0007128056671452665
2026-05-22T02:37:57.950+00:00,1779417477950114000,398,R,7558,7820,9075,10283,7558,7820,9075,10283,19110,23412,18393,22094,-131,-218,-27,-0.513725,-0.854902,-0.105882,0,74,f5640,2026-05-22 02:37:57.950000+00:00,12.45,13.233333333333333,12.45,8684.0,20752.25,-0.03453436168988143,-0.0084321094728727,1.0029864421581183,0.0
2026-05-22T02:37:57.950+00:00,1779417477950180000,399,R,7568,7824,9079,10294,7568,7824,9079,10294,19124,23417,18395,22104,-129,-219,-28,-0.505882,-0.858824,-0.109804,0,74,65700,2026-05-22 02:37:57.950000+00:00,12.45,13.266666666666667,12.45,8691.25,20760.0,0.046044490488934935,0.028910089621277824,1.0027722469813372,-0.00021419517678111788
2026-05-22T02:37:57.950+00:00,1779417477950243000,400,R,7571,7825,9082,10295,7571,7825,9082,10295,19126,23418,18396,22108,-128,-217,-28,-0.501961,-0.85098,-0.109804,0,74,75700,2026-05-22 02:37:57.950000+00:00,12.45,13.3,12.45,8693.25,20762.0,0.06042817679558011,0.03613674142956949,0.9940768201386652,-0.008909622019453112
2026-05-22T02:37:57.950+00:00,1779417477950307000,401,R,7573,7825,9082,10297,7573,7825,9082,10297,19129,23417,18396,22108,-130,-218,-29,-0.509804,-0.854902,-0.113725,0,74,85700,2026-05-22 02:37:57.950000+00:00,12.45,13.333333333333334,12.45,8694.25,20762.5,0.05754236556664844,0.038545857524874126,1.001843762093172,-0.0011426800649463331
2026-05-22T02:37:58.099+00:00,1779417478099827000,402,R,7573,7826,9084,10298,7573,7826,9084,10298,19128,23421,18399,22113,-130,-219,-28,-0.509804,-0.858824,-0.109804,0,74,95700,2026-05-22 02:37:58.099000+00:00,12.599,13.366666666666667,12.599,8695.25,20765.25,0.06617181656021635,0.0517959960490496,1.0047565375791292,0.0017700954210109199
2026-05-22T02:37:58.099+00:00,1779417478099981000,403,R,7574,7827,9085,10300,7574,7827,9085,10300,19130,23421,18398,22111,-130,-218,-28,-0.509804,-0.854902,-0.109804,0,74,a5700,2026-05-22 02:37:58.099000+00:00,12.599,13.4,12.599,8696.5,20765.0,0.08055699407330687,0.05059143800139729,1.0014062444562646,-0.0015801977018536917
2026-05-22T02:37:58.100+00:00,1779417478100055000,404,R,7586,7833,9096,10313,7586,7833,9096,10313,19145,23435,18406,22128,-131,-218,-28,-0.513725,-0.854902,-0.109804,0,74,35780,2026-05-22 02:37:58.100000+00:00,12.6,13.433333333333334,12.6,8707.0,20778.5,0.20139248518326716,0.11563757257462237,1.003408054405086,0.0006358074237489131
2026-05-22T02:37:58.100+00:00,1779417478100122000,405,R,7587,7834,9094,10313,7587,7834,9094,10313,19150,23436,18407,22126,-130,-217,-27,-0.509804,-0.85098,-0.105882,0,74,45780,2026-05-22 02:37:58.100000+00:00,12.6,13.466666666666667,12.6,8707.0,20779.75,0.20139248518326716,0.12166036281288395,0.9976362447004419,-0.00513600228089528
2026-05-22T02:37:58.100+00:00,1779417478100185000,406,R,7583,7830,9093,10309,7583,7830,9093,10309,19144,23433,18400,22126,-130,-218,-28,-0.509804,-0.854902,-0.109804,0,74,55780,2026-05-22 02:37:58.100000+00:00,12.6,13.5,12.6,8703.75,20775.75,0.16399102364923182,0.1023874340504469,1.0014062444562646,-0.0011738524686644158
2026-05-22T02:37:58.249+00:00,1779417478249209000,407,R,7584,7829,9092,10310,7584,7829,9092,10310,19145,23432,18404,22128,-130,-219,-28,-0.509804,-0.858824,-0.109804,0,74,65780,2026-05-22 02:37:58.249000+00:00,12.749,13.533333333333333,12.749,8703.75,20777.25,0.16399102364923182,0.1096147823363608,1.0047565375791292,0.0021764406542001957
2026-05-22T02:37:58.249+00:00,1779417478249365000,408,R,7580,7830,9089,10305,7580,7830,9089,10305,19144,23433,18402,22119,-133,-219,-27,-0.521569,-0.858824,-0.105882,0,74,75780,2026-05-22 02:37:58.249000+00:00,12.749,13.566666666666666,12.749,8701.0,20774.5,0.1323436331204327,0.0963646438121853,1.0103582942011216,0.0077781972761925555
2026-05-22T02:37:58.249+00:00,1779417478249440000,409,R,7570,7819,9082,10290,7570,7819,9082,10290,19126,23418,18390,22102,-131,-217,-26,-0.513725,-0.85098,-0.101961,0,74,f5850,2026-05-22 02:37:58.249000+00:00,12.749,13.6,12.749,8690.25,20759.0,0.005753905463333237,0.024091741351064854,0.9992379003750809,-0.003342196549848131
2026-05-22T02:37:58.249+00:00,1779417478249508000,410,R,7568,7819,9080,10290,7568,7819,9080,10290,19124,23416,18389,22096,-131,-217,-27,-0.513725,-0.85098,-0.105882,0,74,05850,2026-05-22 02:37:58.249000+00:00,12.749,13.633333333333333,12.749,8689.25,20756.25,-0.011507148816202066,0.010841283607979185,0.9996456041763,-0.002934492748629003
2026-05-22T02:37:58.249+00:00,1779417478249573000,411,R,7568,7821,9078,10291,7568,7821,9078,10291,19128,23414,18388,22098,-131,-217,-26,-0.513725,-0.85098,-0.101961,0,74,15850,2026-05-22 02:37:58.249000+00:00,12.749,13.666666666666666,12.749,8689.5,20757.0,-0.00863036161215155,0.014455044810638912,0.9992379003750809,-0.003342196549848131
2026-05-22T02:37:58.400+00:00,1779417478400844000,412,R,7569,7821,9077,10285,7569,7821,9077,10285,19120,23419,18389,22097,-132,-218,-28,-0.517647,-0.854902,-0.109804,0,74,25850,2026-05-22 02:37:58.400000+00:00,12.9,13.7,12.9,8688.0,20756.25,-0.025891084836454647,0.010841283607979185,1.0054216849804862,0.0028415880555572315
2026-05-22T02:37:58.400+00:00,1779417478400973000,413,R,7567,7818,9078,10285,7567,7818,9078,10285,19120,23414,18385,22094,-131,-218,-28,-0.513725,-0.854902,-0.109804,0,74,35850,2026-05-22 02:37:58.400000+00:00,12.9,13.733333333333333,12.9,8687.0,20753.25,-0.037398233652656716,-0.003613761202659728,1.003408054405086,0.000827957480157071
2026-05-22T02:37:58.401+00:00,1779417478401046000,414,R,7563,7815,9076,10284,7563,7815,9076,10284,19119,23409,18385,22092,-130,-219,-28,-0.509804,-0.858824,-0.109804,0,74,45850,2026-05-22 02:37:58.401000+00:00,12.901,13.766666666666667,12.901,8684.5,20751.25,-0.06616610569316188,-0.01325045774308567,1.0047565375791292,0.0021764406542001957
2026-05-22T02:37:58.401+00:00,1779417478401111000,415,R,7567,7818,9077,10287,7567,7818,9077,10287,19124,23412,18384,22093,-130,-218,-28,-0.509804,-0.854902,-0.109804,0,74,a5900,2026-05-22 02:37:58.401000+00:00,12.901,13.8,12.901,8687.25,20753.25,-0.0345214464486062,-0.003613761202659728,1.0014062444562646,-0.0011738524686644158
2026-05-22T02:37:58.401+00:00,1779417478401175000,416,R,7570,7816,9075,10285,7570,7816,9075,10285,19120,23408,18387,22090,-131,-218,-27,-0.513725,-0.854902,-0.105882,0,74,b5900,2026-05-22 02:37:58.401000+00:00,12.901,13.833333333333334,12.901,8686.5,20751.25,-0.04602727115816121,-0.01325045774308567,1.0029864421581183,0.00040634523318927585
2026-05-22T02:37:58.550+00:00,1779417478550945000,417,R,7566,7816,9077,10286,7566,7816,9077,10286,19116,23408,18384,22090,-131,-218,-26,-0.513725,-0.854902,-0.101961,0,74,c5900,2026-05-22 02:37:58.550000+00:00,13.05,13.866666666666667,13.05,8686.25,20749.5,-0.04890397560554629,-0.02168256721595837,1.002580096924929,0.0
2026-05-22T02:37:58.551+00:00,1779417478551088000,418,R,7564,7815,9076,10286,7564,7815,9076,10286,19119,23407,18383,22092,-132,-218,-27,-0.517647,-0.854902,-0.105882,0,74,d5900,2026-05-22 02:37:58.551000+00:00,13.051,13.9,13.051,8685.25,20750.25,-0.06903494894290234,-0.01806880601329864,1.0050009174806758,0.002420820555746772
2026-05-22T02:37:58.551+00:00,1779417478551160000,419,R,7565,7818,9077,10286,7565,7818,9077,10286,19121,23411,18382,22093,-131,-218,-26,-0.513725,-0.854902,-0.101961,0,74,e5900,2026-05-22 02:37:58.551000+00:00,13.051,13.933333333333334,13.051,8686.5,20751.75,-0.054652667913131024,-0.010841283607979185,1.002580096924929,0.0
2026-05-22T02:37:58.551+00:00,1779417478551225000,420,R,7567,7821,9081,10290,7567,7821,9081,10290,19118,23409,18385,22094,-131,-217,-27,-0.513725,-0.85098,-0.105882,0,74,55960,2026-05-22 02:37:58.551000+00:00,13.051,13.966666666666667,13.051,8689.75,20751.5,-0.017258737235725585,-0.012045870675532427,0.9996456041763,-0.002934492748629003
2026-05-22T02:37:58.551+00:00,1779417478551289000,421,R,7570,7823,9079,10289,7570,7823,9079,10289,19120,23411,18386,22094,-131,-217,-27,-0.513725,-0.85098,-0.105882,0,74,65960,2026-05-22 02:37:58.551000+00:00,13.051,14.0,13.051,8690.25,20752.75,-0.01438186734165564,-0.0060229353377662135,0.9996456041763,-0.002934492748629003
2026-05-22T02:37:58.551+00:00,1779417478551351000,422,R,7568,7824,9080,10290,7568,7824,9080,10290,19122,23414,18386,22094,-132,-218,-28,-0.517647,-0.854902,-0.109804,0,74,75960,2026-05-22 02:37:58.551000+00:00,13.051,14.033333333333333,13.051,8690.5,20754.0,-0.014381453677337706,-0.0012045725574279967,1.0054216849804862,0.0028415880555572315
2026-05-22T02:37:58.700+00:00,1779417478700791000,423,R,7570,7825,9081,10293,7570,7825,9081,10293,19120,23409,18388,22099,-132,-219,-27,-0.517647,-0.858824,-0.105882,0,74,85960,2026-05-22 02:37:58.700000+00:00,13.2,14.066666666666666,13.2,8692.25,20754.0,0.0028762080073630927,-0.00481811611659841,1.0083392670668936,0.005759170141964587
2026-05-22T02:37:58.700+00:00,1779417478700932000,424,R,7568,7823,9082,10294,7568,7823,9082,10294,19119,23412,18391,22098,-132,-219,-28,-0.517647,-0.858824,-0.109804,0,74,95960,2026-05-22 02:37:58.700000+00:00,13.2,14.1,13.2,8691.75,20755.0,-0.005752250568034744,-0.0036134565120508775,1.0087586420948274,0.006178545169898353
2026-05-22T02:37:58.700+00:00,1779417478701006000,425,R,7578,7829,9088,10307,7578,7829,9088,10307,19128,23424,18401,22113,-130,-217,-26,-0.509804,-0.85098,-0.101961,0,74,36050,2026-05-22 02:37:58.700000+00:00,13.2,14.133333333333333,13.2,8700.5,20766.5,0.08627631427585414,0.050587781846213146,0.9972277193986336,-0.00535237752629536
2026-05-22T02:37:58.701+00:00,1779417478701084000,426,R,7578,7834,9091,10306,7578,7834,9091,10306,19131,23426,18399,22112,-129,-217,-26,-0.505882,-0.85098,-0.101961,0,74,46050,2026-05-22 02:37:58.701000+00:00,13.201,14.166666666666666,13.201,8702.25,20767.0,0.10640745427355343,0.051791629027401385,0.9952284179247496,-0.007351679000179412
2026-05-22T02:37:58.701+00:00,1779417478701149000,427,R,7577,7833,9091,10309,7577,7833,9091,10309,19131,23429,18399,22113,-131,-218,-27,-0.513725,-0.854902,-0.105882,0,74,56050,2026-05-22 02:37:58.701000+00:00,13.201,14.2,13.201,8702.5,20768.0,0.10640439421390159,0.05660945498343872,1.0029864421581183,0.00040634523318927585
2026-05-22T02:37:58.850+00:00,1779417478851028000,428,R,7580,7835,9090,10308,7580,7835,9090,10308,19132,23427,18403,22117,-131,-218,-26,-0.513725,-0.854902,-0.101961,0,74,66050,2026-05-22 02:37:58.850000+00:00,13.35,14.233333333333333,13.35,8703.25,20769.75,0.11503177752854225,0.06383542504757546,1.002580096924929,0.0
2026-05-22T02:37:58.851+00:00,1779417478851173000,429,R,7580,7834,9093,10311,7580,7834,9093,10311,19134,23430,18404,22116,-130,-218,-26,-0.509804,-0.854902,-0.101961,0,74,76050,2026-05-22 02:37:58.851000+00:00,13.351,14.266666666666667,13.351,8704.5,20771.0,0.12653131650083396,0.06744712627065569,1.0005766305191222,-0.002003466405806842
2026-05-22T02:37:58.851+00:00,1779417478851248000,430,R,7584,7841,9097,10318,7584,7841,9097,10318,19139,23437,18413,22126,-131,-218,-26,-0.513725,-0.854902,-0.101961,0,74,e6110,2026-05-22 02:37:58.851000+00:00,13.351,14.3,13.351,8710.0,20778.75,0.18979697475125093,0.10478392831334007,1.002580096924929,0.0
2026-05-22T02:37:58.851+00:00,1779417478851314000,431,R,7587,7843,9099,10324,7587,7843,9099,10324,19141,23435,18411,22127,-131,-219,-26,-0.513725,-0.858824,-0.101961,0,74,f6110,2026-05-22 02:37:58.851000+00:00,13.351,14.333333333333334,13.351,8713.25,20778.5,0.21853523880725767,0.10357951534422123,1.0059264804755863,0.003346383550657306
2026-05-22T02:37:58.851+00:00,1779417478851378000,432,R,7589,7842,9102,10323,7589,7842,9102,10323,19141,23440,18411,22136,-131,-218,-26,-0.513725,-0.854902,-0.101961,0,74,06110,2026-05-22 02:37:58.851000+00:00,13.351,14.366666666666667,13.351,8714.0,20782.0,0.21563497311750668,0.12044129691188515,1.002580096924929,0.0
2026-05-22T02:37:58.999+00:00,1779417478999818000,433,R,7587,7842,9099,10326,7587,7842,9099,10326,19143,23439,18412,22132,-131,-216,-27,-0.513725,-0.847059,-0.105882,0,74,16110,2026-05-22 02:37:58.999000+00:00,13.499,14.4,13.499,8713.5,20781.5,0.2041227036195843,0.11803247097364744,0.9963098529222724,-0.006270244002656633
2026-05-22T02:37:58.999+00:00,1779417478999978000,434,R,7589,7841,9098,10323,7589,7841,9098,10323,19144,23439,18411,22133,-130,-218,-28,-0.509804,-0.854902,-0.109804,0,74,26110,2026-05-22 02:37:58.999000+00:00,13.499,14.433333333333334,13.499,8712.75,20781.75,0.1954978006497427,0.1192368839427663,1.0014062444562646,-0.0011738524686644158
2026-05-22T02:37:59.000+00:00,1779417479000052000,435,R,7588,7841,9100,10318,7588,7841,9100,10318,19141,23438,18408,22129,-130,-219,-28,-0.509804,-0.858824,-0.109804,0,74,36110,2026-05-22 02:37:59+00:00,13.5,14.466666666666667,13.5,8711.75,20779.0,0.18399793002328724,0.10598834128245893,1.0047565375791292,0.0021764406542001957
2026-05-22T02:37:59.000+00:00,1779417479000118000,436,R,7573,7825,9086,10299,7573,7825,9086,10299,19126,23421,18394,22103,-131,-216,-27,-0.513725,-0.847059,-0.105882,0,73,b6180,2026-05-22 02:37:59+00:00,13.5,14.5,13.5,8695.75,20761.0,0.0,0.019270607505901625,0.9963098529222724,-0.006270244002656633
2026-05-22T02:37:59.000+00:00,1779417479000182000,437,R,7571,7828,9080,10295,7571,7828,9080,10295,19121,23417,18390,22098,-132,-216,-27,-0.517647,-0.847059,-0.105882,0,73,c6180,2026-05-22 02:37:59+00:00,13.5,14.533333333333333,13.5,8693.5,20756.5,-0.025874708909524768,0.0,0.9983378005535001,-0.004242296371428922
2026-05-22T02:37:59.149+00:00,1779417479149266000,438,R,7570,7827,9081,10296,7570,7827,9081,10296,19120,23416,18388,22099,-131,-217,-27,-0.513725,-0.85098,-0.105882,0,73,d6180,2026-05-22 02:37:59.149000+00:00,13.649,14.566666666666666,13.649,8693.5,20755.75,-0.014376491560999453,-0.002408912978018669,0.9996456041763,-0.002934492748629003
2026-05-22T02:37:59.149+00:00,1779417479149312000,439,R,7572,7822,9082,10292,7572,7822,9082,10292,19115,23410,18387,22097,-130,-217,-27,-0.509804,-0.85098,-0.105882,0,73,e6180,2026-05-22 02:37:59.149000+00:00,13.649,14.6,13.649,8692.0,20752.25,-0.020129403306973402,-0.019271303824149353,0.9976362447004419,-0.004943852224487122
2026-05-22T02:37:59.149+00:00,1779417479149334000,440,R,7568,7824,9081,10293,7568,7824,9081,10293,19114,23414,18386,22094,-132,-217,-26,-0.517647,-0.85098,-0.101961,0,73,f6180,2026-05-22 02:37:59.149000+00:00,13.649,14.633333333333333,13.649,8691.5,20752.0,-0.025880661394680086,-0.01927153594141453,1.0012599175688597,-0.0013201793560693176
2026-05-22T02:37:59.149+00:00,1779417479149354000,441,R,7563,7823,9078,10288,7563,7823,9078,10288,19109,23404,18382,22086,-130,-216,-27,-0.509804,-0.847059,-0.105882,0,73,76250,2026-05-22 02:37:59.149000+00:00,13.649,14.666666666666666,13.649,8688.0,20745.25,-0.06613946800862688,-0.050588391168712284,0.9942937522789732,-0.00828634464595579
2026-05-22T02:37:59.149+00:00,1779417479149372000,442,R,7570,7821,9080,10294,7570,7821,9080,10294,19109,23405,18380,22087,-131,-219,-27,-0.513725,-0.858824,-0.105882,0,73,86250,2026-05-22 02:37:59.149000+00:00,13.649,14.7,13.649,8691.25,20745.25,-0.02875629043853343,-0.0469766321368345,1.0063314744779674,0.0037513775530384486
2026-05-22T02:37:59.149+00:00,1779417479149390000,443,R,7566,7821,9079,10286,7566,7821,9079,10286,19107,23406,18382,22088,-130,-219,-25,-0.509804,-0.858824,-0.098039,0,73,96250,2026-05-22 02:37:59.149000+00:00,13.649,14.733333333333333,13.649,8688.0,20745.75,-0.06613946800862688,-0.04095546695255189,1.0035389513681072,0.0009588544431782253
2026-05-22T02:37:59.300+00:00,1779417479301009000,444,R,7564,7823,9077,10291,7564,7823,9077,10291,19104,23403,18382,22086,-132,-219,-26,-0.517647,-0.858824,-0.101961,0,73,a6250,2026-05-22 02:37:59.300000+00:00,13.8,14.766666666666667,13.8,8688.75,20743.75,-0.05751258087706686,-0.05059204741197586,1.0079350798072264,0.00535498288229741
2026-05-22T02:37:59.301+00:00,1779417479301168000,445,R,7566,7821,9078,10290,7566,7821,9078,10290,19108,23403,18384,22089,-131,-218,-26,-0.513725,-0.854902,-0.101961,0,73,b6250,2026-05-22 02:37:59.301000+00:00,13.801,14.8,13.801,8688.75,20746.0,-0.05751258087706686,-0.03975089439512389,1.002580096924929,0.0
2026-05-22T02:37:59.301+00:00,1779417479301243000,446,R,7565,7823,9082,10292,7565,7823,9082,10292,19108,23405,18383,22088,-130,-218,-28,-0.509804,-0.854902,-0.109804,0,73,36320,2026-05-22 02:37:59.301000+00:00,13.801,14.833333333333334,13.801,8690.5,20746.0,-0.037383177570093455,-0.03975089439512389,1.0014062444562646,-0.0011738524686644158
2026-05-22T02:37:59.301+00:00,1779417479301310000,447,R,7568,7823,9091,10291,7568,7823,9091,10291,19105,23407,18382,22092,-131,-217,-27,-0.513725,-0.85098,-0.105882,0,73,46320,2026-05-22 02:37:59.301000+00:00,13.801,14.866666666666667,13.801,8693.25,20746.5,-0.005751258087706686,-0.0373417492802679,0.9996456041763,-0.002934492748629003
2026-05-22T02:37:59.301+00:00,1779417479301374000,448,R,7568,7827,9083,10294,7568,7827,9083,10294,19107,23404,18387,22092,-132,-219,-28,-0.517647,-0.858824,-0.109804,0,73,56320,2026-05-22 02:37:59.301000+00:00,13.801,14.9,13.801,8693.0,20747.5,-0.020127088185399235,-0.03252345905055591,1.0087586420948274,0.006569812207964043
2026-05-22T02:37:59.450+00:00,1779417479450871000,449,R,7566,7823,9083,10293,7566,7823,9083,10293,19106,23405,18386,22090,-132,-218,-28,-0.517647,-0.854902,-0.109804,0,73,66320,2026-05-22 02:37:59.450000+00:00,13.95,14.933333333333334,13.95,8691.25,20746.75,-0.04025417637079847,-0.0361371767228399,1.0054216849804862,0.0037548866223695576
2026-05-22T02:37:59.450+00:00,1779417479451004000,450,R,7568,7825,9082,10297,7568,7825,9082,10297,19109,23408,18386,22093,-132,-218,-27,-0.517647,-0.854902,-0.105882,0,73,76320,2026-05-22 02:37:59.450000+00:00,13.95,14.966666666666667,13.95,8693.0,20749.0,-0.0316246442227525,-0.02529602370598793,1.0050009174806758,0.0033341191225590983
2026-05-22T02:37:59.451+00:00,1779417479451953000,451,R,7572,7832,9087,10307,7572,7832,9087,10307,19114,23411,18395,22104,-131,-217,-26,-0.513725,-0.85098,-0.101961,0,73,f6390,2026-05-22 02:37:59.451000+00:00,13.951,15.0,13.951,8699.5,20756.0,0.04312451484920795,0.008432007901995976,0.9992379003750809,-0.002950929511782441
2026-05-22T02:37:59.452+00:00,1779417479452031000,452,R,7574,7835,9083,10304,7574,7835,9083,10304,19113,23412,18392,22100,-131,-218,-26,-0.513725,-0.854902,-0.101961,0,73,06390,2026-05-22 02:37:59.452000+00:00,13.952,15.033333333333333,13.952,8699.0,20754.25,0.022996435552489366,0.0,1.002580096924929,0.0
2026-05-22T02:37:59.452+00:00,1779417479452096000,453,R,7573,7832,9088,10308,7573,7832,9088,10308,19117,23416,18395,22105,-131,-217,-26,-0.513725,-0.85098,-0.101961,0,73,16390,2026-05-22 02:37:59.452000+00:00,13.952,15.066666666666666,13.952,8700.25,20758.25,0.031618281115263006,0.015658877378944832,0.9992379003750809,-0.002950929511782441
2026-05-22T02:37:59.599+00:00,1779417479599848000,454,R,7577,7834,9091,10309,7577,7834,9091,10309,19119,23418,18393,22107,-130,-217,-26,-0.509804,-0.85098,-0.101961,0,73,26390,2026-05-22 02:37:59.599000+00:00,14.099,15.1,14.099,8702.75,20759.25,0.04310840326474307,0.0192722323267607,0.9972277193986336,-0.004439078959483034
2026-05-22T02:37:59.599+00:00,1779417479600003000,455,R,7576,7836,9090,10309,7576,7836,9090,10309,19119,23419,18398,22112,-131,-218,-26,-0.513725,-0.854902,-0.101961,0,73,36390,2026-05-22 02:37:59.599000+00:00,14.099,15.133333333333333,14.099,8702.75,20762.0,0.0373584688775217,0.03011213760042398,1.002580096924929,0.0011738524686644158
2026-05-22T02:37:59.600+00:00,1779417479600077000,456,R,7575,7837,9090,10310,7575,7837,9090,10310,19123,23419,18398,22112,-130,-217,-27,-0.509804,-0.85098,-0.105882,0,73,46390,2026-05-22 02:37:59.600000+00:00,14.1,15.166666666666666,14.1,8703.0,20763.0,0.04023219725271567,0.03493007961649182,0.9976362447004419,-0.004030553657674796
2026-05-22T02:37:59.600+00:00,1779417479600143000,457,R,7582,7839,9097,10318,7582,7839,9097,10318,19126,23421,18404,22119,-130,-218,-27,-0.509804,-0.854902,-0.105882,0,73,b6450,2026-05-22 02:37:59.600000+00:00,14.1,15.2,14.1,8709.0,20767.5,0.10920167825737111,0.05661081868879708,1.0009837890515512,-0.0012050408353121433
2026-05-22T02:37:59.600+00:00,1779417479600217000,458,R,7585,7840,9101,10323,7585,7840,9101,10323,19127,23427,18403,22118,-132,-218,-27,-0.517647,-0.854902,-0.105882,0,73,c6450,2026-05-22 02:37:59.600000+00:00,14.1,15.233333333333333,14.1,8712.25,20768.75,0.14656014713489282,0.06263324620888187,1.0050009174806758,0.0028120875938124623
2026-05-22T02:37:59.750+00:00,1779417479750864000,459,R,7583,7841,9097,10319,7583,7841,9097,10319,19128,23426,18403,22120,-132,-217,-27,-0.517647,-0.85098,-0.105882,0,73,d6450,2026-05-22 02:37:59.750000+00:00,14.25,15.266666666666667,14.25,8710.0,20769.25,0.12069659175814702,0.06504221721691579,1.0016667983581167,-0.0005220315287466359
2026-05-22T02:37:59.750+00:00,1779417479750984000,460,R,7582,7839,9097,10321,7582,7839,9097,10321,19132,23426,18403,22120,-132,-219,-27,-0.517647,-0.858824,-0.105882,0,73,e6450,2026-05-22 02:37:59.750000+00:00,14.25,15.3,14.25,8709.75,20770.25,0.11782286338295304,0.06986015923298364,1.0083392670668936,0.006150437180030277
2026-05-22T02:37:59.751+00:00,1779417479751060000,461,R,7586,7844,9101,10324,7586,7844,9101,10324,19131,23427,18404,22125,-132,-219,-27,-0.517647,-0.858824,-0.105882,0,73,f6450,2026-05-22 02:37:59.751000+00:00,14.251,15.333333333333334,14.251,8713.75,20771.75,0.16380251738605667,0.07708707225708539,1.0083392670668936,0.006672468708776913
2026-05-22T02:37:59.751+00:00,1779417479751127000,462,R,7591,7847,9105,10330,7591,7847,9105,10330,19139,23435,18406,22129,-132,-219,-27,-0.517647,-0.858824,-0.105882,0,73,76520,2026-05-22 02:37:59.751000+00:00,14.251,15.366666666666667,14.251,8718.25,20777.25,0.21552962813954826,0.10358575334545848,1.0083392670668936,0.006672468708776913
2026-05-22T02:37:59.751+00:00,1779417479751192000,463,R,7592,7843,9111,10326,7592,7843,9111,10326,19137,23436,18405,22131,-131,-219,-27,-0.513725,-0.858824,-0.105882,0,73,86520,2026-05-22 02:37:59.751000+00:00,14.251,15.4,14.251,8718.0,20777.25,0.21265589976435428,0.10358575334545848,1.0063314744779674,0.004664676119850775
2026-05-22T02:37:59.751+00:00,1779417479751255000,464,R,7584,7841,9101,10323,7584,7841,9101,10323,19135,23428,18400,22123,-131,-219,-27,-0.513725,-0.858824,-0.105882,0,73,96520,2026-05-22 02:37:59.751000+00:00,14.251,15.433333333333334,14.251,8712.25,20771.5,0.14656014713489282,0.07588258675306843,1.0063314744779674,0.004142644591104139
2026-05-22T02:37:59.900+00:00,1779417479900869000,465,R,7582,7837,9098,10317,7582,7837,9098,10317,19132,23426,18400,22117,-130,-219,-27,-0.509804,-0.858824,-0.105882,0,73,a6520,2026-05-22 02:37:59.900000+00:00,14.4,15.466666666666667,14.4,8708.5,20768.75,0.10345422150698316,0.06263324620888187,1.0043354914150948,0.001985124116314241
2026-05-22T02:37:59.900+00:00,1779417479900970000,466,R,7582,7837,9095,10313,7582,7837,9095,10313,19129,23425,18397,22117,-131,-217,-27,-0.513725,-0.85098,-0.105882,0,73,b6520,2026-05-22 02:37:59.900000+00:00,14.4,15.5,14.4,8706.75,20767.0,0.08333812288062532,0.05420184768076316,0.9996456041763,-0.0025432257105633127
2026-05-22T02:37:59.901+00:00,1779417479901008000,467,R,7570,7827,9086,10300,7570,7827,9086,10300,19116,23413,18384,22093,-132,-218,-27,-0.517647,-0.854902,-0.105882,0,73,36590,2026-05-22 02:37:59.901000+00:00,14.401,15.533333333333333,14.401,8695.75,20751.5,-0.04310592562790965,-0.020476253568288305,1.0050009174806758,0.002650550181895195
2026-05-22T02:37:59.901+00:00,1779417479901040000,468,R,7571,7827,9084,10297,7571,7827,9084,10297,19108,23401,18381,22088,-132,-217,-26,-0.517647,-0.85098,-0.101961,0,73,46590,2026-05-22 02:37:59.901000+00:00,14.401,15.566666666666666,14.401,8694.75,20744.5,-0.0603448275862069,-0.05420184768076316,1.0012599175688597,-0.0013201793560693176
2026-05-22T02:37:59.901+00:00,1779417479901071000,469,R,7570,7827,9083,10295,7570,7827,9083,10295,19110,23408,18381,22092,-131,-218,-26,-0.513725,-0.854902,-0.101961,0,73,56590,2026-05-22 02:37:59.901000+00:00,14.401,15.6,14.401,8693.75,20747.75,-0.07471049682480388,-0.03974754287916747,1.002580096924929,0.0
2026-05-22T02:38:00.049+00:00,1779417480049267000,470,R,7567,7826,9084,10295,7567,7826,9084,10295,19109,23402,18381,22086,-131,-219,-26,-0.513725,-0.858824,-0.101961,0,73,66590,2026-05-22 02:38:00.049000+00:00,14.549,15.633333333333333,14.549,8693.0,20744.5,-0.1120335526126799,-0.055405665831566774,1.0059264804755863,0.003346383550657306
2026-05-22T02:38:00.049+00:00,1779417480049333000,471,R,7567,7827,9084,10295,7567,7827,9084,10295,19104,23398,18378,22088,-130,-218,-26,-0.509804,-0.854902,-0.101961,0,73,76590,2026-05-22 02:38:00.049000+00:00,14.549,15.666666666666666,14.549,8693.25,20742.0,-0.10916089741748299,-0.07828212879216696,1.0005766305191222,-0.002003466405806842
2026-05-22T02:38:00.049+00:00,1779417480049363000,472,R,7567,7825,9082,10294,7567,7825,9082,10294,19105,23399,18379,22087,-131,-218,-25,-0.513725,-0.854902,-0.098039,0,72,f6660,2026-05-22 02:38:00.049000+00:00,14.549,15.7,14.549,8692.0,20742.5,-0.12639319774790303,-0.07587344790625414,1.0021888298868633,-0.0003912670380656902
2026-05-22T02:38:00.049+00:00,1779417480049389000,473,R,7572,7823,9082,10293,7572,7823,9082,10293,19104,23401,18381,22090,-130,-218,-26,-0.509804,-0.854902,-0.101961,0,72,06660,2026-05-22 02:38:00.049000+00:00,14.549,15.733333333333333,14.549,8692.5,20744.0,-0.15506547208821503,-0.06864740524851565,1.0005766305191222,-0.002003466405806842
2026-05-22T02:38:00.049+00:00,1779417480049415000,474,R,7568,7826,9084,10296,7568,7826,9084,10296,19104,23396,18380,22083,-129,-217,-26,-0.505882,-0.85098,-0.101961,0,72,16660,2026-05-22 02:38:00.049000+00:00,14.549,15.766666666666667,14.549,8693.5,20740.75,-0.14357914082242132,-0.08430383100694905,0.9952284179247496,-0.007121949374030989
2026-05-22T02:38:00.345+00:00,1779417480345875000,475,R,7567,7826,9083,10296,7567,7826,9083,10296,19103,23399,18379,22083,-129,-217,-27,-0.505882,-0.85098,-0.105882,0,72,26660,2026-05-22 02:38:00.345000+00:00,14.845,15.8,14.845,8693.0,20741.0,-0.15218951902368988,-0.08309949056399263,0.9956377635706674,-0.00671260372811322
2026-05-22T02:38:00.345+00:00,1779417480345908000,476,R,7567,7824,9082,10294,7567,7824,9082,10294,19104,23398,18379,22087,-130,-216,-26,-0.509804,-0.847059,-0.101961,0,72,36660,2026-05-22 02:38:00.345000+00:00,14.845,15.833333333333334,14.845,8691.75,20742.0,-0.1665470208183776,-0.07828212879216696,0.9938838530824414,-0.00846651421633915
2026-05-22T02:38:00.345+00:00,1779417480345924000,477,R,7567,7824,9080,10295,7567,7824,9080,10295,19104,23397,18380,22084,-130,-217,-26,-0.509804,-0.85098,-0.101961,0,72,46660,2026-05-22 02:38:00.345000+00:00,14.845,15.866666666666667,14.845,8691.5,20741.25,-0.17228507436972376,-0.08189515012103621,0.9972277193986336,-0.00535237752629536
2026-05-22T02:38:00.345+00:00,1779417480345938000,478,R,7570,7827,9083,10299,7570,7827,9083,10299,19108,23403,18384,22091,-130,-218,-27,-0.509804,-0.854902,-0.105882,0,72,a6710,2026-05-22 02:38:00.345000+00:00,14.845,15.9,14.845,8694.75,20746.5,-0.13495664158961695,-0.0566040008189515,1.0009837890515512,-0.0015963078733778335
2026-05-22T02:38:00.345+00:00,1779417480345951000,479,R,7571,7829,9087,10301,7571,7829,9087,10301,19105,23401,18387,22092,-130,-218,-27,-0.509804,-0.854902,-0.105882,0,72,b6710,2026-05-22 02:38:00.345000+00:00,14.845,15.933333333333334,14.845,8697.0,20746.25,-0.11198208286674133,-0.05780834126190792,1.0009837890515512,-0.0015963078733778335
2026-05-22T02:38:00.345+00:00,1779417480345964000,480,R,7572,7831,9086,10301,7572,7831,9086,10301,19108,23402,18382,22095,-132,-218,-28,-0.517647,-0.854902,-0.109804,0,72,c6710,2026-05-22 02:38:00.345000+00:00,14.845,15.966666666666667,14.845,8697.5,20746.75,-0.10623941195049817,-0.055399660375995086,1.0054216849804862,0.0030713176817056542
2026-05-22T02:38:00.351+00:00,1779417480351668000,481,R,7572,7830,9089,10307,7572,7830,9089,10307,19109,23404,18388,22094,-132,-219,-28,-0.517647,-0.858824,-0.109804,0,72,d6710,2026-05-22 02:38:00.351000+00:00,14.851,16.0,14.851,8699.5,20748.75,-0.08613759044446996,-0.04576493683234377,1.0087586420948274,0.006408274796046776
2026-05-22T02:38:00.351+00:00,1779417480351692000,482,R,7570,7834,9090,10306,7570,7834,9090,10306,19107,23401,18386,22097,-133,-218,-28,-0.521569,-0.854902,-0.109804,0,72,e6710,2026-05-22 02:38:00.351000+00:00,14.851,16.033333333333335,14.851,8700.0,20747.75,-0.09186954524575103,-0.05058229860416943,1.007446559268034,0.004866462343104949
2026-05-22T02:38:00.351+00:00,1779417480351705000,483,R,7579,7838,9093,10314,7579,7838,9093,10314,19115,23410,18390,22106,-130,-216,-26,-0.509804,-0.847059,-0.101961,0,72,66780,2026-05-22 02:38:00.351000+00:00,14.851,16.066666666666666,14.851,8706.0,20755.25,-0.02870758454383648,-0.01445208531547698,0.9938838530824414,-0.008696243842487572
2026-05-22T02:38:00.351+00:00,1779417480351718000,484,R,7579,7838,9095,10313,7579,7838,9095,10313,19121,23417,18393,22107,-130,-217,-25,-0.509804,-0.85098,-0.098039,0,72,76780,2026-05-22 02:38:00.351000+00:00,14.851,16.1,14.851,8706.25,20759.5,-0.025836826089452834,0.006021702214782074,0.9968343515032977,-0.00574574542163131
2026-05-22T02:38:00.351+00:00,1779417480351739000,485,R,7578,7838,9097,10315,7578,7838,9097,10315,19117,23415,18389,22103,-130,-218,-25,-0.509804,-0.854902,-0.098039,0,72,86780,2026-05-22 02:38:00.351000+00:00,14.851,16.133333333333333,14.851,8707.0,20756.0,-0.02009473230945888,-0.010839063986607734,1.0001845797356608,-0.002395517189268226
2026-05-22T02:38:00.501+00:00,1779417480501918000,486,R,7581,7839,9099,10317,7581,7839,9099,10317,19121,23418,18392,22107,-130,-219,-27,-0.509804,-0.858824,-0.105882,0,72,96780,2026-05-22 02:38:00.501000+00:00,15.001,16.166666666666668,15.001,8709.0,20759.5,0.0,0.006021702214782074,1.0043354914150948,0.001755394490165818
2026-05-22T02:38:00.501+00:00,1779417480501956000,487,R,7581,7839,9097,10318,7581,7839,9097,10318,19122,23414,18391,22106,-129,-220,-26,-0.505882,-0.862745,-0.101961,0,72,a6780,2026-05-22 02:38:00.501000+00:00,15.001,16.2,15.001,8708.75,20758.25,-0.0028705936387644964,0.0,1.005306708656617,0.002726611731687978
2026-05-22T02:38:00.501+00:00,1779417480501978000,488,R,7589,7848,9107,10329,7589,7848,9107,10329,19130,23424,18401,22119,-129,-219,-27,-0.505882,-0.858824,-0.105882,0,72,26850,2026-05-22 02:38:00.501000+00:00,15.001,16.233333333333334,15.001,8718.25,20768.5,0.09759177932776486,0.049377958161213015,1.0023503672987806,-0.00022972962614842274
2026-05-22T02:38:00.501+00:00,1779417480501999000,489,R,7591,7848,9106,10329,7591,7848,9106,10329,19134,23432,18399,22116,-131,-218,-26,-0.513725,-0.854902,-0.101961,0,72,36850,2026-05-22 02:38:00.501000+00:00,15.001,16.266666666666666,15.001,8718.5,20770.25,0.10046212577858148,0.05780834126190792,1.002580096924929,0.00022972962614842274
2026-05-22T02:38:00.502+00:00,1779417480502020000,490,R,7592,7848,9106,10332,7592,7848,9106,10332,19130,23425,18401,22119,-130,-217,-28,-0.509804,-0.85098,-0.109804,0,72,46850,2026-05-22 02:38:00.502000+00:00,15.002,16.3,15.002,8719.5,20768.75,0.11194351158184793,0.05058229860416943,0.9980601170430566,-0.00451997988187236
2026-05-22T02:38:00.652+00:00,1779417480652794000,491,R,7593,7851,9108,10333,7593,7851,9108,10333,19135,23431,18404,22121,-130,-218,-27,-0.509804,-0.854902,-0.105882,0,72,56850,2026-05-22 02:38:00.652000+00:00,15.152,16.333333333333332,15.152,8721.25,20772.75,0.13203593673756422,0.06985174569147207,1.0009837890515512,-0.0015963078733778335
2026-05-22T02:38:00.652+00:00,1779417480652838000,492,R,7590,7852,9109,10333,7590,7852,9109,10333,19135,23431,18404,22124,-132,-218,-27,-0.517647,-0.854902,-0.105882,0,72,66850,2026-05-22 02:38:00.652000+00:00,15.152,16.366666666666667,15.152,8721.0,20773.5,0.12916559028674762,0.07346476702034131,1.0050009174806758,0.002650550181895195
2026-05-22T02:38:00.652+00:00,1779417480652861000,493,R,7592,7850,9110,10333,7592,7850,9110,10333,19135,23433,18407,22129,-131,-218,-26,-0.513725,-0.854902,-0.101961,0,72,76850,2026-05-22 02:38:00.652000+00:00,15.152,16.4,15.152,8721.25,20776.0,0.13203593673756422,0.08550817144990545,1.002580096924929,0.0003912670380656902
2026-05-22T02:38:00.652+00:00,1779417480652881000,494,R,7600,7859,9118,10341,7600,7859,9118,10341,19146,23443,18416,22137,-132,-219,-27,-0.517647,-0.858824,-0.105882,0,72,d6900,2026-05-22 02:38:00.652000+00:00,15.152,16.433333333333334,15.152,8729.5,20785.5,0.22675736961451248,0.13127310828224922,1.0083392670668936,0.0070793494980339045
2026-05-22T02:38:00.652+00:00,1779417480652900000,495,R,7599,7857,9117,10344,7599,7857,9117,10344,19151,23443,18414,22135,-130,-219,-28,-0.509804,-0.858824,-0.109804,0,72,e6900,2026-05-22 02:38:00.652000+00:00,15.152,16.466666666666665,15.152,8729.25,20785.75,0.22388702316369585,0.13247744872520564,1.0047565375791292,0.0034966200102695133
2026-05-22T02:38:00.802+00:00,1779417480802635000,496,R,7600,7858,9117,10344,7600,7858,9117,10344,19146,23444,18414,22137,-129,-218,-29,-0.505882,-0.854902,-0.113725,0,72,f6900,2026-05-22 02:38:00.802000+00:00,15.302,16.5,15.302,8729.75,20785.25,0.22962771606532908,0.1300687678392928,0.9998536908733198,-0.0014062266955399139
2026-05-22T02:38:00.802+00:00,1779417480802789000,497,R,7601,7856,9118,10346,7601,7856,9118,10346,19151,23439,18410,22137,-131,-219,-29,-0.513725,-0.858824,-0.113725,0,72,06900,2026-05-22 02:38:00.802000+00:00,15.302,16.533333333333335,15.302,8730.25,20784.25,0.23249138920780713,0.12525140606746715,1.0071868814802942,0.005926963911434546
2026-05-22T02:38:00.803+00:00,1779417480803049000,498,R,7598,7855,9114,10338,7598,7855,9114,10338,19147,23442,18407,22134,-130,-219,-28,-0.509804,-0.858824,-0.109804,0,72,16900,2026-05-22 02:38:00.803000+00:00,15.303,16.566666666666666,15.303,8726.25,20782.5,0.1865671641791045,0.11079264914858257,1.0047565375791292,0.0037727485275780293
2026-05-22T02:38:00.803+00:00,1779417480803124000,499,R,7588,7842,9100,10318,7588,7842,9100,10318,19131,23421,18394,22104,-132,-216,-27,-0.517647,-0.847059,-0.105882,0,72,86960,2026-05-22 02:38:00.803000+00:00,15.303,16.6,15.303,8712.0,20762.5,0.020091271777503517,0.014451215106336858,0.9983378005535001,-0.0026459884980510884
2026-05-22T02:38:00.803+00:00,1779417480803190000,500,R,7585,7841,9099,10316,7585,7841,9099,10316,19131,23421,18394,22102,-131,-216,-28,-0.513725,-0.847059,-0.109804,0,72,96960,2026-05-22 02:38:00.803000+00:00,15.303,16.633333333333333,15.303,8710.25,20762.0,0.0,0.012042679255280716,0.996734289327903,-0.004249499723648187
2026-05-22T02:38:00.803+00:00,1779417480803253000,501,R,7587,7840,9100,10313,7587,7840,9100,10313,19130,23419,18393,22099,-131,-217,-28,-0.513725,-0.85098,-0.109804,0,72,a6960,2026-05-22 02:38:00.803000+00:00,15.303,16.666666666666668,15.303,8710.0,20760.25,-0.002870181682500502,0.0036128037765842144,1.000068624865814,-0.0009151641857372272
2026-05-22T02:38:01.100+00:00,1779417481101025000,502,R,7587,7840,9100,10313,7587,7840,9100,10313,19125,23421,18390,22102,-131,-217,-27,-0.513725,-0.85098,-0.105882,0,72,b6960,2026-05-22 02:38:01.100000+00:00,15.6,16.7,15.6,8710.0,20759.5,-0.002870181682500502,0.0,0.9996456041763,-0.0013381848752511694
2026-05-22T02:38:01.101+00:00,1779417481101175000,503,R,7586,7837,9099,10310,7586,7837,9099,10310,19124,23416,18387,22097,-132,-218,-28,-0.517647,-0.854902,-0.109804,0,72,c6960,2026-05-22 02:38:01.101000+00:00,15.601,16.733333333333334,15.601,8708.0,20756.0,-0.02583163514250452,-0.016859750957393,1.0054216849804862,0.004437895928935065
2026-05-22T02:38:01.101+00:00,1779417481101249000,504,R,7582,7838,9095,10307,7582,7838,9095,10307,19118,23410,18385,22091,-129,-216,-26,-0.505882,-0.847059,-0.101961,0,72,47030,2026-05-22 02:38:01.101000+00:00,15.601,16.766666666666666,15.601,8705.5,20751.0,-0.05453345196750954,-0.04094510946795443,0.9918778114899033,-0.009105977561647882
2026-05-22T02:38:01.101+00:00,1779417481101314000,505,R,7582,7840,9095,10310,7582,7840,9095,10310,19122,23409,18387,22093,-131,-218,-26,-0.513725,-0.854902,-0.101961,0,72,57030,2026-05-22 02:38:01.101000+00:00,15.601,16.8,15.601,8706.75,20752.75,-0.040182543555007035,-0.03251523398925793,1.002580096924929,0.00022972962614842274
2026-05-22T02:38:01.101+00:00,1779417481101377000,506,R,7583,7838,9096,10308,7583,7838,9096,10308,19119,23410,18384,22092,-132,-218,-25,-0.517647,-0.854902,-0.098039,0,72,67030,2026-05-22 02:38:01.101000+00:00,15.601,16.833333333333332,15.601,8706.25,20751.25,-0.045922906920008034,-0.03974084154242636,1.0042049052529072,0.0018545379541266005
2026-05-22T02:38:01.250+00:00,1779417481250321000,507,R,7585,7839,9095,10307,7585,7839,9095,10307,19120,23406,18384,22090,-130,-219,-25,-0.509804,-0.858824,-0.098039,0,72,77030,2026-05-22 02:38:01.250000+00:00,15.75,16.866666666666667,15.75,8706.5,20750.0,-0.043052725237507534,-0.04576218117006672,1.0035389513681072,0.001188584069326648
2026-05-22T02:38:01.250+00:00,1779417481250358000,508,R,7582,7838,9096,10307,7582,7838,9096,10307,19118,23409,18383,22090,-130,-219,-25,-0.509804,-0.858824,-0.098039,0,72,87030,2026-05-22 02:38:01.250000+00:00,15.75,16.9,15.75,8705.75,20750.0,-0.05166327028500904,-0.04576218117006672,1.0035389513681072,0.0009588544431782253
2026-05-22T02:38:01.250+00:00,1779417481250377000,509,R,7585,7840,9097,10312,7585,7840,9097,10312,19119,23408,18387,22092,-129,-218,-27,-0.505882,-0.854902,-0.105882,0,72,27120,2026-05-22 02:38:01.250000+00:00,15.75,16.933333333333334,15.75,8708.5,20751.5,-0.020091271777503517,-0.03853657361689829,0.9989920046987364,-0.0035880922261926074
2026-05-22T02:38:01.250+00:00,1779417481250395000,510,R,7588,7842,9098,10313,7588,7842,9098,10313,19128,23413,18387,22092,-130,-218,-27,-0.509804,-0.854902,-0.105882,0,72,37120,2026-05-22 02:38:01.250000+00:00,15.75,16.966666666666665,15.75,8710.25,20755.0,0.0,-0.021676822659505286,1.0009837890515512,-0.0015963078733778335
2026-05-22T02:38:01.250+00:00,1779417481250411000,511,R,7587,7841,9098,10313,7587,7841,9098,10313,19124,23414,18387,22095,-130,-219,-26,-0.509804,-0.858824,-0.101961,0,72,47120,2026-05-22 02:38:01.250000+00:00,15.75,17.0,15.75,8709.75,20755.0,-0.005740363365001004,-0.021676822659505286,1.0039296922160437,0.0015793249172630919
2026-05-22T02:38:01.399+00:00,1779417481399264000,512,R,7587,7839,9100,10313,7587,7839,9100,10313,19126,23412,18391,22097,-132,-219,-28,-0.517647,-0.858824,-0.109804,0,72,57120,2026-05-22 02:38:01.399000+00:00,15.899,17.033333333333335,15.899,8709.75,20756.5,-0.005740363365001004,-0.014451215106336858,1.0087586420948274,0.006408274796046776
2026-05-22T02:38:01.399+00:00,1779417481399403000,513,R,7588,7840,9103,10318,7588,7840,9103,10318,19127,23410,18390,22101,-132,-219,-26,-0.517647,-0.858824,-0.101961,0,72,67120,2026-05-22 02:38:01.399000+00:00,15.899,17.066666666666666,15.899,8712.25,20757.0,0.017220101598599432,-0.012042679255280716,1.0079350798072264,0.005584712508445833
2026-05-22T02:38:01.399+00:00,1779417481399481000,514,R,7591,7841,9101,10319,7591,7841,9101,10319,19126,23411,18388,22101,-132,-219,-27,-0.517647,-0.858824,-0.105882,0,72,77120,2026-05-22 02:38:01.399000+00:00,15.899,17.1,15.899,8713.0,20756.5,0.025830152397899146,-0.014451215106336858,1.0083392670668936,0.005759170141964587
2026-05-22T02:38:01.399+00:00,1779417481399548000,515,R,7596,7844,9109,10326,7596,7844,9109,10326,19140,23419,18391,22109,-130,-217,-26,-0.509804,-0.85098,-0.101961,0,72,e7180,2026-05-22 02:38:01.399000+00:00,15.899,17.133333333333333,15.899,8718.75,20764.75,0.09184054185919698,0.026494213422931946,0.9972277193986336,-0.00535237752629536
2026-05-22T02:38:01.399+00:00,1779417481399614000,516,R,7598,7845,9110,10319,7598,7845,9110,10319,19140,23424,18390,22111,-131,-217,-26,-0.513725,-0.85098,-0.101961,0,72,f7180,2026-05-22 02:38:01.399000+00:00,15.899,17.166666666666668,15.899,8718.0,20766.25,0.07174218727580567,0.03371990799282248,0.9992379003750809,-0.003342196549848131
2026-05-22T02:38:01.549+00:00,1779417481550017000,517,R,7597,7847,9111,10326,7597,7847,9111,10326,19144,23423,18391,22113,-130,-217,-26,-0.509804,-0.85098,-0.101961,0,72,07180,2026-05-22 02:38:01.549000+00:00,16.049,17.2,16.049,8720.25,20767.75,0.0975693746950957,0.04576493683234377,0.9972277193986336,-0.00535237752629536
2026-05-22T02:38:01.550+00:00,1779417481550150000,518,R,7598,7845,9112,10328,7598,7845,9112,10328,19144,23425,18394,22114,-131,-217,-25,-0.513725,-0.85098,-0.098039,0,72,17180,2026-05-22 02:38:01.550000+00:00,16.05,17.233333333333334,16.05,8720.75,20769.25,0.10043617998163452,0.05901623548682372,0.9988453241348232,-0.0037347727901058114
2026-05-22T02:38:01.550+00:00,1779417481550223000,519,R,7599,7845,9112,10330,7599,7845,9112,10330,19142,23425,18394,22114,-130,-218,-26,-0.509804,-0.854902,-0.101961,0,72,27180,2026-05-22 02:38:01.550000+00:00,16.05,17.266666666666666,16.05,8721.5,20768.75,0.10904499540863177,0.05901765711945656,1.0005766305191222,-0.002003466405806842
2026-05-22T02:38:01.550+00:00,1779417481550289000,520,R,7608,7852,9120,10337,7608,7852,9120,10337,19152,23431,18397,22119,-132,-219,-27,-0.517647,-0.858824,-0.105882,0,72,a7250,2026-05-22 02:38:01.550000+00:00,16.05,17.3,16.05,8729.25,20774.75,0.19800275482093663,0.08792426468816997,1.0083392670668936,0.00735547801534242
2026-05-22T02:38:01.550+00:00,1779417481550361000,521,R,7605,7850,9115,10336,7605,7850,9115,10336,19152,23432,18393,22119,-131,-220,-26,-0.513725,-0.862745,-0.101961,0,72,b7250,2026-05-22 02:38:01.550000+00:00,16.05,17.333333333333332,16.05,8726.5,20774.0,0.16643709825528008,0.08672191173636538,1.0092761545637547,0.0066960576388257476
2026-05-22T02:38:01.550+00:00,1779417481550428000,522,R,7609,7851,9121,10340,7609,7851,9121,10340,19156,23436,18395,22125,-130,-218,-26,-0.509804,-0.854902,-0.101961,0,72,c7250,2026-05-22 02:38:01.550000+00:00,16.05,17.366666666666667,16.05,8730.25,20778.0,0.2094811753902663,0.10599344767777992,1.0005766305191222,-0.002003466405806842
2026-05-22T02:38:01.703+00:00,1779417481703258000,523,R,7611,7853,9125,10340,7611,7853,9125,10340,19159,23443,18396,22126,-129,-218,-26,-0.505882,-0.854902,-0.101961,0,72,d7250,2026-05-22 02:38:01.703000+00:00,16.203,17.4,16.203,8732.25,20781.0,0.23243801652892562,0.12044709963384082,0.9985840340447069,-0.00399606288022214
2026-05-22T02:38:01.703+00:00,1779417481703381000,524,R,7612,7852,9126,10343,7612,7852,9126,10343,19159,23443,18395,22124,-130,-218,-26,-0.509804,-0.854902,-0.101961,0,72,e7250,2026-05-22 02:38:01.703000+00:00,16.203,17.433333333333334,16.203,8733.25,20780.25,0.24391643709825528,0.11683368664482559,1.0005766305191222,-0.002371736081571818
2026-05-22T02:38:01.703+00:00,1779417481703453000,525,R,7608,7850,9116,10342,7608,7850,9116,10342,19152,23424,18391,22129,-129,-220,-27,-0.505882,-0.862745,-0.105882,0,71,67320,2026-05-22 02:38:01.703000+00:00,16.203,17.466666666666665,16.203,8729.0,20774.0,0.19513314967860423,0.08672191173636538,1.0057119522373195,0.0027635856366254874
2026-05-22T02:38:01.703+00:00,1779417481703749000,526,R,7608,7853,9111,10346,7608,7853,9111,10346,19151,23421,18390,22128,-128,-220,-26,-0.501961,-0.862745,-0.101961,0,71,77320,2026-05-22 02:38:01.703000+00:00,16.203,17.5,16.203,8729.5,20772.5,0.20087235996326905,0.07949508575833494,1.00333933744621,0.0007592405212810682
2026-05-22T02:38:01.703+00:00,1779417481703819000,527,R,7605,7845,9108,10334,7605,7845,9108,10334,19146,23412,18384,22121,-129,-218,-26,-0.505882,-0.854902,-0.101961,0,71,87320,2026-05-22 02:38:01.703000+00:00,16.203,17.533333333333335,16.203,8723.0,20765.75,0.12626262626262627,0.05179474825343291,0.9985840340447069,-0.004364332555987116
2026-05-22T02:38:01.852+00:00,1779417481852836000,528,R,7603,7842,9103,10330,7603,7842,9103,10330,19140,23408,18382,22116,-129,-216,-27,-0.505882,-0.847059,-0.105882,0,71,97320,2026-05-22 02:38:01.852000+00:00,16.352,17.566666666666666,16.352,8719.5,20761.5,0.08608815426997245,0.031317754757889664,0.9922885393518359,-0.01029155757309308
2026-05-22T02:38:01.852+00:00,1779417481852985000,529,R,7598,7839,9102,10328,7598,7839,9102,10328,19140,23403,18378,22116,-128,-222,-24,-0.501961,-0.870588,-0.094118,0,71,a7320,2026-05-22 02:38:01.852000+00:00,16.352,17.6,16.352,8716.75,20759.25,0.05739374982064453,0.022886602905394012,1.009329732638943,0.008345943587391824
2026-05-22T02:38:01.853+00:00,1779417481853060000,530,R,7584,7840,9088,10328,7584,7840,9088,10328,19113,23380,18377,22115,-131,-216,-25,-0.513725,-0.847059,-0.098039,0,71,17380,2026-05-22 02:38:01.853000+00:00,16.353,17.633333333333333,16.353,8710.0,20746.25,-0.020087812437225586,-0.03132115020900844,0.9955068913006077,-0.00547689775094351
2026-05-22T02:38:01.853+00:00,1779417481853124000,531,R,7585,7839,9089,10328,7585,7839,9089,10328,19112,23380,18379,22118,-130,-217,-25,-0.509804,-0.85098,-0.098039,0,71,27380,2026-05-22 02:38:01.853000+00:00,16.353,17.666666666666668,16.353,8710.25,20747.25,-0.01721812494619336,-0.0204804471965882,0.9968343515032977,-0.00574574542163131
2026-05-22T02:38:01.853+00:00,1779417481853187000,532,R,7578,7839,9090,10322,7578,7839,9090,10322,19108,23378,18377,22111,-131,-221,-24,-0.513725,-0.866667,-0.094118,0,71,37380,2026-05-22 02:38:01.853000+00:00,16.353,17.7,16.353,8707.25,20743.5,-0.051654374838580076,-0.037347147762183,1.0118711688935504,0.008922802292856469
2026-05-22T02:38:02.003+00:00,1779417482003319000,533,R,7583,7841,9087,10322,7583,7841,9087,10322,19104,23381,18378,22114,-133,-218,-25,-0.521569,-0.854902,-0.098039,0,71,47380,2026-05-22 02:38:02.003000+00:00,16.503,17.733333333333334,16.503,8708.25,20744.25,-0.04017562487445117,-0.032528552840826945,1.0062322281093963,0.0032838615087023015
2026-05-22T02:38:02.003+00:00,1779417482003458000,534,R,7582,7840,9089,10321,7582,7840,9089,10321,19108,23382,18377,22110,-135,-218,-24,-0.529412,-0.854902,-0.094118,0,71,57380,2026-05-22 02:38:02.003000+00:00,16.503,17.766666666666666,16.503,8708.0,20744.25,-0.043045312365483396,-0.032528552840826945,1.0099468764603414,0.00699850985964745
2026-05-22T02:38:02.003+00:00,1779417482003532000,535,R,7585,7838,9085,10313,7585,7838,9085,10313,19110,23374,18374,22100,-131,-220,-26,-0.513725,-0.862745,-0.101961,0,71,67380,2026-05-22 02:38:02.003000+00:00,16.503,17.8,16.503,8705.25,20739.5,-0.0746118747668379,-0.05180660473970193,1.0092761545637547,0.0061126687270742774
2026-05-22T02:38:02.003+00:00,1779417482003598000,536,R,7587,7827,9093,10311,7587,7827,9093,10311,19122,23379,18356,22087,-130,-216,-24,-0.509804,-0.847059,-0.094118,0,71,e7450,2026-05-22 02:38:02.003000+00:00,16.503,17.833333333333332,16.503,8704.5,20736.0,-0.08322093723993457,-0.06746987951807229,0.9931098961449332,-0.010229441301276898
2026-05-22T02:38:02.003+00:00,1779417482003661000,537,R,7586,7826,9088,10304,7586,7826,9088,10304,19124,23381,18358,22089,-131,-217,-22,-0.513725,-0.85098,-0.086275,0,71,f7450,2026-05-22 02:38:02.003000+00:00,16.503,17.866666666666667,16.503,8701.0,20738.0,-0.12339656211438574,-0.05783132530120482,0.9977593455588376,-0.00557999188737246
2026-05-22T02:38:02.152+00:00,1779417482152470000,538,R,7587,7828,9092,10309,7587,7828,9092,10309,19117,23385,18361,22084,-133,-218,-21,-0.521569,-0.854902,-0.082353,0,71,07450,2026-05-22 02:38:02.152000+00:00,16.652,17.9,16.652,8704.0,20736.75,-0.08896031222199903,-0.06265135724526802,1.0048251927444893,0.0016617069078088686
2026-05-22T02:38:02.152+00:00,1779417482152597000,539,R,7584,7832,9094,10307,7584,7832,9094,10307,19115,23389,18358,22085,-130,-218,-21,-0.509804,-0.854902,-0.082353,0,71,17450,2026-05-22 02:38:02.152000+00:00,16.652,17.933333333333334,16.652,8704.25,20736.75,-0.08609062473096679,-0.056630599802395355,0.9987690246643616,-0.004179341936332404
2026-05-22T02:38:02.152+00:00,1779417482152669000,540,R,7585,7832,9095,10309,7585,7832,9095,10309,19114,23389,18362,22083,-129,-218,-21,-0.505882,-0.854902,-0.082353,0,71,27450,2026-05-22 02:38:02.152000+00:00,16.652,17.966666666666665,16.652,8705.25,20737.0,-0.0746118747668379,-0.055425693423620984,0.9967728147060393,-0.006175551894654685
2026-05-22T02:38:02.152+00:00,1779417482152735000,541,R,7567,7852,9098,10319,7567,7852,9098,10319,19081,23402,18397,22091,-132,-217,-24,-0.517647,-0.85098,-0.094118,0,71,a7520,2026-05-22 02:38:02.152000+00:00,16.652,18.0,16.652,8709.0,20742.75,-0.03156656240135449,-0.025303643724696356,1.000491666598478,-0.0024567000022159835
2026-05-22T02:38:02.152+00:00,1779417482152798000,542,R,7567,7860,9097,10329,7567,7860,9097,10329,19080,23400,18399,22096,-132,-221,-24,-0.517647,-0.866667,-0.094118,0,71,b7520,2026-05-22 02:38:02.152000+00:00,16.652,18.033333333333335,16.652,8713.25,20743.75,0.01721812494619336,-0.016869705623636867,1.0138679911221182,0.010919624521424254
2026-05-22T02:38:02.152+00:00,1779417482152861000,543,R,7568,7857,9096,10322,7568,7857,9096,10322,19079,23397,18406,22097,-131,-223,-24,-0.513725,-0.87451,-0.094118,0,71,c7520,2026-05-22 02:38:02.152000+00:00,16.652,18.066666666666666,16.652,8710.75,20744.75,-0.011478749964128907,-0.010844941437316239,1.0185967375016474,0.01564837090095339
2026-05-22T02:38:02.302+00:00,1779417482302838000,544,R,7566,7854,9093,10323,7566,7854,9093,10323,19078,23396,18400,22094,-129,-220,-25,-0.505882,-0.862745,-0.098039,0,71,d7520,2026-05-22 02:38:02.302000+00:00,16.802,18.1,16.802,8709.0,20742.0,-0.03156656240135449,-0.020485629933120444,1.00491650323298,0.0025661359341995205
2026-05-22T02:38:02.302+00:00,1779417482302991000,545,R,7570,7855,9097,10321,7570,7855,9097,10321,19084,23399,18400,22093,-128,-220,-25,-0.501961,-0.862745,-0.098039,0,71,e7520,2026-05-22 02:38:02.302000+00:00,16.802,18.133333333333333,16.802,8710.75,20744.0,-0.011478749964128907,-0.003615372564142735,1.002948366600694,0.0007595367138306663
2026-05-22T02:38:02.303+00:00,1779417482303065000,546,R,7566,7849,9109,10323,7566,7849,9109,10323,19094,23423,18387,22084,-134,-217,-21,-0.52549,-0.85098,-0.082353,0,71,67590,2026-05-22 02:38:02.303000+00:00,16.803,18.166666666666668,16.803,8711.75,20747.0,0.0,0.010846117692428204,1.003538099480533,0.0013492695936696553
2026-05-22T02:38:02.303+00:00,1779417482303130000,547,R,7565,7849,9110,10321,7565,7849,9110,10321,19094,23426,18386,22088,-133,-216,-23,-0.521569,-0.847059,-0.090196,0,71,77590,2026-05-22 02:38:02.303000+00:00,16.803,18.2,16.803,8711.25,20748.5,-0.005739374982064453,0.02048760499897562,0.9988385703696068,-0.0033502595172565375
2026-05-22T02:38:02.303+00:00,1779417482303193000,548,R,7568,7849,9111,10324,7568,7849,9111,10324,19094,23426,18387,22087,-131,-215,-23,-0.513725,-0.843137,-0.090196,0,71,87590,2026-05-22 02:38:02.303000+00:00,16.803,18.233333333333334,16.803,8713.0,20748.5,0.014348437455161133,0.02048760499897562,0.9914276044220274,-0.010761225464835933
2026-05-22T02:38:02.599+00:00,1779417482599833000,549,R,7571,7850,9112,10323,7571,7850,9112,10323,19096,23429,18387,22087,-132,-216,-22,-0.517647,-0.847059,-0.086275,0,71,97590,2026-05-22 02:38:02.599000+00:00,17.099,18.266666666666666,17.099,8714.0,20749.75,0.025827187419290038,0.02651337117514492,0.996449066292402,-0.005739763594461267
2026-05-22T02:38:02.599+00:00,1779417482599976000,550,R,7569,7851,9111,10326,7569,7851,9111,10326,19097,23430,18388,22089,-130,-217,-23,-0.509804,-0.85098,-0.090196,0,71,a7590,2026-05-22 02:38:02.599000+00:00,17.099,18.3,17.099,8714.25,20751.0,0.028696874910322266,0.032539137351314217,0.9960935685125168,-0.006095261374346461
2026-05-22T02:38:02.600+00:00,1779417482600062000,551,R,7571,7855,9114,10332,7571,7855,9114,10332,19094,23440,18389,22095,-131,-219,-24,-0.513725,-0.858824,-0.094118,0,71,07640,2026-05-22 02:38:02.600000+00:00,17.1,18.333333333333332,17.1,8718.0,20754.5,0.07174218727580567,0.04941128264458826,1.0051617961925334,0.004178007140982265
2026-05-22T02:38:02.600+00:00,1779417482600129000,552,R,7567,7857,9115,10333,7567,7857,9115,10333,19098,23443,18390,22096,-131,-219,-25,-0.513725,-0.858824,-0.098039,0,71,17640,2026-05-22 02:38:02.600000+00:00,17.1,18.366666666666667,17.1,8718.0,20756.75,0.07174218727580567,0.060257661761693,1.005536515558734,0.0049598850396117555
2026-05-22T02:38:02.600+00:00,1779417482600195000,553,R,7570,7857,9117,10334,7570,7857,9117,10334,19097,23442,18396,22096,-130,-219,-24,-0.509804,-0.858824,-0.094118,0,70,27640,2026-05-22 02:38:02.600000+00:00,17.1,18.4,17.1,8719.5,20757.75,0.08896031222199903,0.06507827470262843,1.0031634858366805,0.0021796967851293036
2026-05-22T02:38:02.749+00:00,1779417482749725000,554,R,7570,7856,9118,10334,7570,7856,9118,10334,19095,23442,18394,22097,-131,-220,-24,-0.513725,-0.862745,-0.094118,0,70,37640,2026-05-22 02:38:02.749000+00:00,17.249,18.433333333333334,17.249,8719.5,20757.0,0.08896031222199903,0.06146281499692686,1.008514010102983,0.006325180216119719
2026-05-22T02:38:02.749+00:00,1779417482749851000,555,R,7568,7858,9118,10336,7568,7858,9118,10336,19095,23448,18393,22100,-130,-219,-25,-0.509804,-0.858824,-0.098039,0,70,47640,2026-05-22 02:38:02.749000+00:00,17.249,18.466666666666665,17.249,8720.0,20759.0,0.09469968720406348,0.07110404087879774,1.0035389513681072,0.001188584069326648
2026-05-22T02:38:02.749+00:00,1779417482749925000,556,R,7571,7856,9119,10336,7571,7856,9119,10336,19096,23448,18394,22096,-130,-217,-24,-0.509804,-0.85098,-0.094118,0,70,57640,2026-05-22 02:38:02.749000+00:00,17.249,18.5,17.249,8720.5,20758.5,0.10043906218612793,0.06869373440833001,0.9964563596766293,-0.005894007622151309
2026-05-22T02:38:02.749+00:00,1779417482749990000,557,R,7567,7855,9117,10323,7567,7855,9117,10323,19085,23439,18392,22085,-128,-220,-25,-0.501961,-0.862745,-0.098039,0,70,e7720,2026-05-22 02:38:02.749000+00:00,17.249,18.533333333333335,17.249,8715.5,20750.25,0.043045312365483396,0.028923677645612638,1.002948366600694,0.0005979993019133989
2026-05-22T02:38:02.750+00:00,1779417482750053000,558,R,7564,7856,9115,10319,7564,7856,9115,10319,19080,23440,18394,22078,-125,-219,-25,-0.490196,-0.858824,-0.098039,0,70,f7720,2026-05-22 02:38:02.750000+00:00,17.25,18.566666666666666,17.25,8713.5,20748.0,0.020087812437225586,0.0180772985285079,0.9937215036985967,-0.009226862902097288
2026-05-22T02:38:02.901+00:00,1779417482901054000,559,R,7561,7855,9113,10318,7561,7855,9113,10318,19073,23439,18393,22074,-127,-217,-25,-0.498039,-0.85098,-0.098039,0,70,07720,2026-05-22 02:38:02.901000+00:00,17.401,18.6,17.401,8711.75,20744.75,0.0,0.00241030647046772,0.9908690384919694,-0.012079328108724585
2026-05-22T02:38:02.901+00:00,1779417482901198000,560,R,7560,7857,9113,10316,7560,7857,9113,10316,19071,23435,18392,22073,-128,-217,-25,-0.501961,-0.85098,-0.098039,0,70,17720,2026-05-22 02:38:02.901000+00:00,17.401,18.633333333333333,17.401,8711.5,20742.75,-0.0028696874910322267,-0.0072309194114031595,0.992846136841958,-0.010102229758735981
2026-05-22T02:38:02.901+00:00,1779417482901271000,561,R,7559,7857,9113,10315,7559,7857,9113,10315,19066,23435,18395,22076,-136,-219,-22,-0.533333,-0.858824,-0.086275,0,70,27720,2026-05-22 02:38:02.901000+00:00,17.401,18.666666666666668,17.401,8711.0,20743.0,-0.01147842056932966,-0.004820671037408407,1.0146261023106,0.011677735709906045
2026-05-22T02:38:02.901+00:00,1779417482901337000,562,R,7566,7842,9108,10312,7566,7842,9108,10312,19071,23423,18372,22075,-135,-217,-25,-0.529412,-0.85098,-0.098039,0,70,97780,2026-05-22 02:38:02.901000+00:00,17.401,18.7,17.401,8707.0,20735.25,-0.06886261907494548,-0.04097619764989455,1.0070033126385434,0.004054946037849394
2026-05-22T02:38:02.901+00:00,1779417482901399000,563,R,7571,7842,9109,10313,7571,7842,9109,10313,19076,23413,18371,22076,-137,-216,-27,-0.537255,-0.847059,-0.105882,0,70,a7780,2026-05-22 02:38:02.901000+00:00,17.401,18.733333333333334,17.401,8708.75,20734.0,-0.04877768851141972,-0.047002109068996684,1.0086440811455744,0.005695714544880381
2026-05-22T02:38:02.901+00:00,1779417482901461000,564,R,7576,7838,9106,10312,7576,7838,9106,10312,19078,23412,18363,22078,-134,-218,-28,-0.52549,-0.854902,-0.109804,0,70,b7780,2026-05-22 02:38:02.901000+00:00,17.401,18.766666666666666,17.401,8708.0,20732.75,-0.06025306286402892,-0.05302802048809883,1.00948208905359,0.0065337224528960736
2026-05-22T02:38:03.048+00:00,1779417483048840000,565,R,7574,7836,9102,10309,7574,7836,9102,10309,19085,23404,18360,22073,-130,-220,-28,-0.509804,-0.862745,-0.109804,0,70,c7780,2026-05-22 02:38:03.048000+00:00,17.548,18.8,17.548,8705.25,20730.5,-0.09181419103090122,-0.06387466104248267,1.008110099074997,0.00516173247430296
2026-05-22T02:38:03.048+00:00,1779417483048953000,566,R,7577,7837,9102,10309,7577,7837,9102,10309,19084,23401,18359,22075,-129,-220,-27,-0.505882,-0.862745,-0.105882,0,70,d7780,2026-05-22 02:38:03.048000+00:00,17.548,18.833333333333332,17.548,8706.25,20729.75,-0.08320422333161187,-0.0686945622830698,1.0057119522373195,0.0027635856366254874
2026-05-22T02:38:03.049+00:00,1779417483049055000,567,R,7589,7832,9103,10308,7589,7832,9103,10308,19105,23390,18354,22073,-137,-217,-29,-0.537255,-0.85098,-0.113725,0,70,57850,2026-05-22 02:38:03.049000+00:00,17.549,18.866666666666667,17.549,8708.0,20730.5,-0.06885471654808355,-0.06869207871871197,1.0127898454516613,0.009841478850967311
2026-05-22T02:38:03.049+00:00,1779417483049122000,568,R,7591,7834,9102,10308,7591,7834,9102,10308,19108,23389,18349,22074,-131,-215,-26,-0.513725,-0.843137,-0.101961,0,70,67850,2026-05-22 02:38:03.049000+00:00,17.549,18.9,17.549,8708.75,20730.0,-0.06311501276644577,-0.07110232709480711,0.9925670868586164,-0.010596398978064081
2026-05-22T02:38:03.049+00:00,1779417483049186000,569,R,7592,7831,9104,10307,7592,7831,9104,10307,19111,23389,18350,22071,-129,-219,-27,-0.505882,-0.858824,-0.105882,0,70,77850,2026-05-22 02:38:03.049000+00:00,17.549,18.933333333333334,17.549,8708.5,20730.25,-0.07458405048766495,-0.08073456403335422,1.0023503672987806,-0.0005979993019133989
2026-05-22T02:38:03.200+00:00,1779417483200479000,570,R,7596,7831,9105,10306,7596,7831,9105,10306,19111,23396,18354,22073,-128,-217,-26,-0.501961,-0.85098,-0.101961,0,70,87850,2026-05-22 02:38:03.200000+00:00,17.7,18.966666666666665,17.7,8709.5,20733.5,-0.06884286615799438,-0.06868214625682303,0.9932410842499418,-0.009707282350752133
2026-05-22T02:38:03.200+00:00,1779417483200630000,571,R,7594,7832,9105,10311,7594,7832,9105,10311,19114,23396,18347,22072,-130,-218,-27,-0.509804,-0.854902,-0.105882,0,70,97850,2026-05-22 02:38:03.200000+00:00,17.7,19.0,17.7,8710.5,20732.25,-0.06310234052317577,-0.07591093117408906,1.0009837890515512,-0.0019645775491428097
2026-05-22T02:38:03.200+00:00,1779417483200709000,572,R,7591,7831,9106,10312,7591,7831,9106,10312,19108,23396,18347,22077,-131,-218,-25,-0.513725,-0.854902,-0.098039,0,70,07910,2026-05-22 02:38:03.200000+00:00,17.7,19.033333333333335,17.7,8710.0,20732.0,-0.07170514842965725,-0.07952382099910837,1.0021888298868633,-0.0009746559498171603
2026-05-22T02:38:03.200+00:00,1779417483200976000,573,R,7591,7834,9110,10313,7591,7834,9110,10313,19112,23402,18351,22074,-132,-218,-26,-0.517647,-0.854902,-0.101961,0,70,17910,2026-05-22 02:38:03.200000+00:00,17.7,19.066666666666666,17.7,8712.0,20734.75,-0.06309148264984227,-0.06626985083259031,1.0045953870758118,0.0014319012391312835
2026-05-22T02:38:03.201+00:00,1779417483201048000,574,R,7592,7835,9111,10314,7592,7835,9111,10314,19110,23402,18353,22073,-130,-217,-26,-0.509804,-0.85098,-0.101961,0,70,27910,2026-05-22 02:38:03.201000+00:00,17.701,19.1,17.701,8713.0,20734.5,-0.057352603808212894,-0.0734948613838721,0.9972277193986336,-0.00593576643804683
2026-05-22T02:38:03.349+00:00,1779417483349194000,575,R,7592,7836,9110,10315,7592,7836,9110,10315,19109,23398,18357,22079,-130,-216,-27,-0.509804,-0.847059,-0.105882,0,70,37910,2026-05-22 02:38:03.349000+00:00,17.849,19.133333333333333,17.849,8713.25,20735.75,-0.054484973617802246,-0.06987867616052819,0.9942937522789732,-0.00886973355770726
2026-05-22T02:38:03.349+00:00,1779417483349333000,576,R,7594,7840,9110,10316,7594,7840,9110,10316,19111,23400,18357,22075,-129,-218,-26,-0.505882,-0.854902,-0.101961,0,70,47910,2026-05-22 02:38:03.349000+00:00,17.849,19.166666666666668,17.849,8715.0,20735.75,-0.043010752688172046,-0.07349043419594237,0.9985840340447069,-0.004785808374826783
2026-05-22T02:38:03.349+00:00,1779417483349407000,577,R,7595,7842,9109,10318,7595,7842,9109,10318,19112,23402,18359,22076,-131,-216,-27,-0.513725,-0.847059,-0.105882,0,70,57910,2026-05-22 02:38:03.349000+00:00,17.849,19.2,17.849,8716.0,20737.25,-0.040139916279603186,-0.07468889665225091,0.9963098529222724,-0.006853632914408103
2026-05-22T02:38:03.349+00:00,1779417483349471000,578,R,7609,7856,9117,10327,7609,7856,9117,10327,19135,23402,18385,22089,-127,-218,-25,-0.498039,-0.854902,-0.098039,0,70,b7960,2026-05-22 02:38:03.349000+00:00,17.849,19.233333333333334,17.849,8727.25,20752.75,0.08888124319054992,-0.0012046451115501372,0.9942393678817995,-0.008924117954881017
2026-05-22T02:38:03.349+00:00,1779417483349534000,579,R,7614,7857,9116,10329,7614,7857,9116,10329,19140,23402,18384,22090,-125,-218,-26,-0.490196,-0.854902,-0.101961,0,70,c7960,2026-05-22 02:38:03.349000+00:00,17.849,19.266666666666666,17.849,8729.0,20754.0,0.10321100917431193,0.0036138918000795054,0.9907298287328388,-0.012640013686694873
2026-05-22T02:38:03.349+00:00,1779417483349596000,580,R,7613,7857,9117,10330,7613,7857,9117,10330,19145,23400,18388,22092,-128,-217,-27,-0.501961,-0.85098,-0.105882,0,70,d7960,2026-05-22 02:38:03.349000+00:00,17.849,19.3,17.849,8729.25,20756.25,0.1003382833553122,0.010841283607979185,0.9936512486003326,-0.009718593819201038
2026-05-22T02:38:03.501+00:00,1779417483501379000,581,R,7617,7859,9118,10331,7617,7859,9118,10331,19150,23401,18390,22096,-124,-216,-27,-0.486275,-0.847059,-0.105882,0,70,e7960,2026-05-22 02:38:03.501000+00:00,18.001,19.333333333333332,18.001,8731.25,20759.25,0.1204024883180919,0.022886602905394012,0.9824374397537993,-0.020932402665734373
2026-05-22T02:38:03.501+00:00,1779417483501542000,582,R,7619,7858,9118,10331,7619,7858,9118,10331,19149,23397,18385,22090,-128,-216,-26,-0.501961,-0.847059,-0.101961,0,70,f7960,2026-05-22 02:38:03.501000+00:00,18.001,19.366666666666667,18.001,8731.5,20755.25,0.0802338242879248,0.0,0.9898837510147341,-0.013279734821946332
2026-05-22T02:38:03.501+00:00,1779417483501618000,583,R,7652,7863,9108,10347,7652,7863,9108,10347,19211,23360,18390,22119,-136,-215,-33,-0.533333,-0.843137,-0.129412,0,70,78030,2026-05-22 02:38:03.501000+00:00,18.001,19.4,18.001,8742.5,20770.0,0.17474003838551663,0.07106635670493008,1.0060176715157643,0.002915869799706927
2026-05-22T02:38:03.501+00:00,1779417483501683000,584,R,7664,7863,9103,10350,7664,7863,9103,10350,19224,23344,18392,22129,-140,-216,-35,-0.54902,-0.847059,-0.137255,0,70,88030,2026-05-22 02:38:03.501000+00:00,18.001,19.433333333333334,18.001,8745.0,20772.25,0.18329705579104136,0.08190698738873298,1.0187103832326438,0.015608581516586506
2026-05-22T02:38:03.501+00:00,1779417483501746000,585,R,7673,7862,9100,10356,7673,7862,9100,10356,19246,23331,18389,22140,-140,-215,-38,-0.54902,-0.843137,-0.14902,0,70,98030,2026-05-22 02:38:03.501000+00:00,18.001,19.466666666666665,18.001,8747.75,20776.5,0.21193115101526477,0.10238373423591621,1.0171086085413887,0.014160241940694762
2026-05-22T02:38:03.650+00:00,1779417483650992000,586,R,7686,7860,9094,10361,7686,7860,9094,10361,19267,23308,18387,22154,-139,-212,-39,-0.545098,-0.831373,-0.152941,0,70,a8030,2026-05-22 02:38:03.650000+00:00,18.15,19.5,18.15,8750.25,20779.0,0.2204787538655366,0.11442887944014166,1.0058348990833437,0.002886532482649695
2026-05-22T02:38:03.651+00:00,1779417483651136000,587,R,7698,7857,9089,10367,7698,7857,9089,10367,19292,23287,18385,22168,-132,-216,-40,-0.517647,-0.847059,-0.156863,0,70,b8030,2026-05-22 02:38:03.651000+00:00,18.151,19.533333333333335,18.151,8752.75,20783.0,0.2462419470293486,0.13370111176690236,1.0050240628258609,0.002075696225166901
2026-05-22T02:38:03.651+00:00,1779417483651210000,588,R,7677,7847,9046,10375,7677,7847,9046,10375,19268,23212,18367,22214,-128,-223,-41,-0.501961,-0.87451,-0.160784,0,70,28090,2026-05-22 02:38:03.651000+00:00,18.151,19.566666666666666,18.151,8736.25,20765.25,0.05440073297829697,0.04336043360433604,1.0210700662917311,0.017968264575673798
2026-05-22T02:38:03.651+00:00,1779417483651277000,589,R,7656,7836,9044,10362,7656,7836,9044,10362,19223,23217,18357,22194,-127,-221,-43,-0.498039,-0.866667,-0.168627,0,70,38090,2026-05-22 02:38:03.651000+00:00,18.151,19.6,18.151,8724.5,20747.75,-0.0858909757214842,-0.0469709743466217,1.013700941865499,0.01033109944596533
2026-05-22T02:38:03.651+00:00,1779417483651341000,590,R,7642,7831,9051,10351,7642,7831,9051,10351,19198,23236,18355,22171,-130,-209,-46,-0.509804,-0.819608,-0.180392,0,70,48090,2026-05-22 02:38:03.651000+00:00,18.151,19.633333333333333,18.151,8718.75,20740.0,-0.1774622892635315,-0.0903233576202806,0.9819361821136849,-0.0214336603058487
2026-05-22T02:38:03.799+00:00,1779417483800001000,591,R,7631,7834,9057,10343,7631,7834,9057,10343,19177,23258,18351,22150,-137,-204,-42,-0.537255,-0.8,-0.164706,0,70,58090,2026-05-22 02:38:03.799000+00:00,18.299,19.666666666666668,18.299,8716.25,20734.0,-0.2289311775647446,-0.12163252525982393,0.977635413362773,-0.0257344290567606
2026-05-22T02:38:03.800+00:00,1779417483800155000,592,R,7627,7838,9066,10339,7627,7838,9066,10339,19170,23292,18358,22139,-139,-212,-35,-0.545098,-0.831373,-0.137255,0,70,68090,2026-05-22 02:38:03.800000+00:00,18.3,19.7,18.3,8717.5,20739.75,-0.21747839523836776,-0.09513716611671764,1.003569544056614,0.000199701637080274
2026-05-22T02:38:03.800+00:00,1779417483800233000,593,R,7622,7843,9078,10340,7622,7843,9078,10340,19161,23315,18360,22131,-137,-207,-36,-0.537255,-0.811765,-0.141176,0,70,78090,2026-05-22 02:38:03.800000+00:00,18.3,19.733333333333334,18.3,8720.75,20741.75,-0.1945580956195817,-0.09993979530403371,0.9836340850265408,-0.019467716689516523
2026-05-22T02:38:03.800+00:00,1779417483800301000,594,R,7634,7855,9113,10326,7634,7855,9113,10326,19184,23375,18375,22079,-138,-212,-42,-0.541176,-0.831373,-0.164706,0,70,18180,2026-05-22 02:38:03.800000+00:00,18.3,19.766666666666666,18.3,8732.0,20753.25,-0.06580641469485851,-0.044551475015051176,1.005574758305418,0.002472956589360642
2026-05-22T02:38:03.800+00:00,1779417483800367000,595,R,7638,7859,9112,10328,7638,7859,9112,10328,19195,23377,18379,22084,-140,-210,-42,-0.54902,-0.823529,-0.164706,0,70,28180,2026-05-22 02:38:03.800000+00:00,18.3,19.8,18.3,8734.25,20758.75,-0.04577575601522044,-0.020469103694071185,1.0033698424195336,0.00026804070347630216
2026-05-22T02:38:03.949+00:00,1779417483949893000,596,R,7647,7860,9116,10331,7647,7860,9116,10331,19209,23374,18384,22088,-139,-212,-39,-0.545098,-0.831373,-0.152941,0,70,38180,2026-05-22 02:38:03.949000+00:00,18.449,19.833333333333332,18.449,8738.5,20763.75,0.0028609847509512773,0.0,1.0058348990833437,0.0029098391242259325
2026-05-22T02:38:03.950+00:00,1779417483950055000,597,R,7659,7865,9120,10338,7659,7865,9120,10338,19228,23374,18394,22102,-143,-216,-36,-0.560784,-0.847059,-0.141176,0,70,48180,2026-05-22 02:38:03.950000+00:00,18.45,19.866666666666667,18.45,8745.5,20774.5,0.08010528122675517,0.05177292155800373,1.0256306874859975,0.02298872180632383
2026-05-22T02:38:03.950+00:00,1779417483950129000,598,R,7672,7869,9120,10344,7672,7869,9120,10344,19254,23363,18398,22109,-139,-214,-38,-0.545098,-0.839216,-0.14902,0,70,58180,2026-05-22 02:38:03.950000+00:00,18.45,19.9,18.45,8751.25,20781.0,0.1430410527821485,0.07946254424618941,1.0117422026682488,0.00933120823083744
2026-05-22T02:38:03.950+00:00,1779417483950195000,599,R,7793,7858,9103,10419,7793,7858,9103,10419,19469,23263,18380,22281,-132,-212,-40,-0.517647,-0.831373,-0.156863,0,70,d8250,2026-05-22 02:38:03.950000+00:00,18.45,19.933333333333334,18.45,8793.25,20848.25,0.6179019938781932,0.3997062399922948,0.9918394439156974,-0.01057155052171388
2026-05-22T02:38:03.950+00:00,1779417483950257000,600,R,7788,7852,9088,10412,7788,7852,9088,10412,19465,23244,18374,22287,-127,-216,-38,-0.498039,-0.847059,-0.14902,0,70,e8250,2026-05-22 02:38:03.950000+00:00,18.45,19.966666666666665,18.45,8785.0,20842.5,0.5235003003690248,0.37201574746270816,0.9938605311621947,-0.00855046327521658
2026-05-22T02:38:03.950+00:00,1779417483950544000,601,R,7768,7855,9076,10408,7768,7855,9076,10408,19440,23226,18377,22280,-124,-220,-36,-0.486275,-0.862745,-0.141176,0,70,f8250,2026-05-22 02:38:03.950000+00:00,18.45,20.0,18.45,8776.75,20830.75,0.4290986068598564,0.31543082794572663,1.0003614215002496,-0.002049572937161681
2026-05-22T02:38:04.099+00:00,1779417484099323000,602,R,7731,7854,9053,10399,7731,7854,9053,10399,19374,23204,18381,22261,-139,-226,-37,-0.545098,-0.886275,-0.145098,0,70,08250,2026-05-22 02:38:04.099000+00:00,18.599,20.033333333333335,18.599,8759.25,20805.0,0.22885259032525673,0.19142557879149058,1.0505563453870526,0.047914379707378885
2026-05-22T02:38:04.099+00:00,1779417484099485000,603,R,7691,7850,9030,10386,7691,7850,9030,10386,19303,23178,18382,22246,-142,-225,-36,-0.556863,-0.882353,-0.141176,0,70,18250,2026-05-22 02:38:04.099000+00:00,18.599,20.066666666666666,18.599,8739.25,20777.25,0.0,0.05778885397478961,1.052888351324109,0.049963291364991225
2026-05-22T02:38:04.099+00:00,1779417484099561000,604,R,7636,7848,9097,10343,7636,7848,9097,10343,19181,23338,18365,22128,-137,-217,-34,-0.537255,-0.85098,-0.133333,0,70,98320,2026-05-22 02:38:04.099000+00:00,18.599,20.1,18.599,8731.0,20753.0,-0.09440169350916841,-0.05899278843259773,1.0151785972497647,0.012253537290646932
2026-05-22T02:38:04.099+00:00,1779417484099628000,605,R,7638,7852,9108,10348,7638,7852,9108,10348,19181,23355,18366,22128,-136,-219,-35,-0.533333,-0.858824,-0.137255,0,70,a8320,2026-05-22 02:38:04.099000+00:00,18.599,20.133333333333333,18.599,8736.5,20757.5,-0.031467231169722804,-0.03732196819205162,1.0202262920009462,0.017124490284888827
2026-05-22T02:38:04.099+00:00,1779417484099692000,606,R,7636,7852,9116,10347,7636,7852,9116,10347,19182,23369,18367,22120,-133,-217,-37,-0.521569,-0.85098,-0.145098,0,70,b8320,2026-05-22 02:38:04.099000+00:00,18.599,20.166666666666668,18.599,8737.75,20759.5,-0.017163944274394254,-0.03370813569932343,1.0085904083249055,0.00545002084865609
2026-05-22T02:38:04.249+00:00,1779417484249825000,607,R,7637,7850,9122,10350,7637,7850,9122,10350,19181,23379,18369,22123,-129,-216,-39,-0.505882,-0.847059,-0.152941,0,70,c8320,2026-05-22 02:38:04.249000+00:00,18.749,20.2,18.749,8739.75,20763.0,0.0,-0.018057712448986962,0.9984069795859802,-0.0047334078902692145
2026-05-22T02:38:04.249+00:00,1779417484249962000,608,R,7638,7849,9127,10352,7638,7849,9127,10352,19180,23392,18371,22125,-128,-218,-39,-0.501961,-0.854902,-0.152941,0,70,d8320,2026-05-22 02:38:04.249000+00:00,18.749,20.233333333333334,18.749,8741.5,20767.0,0.00286000286000286,0.0,1.0031018017160573,-0.00026804070347630216
2026-05-22T02:38:04.250+00:00,1779417484250036000,609,R,7643,7856,9148,10361,7643,7856,9148,10361,19188,23432,18370,22125,-132,-218,-35,-0.517647,-0.854902,-0.137255,0,70,58390,2026-05-22 02:38:04.250000+00:00,18.75,20.266666666666666,18.75,8752.0,20778.75,0.12011668477950009,0.05296673929530161,1.0087887693853457,0.0053425083578804156
2026-05-22T02:38:04.250+00:00,1779417484250103000,610,R,7654,7852,9159,10359,7654,7852,9159,10359,19190,23431,18373,22133,-130,-216,-35,-0.509804,-0.847059,-0.137255,0,70,68390,2026-05-22 02:38:04.250000+00:00,18.75,20.3,18.75,8756.0,20781.75,0.154418072633686,0.06500306958939728,0.9981222384668123,-0.005324022560653008
2026-05-22T02:38:04.250+00:00,1779417484250168000,611,R,7645,7854,9149,10361,7645,7854,9149,10361,19192,23440,18369,22126,-131,-216,-34,-0.513725,-0.847059,-0.133333,0,70,78390,2026-05-22 02:38:04.250000+00:00,18.75,20.333333333333332,18.75,8752.25,20781.75,0.08862713705757905,0.060185129458213464,0.9995999269682846,-0.003969617088329325
2026-05-22T02:38:04.400+00:00,1779417484400395000,612,R,7648,7858,9154,10364,7648,7858,9154,10364,19194,23444,18368,22129,-130,-215,-34,-0.509804,-0.843137,-0.133333,0,70,88390,2026-05-22 02:38:04.400000+00:00,18.9,20.366666666666667,18.9,8756.0,20783.75,0.12578616352201258,0.06861022171934808,0.9942624442640887,-0.009307099792525197
2026-05-22T02:38:04.400+00:00,1779417484400427000,613,R,7646,7857,9154,10363,7646,7857,9154,10363,19191,23444,18373,22132,-130,-215,-34,-0.509804,-0.843137,-0.133333,0,69,98390,2026-05-22 02:38:04.400000+00:00,18.9,20.4,18.9,8755.0,20785.0,0.11435105774728416,0.07221954742416947,0.9942624442640887,-0.009307099792525197
2026-05-22T02:38:04.400+00:00,1779417484400443000,614,R,7646,7860,9157,10364,7646,7860,9157,10364,19188,23447,18376,22131,-132,-217,-33,-0.517647,-0.85098,-0.129412,0,69,a8390,2026-05-22 02:38:04.400000+00:00,18.9,20.433333333333334,18.9,8756.75,20785.5,0.1314999571195792,0.07101332402537222,1.0044266238770256,0.0009803628495603789
2026-05-22T02:38:04.400+00:00,1779417484400457000,615,R,7650,7864,9162,10374,7650,7864,9162,10374,19192,23460,18376,22137,-133,-216,-32,-0.521569,-0.847059,-0.12549,0,69,18450,2026-05-22 02:38:04.400000+00:00,18.9,20.466666666666665,18.9,8762.5,20791.25,0.19438568406609114,0.09869648423865292,1.0026419656796737,-0.0008042953477915837
2026-05-22T02:38:04.400+00:00,1779417484400470000,616,R,7650,7863,9157,10366,7650,7863,9157,10366,19195,23460,18385,22138,-132,-218,-32,-0.517647,-0.854902,-0.12549,0,69,28450,2026-05-22 02:38:04.400000+00:00,18.9,20.5,18.9,8759.0,20794.5,0.15436510205248413,0.11434348783746374,1.0072554722179474,0.003885629798413781
2026-05-22T02:38:04.550+00:00,1779417484550459000,617,R,7651,7862,9162,10375,7651,7862,9162,10375,19193,23457,18380,22141,-131,-217,-33,-0.513725,-0.85098,-0.129412,0,69,38450,2026-05-22 02:38:04.550000+00:00,19.05,20.533333333333335,19.05,8762.5,20792.75,0.19438568406609114,0.10591817820733483,1.0024109944374113,-0.0009588479821223128
2026-05-22T02:38:04.550+00:00,1779417484550494000,618,R,7649,7862,9159,10371,7649,7862,9159,10371,19193,23457,18377,22133,-132,-218,-32,-0.517647,-0.854902,-0.12549,0,69,48450,2026-05-22 02:38:04.550000+00:00,19.05,20.566666666666666,19.05,8760.25,20790.0,0.16865816705734377,0.09267840593141798,1.0072554722179474,0.004115084741697972
2026-05-22T02:38:04.550+00:00,1779417484550510000,619,R,7647,7861,9157,10366,7647,7861,9157,10366,19190,23453,18377,22131,-137,-216,-33,-0.537255,-0.847059,-0.129412,0,69,58450,2026-05-22 02:38:04.550000+00:00,19.05,20.6,19.05,8757.75,20787.75,0.1400720370476245,0.07823219314926702,1.0113848675207673,0.008283065804709944
2026-05-22T02:38:04.550+00:00,1779417484550524000,620,R,7616,7864,9137,10340,7616,7864,9137,10340,19148,23429,18389,22089,-133,-214,-29,-0.521569,-0.839216,-0.113725,0,69,d8520,2026-05-22 02:38:04.550000+00:00,19.05,20.633333333333333,19.05,8739.25,20763.75,-0.07146532502429821,-0.03731073827118889,0.9946110254979078,-0.00836763510160854
2026-05-22T02:38:04.550+00:00,1779417484550538000,621,R,7613,7866,9131,10343,7613,7866,9131,10343,19152,23433,18394,22092,-133,-214,-31,-0.521569,-0.839216,-0.121569,0,69,e8520,2026-05-22 02:38:04.550000+00:00,19.05,20.666666666666668,19.05,8738.25,20767.75,-0.08289977702818592,-0.018053583034446236,0.9955384162241052,-0.007440244375411131
2026-05-22T02:38:04.550+00:00,1779417484550550000,622,R,7614,7867,9135,10339,7614,7867,9135,10339,19147,23432,18393,22086,-133,-217,-31,-0.521569,-0.85098,-0.121569,0,69,f8520,2026-05-22 02:38:04.550000+00:00,19.05,20.7,19.05,8738.75,20764.5,-0.07718255102624207,-0.03370002166429964,1.0054751135269335,0.0023733118108761886
2026-05-22T02:38:04.700+00:00,1779417484700435000,623,R,7614,7868,9133,10338,7614,7868,9133,10338,19146,23424,18396,22084,-131,-214,-32,-0.513725,-0.839216,-0.12549,0,69,08520,2026-05-22 02:38:04.700000+00:00,19.2,20.733333333333334,19.2,8738.25,20762.5,-0.08289977702818592,-0.043328599282670965,0.9919398219554451,-0.011161979760612284
2026-05-22T02:38:04.700+00:00,1779417484700466000,624,R,7616,7868,9130,10337,7616,7868,9130,10337,19148,23421,18396,22082,-133,-216,-33,-0.521569,-0.847059,-0.129412,0,69,18520,2026-05-22 02:38:04.700000+00:00,19.2,20.766666666666666,19.2,8737.75,20761.75,-0.08861700303012979,-0.04693931588956021,1.0031403874762495,0.0
2026-05-22T02:38:04.700+00:00,1779417484700485000,625,R,7624,7872,9130,10339,7624,7872,9130,10339,19169,23409,18407,22088,-135,-216,-34,-0.529412,-0.847059,-0.133333,0,69,98590,2026-05-22 02:38:04.700000+00:00,19.2,20.8,19.2,8741.25,20768.25,-0.048596421016522784,-0.015646438629853404,1.0077518068026472,0.004611419326397748
2026-05-22T02:38:04.700+00:00,1779417484700501000,626,R,7636,7870,9141,10344,7636,7870,9141,10344,19177,23411,18403,22092,-134,-215,-35,-0.52549,-0.843137,-0.137255,0,69,a8590,2026-05-22 02:38:04.700000+00:00,19.2,20.833333333333332,19.2,8747.75,20770.75,0.025727517008747355,-0.003610716606889247,1.0029250599591177,-0.00017674175693960237
2026-05-22T02:38:04.700+00:00,1779417484700517000,627,R,7632,7876,9130,10342,7632,7876,9130,10342,19185,23410,18407,22093,-131,-215,-35,-0.513725,-0.843137,-0.137255,0,69,b8590,2026-05-22 02:38:04.700000+00:00,19.2,20.866666666666667,19.2,8745.0,20773.75,-0.005717226001943857,0.010832149820667741,0.9968110710756577,-0.006167589523858652
2026-05-22T02:38:04.849+00:00,1779417484849875000,628,R,7634,7878,9130,10345,7634,7878,9130,10345,19189,23403,18407,22096,-132,-214,-35,-0.517647,-0.839216,-0.137255,0,69,c8590,2026-05-22 02:38:04.849000+00:00,19.349,20.9,19.349,8746.75,20773.75,0.017152168319945114,0.014443387937363841,0.9955304346377362,-0.007448225961780186
2026-05-22T02:38:04.849+00:00,1779417484850011000,629,R,7639,7875,9128,10347,7639,7875,9128,10347,19194,23400,18405,22100,-132,-216,-33,-0.517647,-0.847059,-0.129412,0,69,d8590,2026-05-22 02:38:04.849000+00:00,19.349,20.933333333333334,19.349,8747.25,20774.75,0.025728987993138937,0.02527745010712824,1.0011068034101058,-0.0018718571894105196
2026-05-22T02:38:04.850+00:00,1779417484850084000,630,R,7608,7846,9120,10332,7608,7846,9120,10332,19141,23394,18361,22086,-136,-200,-40,-0.533333,-0.784314,-0.156863,0,69,38640,2026-05-22 02:38:04.850000+00:00,19.35,20.966666666666665,19.35,8726.5,20745.5,-0.20584367316599006,-0.11435174597060559,0.9613524537098763,-0.04162620688964003
2026-05-22T02:38:04.850+00:00,1779417484850151000,631,R,7609,7846,9124,10333,7609,7846,9124,10333,19138,23403,18362,22084,-140,-210,-30,-0.54902,-0.823529,-0.117647,0,69,48640,2026-05-22 02:38:04.850000+00:00,19.35,21.0,19.35,8728.0,20746.75,-0.18869003373549087,-0.10352340712385492,0.996726537647112,-0.006252122952404293
2026-05-22T02:38:04.850+00:00,1779417484850215000,632,R,7611,7846,9124,10333,7611,7846,9124,10333,19140,23400,18363,22089,-139,-214,-30,-0.545098,-0.839216,-0.117647,0,69,58640,2026-05-22 02:38:04.850000+00:00,19.35,21.033333333333335,19.35,8728.5,20748.0,-0.14871589544128583,-0.0963020030816641,1.0075991965404696,0.004620535940953241
2026-05-22T02:38:04.999+00:00,1779417484999170000,633,R,7616,7852,9126,10338,7616,7852,9126,10338,19137,23405,18362,22090,-139,-216,-30,-0.545098,-0.847059,-0.117647,0,69,68640,2026-05-22 02:38:04.999000+00:00,19.499,21.066666666666666,19.499,8733.0,20748.5,-0.0972373162500715,-0.09269179376677782,1.0141408165013377,0.011162155901821347
2026-05-22T02:38:04.999+00:00,1779417484999308000,634,R,7618,7850,9130,10340,7618,7850,9130,10340,19146,23407,18360,22095,-135,-219,-31,-0.529412,-0.858824,-0.121569,0,69,78640,2026-05-22 02:38:04.999000+00:00,19.499,21.1,19.499,8734.5,20752.0,-0.08007778985300006,-0.07222998025713873,1.0161863758587792,0.013207715259262898
2026-05-22T02:38:04.999+00:00,1779417484999381000,635,R,7617,7850,9132,10340,7617,7850,9132,10340,19147,23407,18364,22098,-132,-217,-33,-0.517647,-0.85098,-0.129412,0,69,88640,2026-05-22 02:38:04.999000+00:00,19.499,21.133333333333333,19.499,8734.75,20754.0,-0.07721786878682148,-0.06259931622285357,1.0044266238770256,0.0014479632775092899
2026-05-22T02:38:04.999+00:00,1779417484999446000,636,R,7630,7857,9144,10354,7630,7857,9144,10354,19161,23423,18369,22113,-134,-217,-31,-0.52549,-0.85098,-0.121569,0,69,18720,2026-05-22 02:38:04.999000+00:00,19.499,21.166666666666668,19.499,8746.25,20766.5,0.0543385002573929,-0.002407666008571291,1.0075146263260897,0.004589566366971942
2026-05-22T02:38:04.999+00:00,1779417484999509000,637,R,7625,7856,9139,10358,7625,7856,9139,10358,19160,23424,18371,22112,-133,-216,-30,-0.521569,-0.847059,-0.117647,0,69,28720,2026-05-22 02:38:04.999000+00:00,19.499,21.2,19.499,8744.5,20766.75,0.03431905279414288,-0.004815158117754691,1.0016905649206247,-0.0012344950384930442
2026-05-22T02:38:05.149+00:00,1779417485149830000,638,R,7629,7855,9143,10354,7629,7855,9143,10354,19161,23428,18371,22118,-134,-216,-31,-0.52549,-0.847059,-0.121569,0,69,38720,2026-05-22 02:38:05.149000+00:00,19.649,21.233333333333334,19.649,8745.25,20769.5,0.008576819715249585,0.007222650231124807,1.004205014597119,0.001226353997602736
2026-05-22T02:38:05.149+00:00,1779417485149964000,639,R,7631,7858,9145,10356,7631,7858,9145,10356,19163,23429,18370,22115,-132,-217,-31,-0.517647,-0.85098,-0.121569,0,69,48720,2026-05-22 02:38:05.149000+00:00,19.649,21.266666666666666,19.649,8747.5,20769.25,0.03430727886099834,0.004815042191807206,1.0034462610274653,0.000521201068347521
2026-05-22T02:38:05.150+00:00,1779417485150037000,640,R,7630,7856,9147,10358,7630,7856,9147,10358,19162,23434,18372,22119,-130,-216,-30,-0.509804,-0.847059,-0.117647,0,69,58720,2026-05-22 02:38:05.150000+00:00,19.65,21.3,19.65,8747.75,20771.75,0.03716621876608154,0.01685264767132522,0.9956153295856789,-0.007026636093994787
2026-05-22T02:38:05.150+00:00,1779417485150103000,641,R,7636,7863,9156,10363,7636,7863,9156,10363,19167,23451,18378,22128,-133,-217,-29,-0.521569,-0.85098,-0.113725,0,69,d8790,2026-05-22 02:38:05.150000+00:00,19.65,21.333333333333332,19.65,8754.5,20781.0,0.1143575962033278,0.06139178794554187,1.004556896241323,0.001914930561649264
2026-05-22T02:38:05.150+00:00,1779417485150167000,642,R,7633,7864,9159,10366,7633,7864,9159,10366,19172,23450,18375,22123,-131,-217,-30,-0.513725,-0.85098,-0.117647,0,69,e8790,2026-05-22 02:38:05.150000+00:00,19.65,21.366666666666667,19.65,8755.5,20780.0,0.12579335582366058,0.05778120184899846,1.0009601154062033,-0.0016818502734703422
2026-05-22T02:38:05.150+00:00,1779417485150229000,643,R,7635,7864,9156,10364,7635,7864,9156,10364,19169,23450,18380,22128,-132,-217,-30,-0.517647,-0.85098,-0.117647,0,69,f8790,2026-05-22 02:38:05.150000+00:00,19.65,21.4,19.65,8754.75,20781.75,0.1515758165074644,0.06741221364856569,1.0029786605995163,0.00033669491984267275
2026-05-22T02:38:05.300+00:00,1779417485300811000,644,R,7637,7866,9156,10366,7637,7866,9156,10366,19170,23455,18377,22125,-132,-216,-30,-0.517647,-0.847059,-0.117647,0,69,08790,2026-05-22 02:38:05.300000+00:00,19.8,21.433333333333334,19.8,8756.25,20781.75,0.16873534290453585,0.07223084979594785,0.9996540315023993,-0.00327102845671845
2026-05-22T02:38:05.300+00:00,1779417485300864000,645,R,7636,7862,9157,10369,7636,7862,9157,10369,19172,23453,18377,22127,-133,-218,-30,-0.521569,-0.854902,-0.117647,0,69,18790,2026-05-22 02:38:05.300000+00:00,19.8,21.466666666666665,19.8,8756.0,20782.25,0.16587542183835727,0.07584330532347772,1.008331526817445,0.005406466858327352
2026-05-22T02:38:05.300+00:00,1779417485300881000,646,R,7633,7863,9154,10363,7633,7863,9154,10363,19165,23451,18379,22124,-131,-217,-31,-0.513725,-0.85098,-0.121569,0,69,88850,2026-05-22 02:38:05.300000+00:00,19.8,21.5,19.8,8753.25,20779.75,0.13441629011039297,0.0638046854308622,1.0014286583606442,-0.001550002238872139
2026-05-22T02:38:05.300+00:00,1779417485300896000,647,R,7627,7863,9152,10361,7627,7863,9152,10361,19160,23451,18378,22119,-132,-219,-29,-0.517647,-0.858824,-0.113725,0,69,98850,2026-05-22 02:38:05.300000+00:00,19.8,21.533333333333335,19.8,8750.75,20777.0,0.10581707944860722,0.05056220354898514,1.0091929722357365,0.0062143116362201045
2026-05-22T02:38:05.300+00:00,1779417485300985000,648,R,7625,7860,9149,10356,7625,7860,9149,10356,19152,23443,18377,22114,-132,-217,-29,-0.517647,-0.85098,-0.113725,0,69,a8850,2026-05-22 02:38:05.300000+00:00,19.8,21.566666666666666,19.8,8747.5,20771.5,0.0715000715000715,0.033711382407474295,1.0025261855103835,-0.00045247508913282
2026-05-22T02:38:05.450+00:00,1779417485450582000,649,R,7620,7861,9145,10352,7620,7861,9145,10352,19149,23444,18380,22113,-130,-215,-30,-0.509804,-0.843137,-0.117647,0,69,b8850,2026-05-22 02:38:05.450000+00:00,19.95,21.6,19.95,8744.5,20771.5,0.045763972312796754,0.036120208052398385,0.9922806738992754,-0.010697986700240913
2026-05-22T02:38:05.450+00:00,1779417485450632000,650,R,7615,7859,9142,10350,7615,7859,9142,10350,19142,23443,18380,22107,-131,-213,-31,-0.513725,-0.835294,-0.121569,0,69,c8850,2026-05-22 02:38:05.450000+00:00,19.95,21.633333333333333,19.95,8741.5,20768.0,0.011440993078199188,0.020468364336885196,0.9881338289027453,-0.014844831696771088
2026-05-22T02:38:05.450+00:00,1779417485450659000,651,R,7598,7861,9132,10338,7598,7861,9132,10338,19116,23430,18383,22090,-132,-217,-30,-0.517647,-0.85098,-0.117647,0,69,38910,2026-05-22 02:38:05.450000+00:00,19.95,21.666666666666668,19.95,8732.25,20754.75,-0.0943881928951433,-0.03732691149909693,1.0029786605995163,0.0
2026-05-22T02:38:05.450+00:00,1779417485450682000,652,R,7597,7860,9131,10334,7597,7860,9131,10334,19112,23430,18380,22086,-133,-217,-30,-0.521569,-0.85098,-0.117647,0,69,48910,2026-05-22 02:38:05.450000+00:00,19.95,21.7,19.95,8730.5,20752.0,-0.11440993078199188,-0.04816491667469415,1.0050084570639195,0.002029796464403155
2026-05-22T02:38:05.450+00:00,1779417485450704000,653,R,7594,7858,9132,10336,7594,7858,9132,10336,19112,23429,18383,22085,-133,-217,-30,-0.521569,-0.85098,-0.117647,0,69,58910,2026-05-22 02:38:05.450000+00:00,19.95,21.733333333333334,19.95,8730.0,20752.25,-0.12013042732109147,-0.04575722181415343,1.0050084570639195,0.002029796464403155
2026-05-22T02:38:05.602+00:00,1779417485602193000,654,R,7592,7856,9128,10334,7592,7856,9128,10334,19106,23425,18381,22084,-133,-217,-31,-0.521569,-0.85098,-0.121569,0,69,68910,2026-05-22 02:38:05.602000+00:00,20.102,21.766666666666666,20.102,8727.5,20749.0,-0.14873291001658945,-0.059004154374134504,1.0054751135269335,0.002496452927417181
2026-05-22T02:38:05.602+00:00,1779417485602333000,655,R,7591,7856,9130,10333,7591,7856,9130,10333,19105,23427,18378,22085,-133,-218,-30,-0.521569,-0.854902,-0.117647,0,69,78910,2026-05-22 02:38:05.602000+00:00,20.102,21.8,20.102,8727.5,20748.75,-0.14873291001658945,-0.05900486489090121,1.008331526817445,0.005352866217928742
2026-05-22T02:38:05.602+00:00,1779417485602407000,656,R,7590,7856,9126,10331,7590,7856,9126,10331,19103,23422,18383,22082,-132,-216,-31,-0.517647,-0.847059,-0.121569,0,69,88910,2026-05-22 02:38:05.602000+00:00,20.102,21.833333333333332,20.102,8725.75,20747.5,-0.16589914476130546,-0.061415445382401464,1.000123186338063,-0.0028554742614532724
2026-05-22T02:38:05.602+00:00,1779417485602473000,657,R,7587,7856,9127,10333,7587,7856,9127,10333,19094,23418,18375,22081,-131,-217,-31,-0.513725,-0.85098,-0.121569,0,69,08980,2026-05-22 02:38:05.602000+00:00,20.102,21.866666666666667,20.102,8725.75,20742.0,-0.16304347826086957,-0.08068886614078401,1.0014286583606442,-0.001550002238872139
2026-05-22T02:38:05.602+00:00,1779417485602536000,658,R,7584,7855,9127,10334,7584,7855,9127,10334,19091,23422,18375,22081,-131,-216,-31,-0.513725,-0.847059,-0.121569,0,69,18980,2026-05-22 02:38:05.602000+00:00,20.102,21.9,20.102,8725.0,20742.25,-0.1659133817724126,-0.07828118602018451,0.998098866278787,-0.00487979432072938
2026-05-22T02:38:05.752+00:00,1779417485752360000,659,R,7584,7854,9127,10334,7584,7854,9127,10334,19090,23420,18375,22084,-133,-218,-30,-0.521569,-0.854902,-0.117647,0,69,28980,2026-05-22 02:38:05.752000+00:00,20.252,21.933333333333334,20.252,8724.75,20742.25,-0.1602059791160063,-0.07707778834921056,1.008331526817445,0.005352866217928742
2026-05-22T02:38:05.752+00:00,1779417485752515000,660,R,7587,7857,9125,10332,7587,7857,9125,10332,19091,23421,18375,22083,-131,-219,-31,-0.513725,-0.858824,-0.121569,0,69,38980,2026-05-22 02:38:05.752000+00:00,20.252,21.966666666666665,20.252,8725.25,20742.5,-0.12591214766060954,-0.06383773171289883,1.008102703280772,0.005124042681255547
2026-05-22T02:38:05.752+00:00,1779417485752589000,661,R,7583,7854,9127,10332,7583,7854,9127,10332,19090,23421,18377,22084,-131,-216,-30,-0.513725,-0.847059,-0.117647,0,69,48980,2026-05-22 02:38:05.752000+00:00,20.252,22.0,20.252,8724.0,20743.0,-0.14022034625840607,-0.061428760704864915,0.9976287594666665,-0.0053499011328498325
2026-05-22T02:38:05.752+00:00,1779417485752654000,662,R,7587,7860,9125,10338,7587,7860,9125,10338,19093,23417,18387,22088,-132,-217,-29,-0.517647,-0.85098,-0.113725,0,69,c9050,2026-05-22 02:38:05.752000+00:00,20.252,22.033333333333335,20.252,8727.5,20746.25,-0.10015739018457576,-0.04577044915264445,1.0025261855103835,-0.00045247508913282
2026-05-22T02:38:05.752+00:00,1779417485752720000,663,R,7587,7864,9124,10340,7587,7864,9124,10340,19095,23417,18387,22088,-133,-217,-28,-0.521569,-0.85098,-0.109804,0,69,d9050,2026-05-22 02:38:05.752000+00:00,20.252,22.066666666666666,20.252,8728.75,20746.75,-0.08584919158677923,-0.04336147814461053,1.0041205607779375,0.0015404638530085446
2026-05-22T02:38:05.752+00:00,1779417485752783000,664,R,7587,7863,9126,10337,7587,7863,9126,10337,19094,23422,18389,22086,-133,-216,-30,-0.521569,-0.847059,-0.117647,0,69,e9050,2026-05-22 02:38:05.752000+00:00,20.252,22.1,20.252,8728.25,20747.75,-0.09157247102589784,-0.038543536128542694,1.0016905649206247,-0.0008895320043043053
2026-05-22T02:38:05.902+00:00,1779417485902738000,665,R,7589,7867,9128,10341,7589,7867,9128,10341,19099,23418,18392,22088,-133,-217,-29,-0.521569,-0.85098,-0.113725,0,69,f9050,2026-05-22 02:38:05.902000+00:00,20.402,22.133333333333333,20.402,8731.25,20749.25,-0.05723279439118615,-0.03131662310444094,1.004556896241323,0.0020307107309394112
2026-05-22T02:38:05.902+00:00,1779417485902873000,666,R,7591,7870,9127,10339,7591,7870,9127,10339,19100,23416,18396,22086,-132,-215,-30,-0.517647,-0.843137,-0.117647,0,69,09050,2026-05-22 02:38:05.902000+00:00,20.402,22.166666666666668,20.402,8731.75,20749.5,-0.07724437832579963,-0.03011213760042398,0.9963328931572017,-0.0061932923531817785
2026-05-22T02:38:05.902+00:00,1779417485902943000,667,R,7620,7884,9140,10354,7620,7884,9140,10354,19153,23419,18413,22099,-134,-217,-29,-0.52549,-0.85098,-0.113725,0,69,89120,2026-05-22 02:38:05.902000+00:00,20.402,22.2,20.402,8749.5,20771.0,0.1516669051366433,0.07467900074679001,1.0065982694824187,0.004072083972035179
2026-05-22T02:38:05.903+00:00,1779417485903008000,668,R,7625,7887,9140,10356,7625,7887,9140,10356,19163,23429,18417,22102,-130,-220,-29,-0.509804,-0.862745,-0.113725,0,69,99120,2026-05-22 02:38:05.903000+00:00,20.403,22.233333333333334,20.403,8752.0,20777.75,0.18315018315018314,0.10720050107200502,1.0085447085112291,0.005964611586300128
2026-05-22T02:38:05.903+00:00,1779417485903071000,669,R,7629,7889,9145,10359,7629,7889,9145,10359,19170,23429,18414,22100,-127,-218,-30,-0.498039,-0.854902,-0.117647,0,69,a9120,2026-05-22 02:38:05.903000+00:00,20.403,22.266666666666666,20.403,8755.5,20778.25,0.22321428571428573,0.109609501096095,0.9963639353840544,-0.006162250126329094
2026-05-22T02:38:06.053+00:00,1779417486053236000,670,R,7632,7887,9146,10364,7632,7887,9146,10364,19181,23427,18417,22106,-131,-213,-34,-0.513725,-0.835294,-0.133333,0,69,b9120,2026-05-22 02:38:06.053000+00:00,20.553,22.3,20.553,8757.25,20782.75,0.243246336996337,0.131290501312905,0.989650004269186,-0.012876181241197493
2026-05-22T02:38:06.053+00:00,1779417486053355000,671,R,7636,7887,9145,10363,7636,7887,9145,10363,19185,23427,18417,22108,-129,-214,-32,-0.505882,-0.839216,-0.12549,0,69,c9120,2026-05-22 02:38:06.053000+00:00,20.553,22.333333333333332,20.553,8757.75,20784.25,0.24896978021978022,0.13851750138517502,0.9879007200523745,-0.014625465458009024
2026-05-22T02:38:06.053+00:00,1779417486053427000,672,R,7609,7853,9133,10350,7609,7853,9133,10350,19136,23413,18370,22104,-140,-194,-43,-0.54902,-0.760784,-0.168627,0,69,49190,2026-05-22 02:38:06.053000+00:00,20.553,22.366666666666667,20.553,8736.25,20755.75,0.0028617216117216115,0.001204500012045,0.9532315144732679,-0.0492946710371156
2026-05-22T02:38:06.053+00:00,1779417486053492000,673,R,7615,7857,9138,10352,7615,7857,9138,10352,19138,23417,18372,22106,-136,-213,-30,-0.533333,-0.835294,-0.117647,0,69,59190,2026-05-22 02:38:06.053000+00:00,20.553,22.4,20.553,8740.5,20758.25,0.05151098901098901,0.013249500132495002,0.9979984829317127,-0.004581613993216327
2026-05-22T02:38:06.053+00:00,1779417486053556000,674,R,7619,7859,9137,10355,7619,7859,9137,10355,19142,23417,18377,22112,-138,-218,-26,-0.541176,-0.854902,-0.101961,0,69,69190,2026-05-22 02:38:06.053000+00:00,20.553,22.433333333333334,20.553,8742.5,20762.0,0.0744047619047619,0.03131700031317,1.0169193370671048,0.014339240142175802
2026-05-22T02:38:06.202+00:00,1779417486202069000,675,R,7622,7861,9142,10359,7622,7861,9142,10359,19147,23417,18377,22115,-139,-219,-26,-0.545098,-0.858824,-0.101961,0,69,79190,2026-05-22 02:38:06.202000+00:00,20.702,22.466666666666665,20.702,8746.0,20764.0,0.11446886446886446,0.040953000409530003,1.0223045231735013,0.019448533921305744
2026-05-22T02:38:06.203+00:00,1779417486203096000,676,R,7624,7864,9141,10364,7624,7864,9141,10364,19152,23423,18378,22121,-135,-218,-28,-0.529412,-0.854902,-0.109804,0,69,89190,2026-05-22 02:38:06.203000+00:00,20.703,22.5,20.703,8748.25,20768.5,0.14022435897435898,0.06263400062634,1.011529245135305,0.00867325588310952
2026-05-22T02:38:06.203+00:00,1779417486203197000,677,R,7627,7863,9144,10362,7627,7863,9144,10362,19156,23425,18377,22121,-130,-221,-30,-0.509804,-0.866667,-0.117647,0,69,99190,2026-05-22 02:38:06.203000+00:00,20.703,22.533333333333335,20.703,8749.0,20769.75,0.1488095238095238,0.06865650068656501,1.012350050088407,0.009371389488890713
2026-05-22T02:38:06.203+00:00,1779417486203271000,678,R,7624,7849,9139,10349,7624,7849,9139,10349,19154,23419,18364,22107,-132,-216,-30,-0.517647,-0.847059,-0.117647,0,69,09250,2026-05-22 02:38:06.203000+00:00,20.703,22.566666666666666,20.703,8740.25,20761.0,0.0486492673992674,0.026499000264990004,0.9996540315023993,-0.003201957749796258
2026-05-22T02:38:06.203+00:00,1779417486203337000,679,R,7626,7849,9140,10347,7626,7849,9140,10347,19154,23420,18361,22110,-133,-219,-30,-0.521569,-0.858824,-0.117647,0,69,19250,2026-05-22 02:38:06.203000+00:00,20.703,22.6,20.703,8740.5,20761.25,0.05151098901098901,0.027703500277035,1.0116588858632143,0.00880289661101874
2026-05-22T02:38:06.203+00:00,1779417486203403000,680,R,7624,7850,9138,10348,7624,7850,9138,10348,19154,23420,18359,22108,-133,-218,-30,-0.521569,-0.854902,-0.117647,0,69,29250,2026-05-22 02:38:06.203000+00:00,20.703,22.633333333333333,20.703,8740.0,20760.25,0.045787545787545784,0.022885500228855004,1.008331526817445,0.005475537565249544
2026-05-22T02:38:06.501+00:00,1779417486501454000,681,R,7624,7849,9139,10346,7624,7849,9139,10346,19156,23417,18356,22106,-136,-218,-30,-0.533333,-0.854902,-0.117647,0,69,39250,2026-05-22 02:38:06.501000+00:00,21.001,22.666666666666668,21.001,8739.5,20758.75,0.04006410256410257,0.015658500156585,1.0144665273442983,0.011487866744781972
2026-05-22T02:38:06.501+00:00,1779417486501631000,682,R,7626,7848,9134,10347,7626,7848,9134,10347,19151,23419,18356,22108,-132,-216,-32,-0.517647,-0.847059,-0.12549,0,69,49250,2026-05-22 02:38:06.501000+00:00,21.001,22.7,21.001,8738.75,20758.5,0.03147893772893773,0.014454000144540001,1.0006073686466634,-0.0022486206055321034
2026-05-22T02:38:06.501+00:00,1779417486501710000,683,R,7617,7839,9135,10339,7617,7839,9135,10339,19142,23418,18345,22096,-131,-215,-28,-0.513725,-0.843137,-0.109804,0,69,c9320,2026-05-22 02:38:06.501000+00:00,21.001,22.733333333333334,21.001,8732.5,20750.25,-0.04006410256410257,-0.025294500252945003,0.9934033897717482,-0.009452599480447299
2026-05-22T02:38:06.501+00:00,1779417486501776000,684,R,7617,7844,9134,10336,7617,7844,9134,10336,19142,23411,18346,22095,-132,-218,-28,-0.517647,-0.854902,-0.109804,0,69,d9320,2026-05-22 02:38:06.501000+00:00,21.001,22.766666666666666,21.001,8732.75,20748.5,-0.03720238095238095,-0.033726000337260004,1.0054216849804862,0.0028415880555572315
2026-05-22T02:38:06.501+00:00,1779417486501840000,685,R,7617,7841,9134,10339,7617,7841,9134,10339,19144,23413,18343,22091,-132,-218,-27,-0.517647,-0.854902,-0.105882,0,69,e9320,2026-05-22 02:38:06.501000+00:00,21.001,22.8,21.001,8732.75,20747.75,-0.03720238095238095,-0.03733950037339501,1.0050009174806758,0.002420820555746772
2026-05-22T02:38:06.649+00:00,1779417486649855000,686,R,7620,7839,9138,10338,7620,7839,9138,10338,19144,23419,18347,22095,-131,-215,-29,-0.513725,-0.843137,-0.113725,0,69,f9320,2026-05-22 02:38:06.649000+00:00,21.149,22.833333333333332,21.149,8733.75,20751.25,-0.025755494505494504,-0.020476500204765002,0.993844430491513,-0.008681755018870474
2026-05-22T02:38:06.649+00:00,1779417486649992000,687,R,7617,7840,9134,10337,7617,7840,9134,10337,19141,23419,18342,22094,-131,-217,-29,-0.513725,-0.85098,-0.113725,0,69,09320,2026-05-22 02:38:06.649000+00:00,21.149,22.866666666666667,21.149,8732.0,20749.0,-0.045787545787545784,-0.03131700031317,1.0005067274386514,-0.0020194580717320942
2026-05-22T02:38:06.650+00:00,1779417486650065000,688,R,7617,7840,9136,10335,7617,7840,9136,10335,19140,23412,18345,22094,-131,-218,-26,-0.513725,-0.854902,-0.101961,0,69,89390,2026-05-22 02:38:06.650000+00:00,21.15,22.9,21.15,8732.0,20747.75,-0.045787545787545784,-0.03733950037339501,1.002580096924929,5.3911414545471104e-05
2026-05-22T02:38:06.650+00:00,1779417486650131000,689,R,7614,7837,9139,10338,7614,7837,9139,10338,19141,23415,18344,22089,-131,-216,-27,-0.513725,-0.847059,-0.105882,0,69,99390,2026-05-22 02:38:06.650000+00:00,21.15,22.933333333333334,21.15,8732.0,20747.25,-0.045787545787545784,-0.039748500397485,0.9963098529222724,-0.006216332588111162
2026-05-22T02:38:06.650+00:00,1779417486650193000,690,R,7616,7840,9137,10339,7616,7840,9137,10339,19142,23414,18345,22094,-132,-217,-26,-0.517647,-0.85098,-0.101961,0,69,a9390,2026-05-22 02:38:06.650000+00:00,21.15,22.966666666666665,21.15,8733.0,20748.75,-0.037201316354271,-0.032521500325215,1.0012599175688597,-0.0012662679415238465
2026-05-22T02:38:06.800+00:00,1779417486800389000,691,R,7619,7842,9137,10336,7619,7842,9137,10336,19143,23417,18344,22092,-132,-216,-27,-0.517647,-0.847059,-0.105882,0,69,b9390,2026-05-22 02:38:06.800000+00:00,21.3,23.0,21.3,8733.5,20749.0,-0.04005951699668078,-0.03131700031317,0.9983378005535001,-0.004188384956883451
2026-05-22T02:38:06.800+00:00,1779417486800529000,692,R,7616,7840,9138,10335,7616,7840,9138,10335,19144,23418,18349,22093,-133,-216,-27,-0.521569,-0.847059,-0.105882,0,69,c9390,2026-05-22 02:38:06.800000+00:00,21.3,23.033333333333335,21.3,8732.25,20751.0,-0.05436648735263821,-0.021681000216810003,1.0003770135134054,-0.002203083411523643
2026-05-22T02:38:06.800+00:00,1779417486800606000,693,R,7618,7841,9137,10338,7618,7841,9137,10338,19141,23419,18345,22090,-132,-217,-26,-0.517647,-0.85098,-0.101961,0,69,d9390,2026-05-22 02:38:06.800000+00:00,21.3,23.066666666666666,21.3,8733.5,20748.75,-0.045779685264663805,-0.03372559411247485,1.0012599175688597,-0.0013201793560693176
2026-05-22T02:38:06.800+00:00,1779417486800673000,694,R,7615,7848,9135,10346,7615,7848,9135,10346,19137,23425,18354,22106,-134,-217,-26,-0.52549,-0.85098,-0.101961,0,69,39440,2026-05-22 02:38:06.800000+00:00,21.3,23.1,21.3,8736.0,20755.5,-0.02288853284504463,-0.0036133694670280035,1.0053371305293561,0.0027570336044271393
2026-05-22T02:38:06.800+00:00,1779417486800737000,695,R,7612,7848,9135,10344,7612,7848,9135,10344,19137,23424,18356,22104,-134,-216,-26,-0.52549,-0.847059,-0.101961,0,69,49440,2026-05-22 02:38:06.800000+00:00,21.3,23.133333333333333,21.3,8734.75,20755.25,-0.04005378651331788,-0.009635187705500488,1.0020203266910306,-0.0005597702338984156
2026-05-22T02:38:06.949+00:00,1779417486950039000,696,R,7616,7845,9144,10349,7616,7845,9144,10349,19133,23423,18354,22106,-136,-217,-25,-0.533333,-0.85098,-0.098039,0,69,59440,2026-05-22 02:38:06.949000+00:00,21.449,23.166666666666668,21.449,8738.5,20754.0,0.0,-0.020473787530259052,1.00907021302286,0.00664331418933406
2026-05-22T02:38:06.950+00:00,1779417486950179000,697,R,7611,7849,9136,10346,7611,7849,9136,10346,19133,23423,18357,22107,-136,-217,-25,-0.533333,-0.85098,-0.098039,0,69,69440,2026-05-22 02:38:06.950000+00:00,21.45,23.2,21.45,8735.5,20755.0,-0.0371906737233586,-0.01686056314280897,1.00907021302286,0.00664331418933406
2026-05-22T02:38:06.950+00:00,1779417486950253000,698,R,7610,7849,9134,10348,7610,7849,9134,10348,19135,23424,18360,22110,-136,-215,-26,-0.533333,-0.843137,-0.101961,0,69,79440,2026-05-22 02:38:06.950000+00:00,21.45,23.233333333333334,21.45,8735.25,20757.25,-0.04005149477900157,-0.0060216296938603465,1.0028559892521955,0.00042909041866967534
2026-05-22T02:38:06.950+00:00,1779417486950320000,699,R,7619,7866,9145,10362,7619,7866,9145,10362,19140,23430,18381,22116,-130,-216,-26,-0.509804,-0.847059,-0.101961,0,69,09520,2026-05-22 02:38:06.950000+00:00,21.45,23.266666666666666,21.45,8748.0,20766.75,0.10585037905878987,0.03974275597947829,0.9938838530824414,-0.008205112740952814
2026-05-22T02:38:06.950+00:00,1779417486950382000,700,R,7619,7868,9140,10360,7619,7868,9140,10360,19143,23434,18383,22115,-131,-217,-27,-0.513725,-0.85098,-0.105882,0,69,19520,2026-05-22 02:38:06.950000+00:00,21.45,23.3,21.45,8746.75,20768.75,0.09154627378057502,0.04937736348965484,0.9996456041763,-0.0024433616470942443
2026-05-22T02:38:06.950+00:00,1779417486950445000,701,R,7619,7866,9144,10361,7619,7866,9144,10361,19147,23432,18383,22119,-134,-217,-27,-0.52549,-0.85098,-0.105882,0,69,29520,2026-05-22 02:38:06.950000+00:00,21.45,23.333333333333332,21.45,8747.5,20770.25,0.10012873694750393,0.056603319122287256,1.0057423618521792,0.003315463018653375
2026-05-22T02:38:07.098+00:00,1779417487099004000,702,R,7623,7868,9147,10363,7623,7868,9147,10363,19146,23436,18386,22119,-136,-218,-27,-0.533333,-0.854902,-0.105882,0,69,39520,2026-05-22 02:38:07.098000+00:00,21.598,23.366666666666667,21.598,8750.25,20771.75,0.1315977685595766,0.06382927475491967,1.0131695398189782,0.0107426409854523
2026-05-22T02:38:07.099+00:00,1779417487099129000,703,R,7623,7868,9148,10365,7623,7868,9148,10365,19146,23435,18384,22121,-136,-217,-26,-0.533333,-0.85098,-0.101961,0,69,49520,2026-05-22 02:38:07.099000+00:00,21.599,23.4,21.599,8751.0,20771.5,0.13158647519881,0.06262494881614761,1.0094588128348774,0.006878715909948374
2026-05-22T02:38:07.099+00:00,1779417487099201000,704,R,7633,7873,9150,10369,7633,7873,9150,10369,19161,23440,18390,22130,-134,-217,-27,-0.52549,-0.85098,-0.105882,0,69,c9590,2026-05-22 02:38:07.099000+00:00,21.599,23.433333333333334,21.599,8756.25,20780.25,0.19165856170261455,0.10357078340458843,1.0057423618521792,0.0031622649272502468
2026-05-22T02:38:07.099+00:00,1779417487099267000,705,R,7628,7871,9144,10370,7628,7871,9144,10370,19158,23442,18389,22129,-135,-218,-27,-0.529412,-0.854902,-0.105882,0,69,d9590,2026-05-22 02:38:07.099000+00:00,21.599,23.466666666666665,21.599,8753.25,20779.5,0.15733165512901195,0.0999578490997772,1.0111110192614856,0.00868412042795974
2026-05-22T02:38:07.099+00:00,1779417487099329000,706,R,7628,7870,9146,10361,7628,7870,9146,10361,19158,23437,18390,22126,-132,-218,-27,-0.517647,-0.854902,-0.105882,0,69,e9590,2026-05-22 02:38:07.099000+00:00,21.599,23.5,21.599,8751.25,20777.75,0.13444705074661023,0.09152766905521768,1.0050009174806758,0.0025740186471499005
2026-05-22T02:38:07.397+00:00,1779417487397667000,707,R,7628,7869,9146,10360,7628,7869,9146,10360,19156,23439,18386,22118,-132,-218,-27,-0.517647,-0.854902,-0.105882,0,69,f9590,2026-05-22 02:38:07.397000+00:00,21.897,23.533333333333335,21.897,8750.75,20774.75,0.12872589965100978,0.07707593183597278,1.0050009174806758,0.0029119516572815307
2026-05-22T02:38:07.397+00:00,1779417487397810000,708,R,7623,7865,9145,10359,7623,7865,9145,10359,19152,23436,18386,22115,-132,-216,-28,-0.517647,-0.847059,-0.109804,0,69,09590,2026-05-22 02:38:07.397000+00:00,21.897,23.566666666666666,21.897,8748.0,20772.25,0.09725956862520739,0.06503281748660203,0.9987613751572494,-0.003258951533781196
2026-05-22T02:38:07.397+00:00,1779417487397886000,709,R,7614,7860,9136,10342,7614,7860,9136,10342,19135,23427,18377,22095,-134,-216,-26,-0.52549,-0.847059,-0.101961,0,69,89660,2026-05-22 02:38:07.397000+00:00,21.897,23.6,21.897,8738.0,20758.5,-0.017163453286801304,-0.0012043114349370746,1.0020203266910306,0.0
2026-05-22T02:38:07.397+00:00,1779417487397952000,710,R,7619,7857,9144,10343,7619,7857,9144,10343,19131,23422,18377,22095,-134,-216,-27,-0.52549,-0.847059,-0.105882,0,69,99660,2026-05-22 02:38:07.397000+00:00,21.897,23.633333333333333,21.897,8740.75,20756.25,0.014302877739001086,-0.012043114349370746,1.0024268988335259,0.0004065721424952873
2026-05-22T02:38:07.398+00:00,1779417487398016000,711,R,7610,7859,9137,10342,7610,7859,9137,10342,19128,23423,18374,22097,-134,-217,-27,-0.52549,-0.85098,-0.105882,0,69,a9660,2026-05-22 02:38:07.398000+00:00,21.898,23.666666666666668,21.898,8737.0,20755.5,-0.020025747389500786,-0.01445191126526483,1.0057423618521792,0.004075563494062573
2026-05-22T02:38:07.403+00:00,1779417487403425000,712,R,7612,7859,9134,10339,7612,7859,9134,10339,19131,23423,18376,22091,-132,-217,-27,-0.517647,-0.85098,-0.105882,0,69,b9660,2026-05-22 02:38:07.403000+00:00,21.903,23.7,21.903,8736.0,20755.25,-0.028609029009555417,-0.015656237204036902,1.0016667983581167,0.0
2026-05-22T02:38:07.403+00:00,1779417487403500000,713,R,7607,7857,9131,10336,7607,7857,9131,10336,19124,23419,18376,22094,-134,-219,-26,-0.52549,-0.858824,-0.101961,0,69,c9660,2026-05-22 02:38:07.403000+00:00,21.903,23.733333333333334,21.903,8732.75,20753.25,-0.0629416645209281,-0.019270375411000976,1.0119853993991217,0.010318601041005016
2026-05-22T02:38:07.403+00:00,1779417487403563000,714,R,7609,7858,9131,10339,7609,7858,9131,10339,19128,23422,18378,22093,-132,-215,-28,-0.517647,-0.843137,-0.109804,0,69,d9660,2026-05-22 02:38:07.403000+00:00,21.903,23.766666666666666,21.903,8734.25,20755.25,-0.04577575601522044,-0.009635187705500488,0.9954372585924238,-0.0065065055086359624
2026-05-22T02:38:07.403+00:00,1779417487403626000,715,R,7608,7859,9132,10339,7608,7859,9132,10339,19122,23418,18376,22091,-133,-218,-28,-0.521569,-0.854902,-0.109804,0,69,49720,2026-05-22 02:38:07.403000+00:00,21.903,23.8,21.903,8734.5,20751.75,-0.04291477126426916,-0.02649676619012634,1.007446559268034,0.005779760909917275
2026-05-22T02:38:07.403+00:00,1779417487403687000,716,R,7608,7857,9124,10339,7608,7857,9124,10339,19122,23412,18375,22090,-132,-216,-28,-0.517647,-0.847059,-0.109804,0,69,59720,2026-05-22 02:38:07.403000+00:00,21.903,23.833333333333332,21.903,8732.0,20749.75,-0.07152461877378194,-0.03613195389562683,0.9987613751572494,-0.0029054232008672853
2026-05-22T02:38:07.552+00:00,1779417487552240000,717,R,7606,7857,9131,10340,7606,7857,9131,10340,19125,23410,18376,22091,-132,-216,-28,-0.517647,-0.847059,-0.109804,0,69,69720,2026-05-22 02:38:07.552000+00:00,22.052,23.866666666666667,22.052,8733.5,20750.5,-0.05435871026807427,-0.032518758506064144,0.9987613751572494,-0.0029054232008672853
2026-05-22T02:38:07.552+00:00,1779417487552407000,718,R,7609,7863,9132,10339,7609,7863,9132,10339,19127,23416,18376,22090,-132,-217,-28,-0.517647,-0.85098,-0.109804,0,69,79720,2026-05-22 02:38:07.552000+00:00,22.052,23.9,22.052,8735.75,20752.25,-0.028609847509512773,-0.02408796926375122,1.0020889658233942,0.00014520172233445372
2026-05-22T02:38:07.552+00:00,1779417487552480000,719,R,7607,7857,9130,10340,7607,7857,9130,10340,19121,23411,18376,22095,-131,-216,-27,-0.513725,-0.847059,-0.105882,0,69,89720,2026-05-22 02:38:07.552000+00:00,22.052,23.933333333333334,22.052,8733.5,20750.75,-0.05435871026807427,-0.031314360042876584,0.9963098529222724,-0.005633911178787421
2026-05-22T02:38:07.552+00:00,1779417487552547000,720,R,7614,7862,9132,10345,7614,7862,9132,10345,19127,23414,18379,22099,-131,-218,-28,-0.513725,-0.854902,-0.109804,0,69,f9780,2026-05-22 02:38:07.552000+00:00,22.052,23.966666666666665,22.052,8738.25,20754.75,0.0,-0.01204398463187561,1.003408054405086,0.0013877277140554867
2026-05-22T02:38:07.552+00:00,1779417487552611000,721,R,7612,7861,9133,10344,7612,7861,9133,10344,19130,23415,18380,22096,-133,-218,-28,-0.521569,-0.854902,-0.109804,0,69,09780,2026-05-22 02:38:07.552000+00:00,22.052,24.0,22.052,8737.5,20755.25,-0.011443611603822167,-0.009635187705500488,1.007446559268034,0.005426232577003365
2026-05-22T02:38:07.552+00:00,1779417487552672000,722,R,7607,7862,9126,10345,7607,7862,9126,10345,19135,23415,18383,22104,-133,-217,-28,-0.521569,-0.85098,-0.109804,0,69,19780,2026-05-22 02:38:07.552000+00:00,22.052,24.033333333333335,22.052,8735.0,20759.25,-0.05434938070310936,0.0036129778163162076,1.0041205607779375,0.002031594954543303
2026-05-22T02:38:07.852+00:00,1779417487852372000,723,R,7613,7862,9135,10349,7613,7862,9135,10349,19131,23419,18382,22104,-133,-216,-28,-0.521569,-0.847059,-0.109804,0,69,29780,2026-05-22 02:38:07.852000+00:00,22.352,24.066666666666666,22.352,8739.75,20759.0,0.0,0.0012043114349370746,1.0007997250489231,-0.0016271737846027534
2026-05-22T02:38:07.852+00:00,1779417487852524000,724,R,7615,7863,9136,10349,7615,7863,9136,10349,19133,23418,18381,22103,-133,-217,-28,-0.521569,-0.85098,-0.109804,0,69,39780,2026-05-22 02:38:07.852000+00:00,22.352,24.1,22.352,8740.75,20758.75,0.0,-0.0012042969314514187,1.0041205607779375,0.001693661944411673
2026-05-22T02:38:07.852+00:00,1779417487852599000,725,R,7620,7869,9140,10356,7620,7869,9140,10356,19139,23423,18385,22111,-131,-216,-28,-0.513725,-0.847059,-0.109804,0,69,b9850,2026-05-22 02:38:07.852000+00:00,22.352,24.133333333333333,22.352,8746.25,20764.5,0.06292366215713754,0.025289930994616856,0.996734289327903,-0.005354676495491262
2026-05-22T02:38:07.852+00:00,1779417487852672000,726,R,7620,7873,9138,10357,7620,7873,9138,10357,19142,23421,18388,22115,-133,-216,-27,-0.521569,-0.847059,-0.105882,0,69,c9850,2026-05-22 02:38:07.852000+00:00,22.352,24.166666666666668,22.352,8747.0,20766.5,0.06578006578006577,0.03492419042113756,1.0003770135134054,-0.0017119523099888845
2026-05-22T02:38:07.852+00:00,1779417487852739000,727,R,7625,7871,9140,10357,7625,7871,9140,10357,19145,23421,18388,22115,-130,-217,-28,-0.509804,-0.85098,-0.109804,0,69,d9850,2026-05-22 02:38:07.852000+00:00,22.352,24.2,22.352,8748.25,20767.25,0.07721786878682148,0.03853703770608283,0.9980601170430566,-0.003960209647973945
2026-05-22T02:38:08.003+00:00,1779417488003417000,728,R,7623,7873,9138,10359,7623,7873,9138,10359,19144,23425,18388,22117,-131,-218,-27,-0.513725,-0.854902,-0.105882,0,69,e9850,2026-05-22 02:38:08.003000+00:00,22.503,24.233333333333334,22.503,8748.25,20768.5,0.06863221710658012,0.04335364531901057,1.0029864421581183,0.0009661154670876915
2026-05-22T02:38:08.003+00:00,1779417488003546000,729,R,7622,7871,9142,10362,7622,7871,9142,10362,19141,23426,18385,22114,-131,-217,-29,-0.513725,-0.85098,-0.113725,0,69,f9850,2026-05-22 02:38:08.003000+00:00,22.503,24.266666666666666,22.503,8749.25,20766.5,0.0800709199576768,0.033719501914786,1.0005067274386514,-0.0015135992523791497
2026-05-22T02:38:08.003+00:00,1779417488003619000,730,R,7631,7875,9148,10368,7631,7875,9148,10368,19156,23432,18398,22127,-132,-216,-27,-0.517647,-0.847059,-0.105882,0,69,69910,2026-05-22 02:38:08.003000+00:00,22.503,24.3,22.503,8755.5,20778.25,0.1515628127770311,0.09032009441460537,0.9983378005535001,-0.0036825261375305063
2026-05-22T02:38:08.003+00:00,1779417488003685000,731,R,7630,7879,9148,10368,7630,7879,9148,10368,19153,23437,18396,22121,-132,-218,-27,-0.517647,-0.854902,-0.105882,0,69,79910,2026-05-22 02:38:08.003000+00:00,22.503,24.333333333333332,22.503,8756.25,20776.75,0.1601418399153536,0.08309448686143693,1.0050009174806758,0.0029119516572815307
2026-05-22T02:38:08.003+00:00,1779417488003750000,732,R,7631,7880,9149,10371,7631,7880,9149,10371,19155,23435,18400,22129,-132,-217,-27,-0.517647,-0.85098,-0.105882,0,69,89910,2026-05-22 02:38:08.003000+00:00,22.503,24.366666666666667,22.503,8757.75,20779.75,0.17729989419199862,0.09754570196777379,1.0016667983581167,-0.00042216746527756754
2026-05-22T02:38:08.152+00:00,1779417488152593000,733,R,7632,7880,9148,10372,7632,7880,9148,10372,19160,23439,18401,22130,-132,-218,-26,-0.517647,-0.854902,-0.101961,0,69,99910,2026-05-22 02:38:08.152000+00:00,22.652,24.4,22.652,8758.0,20782.5,0.1801595699047728,0.11079264914858257,1.0045953870758118,0.0025064212524175122
2026-05-22T02:38:08.152+00:00,1779417488152717000,734,R,7629,7878,9148,10372,7629,7878,9148,10372,19157,23437,18401,22130,-131,-217,-28,-0.513725,-0.85098,-0.109804,0,69,a9910,2026-05-22 02:38:08.152000+00:00,22.652,24.433333333333334,22.652,8756.75,20781.25,0.16586119134090194,0.10477130952094221,1.000068624865814,-0.0019517018252166451
2026-05-22T02:38:08.152+00:00,1779417488152791000,735,R,7633,7878,9150,10368,7633,7878,9150,10368,19158,23438,18399,22131,-131,-217,-28,-0.513725,-0.85098,-0.109804,0,69,b9910,2026-05-22 02:38:08.152000+00:00,22.652,24.466666666666665,22.652,8757.25,20781.5,0.1715805427664503,0.10597557744647029,1.000068624865814,-0.0018751392352458485
2026-05-22T02:38:08.152+00:00,1779417488152871000,736,R,7622,7867,9141,10351,7622,7867,9141,10351,19144,23421,18386,22107,-133,-217,-28,-0.521569,-0.85098,-0.109804,0,69,39980,2026-05-22 02:38:08.152000+00:00,22.652,24.5,22.652,8745.25,20764.5,0.03431610855329006,0.02408535851056143,1.0041205607779375,0.0024537624198208707
2026-05-22T02:38:08.152+00:00,1779417488152934000,737,R,7620,7865,9137,10347,7620,7865,9137,10347,19144,23421,18383,22103,-132,-217,-26,-0.517647,-0.85098,-0.101961,0,69,49980,2026-05-22 02:38:08.152000+00:00,22.652,24.533333333333335,22.652,8742.25,20762.75,0.0,0.01685995399641124,1.0012599175688597,-0.00040688078925699145
2026-05-22T02:38:08.447+00:00,1779417488447858000,738,R,7622,7867,9137,10348,7622,7867,9137,10348,19142,23425,18384,22106,-132,-217,-26,-0.517647,-0.85098,-0.101961,0,69,59980,2026-05-22 02:38:08.447000+00:00,22.947,24.566666666666666,22.947,8743.5,20764.25,0.02287936852942859,0.02408564856630177,1.0012599175688597,-0.00040688078925699145
2026-05-22T02:38:08.448+00:00,1779417488448016000,739,R,7620,7865,9135,10349,7620,7865,9135,10349,19143,23415,18383,22103,-132,-216,-27,-0.517647,-0.847059,-0.105882,0,69,69980,2026-05-22 02:38:08.448000+00:00,22.948,24.6,22.948,8742.25,20761.0,0.01144001144001144,0.00842997699820562,0.9983378005535001,-0.0036059635475597096
2026-05-22T02:38:08.448+00:00,1779417488448091000,740,R,7618,7866,9133,10342,7618,7866,9133,10342,19140,23416,18382,22100,-133,-216,-27,-0.521569,-0.847059,-0.105882,0,69,79980,2026-05-22 02:38:08.448000+00:00,22.948,24.633333333333333,22.948,8739.75,20759.5,-0.01716001716001716,0.0012042824283150884,1.0003770135134054,-0.001289784844711317
2026-05-22T02:38:08.448+00:00,1779417488448158000,741,R,7614,7859,9130,10337,7614,7859,9130,10337,19131,23405,18376,22092,-132,-217,-26,-0.517647,-0.85098,-0.101961,0,69,f10050,2026-05-22 02:38:08.448000+00:00,22.948,24.666666666666668,22.948,8735.0,20751.0,-0.0715000715000715,-0.03974132013439792,1.0012599175688597,-0.00040688078925699145
2026-05-22T02:38:08.448+00:00,1779417488448234000,742,R,7616,7861,9129,10338,7616,7861,9129,10338,19133,23407,18376,22090,-130,-216,-27,-0.509804,-0.847059,-0.105882,0,69,010050,2026-05-22 02:38:08.448000+00:00,22.948,24.7,22.948,8736.0,20751.5,-0.06006006006006006,-0.03733275527776774,0.9942937522789732,-0.007373046079143464
2026-05-22T02:38:08.448+00:00,1779417488448300000,743,R,7616,7859,9129,10339,7616,7859,9129,10339,19135,23405,18375,22092,-129,-219,-26,-0.505882,-0.858824,-0.101961,0,69,110050,2026-05-22 02:38:08.448000+00:00,22.948,24.733333333333334,22.948,8735.75,20751.75,-0.06292006292006291,-0.036128472849452656,1.0019437641010598,0.0002769657429431138
2026-05-22T02:38:08.454+00:00,1779417488454243000,744,R,7617,7860,9127,10338,7617,7860,9127,10338,19127,23407,18377,22090,-131,-218,-26,-0.513725,-0.854902,-0.101961,0,69,210050,2026-05-22 02:38:08.454000+00:00,22.954,24.766666666666666,22.954,8735.5,20750.25,-0.06578006578006577,-0.043354167419343184,1.002580096924929,0.0009132985668123261
2026-05-22T02:38:08.454+00:00,1779417488454324000,745,R,7614,7860,9129,10337,7614,7860,9129,10337,19136,23409,18377,22091,-129,-218,-27,-0.505882,-0.854902,-0.105882,0,69,310050,2026-05-22 02:38:08.454000+00:00,22.954,24.8,22.954,8735.0,20753.25,-0.0715000715000715,-0.028902778279562124,0.9989920046987364,-0.0026747936593802812
2026-05-22T02:38:08.454+00:00,1779417488454391000,746,R,7616,7862,9129,10339,7616,7862,9129,10339,19130,23404,18377,22092,-132,-217,-27,-0.517647,-0.85098,-0.105882,0,69,b10120,2026-05-22 02:38:08.454000+00:00,22.954,24.833333333333332,22.954,8736.5,20750.75,-0.05434005434005434,-0.040945602562713006,1.0016667983581167,0.0002605539018520897
2026-05-22T02:38:08.454+00:00,1779417488454455000,747,R,7618,7862,9130,10339,7618,7862,9130,10339,19134,23405,18377,22091,-133,-217,-27,-0.521569,-0.85098,-0.105882,0,69,c10120,2026-05-22 02:38:08.454000+00:00,22.954,24.866666666666667,22.954,8737.25,20751.75,-0.04576004576004576,-0.036128472849452656,1.0036992478252635,0.002293003368998958
2026-05-22T02:38:08.454+00:00,1779417488454517000,748,R,7619,7863,9131,10340,7619,7863,9131,10340,19134,23405,18378,22094,-133,-217,-28,-0.521569,-0.85098,-0.109804,0,69,d10120,2026-05-22 02:38:08.454000+00:00,22.954,24.9,22.954,8738.25,20752.75,-0.03717897386032146,-0.0313113431361923,1.0041205607779375,0.0024537624198208707
2026-05-22T02:38:08.602+00:00,1779417488602114000,749,R,7617,7863,9131,10340,7617,7863,9131,10340,19134,23401,18378,22094,-132,-218,-28,-0.517647,-0.854902,-0.109804,0,69,e10120,2026-05-22 02:38:08.602000+00:00,23.102,24.933333333333334,23.102,8737.75,20751.75,-0.0428988159926786,-0.036128472849452656,1.0054216849804862,0.004015440524221647
2026-05-22T02:38:08.602+00:00,1779417488602146000,750,R,7617,7862,9130,10339,7617,7862,9130,10339,19135,23405,18376,22094,-132,-218,-27,-0.517647,-0.854902,-0.105882,0,69,f10120,2026-05-22 02:38:08.602000+00:00,23.102,24.966666666666665,23.102,8737.0,20752.5,-0.051478579191214326,-0.03251562556450739,1.0050009174806758,0.0033341191225590983
2026-05-22T02:38:08.602+00:00,1779417488602211000,751,R,7622,7863,9135,10346,7622,7863,9135,10346,19141,23408,18380,22096,-131,-218,-28,-0.513725,-0.854902,-0.109804,0,69,610180,2026-05-22 02:38:08.602000+00:00,23.102,25.0,23.102,8741.5,20756.25,0.0,-0.014451389139781062,1.003408054405086,0.0017412560469693972
2026-05-22T02:38:08.602+00:00,1779417488602227000,752,R,7623,7865,9136,10345,7623,7865,9136,10345,19142,23412,18382,22101,-131,-218,-28,-0.513725,-0.854902,-0.109804,0,69,710180,2026-05-22 02:38:08.602000+00:00,23.102,25.033333333333335,23.102,8742.25,20759.25,0.00857976319853572,0.0,1.003408054405086,0.002001809948821487
2026-05-22T02:38:08.602+00:00,1779417488602240000,753,R,7620,7864,9134,10347,7620,7864,9134,10347,19142,23412,18384,22100,-132,-218,-27,-0.517647,-0.854902,-0.105882,0,69,810180,2026-05-22 02:38:08.602000+00:00,23.102,25.066666666666666,23.102,8741.25,20759.5,-0.011438702851096686,0.0024085938629028374,1.0050009174806758,0.003594673024411188
2026-05-22T02:38:08.751+00:00,1779417488751643000,754,R,7623,7866,9134,10350,7623,7866,9134,10350,19144,23414,18385,22099,-131,-217,-27,-0.513725,-0.85098,-0.105882,0,69,910180,2026-05-22 02:38:08.751000+00:00,23.251,25.1,23.251,8743.25,20760.5,0.011438702851096686,0.006021412141575443,0.9996456041763,-0.0020211941818166768
2026-05-22T02:38:08.751+00:00,1779417488751683000,755,R,7624,7867,9137,10349,7624,7867,9137,10349,19142,23417,18382,22104,-130,-217,-27,-0.509804,-0.85098,-0.105882,0,69,a10180,2026-05-22 02:38:08.751000+00:00,23.251,25.133333333333333,23.251,8744.25,20761.25,0.022877405702193373,0.009634259426520707,0.9976362447004419,-0.003769999755822706
2026-05-22T02:38:08.751+00:00,1779417488751701000,756,R,7623,7866,9136,10349,7623,7866,9136,10349,19143,23411,18382,22100,-131,-217,-27,-0.513725,-0.85098,-0.105882,0,69,b10180,2026-05-22 02:38:08.751000+00:00,23.251,25.166666666666668,23.251,8743.5,20759.0,0.014298378563870857,-0.0012042824283150884,0.9996456041763,-0.0020211941818166768
2026-05-22T02:38:08.751+00:00,1779417488751716000,757,R,7630,7870,9139,10354,7630,7870,9139,10354,19150,23423,18389,22110,-132,-217,-27,-0.517647,-0.85098,-0.105882,0,69,310250,2026-05-22 02:38:08.751000+00:00,23.251,25.2,23.251,8748.25,20768.0,0.06863221710658012,0.0421498849910281,1.0016667983581167,0.0
2026-05-22T02:38:08.751+00:00,1779417488751730000,758,R,7630,7872,9144,10360,7630,7872,9144,10360,19152,23424,18387,22114,-133,-217,-26,-0.521569,-0.85098,-0.101961,0,69,410250,2026-05-22 02:38:08.751000+00:00,23.251,25.233333333333334,23.251,8751.5,20769.25,0.10580800137264434,0.04817129713260354,1.003293191286575,0.0016263929284583423
2026-05-22T02:38:08.902+00:00,1779417488902133000,759,R,7633,7875,9142,10360,7633,7875,9142,10360,19156,23423,18391,22113,-131,-218,-27,-0.513725,-0.854902,-0.105882,0,69,510250,2026-05-22 02:38:08.902000+00:00,23.402,25.266666666666666,23.402,8752.5,20770.75,0.11724670422374103,0.05539699170249407,1.0029864421581183,0.0015801977018536917
2026-05-22T02:38:08.902+00:00,1779417488902269000,760,R,7630,7874,9145,10360,7630,7874,9145,10360,19154,23424,18386,22112,-130,-218,-28,-0.509804,-0.854902,-0.109804,0,69,610250,2026-05-22 02:38:08.902000+00:00,23.402,25.3,23.402,8752.25,20769.0,0.11438702851096685,0.04696701470428845,1.0014062444562646,0.0
2026-05-22T02:38:08.902+00:00,1779417488902347000,761,R,7633,7876,9143,10362,7633,7876,9143,10362,19156,23423,18387,22115,-131,-218,-28,-0.513725,-0.854902,-0.109804,0,69,710250,2026-05-22 02:38:08.902000+00:00,23.402,25.333333333333332,23.402,8753.5,20770.25,0.12868540707483772,0.05298842684586389,1.003408054405086,0.002001809948821487
2026-05-22T02:38:08.902+00:00,1779417488902415000,762,R,7630,7872,9143,10355,7630,7872,9143,10355,19154,23424,18389,22115,-130,-219,-27,-0.509804,-0.858824,-0.105882,0,68,f10320,2026-05-22 02:38:08.902000+00:00,23.402,25.366666666666667,23.402,8750.0,20770.5,0.08864994709599931,0.054192709274178984,1.0043354914150948,0.002929246958830234
2026-05-22T02:38:08.902+00:00,1779417488902478000,763,R,7629,7870,9139,10353,7629,7870,9139,10353,19152,23421,18383,22108,-129,-219,-28,-0.505882,-0.858824,-0.109804,0,68,010320,2026-05-22 02:38:08.902000+00:00,23.402,25.4,23.402,8747.75,20766.0,0.06291286568103177,0.03251562556450739,1.0027722469813372,0.0013660025250725738
2026-05-22T02:38:09.052+00:00,1779417489052366000,764,R,7627,7866,9137,10352,7627,7866,9137,10352,19148,23416,18383,22104,-131,-217,-28,-0.513725,-0.85098,-0.109804,0,68,110320,2026-05-22 02:38:09.052000+00:00,23.552,25.433333333333334,23.552,8745.5,20762.75,0.03717578426606423,0.01685995399641124,1.000068624865814,-0.001337619590450645
2026-05-22T02:38:09.052+00:00,1779417489052535000,765,R,7629,7869,9137,10349,7629,7869,9137,10349,19145,23416,18377,22099,-130,-217,-29,-0.509804,-0.85098,-0.113725,0,68,210320,2026-05-22 02:38:09.052000+00:00,23.552,25.466666666666665,23.552,8746.0,20759.25,0.042895135691612574,0.0,0.9984991008714028,-0.002907143584861771
2026-05-22T02:38:09.052+00:00,1779417489052609000,766,R,7626,7866,9137,10345,7626,7866,9137,10345,19146,23415,18381,22100,-132,-216,-27,-0.517647,-0.847059,-0.105882,0,68,310320,2026-05-22 02:38:09.052000+00:00,23.552,25.5,23.552,8743.5,20760.5,0.014298378563870857,0.006021412141575443,0.9983378005535001,-0.003068443902764506
2026-05-22T02:38:09.052+00:00,1779417489052676000,767,R,7618,7863,9128,10339,7618,7863,9128,10339,19134,23404,18375,22086,-130,-219,-29,-0.509804,-0.858824,-0.113725,0,68,b10390,2026-05-22 02:38:09.052000+00:00,23.552,25.533333333333335,23.552,8737.0,20749.75,-0.0600531899682576,-0.04576273227597336,1.0051925969768183,0.003932679407958606
2026-05-22T02:38:09.052+00:00,1779417489052740000,768,R,7617,7864,9127,10337,7617,7864,9127,10337,19132,23401,18369,22084,-129,-219,-29,-0.505882,-0.858824,-0.113725,0,68,c10390,2026-05-22 02:38:09.052000+00:00,23.552,25.566666666666666,23.552,8736.25,20746.5,-0.06863221710658012,-0.06021484657257093,1.0032091688800497,0.0018029244237851572
2026-05-22T02:38:09.052+00:00,1779417489052802000,769,R,7616,7857,9126,10332,7616,7857,9126,10332,19128,23398,18368,22081,-130,-219,-29,-0.509804,-0.858824,-0.113725,0,68,d10390,2026-05-22 02:38:09.052000+00:00,23.552,25.6,23.552,8732.75,20743.75,-0.10009723731625007,-0.07346211281853654,1.0051925969768183,0.003786352520553704
2026-05-22T02:38:09.202+00:00,1779417489202634000,770,R,7616,7859,9128,10332,7616,7859,9128,10332,19130,23399,18369,22082,-131,-217,-28,-0.513725,-0.85098,-0.109804,0,68,e10390,2026-05-22 02:38:09.202000+00:00,23.702,25.633333333333333,23.702,8733.75,20745.0,-0.0858000858000858,-0.06623712892153912,1.000068624865814,-0.001337619590450645
2026-05-22T02:38:09.202+00:00,1779417489202769000,771,R,7616,7862,9126,10333,7616,7862,9126,10333,19130,23400,18369,22080,-133,-217,-27,-0.521569,-0.85098,-0.105882,0,68,f10390,2026-05-22 02:38:09.202000+00:00,23.702,25.666666666666668,23.702,8734.25,20744.75,-0.08008008008008008,-0.05540499849442939,1.0036992478252635,0.002293003368998958
2026-05-22T02:38:09.202+00:00,1779417489202850000,772,R,7617,7861,9124,10336,7617,7861,9124,10336,19127,23400,18366,22077,-130,-218,-28,-0.509804,-0.854902,-0.109804,0,68,710460,2026-05-22 02:38:09.202000+00:00,23.702,25.7,23.702,8734.5,20742.5,-0.07722007722007722,-0.0662451068955134,1.0014062444562646,0.0
2026-05-22T02:38:09.202+00:00,1779417489202918000,773,R,7615,7864,9132,10347,7615,7864,9132,10347,19128,23399,18369,22079,-129,-217,-28,-0.505882,-0.85098,-0.109804,0,68,810460,2026-05-22 02:38:09.202000+00:00,23.702,25.733333333333334,23.702,8739.5,20743.75,-0.02002002002002002,-0.06022282445046673,0.9960624863631798,-0.005343758093084738
2026-05-22T02:38:09.202+00:00,1779417489202982000,774,R,7615,7860,9124,10332,7615,7860,9124,10332,19127,23395,18370,22083,-130,-217,-28,-0.509804,-0.85098,-0.109804,0,68,910460,2026-05-22 02:38:09.202000+00:00,23.702,25.766666666666666,23.702,8732.75,20743.75,-0.09724009724009725,-0.06022282445046673,0.9980601170430566,-0.0033461274132079444
2026-05-22T02:38:09.352+00:00,1779417489352095000,775,R,7613,7861,9126,10334,7613,7861,9126,10334,19128,23394,18371,22081,-130,-216,-28,-0.509804,-0.847059,-0.109804,0,68,a10460,2026-05-22 02:38:09.352000+00:00,23.852,25.8,23.852,8733.5,20743.5,-0.08866008866008866,-0.06142728093947606,0.9947190489344214,-0.006687195521843159
2026-05-22T02:38:09.352+00:00,1779417489352225000,776,R,7615,7859,9128,10337,7615,7859,9128,10337,19128,23394,18369,22080,-131,-217,-27,-0.513725,-0.85098,-0.105882,0,68,b10460,2026-05-22 02:38:09.352000+00:00,23.852,25.833333333333332,23.852,8734.75,20742.75,-0.07436007436007436,-0.06504065040650407,0.9996456041763,-0.001760640279964587
2026-05-22T02:38:09.352+00:00,1779417489352300000,777,R,7620,7864,9131,10340,7620,7864,9131,10340,19133,23400,18378,22087,-133,-216,-28,-0.521569,-0.847059,-0.109804,0,68,310530,2026-05-22 02:38:09.352000+00:00,23.852,25.866666666666667,23.852,8738.75,20749.5,-0.0286000286000286,-0.032520325203252036,1.0007997250489231,-0.0006065194073414659
2026-05-22T02:38:09.352+00:00,1779417489352366000,778,R,7621,7869,9133,10347,7621,7869,9133,10347,19134,23401,18376,22093,-134,-216,-27,-0.52549,-0.847059,-0.105882,0,68,410530,2026-05-22 02:38:09.352000+00:00,23.852,25.9,23.852,8742.5,20751.0,0.0143000143000143,-0.025293586269196026,1.0024268988335259,0.0010206543772612875
2026-05-22T02:38:09.352+00:00,1779417489352429000,779,R,7620,7867,9130,10344,7620,7867,9130,10344,19133,23402,18376,22094,-132,-216,-27,-0.517647,-0.847059,-0.105882,0,68,510530,2026-05-22 02:38:09.352000+00:00,23.852,25.933333333333334,23.852,8740.25,20751.25,-0.014299605330892867,-0.02408912978018669,0.9983378005535001,-0.003068443902764506
2026-05-22T02:38:09.502+00:00,1779417489502609000,780,R,7619,7867,9132,10344,7619,7867,9132,10344,19133,23402,18379,22089,-132,-218,-27,-0.517647,-0.854902,-0.105882,0,68,610530,2026-05-22 02:38:09.502000+00:00,24.002,25.966666666666665,24.002,8740.5,20750.75,-0.0200177299894192,-0.02649804275820536,1.0050009174806758,0.003594673024411188
2026-05-22T02:38:09.502+00:00,1779417489502729000,781,R,7620,7865,9132,10347,7620,7865,9132,10347,19130,23403,18379,22093,-131,-218,-28,-0.513725,-0.854902,-0.109804,0,68,710530,2026-05-22 02:38:09.502000+00:00,24.002,26.0,24.002,8741.0,20751.25,-0.014298378563870857,-0.02408912978018669,1.003408054405086,0.002001809948821487
2026-05-22T02:38:09.502+00:00,1779417489502818000,782,R,7620,7867,9131,10344,7620,7867,9131,10344,19134,23404,18380,22091,-130,-218,-27,-0.509804,-0.854902,-0.105882,0,68,810530,2026-05-22 02:38:09.502000+00:00,24.002,26.033333333333335,24.002,8740.5,20752.25,-0.02287675150128682,-0.007227609468168404,1.0009837890515512,-0.0004224554047134177
2026-05-22T02:38:09.502+00:00,1779417489502885000,783,R,7624,7871,9137,10354,7624,7871,9137,10354,19139,23411,18385,22101,-133,-218,-28,-0.521569,-0.854902,-0.109804,0,68,f10590,2026-05-22 02:38:09.502000+00:00,24.002,26.066666666666666,24.002,8746.5,20759.0,0.03717153232493638,0.031321527526804,1.007446559268034,0.006040314811769365
2026-05-22T02:38:09.502+00:00,1779417489502948000,784,R,7618,7871,9126,10345,7618,7871,9126,10345,19140,23410,18386,22101,-133,-218,-28,-0.521569,-0.854902,-0.109804,0,68,010590,2026-05-22 02:38:09.502000+00:00,24.002,26.1,24.002,8740.0,20759.25,-0.03717153232493638,0.03252620166245031,1.007446559268034,0.006040314811769365
2026-05-22T02:38:09.652+00:00,1779417489652833000,785,R,7624,7873,9138,10354,7624,7873,9138,10354,19140,23408,18385,22104,-130,-218,-28,-0.509804,-0.854902,-0.109804,0,68,110590,2026-05-22 02:38:09.652000+00:00,24.152,26.133333333333333,24.152,8747.25,20759.25,0.04288900325956425,0.03252620166245031,1.0014062444562646,0.0
2026-05-22T02:38:09.652+00:00,1779417489652979000,786,R,7627,7872,9139,10355,7627,7872,9139,10355,19141,23413,18386,22107,-129,-219,-29,-0.505882,-0.858824,-0.113725,0,68,210590,2026-05-22 02:38:09.652000+00:00,24.152,26.166666666666668,24.152,8748.25,20761.75,0.054326070795448045,0.04457294301891338,1.0032091688800497,0.0018029244237851572
2026-05-22T02:38:09.653+00:00,1779417489653053000,787,R,7629,7875,9138,10357,7629,7875,9138,10357,19146,23415,18386,22107,-129,-218,-28,-0.505882,-0.854902,-0.109804,0,68,310590,2026-05-22 02:38:09.653000+00:00,24.153,26.2,24.153,8749.75,20763.5,0.07148167209927375,0.05300566196843754,0.9994153020361456,-0.0019909424201189907
2026-05-22T02:38:09.653+00:00,1779417489653117000,788,R,7633,7880,9143,10366,7633,7880,9143,10366,19149,23422,18396,22113,-128,-219,-27,-0.501961,-0.858824,-0.105882,0,68,b10660,2026-05-22 02:38:09.653000+00:00,24.153,26.233333333333334,24.153,8755.5,20770.0,0.1372448104306056,0.08432718949524154,1.0003771820773404,-0.0010290623789241948
2026-05-22T02:38:09.653+00:00,1779417489653181000,789,R,7640,7880,9150,10370,7640,7880,9150,10370,19149,23421,18394,22118,-129,-218,-28,-0.505882,-0.854902,-0.109804,0,68,c10660,2026-05-22 02:38:09.653000+00:00,24.153,26.266666666666666,24.153,8760.0,20770.5,0.1887116143420827,0.08673653776653416,0.9994153020361456,-0.0019909424201189907
2026-05-22T02:38:09.653+00:00,1779417489653244000,790,R,7634,7881,9147,10368,7634,7881,9147,10368,19153,23421,18394,22119,-128,-217,-28,-0.501961,-0.85098,-0.109804,0,68,d10660,2026-05-22 02:38:09.653000+00:00,24.153,26.3,24.153,8757.5,20771.75,0.16011894550237318,0.09275990844476568,0.9940768201386652,-0.00732942431759942
2026-05-22T02:38:09.802+00:00,1779417489802226000,791,R,7636,7883,9149,10369,7636,7883,9149,10369,19149,23421,18396,22121,-129,-218,-27,-0.505882,-0.854902,-0.105882,0,68,e10660,2026-05-22 02:38:09.802000+00:00,24.302,26.333333333333332,24.302,8759.25,20771.75,0.18013381369016984,0.09275990844476568,0.9989920046987364,-0.0024142397575281915
2026-05-22T02:38:09.802+00:00,1779417489802268000,792,R,7638,7883,9147,10371,7638,7883,9147,10371,19156,23430,18394,22118,-131,-217,-27,-0.513725,-0.85098,-0.105882,0,68,f10660,2026-05-22 02:38:09.802000+00:00,24.302,26.366666666666667,24.302,8759.75,20774.5,0.18585234745811174,0.10601132393687508,0.9996456041763,-0.001760640279964587
2026-05-22T02:38:09.802+00:00,1779417489802291000,793,R,7634,7877,9144,10358,7634,7877,9144,10358,19149,23417,18387,22111,-133,-217,-27,-0.521569,-0.85098,-0.105882,0,68,610720,2026-05-22 02:38:09.802000+00:00,24.302,26.4,24.302,8753.25,20766.0,0.11151140847486704,0.06505240332490062,1.0036992478252635,0.002293003368998958
2026-05-22T02:38:09.802+00:00,1779417489802310000,794,R,7629,7873,9143,10356,7629,7873,9143,10356,19148,23419,18386,22110,-131,-217,-27,-0.513725,-0.85098,-0.105882,0,68,710720,2026-05-22 02:38:09.802000+00:00,24.302,26.433333333333334,24.302,8750.25,20765.75,0.07720020586721564,0.06505318700381886,0.9996456041763,-0.001760640279964587
2026-05-22T02:38:09.802+00:00,1779417489802328000,795,R,7634,7869,9150,10351,7634,7869,9150,10351,19145,23420,18382,22104,-130,-216,-27,-0.509804,-0.847059,-0.105882,0,68,810720,2026-05-22 02:38:09.802000+00:00,24.302,26.466666666666665,24.302,8751.0,20762.75,0.08863980785177136,0.051802235929067075,0.9942937522789732,-0.007112492177291374
2026-05-22T02:38:10.103+00:00,1779417490103767000,796,R,7632,7873,9141,10353,7632,7873,9141,10353,19142,23412,18380,22101,-130,-217,-27,-0.509804,-0.85098,-0.105882,0,68,910720,2026-05-22 02:38:10.103000+00:00,24.603,26.5,24.603,8749.75,20758.75,0.08006634068227961,0.0361424010601771,0.9976362447004419,-0.003769999755822706
2026-05-22T02:38:10.104+00:00,1779417490104129000,797,R,7627,7872,9138,10351,7627,7872,9138,10351,19145,23413,18382,22097,-129,-217,-28,-0.505882,-0.85098,-0.109804,0,68,a10720,2026-05-22 02:38:10.104000+00:00,24.604,26.533333333333335,24.604,8747.0,20759.25,0.05147269087789534,0.038551894464188906,0.9960624863631798,-0.005343758093084738
2026-05-22T02:38:10.104+00:00,1779417490104214000,798,R,7618,7865,9131,10340,7618,7865,9131,10340,19129,23401,18371,22089,-133,-218,-28,-0.521569,-0.854902,-0.109804,0,68,310800,2026-05-22 02:38:10.104000+00:00,24.604,26.566666666666666,24.604,8738.5,20747.5,-0.04575350300257364,-0.01807120053008855,1.007446559268034,0.006040314811769365
2026-05-22T02:38:10.104+00:00,1779417490104282000,799,R,7612,7858,9118,10332,7612,7858,9118,10332,19125,23394,18369,22082,-132,-219,-27,-0.517647,-0.858824,-0.105882,0,68,410800,2026-05-22 02:38:10.104000+00:00,24.604,26.6,24.604,8730.0,20742.5,-0.1429796968830426,-0.04216613457020661,1.0083392670668936,0.006933022610629003
2026-05-22T02:38:10.104+00:00,1779417490104351000,800,R,7619,7866,9131,10341,7619,7866,9131,10341,19127,23396,18373,22086,-133,-219,-27,-0.521569,-0.858824,-0.105882,0,68,510800,2026-05-22 02:38:10.104000+00:00,24.604,26.633333333333333,24.604,8739.25,20745.5,-0.03717472118959108,-0.027709174146135773,1.0103582942011216,0.008952049744856971
2026-05-22T02:38:10.253+00:00,1779417490253246000,801,R,7617,7864,9130,10341,7617,7864,9130,10341,19128,23398,18374,22088,-131,-217,-28,-0.513725,-0.85098,-0.109804,0,68,610800,2026-05-22 02:38:10.253000+00:00,24.753,26.666666666666668,24.753,8738.0,20747.0,-0.05147269087789534,-0.020480693934100354,1.000068624865814,-0.001337619590450645
2026-05-22T02:38:10.253+00:00,1779417490253419000,802,R,7618,7866,9130,10340,7618,7866,9130,10340,19128,23399,18376,22085,-128,-215,-29,-0.501961,-0.843137,-0.113725,0,68,710800,2026-05-22 02:38:10.253000+00:00,24.753,26.7,24.753,8738.5,20747.0,-0.04575350300257364,-0.020480693934100354,0.9878148722888312,-0.013591372167433335
2026-05-22T02:38:10.253+00:00,1779417490253497000,803,R,7617,7867,9129,10341,7617,7867,9129,10341,19125,23396,18372,22084,-130,-217,-27,-0.509804,-0.85098,-0.105882,0,68,e10860,2026-05-22 02:38:10.253000+00:00,24.753,26.733333333333334,24.753,8738.5,20744.25,-0.04575350300257364,-0.03373290765616529,0.9976362447004419,-0.0033475443511092884
2026-05-22T02:38:10.253+00:00,1779417490253566000,804,R,7617,7866,9130,10342,7617,7866,9130,10342,19125,23398,18372,22082,-129,-216,-27,-0.505882,-0.847059,-0.105882,0,68,f10860,2026-05-22 02:38:10.253000+00:00,24.753,26.766666666666666,24.753,8738.75,20744.25,-0.042893909064912784,-0.03373290765616529,0.9922885393518359,-0.009117705104428664
2026-05-22T02:38:10.253+00:00,1779417490253645000,805,R,7622,7864,9128,10340,7622,7864,9128,10340,19122,23394,18370,22086,-129,-217,-26,-0.505882,-0.85098,-0.101961,0,68,010860,2026-05-22 02:38:10.253000+00:00,24.753,26.8,24.753,8738.5,20743.0,-0.04575350300257364,-0.03975664116619481,0.9952284179247496,-0.006177826531514996
2026-05-22T02:38:10.401+00:00,1779417490401731000,806,R,7618,7865,9128,10341,7618,7865,9128,10341,19125,23398,18373,22084,-132,-218,-25,-0.517647,-0.854902,-0.098039,0,68,110860,2026-05-22 02:38:10.401000+00:00,24.901,26.833333333333332,24.901,8738.0,20745.0,-0.05147269087789534,-0.030118667550147582,1.0042049052529072,0.002538106894790504
2026-05-22T02:38:10.401+00:00,1779417490401779000,807,R,7617,7866,9130,10342,7617,7866,9130,10342,19123,23400,18371,22086,-132,-218,-27,-0.517647,-0.854902,-0.105882,0,68,210860,2026-05-22 02:38:10.401000+00:00,24.901,26.866666666666667,24.901,8738.75,20745.0,-0.042893909064912784,-0.030118667550147582,1.0050009174806758,0.0033341191225590983
2026-05-22T02:38:10.401+00:00,1779417490401802000,808,R,7617,7867,9130,10342,7617,7867,9130,10342,19121,23400,18375,22088,-132,-219,-27,-0.517647,-0.858824,-0.105882,0,68,310860,2026-05-22 02:38:10.401000+00:00,24.901,26.9,24.901,8739.0,20746.0,-0.04003431512725193,-0.025299680742123968,1.0083392670668936,0.006672468708776913
2026-05-22T02:38:10.401+00:00,1779417490401821000,809,R,7620,7871,9134,10348,7620,7871,9134,10348,19122,23399,18374,22091,-132,-218,-27,-0.517647,-0.854902,-0.105882,0,68,910910,2026-05-22 02:38:10.401000+00:00,24.901,26.933333333333334,24.901,8743.25,20746.5,0.011438702851096686,-0.022890187338112163,1.0050009174806758,0.0033341191225590983
2026-05-22T02:38:10.401+00:00,1779417490401840000,810,R,7617,7870,9134,10348,7617,7870,9134,10348,19127,23401,18377,22093,-133,-217,-26,-0.521569,-0.85098,-0.101961,0,68,a10910,2026-05-22 02:38:10.401000+00:00,24.901,26.966666666666665,24.901,8742.25,20749.5,-0.005719024334448543,-0.006023878654988374,1.003293191286575,0.0016263929284583423
2026-05-22T02:38:10.552+00:00,1779417490552241000,811,R,7621,7871,9135,10350,7621,7871,9135,10350,19128,23405,18382,22095,-132,-217,-27,-0.517647,-0.85098,-0.105882,0,68,b10910,2026-05-22 02:38:10.552000+00:00,25.052,27.0,25.052,8744.25,20752.5,0.011437394561518885,0.008433430116983723,1.0016667983581167,0.0002605539018520897
2026-05-22T02:38:10.552+00:00,1779417490552387000,812,R,7628,7872,9148,10351,7628,7872,9148,10351,19128,23404,18383,22100,-132,-217,-27,-0.517647,-0.85098,-0.105882,0,68,c10910,2026-05-22 02:38:10.552000+00:00,25.052,27.033333333333335,25.052,8749.75,20753.75,0.06289847614146439,0.014457308771972098,1.0016667983581167,0.0002605539018520897
2026-05-22T02:38:10.552+00:00,1779417490552460000,813,R,7622,7873,9134,10353,7622,7873,9134,10353,19128,23402,18379,22099,-131,-217,-26,-0.513725,-0.85098,-0.101961,0,68,d10910,2026-05-22 02:38:10.552000+00:00,25.052,27.066666666666666,25.052,8745.5,20752.0,0.008576574516138254,0.006023878654988374,0.9992379003750809,-0.002168344081183715
2026-05-22T02:38:10.552+00:00,1779417490552526000,814,R,7627,7879,9143,10362,7627,7879,9143,10362,19132,23413,18387,22107,-131,-218,-27,-0.513725,-0.854902,-0.105882,0,68,610990,2026-05-22 02:38:10.552000+00:00,25.052,27.1,25.052,8752.75,20759.75,0.09148346150547472,0.04337192631591629,1.0029864421581183,0.0015801977018536917
2026-05-22T02:38:10.552+00:00,1779417490552588000,815,R,7628,7879,9140,10360,7628,7879,9140,10360,19132,23412,18385,22106,-131,-217,-27,-0.513725,-0.85098,-0.105882,0,68,710990,2026-05-22 02:38:10.552000+00:00,25.052,27.133333333333333,25.052,8751.75,20758.75,0.07146532502429821,0.038552823391925596,0.9996456041763,-0.001760640279964587
2026-05-22T02:38:10.552+00:00,1779417490552651000,816,R,7630,7878,9145,10363,7630,7878,9145,10363,19133,23412,18385,22107,-131,-218,-27,-0.513725,-0.854902,-0.105882,0,68,810990,2026-05-22 02:38:10.552000+00:00,25.052,27.166666666666668,25.052,8754.0,20759.25,0.09719284203304557,0.040962374853920944,1.0029864421581183,0.0015801977018536917
2026-05-22T02:38:10.703+00:00,1779417490703818000,817,R,7628,7880,9142,10361,7628,7880,9142,10361,19137,23416,18388,22109,-130,-218,-28,-0.509804,-0.854902,-0.109804,0,68,910990,2026-05-22 02:38:10.703000+00:00,25.203,27.2,25.203,8752.75,20762.5,0.08289977702818592,0.05662445935689071,1.0014062444562646,0.00014632688740490174
2026-05-22T02:38:10.703+00:00,1779417490703981000,818,R,7630,7880,9143,10365,7630,7880,9143,10365,19135,23412,18386,22111,-131,-218,-27,-0.513725,-0.854902,-0.105882,0,68,a10990,2026-05-22 02:38:10.703000+00:00,25.203,27.233333333333334,25.203,8754.5,20761.0,0.10291006803498942,0.049395804970904664,1.0029864421581183,0.0017265245892585934
2026-05-22T02:38:10.704+00:00,1779417490704058000,819,R,7634,7886,9150,10374,7634,7886,9150,10374,19143,23422,18397,22123,-131,-216,-26,-0.513725,-0.847059,-0.101961,0,68,211060,2026-05-22 02:38:10.704000+00:00,25.204,27.266666666666666,25.204,8761.0,20771.25,0.17723400606025957,0.09879160994180933,0.9959007835256481,-0.005505460930616435
2026-05-22T02:38:10.704+00:00,1779417490704124000,820,R,7634,7883,9150,10373,7634,7883,9150,10373,19143,23419,18392,22118,-131,-216,-26,-0.513725,-0.847059,-0.101961,0,68,311060,2026-05-22 02:38:10.704000+00:00,25.204,27.3,25.204,8760.0,20768.0,0.16579955405637184,0.08312952543883956,0.9959007835256481,-0.0057660148324685245
2026-05-22T02:38:10.704+00:00,1779417490704189000,821,R,7635,7884,9149,10372,7635,7884,9149,10372,19141,23419,18392,22116,-133,-219,-28,-0.521569,-0.858824,-0.109804,0,68,411060,2026-05-22 02:38:10.704000+00:00,25.204,27.333333333333332,25.204,8760.0,20767.0,0.16579955405637184,0.07831042251484886,1.0107768315276127,0.00911003316949599
2026-05-22T02:38:10.999+00:00,1779417490999819000,822,R,7632,7881,9145,10370,7632,7881,9145,10370,19145,23421,18392,22117,-131,-220,-28,-0.513725,-0.862745,-0.109804,0,68,511060,2026-05-22 02:38:10.999000+00:00,25.499,27.366666666666667,25.499,8757.0,20768.75,0.13149619804470872,0.08674385263183258,1.0100986234353555,0.008254861342183561
2026-05-22T02:38:10.999+00:00,1779417490999949000,823,R,7634,7880,9145,10365,7634,7880,9145,10365,19144,23416,18387,22114,-131,-221,-28,-0.513725,-0.866667,-0.109804,0,67,611060,2026-05-22 02:38:10.999000+00:00,25.499,27.4,25.499,8756.0,20765.25,0.120061746040821,0.06987699239786514,1.0134505330453973,0.01087043612046834
2026-05-22T02:38:11.000+00:00,1779417491000022000,824,R,7621,7871,9138,10349,7621,7871,9138,10349,19128,23407,18377,22088,-133,-217,-27,-0.521569,-0.85098,-0.105882,0,67,e11130,2026-05-22 02:38:11+00:00,25.5,27.433333333333334,25.5,8744.75,20750.0,-0.008575839002915786,-0.0036143271929930244,1.0036992478252635,0.0011191509003345423
2026-05-22T02:38:11.000+00:00,1779417491000088000,825,R,7621,7871,9133,10346,7621,7871,9133,10346,19121,23403,18371,22088,-133,-217,-27,-0.521569,-0.85098,-0.105882,0,67,f11130,2026-05-22 02:38:11+00:00,25.5,27.466666666666665,25.5,8742.75,20745.75,-0.031444743010691216,-0.024095514619953497,1.0036992478252635,0.0011191509003345423
2026-05-22T02:38:11.000+00:00,1779417491000307000,826,R,7619,7868,9133,10344,7619,7868,9133,10344,19125,23401,18372,22089,-131,-217,-27,-0.513725,-0.85098,-0.105882,0,67,011130,2026-05-22 02:38:11+00:00,25.5,27.5,25.5,8741.0,20746.75,-0.05145503401749471,-0.016867266659437836,0.9996456041763,-0.002934492748629003
2026-05-22T02:38:11.299+00:00,1779417491299438000,827,R,7619,7867,9134,10343,7619,7867,9134,10343,19122,23397,18370,22087,-130,-218,-27,-0.509804,-0.854902,-0.105882,0,67,111130,2026-05-22 02:38:11.299000+00:00,25.799,27.533333333333335,25.799,8740.75,20744.0,-0.05431364701846664,-0.02891566265060241,1.0009837890515512,-0.0015963078733778335
2026-05-22T02:38:11.299+00:00,1779417491299582000,828,R,7618,7866,9131,10342,7618,7866,9131,10342,19117,23397,18369,22085,-129,-218,-27,-0.505882,-0.854902,-0.105882,0,67,211130,2026-05-22 02:38:11.299000+00:00,25.799,27.566666666666666,25.799,8739.25,20742.0,-0.07146532502429821,-0.03614544928793465,0.9989920046987364,-0.0035880922261926074
2026-05-22T02:38:11.299+00:00,1779417491299656000,829,R,7614,7864,9131,10342,7614,7864,9131,10342,19113,23391,18364,22080,-130,-219,-27,-0.509804,-0.858824,-0.105882,0,67,a11200,2026-05-22 02:38:11.299000+00:00,25.799,27.6,25.799,8737.75,20737.0,-0.08861700303012979,-0.06024241547989108,1.0043354914150948,0.0024917293219228753
2026-05-22T02:38:11.299+00:00,1779417491299724000,830,R,7611,7863,9131,10337,7611,7863,9131,10337,19114,23391,18367,22079,-131,-218,-26,-0.513725,-0.854902,-0.101961,0,67,b11200,2026-05-22 02:38:11.299000+00:00,25.799,27.633333333333333,25.799,8735.5,20737.75,-0.11434452003887714,-0.056627870551097616,1.002580096924929,0.0007363348317570573
2026-05-22T02:38:11.299+00:00,1779417491299789000,831,R,7615,7864,9130,10340,7615,7864,9130,10340,19109,23390,18368,22082,-132,-218,-25,-0.517647,-0.854902,-0.098039,0,67,c11200,2026-05-22 02:38:11.299000+00:00,25.799,27.666666666666668,25.799,8737.25,20737.25,-0.09433422903207364,-0.05903756717029326,1.0042049052529072,0.002538106894790504
2026-05-22T02:38:11.449+00:00,1779417491449440000,832,R,7612,7866,9130,10342,7612,7866,9130,10342,19112,23388,18366,22078,-132,-217,-25,-0.517647,-0.85098,-0.098039,0,67,d11200,2026-05-22 02:38:11.449000+00:00,25.949,27.7,25.949,8737.5,20736.0,-0.09147561603110171,-0.06506180871828236,1.0008681344363002,-0.0007986639218164893
2026-05-22T02:38:11.449+00:00,1779417491449509000,833,R,7614,7864,9131,10339,7614,7864,9131,10339,19112,23390,18366,22078,-133,-216,-25,-0.521569,-0.847059,-0.098039,0,67,e11200,2026-05-22 02:38:11.449000+00:00,25.949,27.733333333333334,25.949,8737.0,20736.5,-0.09719284203304557,-0.06265211209908672,0.999577319051908,-0.002089479306208619
2026-05-22T02:38:11.449+00:00,1779417491449550000,834,R,7613,7864,9131,10340,7613,7864,9131,10340,19112,23389,18366,22078,-136,-217,-25,-0.533333,-0.85098,-0.098039,0,67,f11200,2026-05-22 02:38:11.449000+00:00,25.949,27.766666666666666,25.949,8737.0,20736.25,-0.09719284203304557,-0.06385696040868455,1.00907021302286,0.0074034146647432575
2026-05-22T02:38:11.449+00:00,1779417491449585000,835,R,7610,7869,9131,10344,7610,7869,9131,10344,19107,23387,18369,22084,-130,-220,-30,-0.509804,-0.862745,-0.117647,0,67,611260,2026-05-22 02:38:11.449000+00:00,25.949,27.8,25.949,8738.5,20736.75,-0.08004116402721399,-0.06144726378948891,1.0089944846479588,0.00732768628984215
2026-05-22T02:38:11.449+00:00,1779417491449619000,836,R,7612,7867,9130,10344,7612,7867,9130,10344,19110,23390,18370,22084,-131,-218,-28,-0.513725,-0.854902,-0.109804,0,67,711260,2026-05-22 02:38:11.449000+00:00,25.949,27.833333333333332,25.949,8738.25,20738.5,-0.08289977702818592,-0.05301332562230415,1.003408054405086,0.0015642923119141283
2026-05-22T02:38:11.599+00:00,1779417491599224000,837,R,7617,7869,9131,10345,7617,7869,9131,10345,19111,23393,18372,22087,-131,-217,-27,-0.513725,-0.85098,-0.105882,0,67,811260,2026-05-22 02:38:11.599000+00:00,26.099,27.866666666666667,26.099,8740.5,20740.75,-0.05717226001943857,-0.04216969083592376,0.9996456041763,-0.0021981579168719456
2026-05-22T02:38:11.599+00:00,1779417491599355000,838,R,7611,7870,9130,10345,7611,7870,9130,10345,19110,23394,18370,22084,-131,-217,-26,-0.513725,-0.85098,-0.101961,0,67,911260,2026-05-22 02:38:11.599000+00:00,26.099,27.9,26.099,8739.0,20739.5,-0.07432393802527014,-0.04819393238391287,0.9992379003750809,-0.0026058617180910737
2026-05-22T02:38:11.599+00:00,1779417491599430000,839,R,7616,7870,9134,10346,7616,7870,9134,10346,19112,23395,18372,22087,-133,-217,-25,-0.521569,-0.85098,-0.098039,0,67,a11260,2026-05-22 02:38:11.599000+00:00,26.099,27.933333333333334,26.099,8741.5,20741.5,-0.04573780801555086,-0.038555145907130293,1.0029022024514653,0.0010584403582933888
2026-05-22T02:38:11.599+00:00,1779417491599497000,840,R,7622,7877,9141,10354,7622,7877,9141,10354,19121,23401,18384,22097,-128,-217,-26,-0.501961,-0.85098,-0.101961,0,67,211330,2026-05-22 02:38:11.599000+00:00,26.099,27.966666666666665,26.099,8748.5,20750.75,0.03430335601166314,0.006024241547989109,0.9932410842499418,-0.0086026778432301
2026-05-22T02:38:11.599+00:00,1779417491599562000,841,R,7620,7874,9138,10357,7620,7874,9138,10357,19121,23403,18380,22097,-128,-217,-25,-0.501961,-0.85098,-0.098039,0,67,311330,2026-05-22 02:38:11.599000+00:00,26.099,28.0,26.099,8747.25,20750.25,0.020010291006803498,0.0012048192771084338,0.992846136841958,-0.008820661516158679
2026-05-22T02:38:11.599+00:00,1779417491599625000,842,R,7622,7877,9140,10360,7622,7877,9140,10360,19122,23404,18383,22100,-130,-217,-25,-0.509804,-0.85098,-0.098039,0,67,411330,2026-05-22 02:38:11.599000+00:00,26.099,28.033333333333335,26.099,8749.75,20752.25,0.04287674365424194,0.010843373493975903,0.9968343515032977,-0.004832446854818984
2026-05-22T02:38:11.750+00:00,1779417491750093000,843,R,7622,7876,9140,10357,7622,7876,9140,10357,19118,23403,18382,22100,-133,-217,-25,-0.521569,-0.85098,-0.098039,0,67,511330,2026-05-22 02:38:11.750000+00:00,26.25,28.066666666666666,26.25,8748.75,20750.75,0.03144294534644409,0.0036144578313253013,1.0029022024514653,0.0012354040933486576
2026-05-22T02:38:11.750+00:00,1779417491750244000,844,R,7623,7878,9141,10360,7623,7878,9141,10360,19123,23407,18383,22102,-134,-217,-24,-0.52549,-0.85098,-0.094118,0,67,611330,2026-05-22 02:38:11.750000+00:00,26.25,28.1,26.25,8750.5,20753.75,0.03715453428220298,0.018072289156626505,1.0045719976308318,0.002905199272715153
2026-05-22T02:38:11.750+00:00,1779417491750317000,845,R,7628,7881,9146,10370,7628,7881,9146,10370,19132,23413,18387,22110,-130,-218,-29,-0.509804,-0.854902,-0.113725,0,67,e11400,2026-05-22 02:38:11.750000+00:00,26.25,28.133333333333333,26.25,8756.25,20760.5,0.10288947955071594,0.05060240963855422,1.001843762093172,0.00043751763690735856
2026-05-22T02:38:11.750+00:00,1779417491750400000,846,R,7627,7882,9145,10369,7627,7882,9145,10369,19129,23413,18388,22108,-131,-217,-27,-0.513725,-0.85098,-0.105882,0,67,f11400,2026-05-22 02:38:11.750000+00:00,26.25,28.166666666666668,26.25,8755.75,20759.5,0.09717339735345394,0.04578313253012048,0.9996456041763,-0.001760640279964587
2026-05-22T02:38:11.750+00:00,1779417491750464000,847,R,7630,7884,9149,10372,7630,7884,9149,10372,19134,23410,18389,22110,-132,-217,-26,-0.517647,-0.85098,-0.101961,0,67,011400,2026-05-22 02:38:11.750000+00:00,26.25,28.2,26.25,8758.75,20760.75,0.13146989053702593,0.051807228915662654,1.0012599175688597,0.0
2026-05-22T02:38:11.900+00:00,1779417491900577000,848,R,7629,7885,9148,10372,7629,7885,9148,10372,19135,23414,18389,22116,-133,-216,-26,-0.521569,-0.847059,-0.101961,0,67,111400,2026-05-22 02:38:11.900000+00:00,26.4,28.233333333333334,26.4,8758.5,20763.5,0.12861184943839493,0.06506024096385542,0.9999696079196607,-0.0012903096491989618
2026-05-22T02:38:11.900+00:00,1779417491900613000,849,R,7630,7885,9148,10372,7630,7885,9148,10372,19133,23417,18391,22114,-135,-217,-26,-0.529412,-0.85098,-0.101961,0,67,211400,2026-05-22 02:38:11.900000+00:00,26.4,28.266666666666666,26.4,8758.75,20763.75,0.13146989053702593,0.06626506024096386,1.0073927097537483,0.0061327921848886024
2026-05-22T02:38:11.900+00:00,1779417491900629000,850,R,7638,7889,9154,10381,7638,7889,9154,10381,19144,23422,18399,22127,-132,-218,-28,-0.517647,-0.854902,-0.109804,0,67,a11470,2026-05-22 02:38:11.900000+00:00,26.4,28.3,26.4,8765.5,20773.0,0.20863700020006287,0.1108433734939759,1.0054216849804862,0.004161767411626549
2026-05-22T02:38:11.900+00:00,1779417491900643000,851,R,7639,7891,9159,10383,7639,7891,9159,10383,19146,23425,18399,22125,-131,-219,-28,-0.513725,-0.858824,-0.109804,0,67,b11470,2026-05-22 02:38:11.900000+00:00,26.4,28.333333333333332,26.4,8768.0,20773.75,0.23721741118637285,0.1144578313253012,1.0067516858774064,0.005491768308546696
2026-05-22T02:38:11.900+00:00,1779417491900656000,852,R,7638,7887,9156,10381,7638,7887,9156,10381,19144,23424,18394,22125,-130,-219,-29,-0.509804,-0.858824,-0.113725,0,67,c11470,2026-05-22 02:38:11.900000+00:00,26.4,28.366666666666667,26.4,8765.5,20771.75,0.20863700020006287,0.10481927710843374,1.0051925969768183,0.003932679407958606
2026-05-22T02:38:12.051+00:00,1779417492051627000,853,R,7635,7887,9154,10377,7635,7887,9154,10377,19145,23424,18393,22124,-131,-219,-28,-0.513725,-0.858824,-0.109804,0,67,d11470,2026-05-22 02:38:12.051000+00:00,26.551,28.4,26.551,8763.25,20771.5,0.1829146303123839,0.10361445783132531,1.0067516858774064,0.005767896825855212
2026-05-22T02:38:12.051+00:00,1779417492051798000,854,R,7634,7885,9151,10372,7634,7885,9151,10372,19141,23419,18388,22118,-131,-218,-28,-0.513725,-0.854902,-0.109804,0,67,e11470,2026-05-22 02:38:12.051000+00:00,26.551,28.433333333333334,26.551,8760.5,20766.5,0.15147617822744291,0.07951807228915662,1.003408054405086,0.0024242653535349046
2026-05-22T02:38:12.051+00:00,1779417492051876000,855,R,7625,7873,9141,10355,7625,7873,9141,10355,19124,23403,18379,22099,-132,-215,-26,-0.517647,-0.843137,-0.101961,0,67,611540,2026-05-22 02:38:12.051000+00:00,26.551,28.466666666666665,26.551,8748.5,20751.25,0.0,0.006024096385542169,0.9946026658414907,-0.006381123210060458
2026-05-22T02:38:12.051+00:00,1779417492051949000,856,R,7624,7883,9147,10367,7624,7883,9147,10367,19124,23403,18373,22091,-132,-216,-26,-0.517647,-0.847059,-0.101961,0,67,711540,2026-05-22 02:38:12.051000+00:00,26.551,28.5,26.551,8755.25,20747.75,0.07715608390009716,-0.01204804761388417,0.9979295624496751,-0.0030542266018760422
2026-05-22T02:38:12.052+00:00,1779417492052012000,857,R,7621,7873,9138,10350,7621,7873,9138,10350,19124,23405,18376,22088,-132,-216,-27,-0.517647,-0.847059,-0.105882,0,67,811540,2026-05-22 02:38:12.052000+00:00,26.552,28.533333333333335,26.552,8745.5,20748.25,-0.03714816402343192,-0.010843112214163514,0.9983378005535001,-0.0026459884980510884
2026-05-22T02:38:12.201+00:00,1779417492201380000,858,R,7624,7870,9138,10350,7624,7870,9138,10350,19119,23402,18373,22091,-131,-216,-27,-0.513725,-0.847059,-0.105882,0,67,911540,2026-05-22 02:38:12.201000+00:00,26.701,28.566666666666666,26.701,8745.5,20746.25,-0.04857281636618189,-0.021685963157958146,0.9963098529222724,-0.0046739361292787995
2026-05-22T02:38:12.201+00:00,1779417492201534000,859,R,7620,7870,9136,10347,7620,7870,9136,10347,19117,23400,18371,22083,-132,-217,-27,-0.517647,-0.85098,-0.105882,0,67,a11540,2026-05-22 02:38:12.201000+00:00,26.701,28.6,26.701,8743.25,20742.75,-0.07428783679533701,-0.038552823391925596,1.0016667983581167,0.0006830093065655074
2026-05-22T02:38:12.201+00:00,1779417492201609000,860,R,7617,7866,9136,10346,7617,7866,9136,10346,19115,23396,18372,22082,-131,-218,-26,-0.513725,-0.854902,-0.101961,0,67,b11540,2026-05-22 02:38:12.201000+00:00,26.701,28.633333333333333,26.701,8741.25,20741.25,-0.1,-0.04818986808023613,1.002580096924929,0.0015963078733778335
2026-05-22T02:38:12.201+00:00,1779417492201674000,861,R,7615,7867,9135,10342,7615,7867,9135,10342,19113,23391,18370,22083,-131,-217,-26,-0.513725,-0.85098,-0.101961,0,67,211600,2026-05-22 02:38:12.201000+00:00,26.701,28.666666666666668,26.701,8739.75,20739.25,-0.12285012285012285,-0.061439861218195835,0.9992379003750809,-0.0017458886764702974
2026-05-22T02:38:12.201+00:00,1779417492201737000,862,R,7606,7868,9137,10337,7606,7868,9137,10337,19114,23397,18371,22079,-130,-218,-27,-0.509804,-0.854902,-0.105882,0,67,311600,2026-05-22 02:38:12.201000+00:00,26.701,28.7,26.701,8737.0,20740.25,-0.17138939670932357,-0.057825055114505655,1.0009837890515512,0.0
2026-05-22T02:38:12.351+00:00,1779417492351256000,863,R,7615,7869,9134,10346,7615,7869,9134,10346,19113,23392,18368,22082,-130,-218,-26,-0.509804,-0.854902,-0.101961,0,67,411600,2026-05-22 02:38:12.351000+00:00,26.851,28.733333333333334,26.851,8741.0,20738.75,-0.14565186348707695,-0.0698685748015371,1.0005766305191222,-0.00040715853242900835
2026-05-22T02:38:12.351+00:00,1779417492351418000,864,R,7617,7869,9135,10344,7617,7869,9135,10344,19112,23394,18370,22085,-130,-217,-25,-0.509804,-0.85098,-0.098039,0,67,511600,2026-05-22 02:38:12.351000+00:00,26.851,28.766666666666666,26.851,8741.25,20740.25,-0.1427959445951735,-0.0626407912013781,0.9968343515032977,-0.004149437548253476
2026-05-22T02:38:12.351+00:00,1779417492351495000,865,R,7615,7867,9137,10344,7615,7867,9137,10344,19113,23389,18371,22080,-130,-218,-27,-0.509804,-0.854902,-0.105882,0,67,611600,2026-05-22 02:38:12.351000+00:00,26.851,28.8,26.851,8740.75,20738.25,-0.15706208235764463,-0.07227783600159012,1.0009837890515512,0.0
2026-05-22T02:38:12.351+00:00,1779417492351560000,866,R,7618,7868,9137,10346,7618,7868,9137,10346,19114,23393,18373,22083,-131,-220,-29,-0.513725,-0.862745,-0.113725,0,67,e11670,2026-05-22 02:38:12.351000+00:00,26.851,28.833333333333332,26.851,8742.25,20740.75,-0.1484823391679278,-0.06023153000132509,1.0105323776480395,0.009548588596488328
2026-05-22T02:38:12.351+00:00,1779417492351624000,867,R,7607,7868,9116,10340,7607,7868,9116,10340,19118,23395,18374,22088,-130,-220,-29,-0.509804,-0.862745,-0.113725,0,67,f11670,2026-05-22 02:38:12.351000+00:00,26.851,28.866666666666667,26.851,8732.75,20743.75,-0.25983667409057165,-0.04577596280100707,1.0085447085112291,0.007560919459677962
2026-05-22T02:38:12.351+00:00,1779417492351685000,868,R,7621,7871,9137,10350,7621,7871,9137,10350,19116,23393,18373,22088,-129,-219,-27,-0.505882,-0.858824,-0.105882,0,67,011670,2026-05-22 02:38:12.351000+00:00,26.851,28.9,26.851,8744.75,20742.5,-0.12277996687796243,-0.05179911580113958,1.0023503672987806,0.0013665782472294108
2026-05-22T02:38:12.501+00:00,1779417492501382000,869,R,7617,7873,9137,10353,7617,7873,9137,10353,19118,23394,18373,22087,-132,-218,-27,-0.517647,-0.854902,-0.105882,0,67,111670,2026-05-22 02:38:12.501000+00:00,27.001,28.933333333333334,27.001,8745.0,20743.0,-0.1227764611826514,-0.04938985460108658,1.0050009174806758,0.004017128429124606
2026-05-22T02:38:12.501+00:00,1779417492501541000,870,R,7622,7870,9139,10353,7622,7870,9139,10353,19117,23397,18374,22088,-134,-217,-27,-0.52549,-0.85098,-0.105882,0,67,211670,2026-05-22 02:38:12.501000+00:00,27.001,28.966666666666665,27.001,8746.0,20744.0,-0.1113553950261257,-0.04457133220098057,1.0057423618521792,0.00475857280062808
2026-05-22T02:38:12.501+00:00,1779417492501617000,871,R,7623,7876,9142,10358,7623,7876,9142,10358,19123,23400,18381,22098,-130,-218,-27,-0.509804,-0.854902,-0.105882,0,67,a11740,2026-05-22 02:38:12.501000+00:00,27.001,29.0,27.001,8749.75,20750.5,-0.06852639693915427,-0.013250936600291521,1.0009837890515512,0.0
2026-05-22T02:38:12.501+00:00,1779417492501899000,872,R,7631,7873,9145,10351,7631,7873,9145,10351,19124,23403,18377,22096,-130,-218,-27,-0.509804,-0.854902,-0.105882,0,67,b11740,2026-05-22 02:38:12.501000+00:00,27.001,29.033333333333335,27.001,8750.0,20750.0,-0.06852444038373687,-0.01686462524393476,1.0009837890515512,0.0
2026-05-22T02:38:12.501+00:00,1779417492501972000,873,R,7627,7881,9146,10361,7627,7881,9146,10361,19127,23403,18381,22097,-130,-218,-27,-0.509804,-0.854902,-0.105882,0,67,c11740,2026-05-22 02:38:12.501000+00:00,27.001,29.066666666666666,27.001,8753.75,20752.0,-0.028551034975017844,-0.00843221104619647,1.0009837890515512,0.0
2026-05-22T02:38:12.650+00:00,1779417492650517000,874,R,7626,7878,9144,10360,7626,7878,9144,10360,19126,23405,18384,22099,-131,-217,-27,-0.513725,-0.85098,-0.105882,0,67,d11740,2026-05-22 02:38:12.650000+00:00,27.15,29.1,27.15,8752.0,20753.5,-0.04853675945753034,-0.0012046015780280673,0.9996456041763,-0.0013381848752511694
2026-05-22T02:38:12.650+00:00,1779417492650560000,875,R,7627,7879,9147,10362,7627,7879,9147,10362,19126,23405,18383,22099,-132,-217,-26,-0.517647,-0.85098,-0.101961,0,67,e11740,2026-05-22 02:38:12.650000+00:00,27.15,29.133333333333333,27.15,8753.75,20753.25,-0.028551034975017844,-0.0024092031560561345,1.0012599175688597,0.00027612851730851595
2026-05-22T02:38:12.650+00:00,1779417492650576000,876,R,7636,7885,9153,10371,7636,7885,9153,10371,19137,23414,18389,22112,-130,-217,-26,-0.509804,-0.85098,-0.101961,0,67,611810,2026-05-22 02:38:12.650000+00:00,27.15,29.166666666666668,27.15,8761.25,20763.0,0.05138892854083992,0.044570258387038486,0.9972277193986336,-0.0037560696529175264
2026-05-22T02:38:12.650+00:00,1779417492650590000,877,R,7623,7887,9158,10371,7623,7887,9158,10371,19136,23416,18390,22112,-130,-217,-26,-0.509804,-0.85098,-0.101961,0,67,711810,2026-05-22 02:38:12.650000+00:00,27.15,29.2,27.15,8759.75,20763.5,0.014271850202660273,0.04697946154309462,0.9972277193986336,-0.0037560696529175264
2026-05-22T02:38:12.650+00:00,1779417492650603000,878,R,7640,7889,9153,10375,7640,7889,9153,10375,19142,23416,18390,22114,-131,-218,-26,-0.513725,-0.854902,-0.101961,0,67,811810,2026-05-22 02:38:12.650000+00:00,27.15,29.233333333333334,27.15,8764.25,20765.5,0.06565051093223725,0.05661627416731916,1.002580096924929,0.0015963078733778335
2026-05-22T02:38:12.798+00:00,1779417492798549000,879,R,7640,7888,9157,10376,7640,7888,9157,10376,19135,23413,18393,22115,-131,-217,-26,-0.513725,-0.85098,-0.101961,0,67,911810,2026-05-22 02:38:12.798000+00:00,27.298,29.266666666666666,27.298,8765.25,20764.0,0.07421150278293136,0.04938866469915076,0.9992379003750809,-0.0017458886764702974
2026-05-22T02:38:12.798+00:00,1779417492798585000,880,R,7638,7886,9158,10376,7638,7886,9158,10376,19142,23416,18393,22116,-132,-218,-26,-0.517647,-0.854902,-0.101961,0,67,a11810,2026-05-22 02:38:12.798000+00:00,27.298,29.3,27.298,8764.5,20766.75,0.0656486370772085,0.0626392820574595,1.0045953870758118,0.003611598024260587
2026-05-22T02:38:12.798+00:00,1779417492798602000,881,R,7639,7891,9157,10378,7639,7891,9157,10378,19143,23418,18397,22117,-132,-216,-26,-0.517647,-0.847059,-0.101961,0,67,b11810,2026-05-22 02:38:12.798000+00:00,27.298,29.333333333333332,27.298,8766.25,20768.75,0.08562865705722848,0.07227609468168403,0.9979295624496751,-0.0030542266018760422
2026-05-22T02:38:12.798+00:00,1779417492798615000,882,R,7644,7893,9162,10385,7644,7893,9162,10385,19149,23423,18402,22126,-130,-218,-27,-0.509804,-0.854902,-0.105882,0,66,111860,2026-05-22 02:38:12.798000+00:00,27.298,29.366666666666667,27.298,8771.0,20775.0,0.13986013986013987,0.10239113413238571,1.0009837890515512,0.0
2026-05-22T02:38:12.798+00:00,1779417492798628000,883,R,7647,7894,9161,10385,7647,7894,9161,10385,19154,23423,18402,22127,-130,-217,-27,-0.509804,-0.85098,-0.105882,0,66,211860,2026-05-22 02:38:12.798000+00:00,27.298,29.4,27.298,8771.75,20776.5,0.14842300556586271,0.10961874360055411,0.9976362447004419,-0.0033475443511092884
2026-05-22T02:38:12.949+00:00,1779417492949330000,884,R,7642,7891,9158,10381,7642,7891,9158,10381,19151,23424,18403,22132,-131,-218,-27,-0.513725,-0.854902,-0.105882,0,66,311860,2026-05-22 02:38:12.949000+00:00,27.449,29.433333333333334,27.449,8768.0,20777.5,0.10560867703724847,0.11443714991266639,1.0029864421581183,0.0020026531065671094
2026-05-22T02:38:12.949+00:00,1779417492949351000,885,R,7648,7896,9163,10389,7648,7896,9163,10389,19154,23428,18404,22130,-132,-217,-26,-0.517647,-0.85098,-0.101961,0,66,411860,2026-05-22 02:38:12.949000+00:00,27.449,29.466666666666665,27.449,8774.0,20779.0,0.17411160268303125,0.12166475938083479,1.0012599175688597,0.00027612851730851595
2026-05-22T02:38:12.949+00:00,1779417492949364000,886,R,7650,7898,9168,10390,7650,7898,9168,10390,19152,23429,18405,22131,-133,-218,-26,-0.521569,-0.854902,-0.101961,0,66,511860,2026-05-22 02:38:12.949000+00:00,27.449,29.5,27.449,8776.5,20779.25,0.1912155027255344,0.0939317670010477,1.0066219235075302,0.005638134455979049
2026-05-22T02:38:12.949+00:00,1779417492949376000,887,R,7643,7886,9156,10373,7643,7886,9156,10373,19146,23417,18393,22114,-129,-218,-28,-0.505882,-0.854902,-0.109804,0,66,c11920,2026-05-22 02:38:12.949000+00:00,27.449,29.533333333333335,27.449,8764.5,20767.5,0.04851459718615336,0.030104160394966585,0.9994153020361456,-0.001568487015405573
2026-05-22T02:38:12.949+00:00,1779417492949389000,888,R,7642,7885,9156,10372,7642,7885,9156,10372,19148,23416,18388,22111,-130,-216,-28,-0.509804,-0.847059,-0.109804,0,66,d11920,2026-05-22 02:38:12.949000+00:00,27.449,29.566666666666666,27.449,8763.75,20765.75,0.03709833913589407,0.02047058256869687,0.9947190489344214,-0.006264740117129741
2026-05-22T02:38:13.099+00:00,1779417493099961000,889,R,7638,7884,9155,10370,7638,7884,9155,10370,19143,23413,18386,22105,-130,-216,-28,-0.509804,-0.847059,-0.109804,0,66,e11920,2026-05-22 02:38:13.099000+00:00,27.599,29.6,27.599,8761.75,20761.75,0.005706948209444999,0.0,0.9947190489344214,-0.006540868634438257
2026-05-22T02:38:13.100+00:00,1779417493100092000,890,R,7640,7883,9151,10368,7640,7883,9151,10368,19148,23417,18388,22109,-131,-217,-28,-0.513725,-0.85098,-0.109804,0,66,f11920,2026-05-22 02:38:13.100000+00:00,27.6,29.633333333333333,27.6,8760.5,20765.5,-0.01426655633863098,0.018062061242428987,1.000068624865814,-0.0009151641857372272
2026-05-22T02:38:13.100+00:00,1779417493100168000,891,R,7639,7884,9153,10365,7639,7884,9153,10365,19142,23414,18385,22107,-132,-216,-27,-0.517647,-0.847059,-0.105882,0,66,011920,2026-05-22 02:38:13.100000+00:00,27.6,29.666666666666668,27.6,8760.25,20762.0,-0.019972608993380506,0.0012041374161619325,0.9983378005535001,-0.0026459884980510884
2026-05-22T02:38:13.100+00:00,1779417493100235000,892,R,7635,7875,9148,10360,7635,7875,9148,10360,19134,23403,18381,22095,-130,-219,-26,-0.509804,-0.858824,-0.101961,0,66,a12010,2026-05-22 02:38:13.100000+00:00,27.6,29.7,27.6,8754.5,20753.25,-0.09414852643291204,-0.040940672149505704,1.0039296922160437,0.0029459031644925027
2026-05-22T02:38:13.100+00:00,1779417493100299000,893,R,7634,7881,9149,10360,7634,7881,9149,10360,19130,23406,18383,22094,-130,-218,-27,-0.509804,-0.854902,-0.105882,0,66,b12010,2026-05-22 02:38:13.100000+00:00,27.6,29.733333333333334,27.6,8756.0,20753.25,-0.07703061253601895,-0.040940672149505704,1.0009837890515512,0.0
2026-05-22T02:38:13.100+00:00,1779417493100361000,894,R,7634,7881,9149,10358,7634,7881,9149,10358,19133,23404,18378,22091,-130,-216,-28,-0.509804,-0.847059,-0.109804,0,66,c12010,2026-05-22 02:38:13.100000+00:00,27.6,29.766666666666666,27.6,8755.5,20751.5,-0.08273658383498331,-0.04936963406263923,0.9947190489344214,-0.006540868634438257
2026-05-22T02:38:13.399+00:00,1779417493399331000,895,R,7636,7883,9147,10361,7636,7883,9147,10361,19133,23404,18383,22093,-132,-218,-27,-0.517647,-0.854902,-0.105882,0,66,d12010,2026-05-22 02:38:13.399000+00:00,27.899,29.8,27.899,8756.75,20753.25,-0.0684716555875724,-0.040940672149505704,1.0050009174806758,0.0037409999118160897
2026-05-22T02:38:13.399+00:00,1779417493399475000,896,R,7636,7879,9148,10360,7636,7879,9148,10360,19135,23397,18382,22093,-132,-217,-25,-0.517647,-0.85098,-0.098039,0,66,e12010,2026-05-22 02:38:13.399000+00:00,27.899,29.833333333333332,27.899,8755.75,20751.75,-0.08273422343946137,-0.0481654966464773,1.0008681344363002,-0.0003917831325594978
2026-05-22T02:38:13.399+00:00,1779417493399552000,897,R,7633,7878,9150,10362,7633,7878,9150,10362,19132,23400,18382,22093,-127,-218,-26,-0.498039,-0.854902,-0.101961,0,66,512070,2026-05-22 02:38:13.399000+00:00,27.899,29.866666666666667,27.899,8755.75,20751.75,-0.08273422343946137,-0.0481654966464773,0.9946337620682298,-0.006626155500629838
2026-05-22T02:38:13.399+00:00,1779417493399621000,898,R,7634,7881,9146,10361,7634,7881,9146,10361,19131,23395,18384,22094,-128,-218,-27,-0.501961,-0.854902,-0.105882,0,66,612070,2026-05-22 02:38:13.399000+00:00,27.899,29.9,27.899,8755.5,20751.0,-0.08843750891507146,-0.051777908894963094,0.9970121729693174,-0.004247744599542247
2026-05-22T02:38:13.399+00:00,1779417493399686000,899,R,7633,7881,9148,10363,7633,7881,9148,10363,19137,23400,18388,22090,-131,-217,-27,-0.513725,-0.85098,-0.105882,0,66,712070,2026-05-22 02:38:13.399000+00:00,27.899,29.933333333333334,27.899,8756.25,20753.75,-0.07987904031038713,-0.03853239731718184,0.9996456041763,-0.0016143133925596853
2026-05-22T02:38:13.549+00:00,1779417493549785000,900,R,7633,7881,9150,10361,7633,7881,9150,10361,19133,23401,18382,22094,-133,-217,-26,-0.521569,-0.85098,-0.101961,0,66,812070,2026-05-22 02:38:13.549000+00:00,28.049,29.966666666666665,28.049,8756.25,20752.5,-0.08272950305243339,-0.0445530843979915,1.003293191286575,0.0020332737177153337
2026-05-22T02:38:13.550+00:00,1779417493550057000,901,R,7636,7884,9150,10365,7636,7884,9150,10365,19136,23399,18384,22096,-134,-217,-26,-0.52549,-0.85098,-0.101961,0,66,912070,2026-05-22 02:38:13.550000+00:00,28.05,30.0,28.05,8758.75,20753.75,-0.057053202110968475,-0.03853239731718184,1.0053371305293561,0.004077212960496457
2026-05-22T02:38:13.550+00:00,1779417493550137000,902,R,7639,7885,9155,10369,7639,7885,9155,10369,19139,23405,18391,22104,-132,-218,-26,-0.517647,-0.854902,-0.101961,0,66,112140,2026-05-22 02:38:13.550000+00:00,28.05,30.033333333333335,28.05,8762.0,20759.75,-0.025672476252959466,-0.00963309932929546,1.0045953870758118,0.0033354695069520712
2026-05-22T02:38:13.550+00:00,1779417493550213000,903,R,7642,7887,9153,10369,7642,7887,9153,10369,19141,23409,18391,22104,-132,-218,-25,-0.517647,-0.854902,-0.098039,0,66,212140,2026-05-22 02:38:13.550000+00:00,28.05,30.066666666666666,28.05,8762.75,20761.25,-0.019966911974442354,-0.002408274832323865,1.0042049052529072,0.0029449876840474953
2026-05-22T02:38:13.550+00:00,1779417493550281000,904,R,7638,7887,9155,10372,7638,7887,9155,10372,19141,23411,18391,22107,-134,-217,-26,-0.52549,-0.85098,-0.101961,0,66,312140,2026-05-22 02:38:13.550000+00:00,28.05,30.1,28.05,8763.0,20762.5,-0.017114495978093443,0.002408245833734708,1.0053371305293561,0.004077212960496457
2026-05-22T02:38:13.701+00:00,1779417493701440000,905,R,7642,7890,9156,10373,7642,7890,9156,10373,19139,23407,18394,22107,-132,-218,-26,-0.517647,-0.854902,-0.101961,0,66,412140,2026-05-22 02:38:13.701000+00:00,28.201,30.133333333333333,28.201,8765.25,20761.75,0.008557247989046722,-0.003612281757977122,1.0045953870758118,0.0033354695069520712
2026-05-22T02:38:13.701+00:00,1779417493701573000,906,R,7642,7888,9157,10374,7642,7888,9157,10374,19137,23408,18393,22108,-133,-218,-25,-0.521569,-0.854902,-0.098039,0,66,512140,2026-05-22 02:38:13.701000+00:00,28.201,30.166666666666668,28.201,8765.25,20761.5,0.002852253280091272,-0.00481637567730283,1.0062322281093963,0.004972310540536595
2026-05-22T02:38:13.701+00:00,1779417493701659000,907,R,7642,7891,9159,10376,7642,7891,9159,10376,19142,23406,18395,22110,-131,-219,-26,-0.513725,-0.858824,-0.101961,0,66,612140,2026-05-22 02:38:13.701000+00:00,28.201,30.2,28.201,8767.0,20763.25,0.019965203502467128,0.003612281757977122,1.0059264804755863,0.0046665629067266234
2026-05-22T02:38:13.701+00:00,1779417493701723000,908,R,7645,7894,9161,10382,7645,7894,9161,10382,19147,23411,18402,22117,-129,-218,-26,-0.505882,-0.854902,-0.101961,0,66,d12200,2026-05-22 02:38:13.701000+00:00,28.201,30.233333333333334,28.201,8770.5,20769.25,0.05989561050740139,0.0325105358217941,0.9985840340447069,-0.0026758835241528223
2026-05-22T02:38:13.701+00:00,1779417493701786000,909,R,7648,7896,9162,10384,7648,7896,9162,10384,19147,23416,18400,22120,-131,-217,-26,-0.513725,-0.85098,-0.101961,0,66,e12200,2026-05-22 02:38:13.701000+00:00,28.201,30.266666666666666,28.201,8772.5,20770.75,0.0827129859387924,0.039735099337748346,0.9992379003750809,-0.0020220171937788134
2026-05-22T02:38:13.852+00:00,1779417493852713000,910,R,7648,7898,9163,10385,7648,7898,9163,10385,19148,23417,18405,22119,-132,-217,-25,-0.517647,-0.85098,-0.098039,0,66,f12200,2026-05-22 02:38:13.852000+00:00,28.352,30.3,28.352,8773.5,20772.25,0.08270355054898046,0.04695966285370259,1.0008681344363002,-0.0005838732230785126
2026-05-22T02:38:13.852+00:00,1779417493852843000,911,R,7650,7895,9162,10384,7650,7895,9162,10384,19150,23419,18400,22119,-134,-217,-26,-0.52549,-0.85098,-0.101961,0,66,012200,2026-05-22 02:38:13.852000+00:00,28.352,30.333333333333332,28.352,8772.75,20772.0,0.07414801083701697,0.045755568934376885,1.0053371305293561,0.003885122869977442
2026-05-22T02:38:13.852+00:00,1779417493852920000,912,R,7648,7897,9163,10388,7648,7897,9163,10388,19148,23420,18406,22125,-132,-219,-26,-0.517647,-0.858824,-0.101961,0,66,112200,2026-05-22 02:38:13.852000+00:00,28.352,30.366666666666667,28.352,8774.0,20774.75,0.08555295728055666,0.059000602046959665,1.0079350798072264,0.006483072147847713
2026-05-22T02:38:13.852+00:00,1779417493852987000,913,R,7655,7906,9169,10399,7655,7906,9169,10399,19159,23425,18415,22133,-133,-217,-25,-0.521569,-0.85098,-0.098039,0,66,912270,2026-05-22 02:38:13.852000+00:00,28.352,30.4,28.352,8782.25,20783.0,0.17966121028916898,0.09873570138470801,1.0029022024514653,0.0014501947920866343
2026-05-22T02:38:13.853+00:00,1779417493853051000,914,R,7655,7906,9171,10398,7655,7906,9171,10398,19156,23424,18411,22135,-133,-218,-25,-0.521569,-0.854902,-0.098039,0,66,a12270,2026-05-22 02:38:13.853000+00:00,28.353,30.433333333333334,28.353,8782.5,20781.5,0.18251297553185422,0.09151113786875377,1.0062322281093963,0.004565429751279604
2026-05-22T02:38:13.853+00:00,1779417493853113000,915,R,7659,7906,9170,10397,7659,7906,9170,10397,19161,23428,18416,22135,-132,-217,-27,-0.517647,-0.85098,-0.105882,0,66,b12270,2026-05-22 02:38:13.853000+00:00,28.353,30.466666666666665,28.353,8783.0,20785.0,0.18821650601722467,0.10836845273931367,1.0016667983581167,0.00021479069873797663
2026-05-22T02:38:14.001+00:00,1779417494001982000,916,R,7658,7906,9171,10398,7658,7906,9171,10398,19159,23426,18413,22138,-130,-218,-27,-0.509804,-0.854902,-0.105882,0,66,c12270,2026-05-22 02:38:14.001000+00:00,28.501,30.5,28.501,8783.25,20784.0,0.19106827125990988,0.10355207706201083,1.0009837890515512,-0.0004682186078275308
2026-05-22T02:38:14.002+00:00,1779417494002093000,917,R,7658,7906,9172,10396,7658,7906,9172,10396,19160,23426,18410,22133,-129,-219,-27,-0.505882,-0.858824,-0.105882,0,66,d12270,2026-05-22 02:38:14.002000+00:00,28.502,30.533333333333335,28.502,8783.0,20782.25,0.18821650601722467,0.09512341962673089,1.0023503672987806,0.0010904497299208948
2026-05-22T02:38:14.002+00:00,1779417494002165000,918,R,7649,7892,9161,10374,7649,7892,9161,10374,19148,23416,18396,22106,-130,-219,-27,-0.509804,-0.858824,-0.105882,0,66,412330,2026-05-22 02:38:14.002000+00:00,28.502,30.566666666666666,28.502,8769.0,20766.5,0.022812820805292573,0.01926550270921132,1.0043354914150948,0.0030755738462351356
2026-05-22T02:38:14.002+00:00,1779417494002231000,919,R,7648,7894,9161,10377,7648,7894,9161,10377,19149,23410,18397,22106,-131,-218,-26,-0.513725,-0.854902,-0.101961,0,66,512330,2026-05-22 02:38:14.002000+00:00,28.502,30.6,28.502,8770.0,20765.5,0.03421923120793886,0.014449127031908489,1.002580096924929,0.0011280892655503028
2026-05-22T02:38:14.002+00:00,1779417494002294000,920,R,7649,7892,9160,10370,7649,7892,9160,10370,19144,23405,18397,22104,-130,-217,-26,-0.509804,-0.85098,-0.101961,0,66,612330,2026-05-22 02:38:14.002000+00:00,28.502,30.633333333333333,28.502,8767.75,20762.5,0.008554807801984716,-0.002408129846361316,0.9972277193986336,-0.004224288260745057
2026-05-22T02:38:14.151+00:00,1779417494151944000,921,R,7645,7892,9157,10372,7645,7892,9157,10372,19140,23402,18395,22104,-132,-217,-25,-0.517647,-0.85098,-0.098039,0,66,712330,2026-05-22 02:38:14.151000+00:00,28.651,30.666666666666668,28.651,8766.5,20760.25,-0.01425679336203701,-0.013244714154987238,1.0008681344363002,-0.0007986639218164893
2026-05-22T02:38:14.152+00:00,1779417494152033000,922,R,7646,7891,9159,10372,7646,7891,9159,10372,19143,23407,18395,22099,-132,-216,-26,-0.517647,-0.847059,-0.101961,0,66,812330,2026-05-22 02:38:14.152000+00:00,28.652,30.7,28.652,8767.0,20761.0,-0.022807617744326606,-0.009632519385445263,0.9979295624496751,-0.0037372359084415496
2026-05-22T02:38:14.152+00:00,1779417494152068000,923,R,7643,7889,9154,10365,7643,7889,9154,10365,19138,23397,18388,22095,-130,-219,-25,-0.509804,-0.858824,-0.098039,0,66,012400,2026-05-22 02:38:14.152000+00:00,28.652,30.733333333333334,28.652,8762.75,20754.5,-0.08266818700114024,-0.04093820738814237,1.0035389513681072,0.002086943708728528
2026-05-22T02:38:14.152+00:00,1779417494152099000,924,R,7642,7888,9154,10365,7642,7888,9154,10365,19133,23394,18387,22091,-132,-217,-26,-0.517647,-0.85098,-0.101961,0,66,112400,2026-05-22 02:38:14.152000+00:00,28.652,30.766666666666666,28.652,8762.25,20751.25,-0.08836944127708096,-0.05659105138949092,1.0012599175688597,-0.0002923309039797317
2026-05-22T02:38:14.152+00:00,1779417494152128000,925,R,7642,7889,9153,10367,7642,7889,9153,10367,19139,23396,18390,22094,-131,-218,-25,-0.513725,-0.854902,-0.098039,0,66,212400,2026-05-22 02:38:14.152000+00:00,28.652,30.8,28.652,8762.75,20754.75,-0.08266818700114024,-0.03973414246496171,1.0021888298868633,0.0006365814140238957
2026-05-22T02:38:14.302+00:00,1779417494302046000,926,R,7644,7888,9154,10368,7644,7888,9154,10368,19136,23402,18390,22091,-133,-217,-24,-0.521569,-0.85098,-0.094118,0,66,312400,2026-05-22 02:38:14.302000+00:00,28.802,30.833333333333332,28.802,8763.5,20754.75,-0.07981300952055186,-0.03973414246496171,1.0025264984453028,0.0010744907859241426
2026-05-22T02:38:14.302+00:00,1779417494302166000,927,R,7643,7890,9153,10363,7643,7890,9153,10363,19135,23400,18387,22094,-134,-219,-25,-0.52549,-0.858824,-0.098039,0,66,412400,2026-05-22 02:38:14.302000+00:00,28.802,30.866666666666667,28.802,8762.25,20754.0,-0.09406533264922182,-0.043346337234503686,1.0115977701621333,0.010045521689293846
2026-05-22T02:38:14.302+00:00,1779417494302239000,928,R,7642,7891,9152,10368,7642,7891,9152,10368,19135,23394,18388,22095,-132,-217,-25,-0.517647,-0.85098,-0.098039,0,66,d12480,2026-05-22 02:38:14.302000+00:00,28.802,30.9,28.802,8763.25,20753.0,-0.08266347414628585,-0.04816259692722632,1.0008681344363002,-0.0007986639218164893
2026-05-22T02:38:14.302+00:00,1779417494302305000,929,R,7644,7889,9152,10367,7644,7889,9152,10367,19138,23395,18390,22097,-132,-217,-26,-0.517647,-0.85098,-0.101961,0,66,e12480,2026-05-22 02:38:14.302000+00:00,28.802,30.933333333333334,28.802,8763.0,20755.0,-0.08551393877201983,-0.03853007754178105,1.0012599175688597,-0.0005529407799438335
2026-05-22T02:38:14.302+00:00,1779417494302368000,930,R,7646,7892,9154,10366,7646,7892,9154,10366,19139,23396,18388,22095,-132,-218,-26,-0.517647,-0.854902,-0.101961,0,66,f12480,2026-05-22 02:38:14.302000+00:00,28.802,30.966666666666665,28.802,8764.5,20754.5,-0.06841115101761587,-0.04093820738814237,1.0045953870758118,0.002406557188948444
2026-05-22T02:38:14.452+00:00,1779417494452570000,931,R,7644,7891,9156,10369,7644,7891,9156,10369,19138,23399,18391,22096,-132,-219,-27,-0.517647,-0.858824,-0.105882,0,66,012480,2026-05-22 02:38:14.452000+00:00,28.952,31.0,28.952,8765.0,20756.0,-0.06271022176614788,-0.03371381784905842,1.0083392670668936,0.006526408718090071
2026-05-22T02:38:14.452+00:00,1779417494452687000,932,R,7647,7894,9157,10370,7647,7894,9157,10370,19137,23396,18393,22098,-132,-218,-26,-0.517647,-0.854902,-0.101961,0,66,112480,2026-05-22 02:38:14.452000+00:00,28.952,31.033333333333335,28.952,8767.0,20756.0,-0.03990650476027593,-0.03371381784905842,1.0045953870758118,0.0029285887176950798
2026-05-22T02:38:14.452+00:00,1779417494452758000,933,R,7647,7894,9155,10369,7647,7894,9155,10369,19138,23395,18392,22098,-132,-218,-27,-0.517647,-0.854902,-0.105882,0,66,212480,2026-05-22 02:38:14.452000+00:00,28.952,31.066666666666666,28.952,8766.25,20755.75,-0.04845789863747791,-0.03491788277223908,1.0050009174806758,0.003448669007836358
2026-05-22T02:38:14.452+00:00,1779417494452825000,934,R,7651,7898,9160,10377,7651,7898,9160,10377,19148,23402,18403,22107,-129,-218,-25,-0.505882,-0.854902,-0.098039,0,66,912540,2026-05-22 02:38:14.452000+00:00,28.952,31.1,28.952,8771.5,20765.0,0.011401858502935978,0.009632519385445263,0.9981912006469503,-0.0032608070124283683
2026-05-22T02:38:14.452+00:00,1779417494452888000,935,R,7652,7898,9161,10388,7652,7898,9161,10388,19146,23404,18397,22105,-129,-217,-26,-0.505882,-0.85098,-0.101961,0,66,a12540,2026-05-22 02:38:14.452000+00:00,28.952,31.133333333333333,28.952,8774.75,20763.0,0.03705181553896141,0.0,0.9952284179247496,-0.006031499644110094
2026-05-22T02:38:14.603+00:00,1779417494603481000,936,R,7651,7897,9161,10378,7651,7897,9161,10378,19151,23405,18398,22107,-130,-216,-25,-0.509804,-0.847059,-0.098039,0,66,b12540,2026-05-22 02:38:14.603000+00:00,29.103,31.166666666666668,29.103,8771.75,20765.25,0.0,0.010836584308625921,0.9934891611980475,-0.0077707563708121485
2026-05-22T02:38:14.603+00:00,1779417494603597000,937,R,7650,7898,9160,10380,7650,7898,9160,10380,19147,23403,18398,22111,-132,-217,-25,-0.517647,-0.85098,-0.098039,0,66,c12540,2026-05-22 02:38:14.603000+00:00,29.103,31.2,29.103,8772.0,20764.75,0.002850058426197737,0.008428454462264605,1.0008681344363002,-0.0003917831325594978
2026-05-22T02:38:14.603+00:00,1779417494603667000,938,R,7652,7901,9160,10378,7652,7901,9160,10378,19148,23399,18404,22109,-132,-217,-24,-0.517647,-0.85098,-0.094118,0,66,d12540,2026-05-22 02:38:14.603000+00:00,29.103,31.233333333333334,29.103,8772.75,20765.0,0.008549931600547196,0.012040939193257074,1.000491666598478,-0.0007682509703816898
2026-05-22T02:38:14.603+00:00,1779417494603734000,939,R,7656,7906,9168,10389,7656,7906,9168,10389,19153,23411,18411,22118,-131,-218,-23,-0.513725,-0.854902,-0.090196,0,66,512610,2026-05-22 02:38:14.603000+00:00,29.103,31.266666666666666,29.103,8779.75,20773.25,0.08834929320565435,0.05659514004286781,1.0014520076593787,0.00019209009051901482
2026-05-22T02:38:14.603+00:00,1779417494603798000,940,R,7658,7912,9168,10404,7658,7912,9168,10404,19151,23415,18407,22119,-132,-218,-24,-0.517647,-0.854902,-0.094118,0,66,612610,2026-05-22 02:38:14.603000+00:00,29.103,31.3,29.103,8785.5,20773.0,0.1538987688098495,0.05539098812706211,1.0038296888103082,0.0025697712414485263
2026-05-22T02:38:14.603+00:00,1779417494603860000,941,R,7661,7908,9169,10390,7661,7908,9169,10390,19154,23412,18410,22123,-131,-218,-24,-0.513725,-0.854902,-0.094118,0,66,712610,2026-05-22 02:38:14.603000+00:00,29.103,31.333333333333332,29.103,8782.0,20774.75,0.11399908800729594,0.063820051537702,1.0018128583488035,0.0005529407799438335
2026-05-22T02:38:14.752+00:00,1779417494752765000,942,R,7661,7909,9170,10392,7661,7909,9170,10392,19158,23414,18407,22119,-130,-218,-25,-0.509804,-0.854902,-0.098039,0,66,812610,2026-05-22 02:38:14.752000+00:00,29.252,31.366666666666667,29.252,8783.0,20774.5,0.12539899680802555,0.0626158996218963,1.0001845797356608,-0.0010753378331989083
2026-05-22T02:38:14.752+00:00,1779417494752892000,943,R,7661,7908,9167,10392,7661,7908,9167,10392,19156,23414,18408,22121,-130,-218,-25,-0.509804,-0.854902,-0.098039,0,66,912610,2026-05-22 02:38:14.752000+00:00,29.252,31.4,29.252,8782.0,20774.75,0.11399908800729594,0.063820051537702,1.0001845797356608,-0.0010753378331989083
2026-05-22T02:38:14.752+00:00,1779417494752966000,944,R,7666,7914,9174,10403,7666,7914,9174,10403,19162,23423,18415,22131,-131,-218,-26,-0.513725,-0.854902,-0.101961,0,66,112680,2026-05-22 02:38:14.752000+00:00,29.252,31.433333333333334,29.252,8789.25,20782.75,0.1966484268125855,0.10235291284348433,1.002580096924929,0.0013201793560693176
2026-05-22T02:38:14.753+00:00,1779417494753032000,945,R,7666,7905,9174,10391,7666,7905,9174,10391,19165,23422,18417,22134,-130,-218,-25,-0.509804,-0.854902,-0.098039,0,66,212680,2026-05-22 02:38:14.753000+00:00,29.253,31.466666666666665,29.253,8784.0,20784.5,0.13679890560875513,0.11078197625412423,1.0001845797356608,-0.0010753378331989083
2026-05-22T02:38:14.753+00:00,1779417494753096000,946,R,7670,7916,9174,10406,7670,7916,9174,10406,19165,23421,18418,22136,-130,-218,-26,-0.509804,-0.854902,-0.101961,0,66,312680,2026-05-22 02:38:14.753000+00:00,29.253,31.5,29.253,8791.5,20785.0,0.22229822161422708,0.11319028008573562,1.0005766305191222,-0.0006832870497375243
2026-05-22T02:38:14.902+00:00,1779417494902926000,947,R,7669,7915,9174,10404,7669,7915,9174,10404,19168,23425,18418,22135,-129,-216,-27,-0.505882,-0.847059,-0.105882,0,66,412680,2026-05-22 02:38:14.902000+00:00,29.402,31.533333333333335,29.402,8790.5,20786.5,0.2108983128134975,0.1204151915805698,0.9922885393518359,-0.008971378217023762
2026-05-22T02:38:14.903+00:00,1779417494903085000,948,R,7669,7914,9177,10404,7669,7914,9177,10404,19168,23425,18415,22132,-130,-218,-27,-0.509804,-0.854902,-0.105882,0,66,512680,2026-05-22 02:38:14.903000+00:00,29.403,31.566666666666666,29.403,8791.0,20785.0,0.2165982672138623,0.11319028008573562,1.0009837890515512,-0.00027612851730851595
2026-05-22T02:38:14.903+00:00,1779417494903169000,949,R,7657,7901,9163,10381,7657,7901,9163,10381,19155,23407,18401,22107,-131,-218,-25,-0.513725,-0.854902,-0.098039,0,66,d12750,2026-05-22 02:38:14.903000+00:00,29.403,31.6,29.403,8775.5,20767.5,0.03134706904904391,0.028899645979336752,1.0021888298868633,0.0012050408353121433
2026-05-22T02:38:14.903+00:00,1779417494903237000,950,R,7666,7908,9162,10382,7666,7908,9162,10382,19153,23403,18399,22106,-131,-217,-25,-0.513725,-0.85098,-0.098039,0,66,e12750,2026-05-22 02:38:14.903000+00:00,29.403,31.633333333333333,29.403,8779.5,20765.25,0.06838775859121217,0.01806227873708547,0.9988453241348232,-0.002138464916727978
2026-05-22T02:38:14.903+00:00,1779417494903302000,951,R,7657,7901,9163,10376,7657,7901,9163,10376,19151,23399,18399,22105,-133,-217,-26,-0.521569,-0.85098,-0.101961,0,66,f12750,2026-05-22 02:38:14.903000+00:00,29.403,31.666666666666668,29.403,8774.25,20763.5,0.008548469823901521,0.009633215326445585,1.003293191286575,0.0023094022350238497
2026-05-22T02:38:15.053+00:00,1779417495053153000,952,R,7655,7903,9161,10375,7655,7903,9161,10375,19147,23399,18400,22100,-132,-217,-26,-0.517647,-0.85098,-0.101961,0,66,012750,2026-05-22 02:38:15.053000+00:00,29.553,31.7,29.553,8773.5,20761.5,-0.0028494087476848553,-0.007224389539083947,1.0012599175688597,0.00027612851730851595
2026-05-22T02:38:15.053+00:00,1779417495053282000,953,R,7657,7898,9159,10374,7657,7898,9159,10374,19147,23397,18398,22100,-132,-217,-26,-0.517647,-0.85098,-0.101961,0,66,112750,2026-05-22 02:38:15.053000+00:00,29.553,31.733333333333334,29.553,8772.0,20760.5,-0.025643217369005898,-0.01324455468195008,1.0012599175688597,0.00027612851730851595
2026-05-22T02:38:15.053+00:00,1779417495053354000,954,R,7650,7897,9155,10367,7650,7897,9155,10367,19137,23388,18390,22087,-129,-219,-25,-0.505882,-0.858824,-0.098039,0,66,812810,2026-05-22 02:38:15.053000+00:00,29.553,31.766666666666666,29.553,8767.25,20750.5,-0.08547252058463205,-0.0614065717072231,1.0015522484728394,0.0005684594212882477
2026-05-22T02:38:15.053+00:00,1779417495053427000,955,R,7649,7895,9157,10367,7649,7895,9157,10367,19135,23388,18391,22089,-131,-217,-24,-0.513725,-0.85098,-0.094118,0,66,912810,2026-05-22 02:38:15.053000+00:00,29.553,31.8,29.553,8767.0,20750.75,-0.09686057774485785,-0.06020252128159127,0.9984680936058998,-0.0025156954456513336
2026-05-22T02:38:15.053+00:00,1779417495053493000,956,R,7649,7911,9160,10383,7649,7911,9160,10383,19142,23389,18388,22091,-131,-216,-26,-0.513725,-0.847059,-0.101961,0,66,a12810,2026-05-22 02:38:15.053000+00:00,29.553,31.833333333333332,29.553,8775.75,20752.5,0.0028488405219075836,-0.051774168302168494,0.9959007835256481,-0.005083005525903017
2026-05-22T02:38:15.203+00:00,1779417495203584000,957,R,7649,7895,9157,10369,7649,7895,9157,10369,19141,23391,18390,22091,-131,-219,-26,-0.513725,-0.858824,-0.101961,0,66,b12810,2026-05-22 02:38:15.203000+00:00,29.703,31.866666666666667,29.703,8767.5,20753.25,-0.09116289670104268,-0.04816201702527302,1.0059264804755863,0.004942691424035139
2026-05-22T02:38:15.203+00:00,1779417495203735000,958,R,7650,7894,9155,10366,7650,7894,9155,10366,19141,23390,18395,22089,-131,-220,-26,-0.513725,-0.862745,-0.101961,0,66,c12810,2026-05-22 02:38:15.203000+00:00,29.703,31.9,29.703,8766.25,20753.75,-0.1054070993105806,-0.04575391617400937,1.0092761545637547,0.008292365512203581
2026-05-22T02:38:15.203+00:00,1779417495203809000,959,R,7651,7895,9156,10369,7651,7895,9156,10369,19140,23388,18389,22089,-130,-220,-25,-0.509804,-0.862745,-0.098039,0,66,d12810,2026-05-22 02:38:15.203000+00:00,29.703,31.933333333333334,29.703,8767.75,20751.5,-0.0883140561791351,-0.05659037000469579,1.006896568154843,0.005912779103291799
2026-05-22T02:38:15.203+00:00,1779417495203875000,960,R,7650,7895,9157,10367,7650,7895,9157,10367,19137,23385,18393,22089,-130,-219,-25,-0.509804,-0.858824,-0.098039,0,66,412870,2026-05-22 02:38:15.203000+00:00,29.703,31.966666666666665,29.703,8767.25,20751.0,-0.09401173722295025,-0.058998470855959446,1.0035389513681072,0.002555162316556059
2026-05-22T02:38:15.203+00:00,1779417495203937000,961,R,7650,7896,9155,10367,7650,7896,9155,10367,19138,23388,18393,22087,-130,-218,-26,-0.509804,-0.854902,-0.101961,0,66,512870,2026-05-22 02:38:15.203000+00:00,29.703,32.0,29.703,8767.0,20751.5,-0.09686057774485785,-0.05659037000469579,1.0005766305191222,-0.0002915039171780265
2026-05-22T02:38:15.353+00:00,1779417495353195000,962,R,7641,7898,9160,10363,7641,7898,9160,10363,19133,23379,18382,22081,-129,-218,-26,-0.505882,-0.854902,-0.101961,0,66,612870,2026-05-22 02:38:15.353000+00:00,29.853,32.03333333333333,29.853,8765.5,20743.75,-0.11395362087630334,-0.09391593319928239,0.9985840340447069,-0.0022841003915933245
2026-05-22T02:38:15.353+00:00,1779417495353235000,963,R,7648,7899,9157,10371,7648,7899,9157,10371,19136,23384,18392,22091,-130,-218,-27,-0.509804,-0.854902,-0.105882,0,66,712870,2026-05-22 02:38:15.353000+00:00,29.853,32.06666666666667,29.853,8768.75,20750.75,-0.07691869409150476,-0.06020252128159127,1.0009837890515512,0.00040715853242900835
2026-05-22T02:38:15.353+00:00,1779417495353251000,964,R,7650,7896,9155,10372,7650,7896,9155,10372,19140,23388,18391,22089,-132,-217,-25,-0.517647,-0.85098,-0.098039,0,66,812870,2026-05-22 02:38:15.353000+00:00,29.853,32.1,29.853,8768.25,20752.0,-0.08261637513531993,-0.05418226915343215,1.0008681344363002,0.0002915039171780265
2026-05-22T02:38:15.353+00:00,1779417495353265000,965,R,7654,7902,9160,10379,7654,7902,9160,10379,19142,23389,18398,22098,-130,-218,-26,-0.509804,-0.854902,-0.101961,0,66,012940,2026-05-22 02:38:15.353000+00:00,29.853,32.13333333333333,29.853,8773.75,20756.75,-0.019941883653353084,-0.03130531106642746,1.0005766305191222,-0.0002915039171780265
2026-05-22T02:38:15.353+00:00,1779417495353278000,966,R,7655,7901,9160,10378,7655,7901,9160,10378,19142,23391,18396,22095,-131,-218,-26,-0.513725,-0.854902,-0.101961,0,66,112940,2026-05-22 02:38:15.353000+00:00,29.853,32.166666666666664,29.853,8773.5,20756.0,-0.02279072417526067,-0.034917462343322936,1.002580096924929,0.0017119624886288154
2026-05-22T02:38:15.353+00:00,1779417495353291000,967,R,7649,7898,9151,10373,7649,7898,9151,10373,19147,23384,18398,22089,-130,-218,-26,-0.509804,-0.854902,-0.101961,0,66,212940,2026-05-22 02:38:15.353000+00:00,29.853,32.2,29.853,8767.75,20754.5,-0.09116029968948523,-0.04093820738814237,1.0005766305191222,-0.0002915039171780265
2026-05-22T02:38:15.502+00:00,1779417495502302000,968,R,7656,7902,9163,10381,7656,7902,9163,10381,19145,23391,18398,22099,-131,-218,-25,-0.513725,-0.854902,-0.098039,0,66,312940,2026-05-22 02:38:15.502000+00:00,30.002,32.233333333333334,30.002,8775.5,20758.25,-0.005697356426618049,-0.015653974905474075,1.0021888298868633,0.0012050408353121433
2026-05-22T02:38:15.502+00:00,1779417495502439000,969,R,7659,7904,9163,10378,7659,7904,9163,10378,19145,23391,18398,22098,-132,-218,-24,-0.517647,-0.854902,-0.094118,0,66,412940,2026-05-22 02:38:15.502000+00:00,30.002,32.266666666666666,30.002,8776.0,20758.0,-0.019936771951809974,-0.012042099178728836,1.0038296888103082,0.0028458997587570423
2026-05-22T02:38:15.502+00:00,1779417495502514000,970,R,7662,7909,9168,10389,7662,7909,9168,10389,19151,23397,18403,22107,-128,-218,-26,-0.501961,-0.854902,-0.101961,0,66,b13000,2026-05-22 02:38:15.502000+00:00,30.002,32.3,30.002,8782.0,20764.5,0.04841787474010994,0.030108511073910372,0.9966033918495362,-0.004264742586764014
2026-05-22T02:38:15.502+00:00,1779417495502582000,971,R,7664,7908,9170,10390,7664,7908,9170,10390,19150,23399,18401,22106,-130,-218,-27,-0.509804,-0.854902,-0.105882,0,66,c13000,2026-05-22 02:38:15.502000+00:00,30.002,32.333333333333336,30.002,8783.0,20764.0,0.059810315855429924,0.027699830187997543,1.0009837890515512,0.00011565461525098186
2026-05-22T02:38:15.502+00:00,1779417495502647000,972,R,7663,7905,9169,10391,7663,7905,9169,10391,19152,23399,18406,22114,-130,-220,-26,-0.509804,-0.862745,-0.101961,0,66,d13000,2026-05-22 02:38:15.502000+00:00,30.002,32.36666666666667,30.002,8782.0,20767.75,0.04841787474010994,0.04576493683234377,1.0072860065353832,0.006417872099083066
2026-05-22T02:38:15.652+00:00,1779417495652342000,973,R,7664,7912,9171,10392,7664,7912,9171,10392,19158,23407,18411,22115,-132,-218,-26,-0.517647,-0.854902,-0.101961,0,66,e13000,2026-05-22 02:38:15.652000+00:00,30.152,32.4,30.152,8784.75,20772.75,0.0797470878072399,0.06985174569147207,1.0045953870758118,0.003727252639511569
2026-05-22T02:38:15.652+00:00,1779417495652484000,974,R,7665,7912,9170,10393,7665,7912,9170,10393,19153,23403,18401,22115,-132,-217,-26,-0.517647,-0.85098,-0.101961,0,66,f13000,2026-05-22 02:38:15.652000+00:00,30.152,32.43333333333333,30.152,8785.0,20768.0,0.0825951980860699,0.04696927727530018,1.0012599175688597,0.0003917831325594978
2026-05-22T02:38:15.652+00:00,1779417495652557000,975,R,7670,7914,9174,10400,7670,7914,9174,10400,19157,23407,18412,22121,-129,-218,-26,-0.505882,-0.854902,-0.101961,0,66,613060,2026-05-22 02:38:15.652000+00:00,30.152,32.46666666666667,30.152,8789.5,20774.25,0.13386118310500983,0.07707778834921056,0.9985840340447069,-0.0022841003915933245
2026-05-22T02:38:15.652+00:00,1779417495652816000,976,R,7670,7918,9177,10402,7670,7918,9177,10402,19159,23409,18412,22122,-128,-218,-25,-0.501961,-0.854902,-0.098039,0,66,713060,2026-05-22 02:38:15.652000+00:00,30.152,32.5,30.152,8791.75,20775.5,0.1594941756144798,0.08309949056399263,0.9962097774294328,-0.004774011622118324
2026-05-22T02:38:15.652+00:00,1779417495652889000,977,R,7670,7916,9175,10401,7670,7916,9175,10401,19163,23410,18409,22124,-129,-218,-26,-0.505882,-0.854902,-0.101961,0,66,813060,2026-05-22 02:38:15.652000+00:00,30.152,32.53333333333333,30.152,8790.5,20776.5,0.1452536242203298,0.0879168523358183,0.9985840340447069,-0.0023997550068443063
2026-05-22T02:38:15.802+00:00,1779417495802256000,978,R,7672,7918,9176,10406,7672,7918,9176,10406,19161,23411,18412,22124,-129,-218,-26,-0.505882,-0.854902,-0.101961,0,66,913060,2026-05-22 02:38:15.802000+00:00,30.302,32.56666666666667,30.302,8793.0,20777.0,0.17373472700862977,0.09032553322173112,0.9985840340447069,-0.0023997550068443063
2026-05-22T02:38:15.802+00:00,1779417495802397000,979,R,7671,7918,9179,10407,7671,7918,9179,10407,19165,23415,18409,22122,-130,-217,-26,-0.509804,-0.85098,-0.101961,0,66,a13060,2026-05-22 02:38:15.802000+00:00,30.302,32.6,30.302,8793.75,20777.75,0.18227905784511977,0.09393855455060036,0.9972277193986336,-0.004032198170226042
2026-05-22T02:38:15.802+00:00,1779417495802473000,980,R,7668,7912,9175,10393,7668,7912,9175,10393,19161,23405,18402,22111,-129,-217,-26,-0.505882,-0.85098,-0.101961,0,66,513160,2026-05-22 02:38:15.802000+00:00,30.302,32.63333333333333,30.302,8787.0,20769.75,0.09112655199908873,0.055399660375995086,0.9952284179247496,-0.006031499644110094
2026-05-22T02:38:15.802+00:00,1779417495802539000,981,R,7665,7908,9171,10389,7665,7908,9171,10389,19158,23403,18400,22105,-130,-216,-26,-0.509804,-0.847059,-0.101961,0,66,613160,2026-05-22 02:38:15.802000+00:00,30.302,32.666666666666664,30.302,8783.25,20766.5,0.04841098074951589,0.03974323461756169,0.9938838530824414,-0.0073760644864182545
2026-05-22T02:38:15.802+00:00,1779417495802602000,982,R,7667,7910,9170,10388,7667,7910,9170,10388,19156,23401,18397,22106,-129,-217,-25,-0.505882,-0.85098,-0.098039,0,66,713160,2026-05-22 02:38:15.802000+00:00,30.302,32.7,30.302,8783.75,20765.0,0.05410639024945894,0.0325171919598232,0.9948342594849656,-0.006425658083894059
2026-05-22T02:38:16.101+00:00,1779417496101399000,983,R,7666,7909,9170,10386,7666,7909,9170,10386,19154,23398,18397,22104,-131,-217,-25,-0.513725,-0.85098,-0.098039,0,66,813160,2026-05-22 02:38:16.101000+00:00,30.601,32.733333333333334,30.601,8782.75,20763.25,0.03986673121280292,0.02529145389729261,0.9988453241348232,-0.002138464916727978
2026-05-22T02:38:16.101+00:00,1779417496101555000,984,R,7663,7906,9169,10384,7663,7906,9169,10384,19152,23398,18401,22101,-131,-218,-26,-0.513725,-0.854902,-0.101961,0,66,913160,2026-05-22 02:38:16.101000+00:00,30.601,32.766666666666666,30.601,8780.5,20763.0,0.01139017028304573,0.024087098949802484,1.002580096924929,0.0015963078733778335
2026-05-22T02:38:16.101+00:00,1779417496101631000,985,R,7663,7907,9170,10384,7663,7907,9170,10384,19152,23398,18399,22104,-132,-217,-26,-0.517647,-0.85098,-0.101961,0,66,a13160,2026-05-22 02:38:16.101000+00:00,30.601,32.8,30.601,8781.0,20763.25,0.005694436535504812,0.02529145389729261,1.0012599175688597,0.00027612851730851595
2026-05-22T02:38:16.101+00:00,1779417496101696000,986,R,7659,7902,9164,10376,7659,7902,9164,10376,19144,23387,18392,22095,-130,-221,-26,-0.509804,-0.866667,-0.101961,0,66,013210,2026-05-22 02:38:16.101000+00:00,30.601,32.833333333333336,30.601,8775.25,20754.5,-0.05979158362280052,-0.01686096926486174,1.010647244505223,0.00938732693636335
2026-05-22T02:38:16.101+00:00,1779417496101760000,987,R,7659,7903,9162,10377,7659,7903,9162,10377,19140,23384,18391,22090,-130,-220,-26,-0.509804,-0.862745,-0.101961,0,66,113210,2026-05-22 02:38:16.101000+00:00,30.601,32.86666666666667,30.601,8775.25,20751.25,-0.05979158362280052,-0.032517583582233354,1.0072860065353832,0.006026088966523568
2026-05-22T02:38:16.251+00:00,1779417496251294000,988,R,7658,7902,9162,10377,7658,7902,9162,10377,19137,23386,18391,22091,-129,-218,-25,-0.505882,-0.854902,-0.098039,0,66,213210,2026-05-22 02:38:16.251000+00:00,30.751,32.9,30.751,8774.75,20751.25,-0.06548602015830533,-0.032517583582233354,0.9981912006469503,-0.0030687169219093535
2026-05-22T02:38:16.251+00:00,1779417496251435000,989,R,7656,7902,9161,10376,7656,7902,9161,10376,19143,23386,18391,22090,-130,-218,-25,-0.509804,-0.854902,-0.098039,0,66,313210,2026-05-22 02:38:16.251000+00:00,30.751,32.93333333333333,30.751,8773.75,20752.5,-0.07687489322931496,-0.026495808844782736,1.0001845797356608,-0.0007992093158903923
2026-05-22T02:38:16.251+00:00,1779417496251512000,990,R,7656,7903,9162,10374,7656,7903,9162,10374,19140,23388,18390,22087,-132,-218,-26,-0.517647,-0.854902,-0.101961,0,66,413210,2026-05-22 02:38:16.251000+00:00,30.751,32.96666666666667,30.751,8773.75,20751.25,-0.07687489322931496,-0.032517583582233354,1.0045953870758118,0.003611598024260587
2026-05-22T02:38:16.251+00:00,1779417496251578000,991,R,7655,7902,9159,10374,7655,7902,9159,10374,19137,23383,18385,22086,-130,-217,-26,-0.509804,-0.85098,-0.101961,0,66,c13280,2026-05-22 02:38:16.251000+00:00,30.751,33.0,30.751,8772.5,20747.75,-0.091110984568077,-0.049378552847095095,0.9972277193986336,-0.0037560696529175264
2026-05-22T02:38:16.251+00:00,1779417496251641000,992,R,7658,7901,9160,10376,7658,7901,9160,10376,19137,23382,18386,22085,-131,-217,-25,-0.513725,-0.85098,-0.098039,0,66,d13280,2026-05-22 02:38:16.251000+00:00,30.751,33.03333333333333,30.751,8773.75,20747.5,-0.07687489322931496,-0.05058290779458522,0.9988453241348232,-0.002138464916727978
2026-05-22T02:38:16.251+00:00,1779417496251703000,993,R,7659,7902,9162,10376,7659,7902,9162,10376,19136,23388,18390,22085,-131,-217,-25,-0.513725,-0.85098,-0.098039,0,66,e13280,2026-05-22 02:38:16.251000+00:00,30.751,33.06666666666667,30.751,8774.75,20749.75,-0.06548602015830533,-0.0397437132671741,0.9988453241348232,-0.002138464916727978
2026-05-22T02:38:16.401+00:00,1779417496401242000,994,R,7658,7904,9161,10377,7658,7904,9161,10377,19138,23384,18391,22087,-131,-219,-26,-0.513725,-0.858824,-0.101961,0,66,f13280,2026-05-22 02:38:16.401000+00:00,30.901,33.1,30.901,8775.0,20750.0,-0.06263880189055293,-0.038539358319683976,1.0059264804755863,0.004942691424035139
2026-05-22T02:38:16.401+00:00,1779417496401382000,995,R,7656,7902,9162,10378,7656,7902,9162,10378,19137,23384,18388,22086,-130,-219,-26,-0.509804,-0.858824,-0.101961,0,66,013280,2026-05-22 02:38:16.401000+00:00,30.901,33.13333333333333,30.901,8774.5,20748.75,-0.06833323842605774,-0.0445611330571346,1.0039296922160437,0.0029459031644925027
2026-05-22T02:38:16.401+00:00,1779417496401456000,996,R,7659,7906,9164,10382,7659,7906,9164,10382,19142,23388,18393,22094,-131,-217,-26,-0.513725,-0.85098,-0.101961,0,66,813350,2026-05-22 02:38:16.401000+00:00,30.901,33.166666666666664,30.901,8777.75,20754.25,-0.031319400945276465,-0.018065324212351866,0.9992379003750809,-0.0017458886764702974
2026-05-22T02:38:16.401+00:00,1779417496401523000,997,R,7659,7909,9167,10383,7659,7909,9167,10383,19139,23387,18391,22098,-132,-218,-26,-0.517647,-0.854902,-0.101961,0,66,913350,2026-05-22 02:38:16.401000+00:00,30.901,33.2,30.901,8779.5,20753.75,-0.011388873071009624,-0.020474034107332114,1.0045953870758118,0.003611598024260587
2026-05-22T02:38:16.401+00:00,1779417496401587000,998,R,7657,7908,9168,10383,7657,7908,9168,10383,19135,23384,18388,22091,-133,-217,-26,-0.521569,-0.85098,-0.101961,0,66,a13350,2026-05-22 02:38:16.401000+00:00,30.901,33.233333333333334,30.901,8779.0,20749.5,-0.017083309606514434,-0.04094806821466423,1.003293191286575,0.0020332737177153337
2026-05-22T02:38:16.697+00:00,1779417496697673000,999,R,7659,7909,9164,10385,7659,7909,9164,10385,19139,23388,18396,22094,-133,-216,-25,-0.521569,-0.847059,-0.098039,0,66,b13350,2026-05-22 02:38:16.697000+00:00,31.197,33.266666666666666,31.197,8779.25,20754.25,-0.01423609133876203,-0.006022500060225,0.999577319051908,-0.0016825985169516278
2026-05-22T02:38:16.697+00:00,1779417496697801000,1000,R,7658,7908,9164,10386,7658,7908,9164,10386,19140,23388,18393,22096,-132,-217,-25,-0.517647,-0.85098,-0.098039,0,66,c13350,2026-05-22 02:38:16.697000+00:00,31.197,33.3,31.197,8779.0,20754.25,-0.017083309606514434,-0.0012045580476523164,1.0008681344363002,-0.0003917831325594978
2026-05-22T02:38:16.697+00:00,1779417496697876000,1001,R,7665,7914,9172,10392,7665,7914,9172,10392,19142,23392,18398,22103,-131,-218,-26,-0.513725,-0.854902,-0.101961,0,66,413420,2026-05-22 02:38:16.697000+00:00,31.197,33.333333333333336,31.197,8785.75,20758.75,0.0626405854047436,0.020477486810089377,1.002580096924929,0.0013201793560693176
2026-05-22T02:38:16.697+00:00,1779417496697941000,1002,R,7665,7914,9171,10394,7665,7914,9171,10394,19142,23394,18399,22105,-132,-218,-25,-0.517647,-0.854902,-0.098039,0,66,513420,2026-05-22 02:38:16.697000+00:00,31.197,33.36666666666667,31.197,8786.0,20760.0,0.06548788474132286,0.027705168820843923,1.0042049052529072,0.0029449876840474953
2026-05-22T02:38:16.697+00:00,1779417496698005000,1003,R,7664,7913,9172,10396,7664,7913,9172,10396,19140,23391,18398,22106,-132,-217,-25,-0.517647,-0.85098,-0.098039,0,66,613420,2026-05-22 02:38:16.697000+00:00,31.197,33.4,31.197,8786.25,20758.75,0.06833518407790211,0.02168230603370394,1.0008681344363002,-0.0003917831325594978
2026-05-22T02:38:16.704+00:00,1779417496704587000,1004,R,7667,7915,9174,10397,7667,7915,9174,10397,19146,23398,18400,22110,-132,-217,-25,-0.517647,-0.85098,-0.098039,0,66,713420,2026-05-22 02:38:16.704000+00:00,31.204,33.43333333333333,31.204,8788.25,20763.5,0.09111357877053615,0.044569184624835875,1.0008681344363002,-0.0003917831325594978
2026-05-22T02:38:16.704+00:00,1779417496704680000,1005,R,7666,7913,9174,10398,7666,7913,9174,10398,19148,23399,18401,22110,-131,-218,-25,-0.513725,-0.854902,-0.098039,0,66,813420,2026-05-22 02:38:16.704000+00:00,31.204,33.46666666666667,31.204,8787.75,20764.5,0.08541898009737764,0.05179786785520689,1.0021888298868633,0.0013206954505631252
2026-05-22T02:38:16.704+00:00,1779417496704748000,1006,R,7666,7917,9174,10400,7666,7917,9174,10400,19149,23397,18402,22110,-131,-218,-26,-0.513725,-0.854902,-0.101961,0,66,913420,2026-05-22 02:38:16.704000+00:00,31.204,33.5,31.204,8789.25,20764.5,0.10250277611685317,0.05179786785520689,1.002580096924929,0.0017119624886288154
2026-05-22T02:38:16.704+00:00,1779417496704834000,1007,R,7672,7921,9181,10409,7672,7921,9181,10409,19152,23404,18408,22118,-133,-218,-26,-0.521569,-0.854902,-0.101961,0,66,013480,2026-05-22 02:38:16.704000+00:00,31.204,33.53333333333333,31.204,8795.75,20770.5,0.17653255886791377,0.0807083057278805,1.0066219235075302,0.005753789071230031
2026-05-22T02:38:16.704+00:00,1779417496704901000,1008,R,7671,7920,9179,10409,7671,7920,9179,10409,19153,23405,18407,22117,-132,-218,-26,-0.517647,-0.854902,-0.101961,0,66,113480,2026-05-22 02:38:16.704000+00:00,31.204,33.56666666666667,31.204,8794.75,20770.5,0.16514336152159675,0.0807083057278805,1.0045953870758118,0.0033354695069520712
2026-05-22T02:38:16.851+00:00,1779417496851532000,1009,R,7674,7922,9183,10410,7674,7922,9183,10410,19153,23406,18407,22120,-133,-217,-26,-0.521569,-0.85098,-0.101961,0,66,213480,2026-05-22 02:38:16.851000+00:00,31.351,33.6,31.351,8797.25,20771.5,0.19361635488738932,0.08552671203999278,1.003293191286575,0.0020332737177153337
2026-05-22T02:38:16.851+00:00,1779417496851564000,1010,R,7673,7925,9180,10410,7673,7925,9180,10410,19153,23402,18408,22120,-132,-217,-26,-0.517647,-0.85098,-0.101961,0,66,313480,2026-05-22 02:38:16.851000+00:00,31.351,33.63333333333333,31.351,8797.0,20770.75,0.19076905555081006,0.08191290730590857,1.0012599175688597,0.0
2026-05-22T02:38:16.851+00:00,1779417496851580000,1011,R,7673,7923,9183,10409,7673,7923,9183,10409,19155,23407,18410,22122,-133,-217,-26,-0.521569,-0.85098,-0.101961,0,66,413480,2026-05-22 02:38:16.851000+00:00,31.351,33.666666666666664,31.351,8797.0,20773.5,0.19076905555081006,0.0951635246642173,1.003293191286575,0.0020332737177153337
2026-05-22T02:38:16.851+00:00,1779417496851593000,1012,R,7664,7910,9173,10392,7664,7910,9173,10392,19147,23397,18395,22100,-130,-217,-27,-0.509804,-0.85098,-0.105882,0,66,c13550,2026-05-22 02:38:16.851000+00:00,31.351,33.7,31.351,8784.75,20759.75,0.051251388058426585,0.028910437872673615,0.9976362447004419,-0.0036236728684178043
2026-05-22T02:38:16.851+00:00,1779417496851606000,1013,R,7666,7911,9174,10390,7666,7911,9174,10390,19144,23393,18394,22101,-131,-217,-27,-0.513725,-0.85098,-0.105882,0,66,d13550,2026-05-22 02:38:16.851000+00:00,31.351,33.733333333333334,31.351,8785.25,20758.0,0.05694598673158509,0.020478226826477142,0.9996456041763,-0.001906644296539417
2026-05-22T02:38:17.149+00:00,1779417497149696000,1014,R,7664,7911,9170,10389,7664,7911,9170,10389,19143,23392,18390,22097,-132,-218,-25,-0.517647,-0.854902,-0.098039,0,66,e13550,2026-05-22 02:38:17.149000+00:00,31.649,33.766666666666666,31.649,8783.5,20755.5,0.03701489137553031,0.00843221104619647,1.0042049052529072,0.0026526567800677636
2026-05-22T02:38:17.149+00:00,1779417497149871000,1015,R,7664,7909,9169,10387,7664,7909,9169,10387,19141,23391,18388,22093,-132,-217,-26,-0.517647,-0.85098,-0.101961,0,66,f13550,2026-05-22 02:38:17.149000+00:00,31.649,33.8,31.649,8782.25,20753.25,0.02562642369020501,-0.0012046160888524828,1.0012599175688597,0.0
2026-05-22T02:38:17.149+00:00,1779417497149948000,1016,R,7662,7907,9168,10383,7662,7907,9168,10383,19141,23392,18392,22093,-133,-218,-25,-0.521569,-0.854902,-0.098039,0,66,013550,2026-05-22 02:38:17.149000+00:00,31.649,33.833333333333336,31.649,8780.0,20754.5,0.0,0.006023153000132509,1.0062322281093963,0.004972310540536595
2026-05-22T02:38:17.150+00:00,1779417497150016000,1017,R,7656,7902,9165,10377,7656,7902,9165,10377,19132,23381,18384,22082,-131,-218,-25,-0.513725,-0.854902,-0.098039,0,66,613600,2026-05-22 02:38:17.150000+00:00,31.65,33.86666666666667,31.65,8775.0,20744.75,-0.05979328606816434,-0.03975328868115453,1.0021888298868633,0.0009289123180036274
2026-05-22T02:38:17.150+00:00,1779417497150081000,1018,R,7655,7903,9163,10373,7655,7903,9163,10373,19129,23375,18382,22078,-128,-219,-25,-0.501961,-0.858824,-0.098039,0,66,713600,2026-05-22 02:38:17.150000+00:00,31.65,33.9,31.65,8773.5,20741.0,-0.07687708208763987,-0.05782296535440659,0.9995774877506997,-0.001682429818160025
2026-05-22T02:38:17.150+00:00,1779417497150144000,1019,R,7653,7901,9161,10377,7653,7901,9161,10377,19127,23377,18383,22080,-127,-219,-26,-0.498039,-0.858824,-0.101961,0,66,813600,2026-05-22 02:38:17.150000+00:00,31.65,33.93333333333333,31.65,8773.0,20741.75,-0.08257168076079838,-0.05420903001975618,0.9980067905670783,-0.003253127001781375
2026-05-22T02:38:17.300+00:00,1779417497301024000,1020,R,7656,7900,9162,10381,7656,7900,9162,10381,19126,23376,18380,22079,-129,-219,-26,-0.505882,-0.858824,-0.101961,0,66,913600,2026-05-22 02:38:17.300000+00:00,31.8,33.96666666666667,31.8,8774.75,20740.25,-0.0626405854047436,-0.061436900689057,1.0019437641010598,0.0006838465322001053
2026-05-22T02:38:17.301+00:00,1779417497301121000,1021,R,7656,7903,9162,10374,7656,7903,9162,10374,19127,23376,18382,22082,-130,-220,-26,-0.509804,-0.862745,-0.101961,0,66,a13600,2026-05-22 02:38:17.301000+00:00,31.801,34.0,31.801,8773.75,20741.75,-0.07402978275106062,-0.05420903001975618,1.0072860065353832,0.006026088966523568
2026-05-22T02:38:17.301+00:00,1779417497301312000,1022,R,7653,7899,9163,10374,7653,7899,9163,10374,19123,23373,18381,22077,-129,-216,-25,-0.505882,-0.847059,-0.098039,0,66,213670,2026-05-22 02:38:17.301000+00:00,31.801,34.03333333333333,31.801,8772.25,20738.5,-0.09111357877053615,-0.06986941646990796,0.9914823210355291,-0.010069927437310278
2026-05-22T02:38:17.301+00:00,1779417497301348000,1023,R,7653,7901,9163,10374,7653,7901,9163,10374,19118,23371,18378,22079,-129,-217,-24,-0.505882,-0.85098,-0.094118,0,66,313670,2026-05-22 02:38:17.301000+00:00,31.801,34.06666666666667,31.801,8772.75,20736.5,-0.08541898009737764,-0.07950657736230907,0.9944555074250431,-0.0072112909330736
2026-05-22T02:38:17.301+00:00,1779417497301381000,1024,R,7652,7902,9159,10374,7652,7902,9159,10374,19121,23374,18381,22079,-130,-216,-25,-0.509804,-0.847059,-0.098039,0,66,413670,2026-05-22 02:38:17.301000+00:00,31.801,34.1,31.801,8771.75,20738.75,-0.09680817744369466,-0.06866477135835783,0.9934891611980475,-0.008454602903012254
2026-05-22T02:38:17.451+00:00,1779417497451076000,1025,R,7651,7908,9161,10389,7651,7908,9161,10389,19121,23376,18377,22077,-130,-216,-26,-0.509804,-0.847059,-0.101961,0,66,513670,2026-05-22 02:38:17.451000+00:00,31.951,34.13333333333333,31.951,8777.25,20737.75,-0.034167592038951054,-0.07348335180455838,0.9938838530824414,-0.007782945275675246
2026-05-22T02:38:17.451+00:00,1779417497451205000,1026,R,7652,7902,9162,10374,7652,7902,9162,10374,19121,23375,18381,22080,-130,-217,-26,-0.509804,-0.85098,-0.101961,0,66,613670,2026-05-22 02:38:17.451000+00:00,31.951,34.166666666666664,31.951,8772.5,20739.25,-0.08826627943395689,-0.06625548113525755,0.9972277193986336,-0.004324529074205774
2026-05-22T02:38:17.451+00:00,1779417497451279000,1027,R,7659,7906,9169,10383,7659,7906,9169,10383,19126,23380,18384,22090,-133,-217,-27,-0.521569,-0.85098,-0.105882,0,66,013760,2026-05-22 02:38:17.451000+00:00,31.951,34.2,31.951,8779.25,20745.0,-0.011389197346317019,-0.03614022406938923,1.0036992478252635,0.002146999352424128
2026-05-22T02:38:17.451+00:00,1779417497451345000,1028,R,7653,7895,9163,10369,7653,7895,9163,10369,19127,23382,18387,22087,-131,-218,-27,-0.513725,-0.854902,-0.105882,0,66,113760,2026-05-22 02:38:17.451000+00:00,31.951,34.233333333333334,31.951,8770.0,20745.75,-0.11673927279974944,-0.026504427444129872,1.0029864421581183,0.0017265245892585934
2026-05-22T02:38:17.451+00:00,1779417497451409000,1029,R,7657,7907,9171,10383,7657,7907,9171,10383,19126,23378,18386,22090,-132,-218,-27,-0.517647,-0.854902,-0.105882,0,66,213760,2026-05-22 02:38:17.451000+00:00,31.951,34.266666666666666,31.951,8779.5,20745.0,-0.008541898009737764,-0.030118667550147582,1.0050009174806758,0.0037409999118160897
2026-05-22T02:38:17.600+00:00,1779417497601017000,1030,R,7658,7908,9168,10386,7658,7908,9168,10386,19125,23380,18385,22087,-131,-218,-26,-0.513725,-0.854902,-0.101961,0,66,313760,2026-05-22 02:38:17.600000+00:00,32.1,34.3,32.1,8780.0,20744.25,-0.0028472993365792547,-0.032528552840826945,1.002580096924929,0.0013201793560693176
2026-05-22T02:38:17.601+00:00,1779417497601134000,1031,R,7657,7906,9169,10389,7657,7906,9169,10389,19124,23380,18383,22089,-130,-218,-26,-0.509804,-0.854902,-0.101961,0,66,413760,2026-05-22 02:38:17.601000+00:00,32.101,34.333333333333336,32.101,8780.25,20744.0,0.0,-0.022892945358154105,1.0005766305191222,-0.000975617953717256
2026-05-22T02:38:17.601+00:00,1779417497601206000,1032,R,7658,7908,9167,10389,7658,7908,9167,10389,19128,23381,18385,22089,-131,-217,-24,-0.513725,-0.85098,-0.094118,0,66,513760,2026-05-22 02:38:17.601000+00:00,32.101,34.36666666666667,32.101,8780.5,20745.75,0.0056947608200455585,0.0,0.9984680936058998,-0.0027918239629598496
2026-05-22T02:38:17.601+00:00,1779417497601272000,1033,R,7664,7914,9173,10396,7664,7914,9173,10396,19130,23384,18390,22100,-131,-218,-25,-0.513725,-0.854902,-0.098039,0,66,c13820,2026-05-22 02:38:17.601000+00:00,32.101,34.4,32.101,8786.75,20751.0,0.07687927107061504,0.025306388055384838,1.0021888298868633,0.0009289123180036274
2026-05-22T02:38:17.601+00:00,1779417497601335000,1034,R,7660,7919,9159,10399,7660,7919,9159,10399,19133,23387,18391,22099,-129,-219,-25,-0.505882,-0.858824,-0.098039,0,66,d13820,2026-05-22 02:38:17.601000+00:00,32.101,34.43333333333333,32.101,8784.25,20752.5,0.048405466970387244,0.036153289949385395,1.0015522484728394,0.0002923309039797317
2026-05-22T02:38:17.751+00:00,1779417497751425000,1035,R,7664,7912,9174,10395,7664,7912,9174,10395,19133,23388,18389,22104,-129,-218,-25,-0.505882,-0.854902,-0.098039,0,66,e13820,2026-05-22 02:38:17.751000+00:00,32.251,34.46666666666667,32.251,8786.25,20753.5,0.07118451025056947,0.04097372860930345,0.9981912006469503,-0.0030687169219093535
2026-05-22T02:38:17.751+00:00,1779417497751578000,1036,R,7663,7915,9176,10398,7663,7915,9176,10398,19134,23389,18392,22100,-129,-217,-25,-0.505882,-0.85098,-0.098039,0,66,f13820,2026-05-22 02:38:17.751000+00:00,32.251,34.5,32.251,8788.0,20753.75,0.09396622910675133,0.043384470769712816,0.9948342594849656,-0.006425658083894059
2026-05-22T02:38:17.751+00:00,1779417497751651000,1037,R,7665,7915,9175,10398,7665,7915,9175,10398,19135,23390,18394,22102,-130,-218,-25,-0.509804,-0.854902,-0.098039,0,66,013820,2026-05-22 02:38:17.751000+00:00,32.251,34.53333333333333,32.251,8788.25,20755.25,0.0968136905948347,0.05061521589799829,1.0001845797356608,-0.0010753378331989083
2026-05-22T02:38:17.751+00:00,1779417497751716000,1038,R,7669,7918,9183,10405,7669,7918,9183,10405,19144,23395,18398,22110,-133,-218,-26,-0.521569,-0.854902,-0.101961,0,66,713880,2026-05-22 02:38:17.751000+00:00,32.251,34.56666666666667,32.251,8793.75,20761.75,0.15945784333266894,0.08194844478723533,1.0066219235075302,0.005362005938670533
2026-05-22T02:38:17.751+00:00,1779417497751778000,1039,R,7670,7920,9182,10407,7670,7920,9182,10407,19141,23395,18399,22109,-132,-218,-26,-0.517647,-0.854902,-0.101961,0,66,813880,2026-05-22 02:38:17.751000+00:00,32.251,34.6,32.251,8794.75,20761.0,0.1708476892850024,0.07833307222309259,1.0045953870758118,0.0033354695069520712
2026-05-22T02:38:17.751+00:00,1779417497751840000,1040,R,7672,7931,9182,10425,7672,7931,9182,10425,19140,23396,18399,22114,-132,-217,-27,-0.517647,-0.85098,-0.105882,0,66,913880,2026-05-22 02:38:17.751000+00:00,32.251,34.63333333333333,32.251,8802.5,20762.25,0.25911899541558703,0.08435869316333049,1.0016667983581167,0.00040688078925699145
2026-05-22T02:38:17.900+00:00,1779417497901001000,1041,R,7669,7921,9182,10409,7669,7921,9182,10409,19143,23400,18400,22114,-130,-217,-27,-0.509804,-0.85098,-0.105882,0,66,a13880,2026-05-22 02:38:17.900000+00:00,32.4,34.666666666666664,32.4,8795.25,20764.25,0.17654261226116916,0.09399968666771111,0.9976362447004419,-0.0036236728684178043
2026-05-22T02:38:17.901+00:00,1779417497901123000,1042,R,7672,7921,9184,10409,7672,7921,9184,10409,19144,23400,18396,22113,-130,-217,-26,-0.509804,-0.85098,-0.101961,0,66,b13880,2026-05-22 02:38:17.901000+00:00,32.401,34.7,32.401,8796.5,20763.25,0.19077991970158603,0.08917918991552079,0.9972277193986336,-0.003348911120488518
2026-05-22T02:38:17.901+00:00,1779417497901196000,1043,R,7668,7914,9179,10400,7668,7914,9179,10400,19145,23393,18392,22104,-130,-220,-26,-0.509804,-0.862745,-0.101961,0,66,313950,2026-05-22 02:38:17.901000+00:00,32.401,34.733333333333334,32.401,8790.25,20758.5,0.11959338249950169,0.06628183034261681,1.0072860065353832,0.006417872099083066
2026-05-22T02:38:17.901+00:00,1779417497901262000,1044,R,7668,7913,9176,10396,7668,7913,9176,10396,19140,23393,18392,22103,-130,-218,-25,-0.509804,-0.854902,-0.098039,0,66,413950,2026-05-22 02:38:17.901000+00:00,32.401,34.766666666666666,32.401,8788.25,20757.0,0.0968136905948347,0.059051085214331334,1.0001845797356608,-0.0006835547006394105
2026-05-22T02:38:17.901+00:00,1779417497901326000,1045,R,7664,7902,9172,10381,7664,7902,9172,10381,19138,23392,18384,22091,-129,-217,-26,-0.505882,-0.85098,-0.101961,0,66,513950,2026-05-22 02:38:17.901000+00:00,32.401,34.8,32.401,8779.75,20751.25,0.0,0.031333228889237036,0.9952284179247496,-0.00534821259437257
2026-05-22T02:38:18.049+00:00,1779417498049312000,1046,R,7663,7912,9177,10392,7663,7912,9177,10392,19138,23390,18390,22094,-130,-217,-26,-0.509804,-0.85098,-0.101961,0,66,613950,2026-05-22 02:38:18.049000+00:00,32.549,34.833333333333336,32.549,8786.0,20753.0,0.07118653720208434,0.039769098205570085,0.9972277193986336,-0.003348911120488518
2026-05-22T02:38:18.049+00:00,1779417498049454000,1047,R,7663,7910,9174,10390,7663,7910,9174,10390,19134,23389,18383,22089,-131,-217,-27,-0.513725,-0.85098,-0.105882,0,66,713950,2026-05-22 02:38:18.049000+00:00,32.549,34.86666666666667,32.549,8784.25,20748.75,0.051254306785500726,0.019281987008761253,0.9996456041763,-0.000931026342822161
2026-05-22T02:38:18.049+00:00,1779417498049528000,1048,R,7654,7903,9167,10379,7654,7903,9167,10379,19123,23379,18375,22076,-131,-218,-26,-0.513725,-0.854902,-0.101961,0,66,e14010,2026-05-22 02:38:18.049000+00:00,32.549,34.9,32.549,8775.75,20738.25,-0.048405466970387244,-0.031333228889237036,1.002580096924929,0.002003466405806842
2026-05-22T02:38:18.049+00:00,1779417498049596000,1049,R,7655,7901,9166,10376,7655,7901,9166,10376,19121,23376,18375,22079,-132,-218,-26,-0.517647,-0.854902,-0.101961,0,66,f14010,2026-05-22 02:38:18.049000+00:00,32.549,34.93333333333333,32.549,8774.5,20737.75,-0.06264236902050115,-0.033743477265332195,1.0045953870758118,0.0040187565566895955
2026-05-22T02:38:18.049+00:00,1779417498049660000,1050,R,7654,7902,9164,10378,7654,7902,9164,10378,19119,23375,18373,22072,-132,-217,-26,-0.517647,-0.85098,-0.101961,0,66,014010,2026-05-22 02:38:18.049000+00:00,32.549,34.96666666666667,32.549,8774.5,20734.75,-0.06264236902050115,-0.04820496752190313,1.0012599175688597,0.0003917831325594978
2026-05-22T02:38:18.199+00:00,1779417498199563000,1051,R,7649,7904,9152,10371,7649,7904,9152,10371,19117,23368,18370,22073,-132,-219,-26,-0.517647,-0.858824,-0.101961,0,66,114010,2026-05-22 02:38:18.199000+00:00,32.699,35.0,32.699,8769.0,20732.0,-0.1252847380410023,-0.06146133359042649,1.0079350798072264,0.007066945370926225
2026-05-22T02:38:18.199+00:00,1779417498199712000,1052,R,7654,7900,9167,10374,7654,7900,9167,10374,19119,23372,18373,22076,-131,-218,-26,-0.513725,-0.854902,-0.101961,0,66,214010,2026-05-22 02:38:18.199000+00:00,32.699,35.03333333333333,32.699,8773.75,20735.0,-0.07118451025056947,-0.046999843333855554,1.002580096924929,0.0017119624886288154
2026-05-22T02:38:18.199+00:00,1779417498199787000,1053,R,7651,7902,9165,10375,7651,7902,9165,10375,19117,23369,18374,22075,-131,-218,-25,-0.513725,-0.854902,-0.098039,0,66,914070,2026-05-22 02:38:18.199000+00:00,32.699,35.06666666666667,32.699,8773.25,20733.75,-0.07687927107061504,-0.053025464274093444,1.0021888298868633,0.0013206954505631252
2026-05-22T02:38:18.199+00:00,1779417498199855000,1054,R,7653,7902,9164,10376,7653,7902,9164,10376,19112,23368,18369,22072,-131,-219,-26,-0.513725,-0.858824,-0.101961,0,66,a14070,2026-05-22 02:38:18.199000+00:00,32.699,35.1,32.699,8773.75,20730.25,-0.07118451025056947,-0.06989720290675955,1.0059264804755863,0.005058346039286121
2026-05-22T02:38:18.199+00:00,1779417498199920000,1055,R,7649,7898,9164,10374,7649,7898,9164,10374,19116,23370,18372,22073,-130,-217,-26,-0.509804,-0.85098,-0.101961,0,66,b14070,2026-05-22 02:38:18.199000+00:00,32.699,35.13333333333333,32.699,8771.25,20732.75,-0.09965831435079726,-0.05784596102628376,0.9972277193986336,-0.0036404150376665445
2026-05-22T02:38:18.350+00:00,1779417498350215000,1056,R,7652,7903,9166,10375,7652,7903,9166,10375,19113,23366,18370,22072,-129,-217,-26,-0.505882,-0.85098,-0.101961,0,66,c14070,2026-05-22 02:38:18.350000+00:00,32.85,35.166666666666664,32.85,8774.0,20730.25,-0.0683371298405467,-0.06989720290675955,0.9952284179247496,-0.0056397165115505965
2026-05-22T02:38:18.350+00:00,1779417498350257000,1057,R,7654,7901,9174,10374,7654,7901,9174,10374,19118,23367,18370,22074,-129,-217,-26,-0.505882,-0.85098,-0.101961,0,66,d14070,2026-05-22 02:38:18.350000+00:00,32.85,35.2,32.85,8775.75,20732.25,-0.048405466970387244,-0.06025620940237891,0.9952284179247496,-0.0056397165115505965
2026-05-22T02:38:18.350+00:00,1779417498350274000,1058,R,7650,7897,9163,10374,7650,7897,9163,10374,19115,23365,18369,22072,-131,-217,-25,-0.513725,-0.85098,-0.098039,0,66,e14070,2026-05-22 02:38:18.350000+00:00,32.85,35.233333333333334,32.85,8771.0,20730.25,-0.10250569476082004,-0.06869290655354432,0.9988453241348232,-0.002022810301476996
2026-05-22T02:38:18.350+00:00,1779417498350287000,1059,R,7657,7905,9168,10380,7657,7905,9168,10380,19120,23369,18373,22077,-130,-218,-26,-0.509804,-0.854902,-0.101961,0,66,814160,2026-05-22 02:38:18.350000+00:00,32.85,35.266666666666666,32.85,8777.5,20734.75,-0.02847380410022779,-0.04579582293888668,1.0005766305191222,-0.0002915039171780265
2026-05-22T02:38:18.350+00:00,1779417498350301000,1060,R,7655,7904,9165,10384,7655,7904,9165,10384,19120,23373,18373,22075,-131,-219,-26,-0.513725,-0.858824,-0.101961,0,66,914160,2026-05-22 02:38:18.350000+00:00,32.85,35.3,32.85,8777.0,20735.25,-0.03416856492027335,-0.042180871577323566,1.0059264804755863,0.005349849956464148
2026-05-22T02:38:18.501+00:00,1779417498501287000,1061,R,7657,7905,9169,10381,7657,7905,9169,10381,19123,23370,18373,22078,-131,-218,-26,-0.513725,-0.854902,-0.101961,0,66,a14160,2026-05-22 02:38:18.501000+00:00,33.001,35.333333333333336,33.001,8778.0,20736.0,-0.019932230416583617,-0.03856536829926726,1.002580096924929,0.002003466405806842
2026-05-22T02:38:18.501+00:00,1779417498501422000,1062,R,7655,7904,9170,10385,7655,7904,9170,10385,19122,23372,18374,22083,-131,-217,-26,-0.513725,-0.85098,-0.101961,0,66,b14160,2026-05-22 02:38:18.501000+00:00,33.001,35.36666666666667,33.001,8778.5,20737.75,-0.008542870974172053,-0.02651464934376243,0.9992379003750809,-0.0009466793605799051
2026-05-22T02:38:18.501+00:00,1779417498501497000,1063,R,7658,7905,9167,10384,7658,7905,9167,10384,19121,23374,18376,22079,-131,-219,-26,-0.513725,-0.858824,-0.101961,0,66,c14160,2026-05-22 02:38:18.501000+00:00,33.001,35.4,33.001,8778.5,20737.5,-0.008542870974172053,-0.0036165057321615856,1.0059264804755863,0.005741900739925532
2026-05-22T02:38:18.501+00:00,1779417498501562000,1064,R,7662,7909,9174,10394,7662,7909,9174,10394,19124,23378,18384,22090,-130,-217,-26,-0.509804,-0.85098,-0.101961,0,66,314220,2026-05-22 02:38:18.501000+00:00,33.001,35.43333333333333,33.001,8784.75,20744.0,0.06264772047726172,0.030138274402960782,0.9972277193986336,-0.002956860337027134
2026-05-22T02:38:18.501+00:00,1779417498501626000,1065,R,7662,7910,9174,10391,7662,7910,9174,10391,19127,23380,18381,22090,-131,-217,-25,-0.513725,-0.85098,-0.098039,0,66,414220,2026-05-22 02:38:18.501000+00:00,33.001,35.46666666666667,33.001,8784.25,20744.5,0.05695247316114702,0.03254933635519765,0.9988453241348232,-0.0013392556008375855
2026-05-22T02:38:18.501+00:00,1779417498501689000,1066,R,7651,7909,9163,10393,7651,7909,9163,10393,19126,23378,18379,22090,-132,-218,-25,-0.517647,-0.854902,-0.098039,0,66,514220,2026-05-22 02:38:18.501000+00:00,33.001,35.5,33.001,8779.0,20743.25,-0.0028476236580573513,0.02652168147460549,1.0042049052529072,0.004020325517246404
2026-05-22T02:38:18.650+00:00,1779417498650136000,1067,R,7663,7910,9176,10395,7663,7910,9176,10395,19129,23381,18380,22091,-130,-217,-26,-0.509804,-0.85098,-0.101961,0,66,614220,2026-05-22 02:38:18.650000+00:00,33.15,35.53333333333333,33.15,8786.0,20745.25,0.07688583876754848,0.03616592928355294,0.9972277193986336,-0.002956860337027134
2026-05-22T02:38:18.650+00:00,1779417498650290000,1068,R,7662,7911,9176,10391,7662,7911,9176,10391,19128,23383,18381,22094,-130,-220,-27,-0.509804,-0.862745,-0.105882,0,66,714220,2026-05-22 02:38:18.650000+00:00,33.15,35.56666666666667,33.15,8785.0,20746.5,0.06549534413531907,0.0421935841641451,1.00769045414006,0.007505874404399204
2026-05-22T02:38:18.650+00:00,1779417498650365000,1069,R,7669,7917,9182,10402,7669,7917,9182,10402,19134,23391,18388,22102,-132,-217,-26,-0.517647,-0.85098,-0.101961,0,66,f14290,2026-05-22 02:38:18.650000+00:00,33.15,35.6,33.15,8792.5,20753.75,0.1509240538770396,0.0771539824715796,1.0012599175688597,0.0010753378331989083
2026-05-22T02:38:18.650+00:00,1779417498650432000,1070,R,7670,7915,9183,10402,7670,7915,9183,10402,19139,23388,18389,22104,-132,-218,-26,-0.517647,-0.854902,-0.101961,0,66,014290,2026-05-22 02:38:18.650000+00:00,33.15,35.63333333333333,33.15,8792.5,20755.0,0.1509240538770396,0.08318163735217177,1.0045953870758118,0.0044108073401509795
2026-05-22T02:38:18.650+00:00,1779417498650496000,1071,R,7671,7918,9192,10407,7671,7918,9192,10407,19142,23398,18391,22106,-130,-218,-25,-0.509804,-0.854902,-0.098039,0,66,114290,2026-05-22 02:38:18.650000+00:00,33.15,35.666666666666664,33.15,8797.0,20759.25,0.20218127972207192,0.1036756639461851,1.0001845797356608,0.000538975559360777
2026-05-22T02:38:18.801+00:00,1779417498801323000,1072,R,7670,7919,9184,10406,7670,7919,9184,10406,19136,23392,18388,22106,-131,-216,-26,-0.513725,-0.847059,-0.101961,0,66,214290,2026-05-22 02:38:18.801000+00:00,33.301,35.7,33.301,8794.75,20755.5,0.17655266679955578,0.08559269930440863,0.9959007835256481,-0.004283796210012625
2026-05-22T02:38:18.801+00:00,1779417498801466000,1073,R,7670,7920,9183,10407,7670,7920,9183,10407,19141,23396,18390,22106,-132,-217,-25,-0.517647,-0.85098,-0.098039,0,66,314290,2026-05-22 02:38:18.801000+00:00,33.301,35.733333333333334,33.301,8795.0,20758.25,0.17940029045761313,0.09885354004171137,1.0008681344363002,0.0006835547006394105
2026-05-22T02:38:18.801+00:00,1779417498801542000,1074,R,7669,7912,9179,10397,7669,7912,9179,10397,19139,23391,18386,22099,-131,-217,-26,-0.513725,-0.85098,-0.101961,0,66,b14360,2026-05-22 02:38:18.801000+00:00,33.301,35.766666666666666,33.301,8789.25,20753.75,0.11390494632229405,0.0771539824715796,0.9992379003750809,-0.0009466793605799051
2026-05-22T02:38:18.801+00:00,1779417498801609000,1075,R,7668,7910,9179,10395,7668,7910,9179,10395,19137,23388,18380,22092,-132,-216,-26,-0.517647,-0.847059,-0.101961,0,66,c14360,2026-05-22 02:38:18.801000+00:00,33.301,35.8,33.301,8788.0,20749.25,0.10251737099897483,0.05545442490144784,0.9979295624496751,-0.002647068069447034
2026-05-22T02:38:18.801+00:00,1779417498801675000,1076,R,7666,7909,9179,10390,7666,7909,9179,10390,19138,23389,18378,22091,-132,-216,-26,-0.517647,-0.847059,-0.101961,0,66,d14360,2026-05-22 02:38:18.801000+00:00,33.301,35.833333333333336,33.301,8786.0,20749.0,0.07973573299920264,0.055455093429776975,0.9979295624496751,-0.002647068069447034
2026-05-22T02:38:18.949+00:00,1779417498949982000,1077,R,7665,7911,9177,10388,7665,7911,9177,10388,19134,23383,18376,22087,-132,-217,-25,-0.517647,-0.85098,-0.098039,0,66,e14360,2026-05-22 02:38:18.949000+00:00,33.449,35.86666666666667,33.449,8785.25,20745.0,0.07689240758671755,0.038578386458986355,1.0008681344363002,0.0
2026-05-22T02:38:18.950+00:00,1779417498950063000,1078,R,7666,7907,9175,10389,7666,7907,9175,10389,19133,23384,18374,22088,-132,-219,-25,-0.517647,-0.858824,-0.098039,0,66,f14360,2026-05-22 02:38:18.950000+00:00,33.45,35.9,33.45,8784.25,20744.75,0.06550093979609273,0.04219714506172839,1.0075458923076408,0.006677757871340617
2026-05-22T02:38:18.950+00:00,1779417498950092000,1079,R,7656,7898,9171,10378,7656,7898,9171,10378,19120,23370,18366,22067,-132,-219,-27,-0.517647,-0.858824,-0.105882,0,66,714430,2026-05-22 02:38:18.950000+00:00,33.45,35.93333333333333,33.45,8775.75,20730.75,-0.03132653642421826,-0.02531828703703704,1.0083392670668936,0.007471132630593402
2026-05-22T02:38:18.950+00:00,1779417498950118000,1080,R,7655,7899,9168,10375,7655,7899,9168,10375,19120,23367,18368,22071,-133,-219,-27,-0.521569,-0.858824,-0.105882,0,66,814430,2026-05-22 02:38:18.950000+00:00,33.45,35.96666666666667,33.45,8774.25,20731.5,-0.048413738110155494,-0.018085144862010346,1.0103582942011216,0.009490159764821371
2026-05-22T02:38:18.950+00:00,1779417498950143000,1081,R,7656,7899,9169,10375,7656,7899,9169,10375,19120,23369,18368,22069,-131,-218,-27,-0.513725,-0.854902,-0.105882,0,66,914430,2026-05-22 02:38:18.950000+00:00,33.45,36.0,33.45,8774.75,20731.5,-0.042718004214843085,-0.018085144862010346,1.0029864421581183,0.0021183077218180912
2026-05-22T02:38:19.099+00:00,1779417499099370000,1082,R,7653,7901,9167,10376,7653,7901,9167,10376,19117,23368,18367,22067,-131,-220,-26,-0.513725,-0.862745,-0.101961,0,66,a14430,2026-05-22 02:38:19.099000+00:00,33.599,36.03333333333333,33.599,8774.25,20729.75,-0.048413738110155494,-0.026524879130948507,1.0092761545637547,0.008408020127454563
2026-05-22T02:38:19.099+00:00,1779417499099439000,1083,R,7658,7902,9169,10376,7658,7902,9169,10376,19117,23368,18369,22070,-132,-218,-26,-0.517647,-0.854902,-0.101961,0,66,b14430,2026-05-22 02:38:19.099000+00:00,33.599,36.06666666666667,33.599,8776.25,20731.0,-0.02563080252890585,-0.02049649751027839,1.0045953870758118,0.003727252639511569
2026-05-22T02:38:19.099+00:00,1779417499099469000,1084,R,7657,7902,9169,10378,7657,7902,9169,10378,19117,23363,18369,22069,-130,-216,-27,-0.509804,-0.847059,-0.105882,0,66,c14430,2026-05-22 02:38:19.099000+00:00,33.599,36.1,33.599,8776.5,20729.5,-0.022782935581249643,-0.027730555455082528,0.9942937522789732,-0.0065743821573269745
2026-05-22T02:38:19.099+00:00,1779417499099495000,1085,R,7656,7898,9167,10374,7656,7898,9167,10374,19114,23364,18367,22068,-129,-217,-28,-0.505882,-0.85098,-0.109804,0,66,214480,2026-05-22 02:38:19.099000+00:00,33.599,36.13333333333333,33.599,8773.75,20728.25,-0.0541094720054679,-0.03375893707575264,0.9960624863631798,-0.004805648073120339
2026-05-22T02:38:19.099+00:00,1779417499099521000,1086,R,7653,7897,9166,10373,7653,7897,9166,10373,19117,23366,18367,22070,-129,-217,-26,-0.505882,-0.85098,-0.101961,0,66,314480,2026-05-22 02:38:19.099000+00:00,33.599,36.166666666666664,33.599,8772.25,20730.0,-0.07119667369140514,-0.025319202806814482,0.9952284179247496,-0.0056397165115505965
2026-05-22T02:38:19.250+00:00,1779417499250314000,1087,R,7654,7898,9166,10373,7654,7898,9166,10373,19116,23364,18365,22068,-130,-217,-27,-0.509804,-0.85098,-0.105882,0,66,414480,2026-05-22 02:38:19.250000+00:00,33.75,36.2,33.75,8772.75,20728.25,-0.06550093979609273,-0.03375893707575264,0.9976362447004419,-0.0033475443511092884
2026-05-22T02:38:19.250+00:00,1779417499250510000,1088,R,7656,7899,9166,10375,7656,7899,9166,10375,19112,23361,18366,22066,-130,-217,-26,-0.509804,-0.85098,-0.101961,0,66,514480,2026-05-22 02:38:19.250000+00:00,33.75,36.233333333333334,33.75,8774.0,20726.25,-0.0512616050578117,-0.043404347668824825,0.9972277193986336,-0.004032198170226042
2026-05-22T02:38:19.250+00:00,1779417499250586000,1089,R,7656,7902,9166,10377,7656,7902,9166,10377,19113,23364,18367,22069,-132,-218,-26,-0.517647,-0.854902,-0.101961,0,66,614480,2026-05-22 02:38:19.250000+00:00,33.75,36.266666666666666,33.75,8775.25,20728.25,-0.03702227031953067,-0.03375893707575264,1.0045953870758118,0.0033354695069520712
2026-05-22T02:38:19.250+00:00,1779417499250652000,1090,R,7658,7903,9170,10380,7658,7903,9170,10380,19119,23367,18371,22076,-129,-218,-26,-0.505882,-0.854902,-0.101961,0,67,f14560,2026-05-22 02:38:19.250000+00:00,33.75,36.3,33.75,8777.75,20733.25,-0.008543600842968617,-0.009645410593072183,0.9985840340447069,-0.0026758835241528223
2026-05-22T02:38:19.250+00:00,1779417499250715000,1091,R,7662,7903,9171,10380,7662,7903,9171,10380,19120,23369,18372,22075,-129,-218,-26,-0.505882,-0.854902,-0.101961,0,67,014560,2026-05-22 02:38:19.250000+00:00,33.75,36.333333333333336,33.75,8779.0,20734.0,0.005695733895312411,-0.006028381620670115,0.9985840340447069,-0.0026758835241528223
2026-05-22T02:38:19.250+00:00,1779417499250778000,1092,R,7660,7904,9171,10382,7660,7904,9171,10382,19120,23366,18375,22080,-129,-218,-26,-0.505882,-0.854902,-0.101961,0,67,114560,2026-05-22 02:38:19.250000+00:00,33.75,36.36666666666667,33.75,8779.25,20735.25,0.005695571693008686,0.004822937892617288,0.9985840340447069,-0.0026758835241528223
2026-05-22T02:38:19.399+00:00,1779417499399679000,1093,R,7659,7905,9170,10383,7659,7905,9170,10383,19124,23370,18375,22079,-129,-218,-26,-0.505882,-0.854902,-0.101961,0,67,214560,2026-05-22 02:38:19.399000+00:00,33.899,36.4,33.899,8779.25,20737.0,0.005695571693008686,0.014468988135429729,0.9985840340447069,-0.0026758835241528223
2026-05-22T02:38:19.399+00:00,1779417499399829000,1094,R,7661,7906,9172,10385,7661,7906,9172,10385,19117,23368,18375,22077,-131,-217,-27,-0.513725,-0.85098,-0.105882,0,67,314560,2026-05-22 02:38:19.399000+00:00,33.899,36.43333333333333,33.899,8781.0,20734.25,0.025630072618539085,0.0012057490112858107,0.9996456041763,-0.0016143133925596853
2026-05-22T02:38:19.399+00:00,1779417499399903000,1095,R,7664,7911,9174,10391,7664,7911,9174,10391,19127,23378,18376,22085,-130,-217,-27,-0.509804,-0.85098,-0.105882,0,67,b14630,2026-05-22 02:38:19.399000+00:00,33.899,36.46666666666667,33.899,8785.0,20741.5,0.07119464616260857,0.03617247033857432,0.9976362447004419,-0.0036236728684178043
2026-05-22T02:38:19.399+00:00,1779417499399970000,1096,R,7665,7913,9179,10392,7665,7913,9179,10392,19130,23379,18383,22088,-129,-218,-27,-0.505882,-0.854902,-0.105882,0,67,c14630,2026-05-22 02:38:19.399000+00:00,33.899,36.5,33.899,8787.25,20745.0,0.09682471878114766,0.053052956496575675,0.9989920046987364,-0.00226791287012329
2026-05-22T02:38:19.400+00:00,1779417499400224000,1097,R,7667,7908,9176,10391,7667,7908,9176,10391,19130,23376,18383,22089,-130,-217,-27,-0.509804,-0.85098,-0.105882,0,67,d14630,2026-05-22 02:38:19.400000+00:00,33.9,36.53333333333333,33.9,8785.5,20744.5,0.07689021785561725,0.05064145847400405,0.9976362447004419,-0.0036236728684178043
2026-05-22T02:38:19.550+00:00,1779417499550124000,1098,R,7667,7913,9179,10396,7667,7913,9179,10396,19131,23379,18381,22087,-130,-219,-27,-0.509804,-0.858824,-0.105882,0,67,e14630,2026-05-22 02:38:19.550000+00:00,34.05,36.56666666666667,34.05,8788.75,20744.5,0.11391143386017372,0.05064145847400405,1.0043354914150948,0.0030755738462351356
2026-05-22T02:38:19.550+00:00,1779417499550259000,1099,R,7667,7911,9180,10396,7667,7911,9180,10396,19132,23378,18383,22091,-131,-218,-27,-0.513725,-0.854902,-0.105882,0,67,f14630,2026-05-22 02:38:19.550000+00:00,34.05,36.6,34.05,8788.5,20746.0,0.11106364801366937,0.057875952541718914,1.0029864421581183,0.0017265245892585934
2026-05-22T02:38:19.550+00:00,1779417499550333000,1100,R,7673,7916,9185,10403,7673,7916,9185,10403,19138,23390,18390,22102,-130,-218,-27,-0.509804,-0.854902,-0.105882,0,67,714700,2026-05-22 02:38:19.550000+00:00,34.05,36.63333333333333,34.05,8794.25,20755.0,0.17656272248326926,0.1012829169480081,1.0009837890515512,-0.0013665782472294108
2026-05-22T02:38:19.550+00:00,1779417499550400000,1101,R,7673,7916,9185,10407,7673,7916,9185,10407,19137,23388,18390,22104,-129,-218,-28,-0.505882,-0.854902,-0.109804,0,67,814700,2026-05-22 02:38:19.550000+00:00,34.05,36.666666666666664,34.05,8795.25,20754.75,0.18795386586928664,0.10007716793672229,0.9994153020361456,-0.002935065262634984
2026-05-22T02:38:19.550+00:00,1779417499550463000,1102,R,7673,7917,9183,10404,7673,7917,9183,10404,19137,23387,18391,22100,-131,-219,-26,-0.513725,-0.858824,-0.101961,0,67,914700,2026-05-22 02:38:19.550000+00:00,34.05,36.7,34.05,8794.25,20753.75,0.17656272248326926,0.09525417189157905,1.0059264804755863,0.0035761131768057286
2026-05-22T02:38:19.701+00:00,1779417499701206000,1103,R,7669,7914,9183,10399,7669,7914,9183,10399,19139,23382,18386,22095,-132,-219,-27,-0.517647,-0.858824,-0.105882,0,67,a14700,2026-05-22 02:38:19.701000+00:00,34.201,36.733333333333334,34.201,8791.25,20750.5,0.14238929232521713,0.07957943474486351,1.0083392670668936,0.00598889976811301
2026-05-22T02:38:19.701+00:00,1779417499701332000,1104,R,7670,7914,9180,10394,7670,7914,9180,10394,19137,23385,18381,22094,-131,-220,-26,-0.513725,-0.862745,-0.101961,0,67,b14700,2026-05-22 02:38:19.701000+00:00,34.201,36.766666666666666,34.201,8789.5,20749.25,0.12245479139968675,0.07355068968843445,1.0092761545637547,0.00692578726497417
2026-05-22T02:38:19.701+00:00,1779417499701406000,1105,R,7663,7900,9171,10378,7663,7900,9171,10378,19124,23373,18373,22074,-133,-217,-27,-0.521569,-0.85098,-0.105882,0,67,314770,2026-05-22 02:38:19.701000+00:00,34.201,36.8,34.201,8778.0,20736.0,-0.00854335753951303,0.009645992090286486,1.0036992478252635,0.001348880526482965
2026-05-22T02:38:19.701+00:00,1779417499701483000,1106,R,7660,7890,9169,10379,7660,7890,9169,10379,19120,23370,18369,22069,-131,-217,-27,-0.513725,-0.85098,-0.105882,0,67,414770,2026-05-22 02:38:19.701000+00:00,34.201,36.833333333333336,34.201,8774.5,20732.0,-0.04841235939057383,-0.009645992090286486,0.9996456041763,-0.00270476312248058
2026-05-22T02:38:19.701+00:00,1779417499701548000,1107,R,7659,7899,9171,10373,7659,7899,9171,10373,19117,23367,18368,22072,-132,-217,-26,-0.517647,-0.85098,-0.101961,0,67,514770,2026-05-22 02:38:19.701000+00:00,34.201,36.86666666666667,34.201,8775.5,20731.0,-0.037021216004556455,-0.014468988135429729,1.0012599175688597,-0.0013201793560693176
2026-05-22T02:38:19.851+00:00,1779417499851162000,1108,R,7659,7900,9169,10372,7659,7900,9169,10372,19116,23362,18364,22068,-131,-218,-26,-0.513725,-0.854902,-0.101961,0,67,614770,2026-05-22 02:38:19.851000+00:00,34.351,36.9,34.351,8775.0,20727.5,-0.042716787697565144,-0.03134947429343108,1.002580096924929,0.0
2026-05-22T02:38:19.851+00:00,1779417499851290000,1109,R,7657,7901,9169,10371,7657,7901,9169,10371,19116,23363,18368,22066,-132,-218,-26,-0.517647,-0.854902,-0.101961,0,67,714770,2026-05-22 02:38:19.851000+00:00,34.351,36.93333333333333,34.351,8774.5,20728.25,-0.04841235939057383,-0.027732227259573645,1.0045953870758118,0.0020152901508827537
2026-05-22T02:38:19.851+00:00,1779417499851367000,1110,R,7656,7897,9166,10368,7656,7897,9166,10368,19118,23362,18368,22065,-131,-219,-26,-0.513725,-0.858824,-0.101961,0,67,814770,2026-05-22 02:38:19.851000+00:00,34.351,36.96666666666667,34.351,8771.75,20728.25,-0.08258343774917416,-0.028937627355703727,1.0059264804755863,0.003346383550657306
2026-05-22T02:38:19.851+00:00,1779417499851434000,1111,R,7654,7896,9164,10369,7654,7896,9164,10369,19115,23357,18365,22060,-131,-218,-26,-0.513725,-0.854902,-0.101961,0,67,f14830,2026-05-22 02:38:19.851000+00:00,34.351,37.0,34.351,8770.75,20724.25,-0.09397425674906026,-0.05304975826189701,1.002580096924929,0.00022972962614842274
2026-05-22T02:38:19.851+00:00,1779417499851497000,1112,R,7656,7888,9153,10355,7656,7888,9153,10355,19114,23358,18364,22061,-131,-218,-26,-0.513725,-0.854902,-0.101961,0,67,014830,2026-05-22 02:38:19.851000+00:00,34.351,37.03333333333333,34.351,8763.0,20724.25,-0.18225310399817746,-0.05304975826189701,1.002580096924929,0.00022972962614842274
2026-05-22T02:38:20.001+00:00,1779417500001412000,1113,R,7654,7895,9165,10367,7654,7895,9165,10367,19112,23356,18366,22058,-131,-220,-26,-0.513725,-0.862745,-0.101961,0,67,114830,2026-05-22 02:38:20.001000+00:00,34.501,37.06666666666667,34.501,8770.25,20723.0,-0.09966966624900331,-0.059078139882567125,1.0092761545637547,0.007463296214951232
2026-05-22T02:38:20.001+00:00,1779417500001574000,1114,R,7654,7895,9163,10367,7654,7895,9163,10367,19112,23356,18361,22060,-131,-218,-26,-0.513725,-0.854902,-0.101961,0,67,214830,2026-05-22 02:38:20.001000+00:00,34.501,37.1,34.501,8769.75,20722.25,-0.10536507574894635,-0.06269516885496919,1.002580096924929,0.0013201793560693176
2026-05-22T02:38:20.001+00:00,1779417500001652000,1115,R,7655,7897,9162,10366,7655,7897,9162,10366,19113,23358,18363,22058,-130,-218,-26,-0.509804,-0.854902,-0.101961,0,67,314830,2026-05-22 02:38:20.001000+00:00,34.501,37.13333333333333,34.501,8770.0,20723.0,-0.10251737099897483,-0.059078139882567125,1.0005766305191222,-0.0006832870497375243
2026-05-22T02:38:20.001+00:00,1779417500001904000,1116,R,7655,7898,9163,10367,7655,7898,9163,10367,19113,23357,18365,22064,-131,-218,-27,-0.513725,-0.854902,-0.105882,0,67,a14890,2026-05-22 02:38:20.001000+00:00,34.501,37.166666666666664,34.501,8770.75,20724.75,-0.09397425674906026,-0.050638405613628965,1.0029864421581183,0.00117358380931476
2026-05-22T02:38:20.002+00:00,1779417500002014000,1117,R,7655,7897,9164,10369,7655,7897,9164,10369,19113,23357,18365,22060,-131,-218,-27,-0.513725,-0.854902,-0.105882,0,67,b14890,2026-05-22 02:38:20.002000+00:00,34.502,37.2,34.502,8771.25,20723.75,-0.0882788472491172,-0.055461110910165055,1.0029864421581183,0.00117358380931476
2026-05-22T02:38:20.002+00:00,1779417500002089000,1118,R,7649,7901,9157,10375,7649,7901,9157,10375,19115,23356,18366,22062,-132,-218,-26,-0.517647,-0.854902,-0.101961,0,67,c14890,2026-05-22 02:38:20.002000+00:00,34.502,37.233333333333334,34.502,8770.5,20724.75,-0.09682196149903179,-0.050638405613628965,1.0045953870758118,0.0027825287270082377
2026-05-22T02:38:20.149+00:00,1779417500149218000,1119,R,7654,7898,9165,10371,7654,7898,9165,10371,19114,23358,18368,22066,-133,-216,-26,-0.521569,-0.847059,-0.101961,0,67,d14890,2026-05-22 02:38:20.149000+00:00,34.649,37.266666666666666,34.649,8772.0,20726.5,-0.07973573299920264,-0.042198671344690804,0.9999696079196607,-0.0018432504291427954
2026-05-22T02:38:20.149+00:00,1779417500149354000,1120,R,7656,7900,9166,10373,7656,7900,9166,10373,19115,23356,18368,22067,-133,-217,-26,-0.521569,-0.85098,-0.101961,0,67,e14890,2026-05-22 02:38:20.149000+00:00,34.649,37.3,34.649,8773.75,20726.5,-0.05980179974940198,-0.042198671344690804,1.003293191286575,0.0016263929284583423
2026-05-22T02:38:20.149+00:00,1779417500149430000,1121,R,7664,7902,9171,10378,7664,7902,9171,10378,19121,23362,18371,22072,-130,-218,-27,-0.509804,-0.854902,-0.105882,0,67,514950,2026-05-22 02:38:20.149000+00:00,34.649,37.333333333333336,34.649,8778.75,20731.5,-0.0028477047499715228,-0.018085144862010346,1.0009837890515512,-0.0008290692972523495
2026-05-22T02:38:20.149+00:00,1779417500149505000,1122,R,7662,7905,9170,10378,7662,7905,9170,10378,19121,23368,18371,22072,-131,-218,-26,-0.513725,-0.854902,-0.101961,0,67,614950,2026-05-22 02:38:20.149000+00:00,34.649,37.36666666666667,34.649,8778.75,20733.0,-0.005695247316114703,-0.010851086917206206,1.002580096924929,0.0007672385761254841
2026-05-22T02:38:20.149+00:00,1779417500149579000,1123,R,7661,7904,9169,10379,7661,7904,9169,10379,19120,23364,18371,22074,-131,-218,-26,-0.513725,-0.854902,-0.101961,0,67,714950,2026-05-22 02:38:20.149000+00:00,34.649,37.4,34.649,8778.25,20732.25,-0.011390494632229405,-0.015673603240818887,1.002580096924929,0.00022972962614842274
2026-05-22T02:38:20.298+00:00,1779417500298999000,1124,R,7679,7895,9188,10383,7679,7895,9188,10383,19124,23368,18373,22076,-131,-218,-26,-0.513725,-0.854902,-0.101961,0,67,814950,2026-05-22 02:38:20.298000+00:00,34.798,37.43333333333333,34.798,8786.25,20735.25,0.07403399869016772,-0.001205661787755299,1.002580096924929,0.00022972962614842274
2026-05-22T02:38:20.299+00:00,1779417500299054000,1125,R,7663,7902,9172,10379,7663,7902,9172,10379,19123,23367,18376,22076,-132,-217,-25,-0.517647,-0.85098,-0.098039,0,67,914950,2026-05-22 02:38:20.299000+00:00,34.799,37.46666666666667,34.799,8779.0,20735.5,-0.008542384464250121,-0.0024112654320987653,1.0008681344363002,-0.0014822328624803927
2026-05-22T02:38:20.299+00:00,1779417500299140000,1126,R,7667,7909,9176,10388,7667,7909,9176,10388,19129,23374,18382,22089,-127,-218,-27,-0.498039,-0.854902,-0.105882,0,67,115020,2026-05-22 02:38:20.299000+00:00,34.799,37.5,34.799,8785.0,20743.5,0.059796691249750844,0.03616898148148148,0.9950433523465197,-0.007307014952260826
2026-05-22T02:38:20.299+00:00,1779417500299156000,1127,R,7668,7906,9176,10392,7668,7906,9176,10392,19129,23372,18382,22086,-128,-219,-27,-0.501961,-0.858824,-0.105882,0,67,215020,2026-05-22 02:38:20.299000+00:00,34.799,37.53333333333333,34.799,8785.5,20742.25,0.0654916142259176,0.030140817901234566,1.0003771820773404,-0.0022029148475886107
2026-05-22T02:38:20.299+00:00,1779417500299169000,1128,R,7669,7912,9177,10393,7669,7912,9177,10393,19131,23372,18382,22085,-129,-219,-27,-0.505882,-0.858824,-0.105882,0,67,315020,2026-05-22 02:38:20.299000+00:00,34.799,37.56666666666667,34.799,8787.75,20742.5,0.09111876761866795,0.03134645061728395,1.0023503672987806,-0.00022972962614842274
2026-05-22T02:38:20.448+00:00,1779417500448977000,1129,R,7668,7911,9173,10385,7668,7911,9173,10385,19127,23374,18383,22083,-130,-219,-26,-0.509804,-0.858824,-0.101961,0,67,415020,2026-05-22 02:38:20.448000+00:00,34.948,37.6,34.948,8784.25,20741.75,0.051254306785500726,0.027729552469135804,1.0039296922160437,0.0013495952911146691
2026-05-22T02:38:20.449+00:00,1779417500449028000,1130,R,7670,7912,9178,10394,7670,7912,9178,10394,19131,23378,18389,22089,-133,-217,-26,-0.521569,-0.85098,-0.101961,0,67,515020,2026-05-22 02:38:20.449000+00:00,34.949,37.63333333333333,34.949,8788.5,20746.75,0.09966115208291808,0.051842206790123455,1.003293191286575,0.0007130943616460161
2026-05-22T02:38:20.449+00:00,1779417500449045000,1131,R,7671,7916,9178,10393,7671,7916,9178,10393,19135,23378,18388,22089,-135,-218,-26,-0.529412,-0.854902,-0.101961,0,67,615020,2026-05-22 02:38:20.449000+00:00,34.949,37.666666666666664,34.949,8789.5,20747.5,0.11105099803525158,0.05545910493827161,1.010707940440264,0.00812784351533491
2026-05-22T02:38:20.449+00:00,1779417500449058000,1132,R,7676,7919,9184,10403,7676,7919,9184,10403,19142,23386,18393,22102,-131,-215,-26,-0.513725,-0.843137,-0.101961,0,67,c15070,2026-05-22 02:38:20.449000+00:00,34.949,37.7,34.949,8795.5,20755.75,0.17939007374925253,0.09524498456790123,0.9925670868586164,-0.010013010066312611
2026-05-22T02:38:20.449+00:00,1779417500449071000,1133,R,7675,7916,9185,10401,7675,7916,9185,10401,19140,23384,18391,22105,-131,-216,-26,-0.513725,-0.847059,-0.101961,0,67,d15070,2026-05-22 02:38:20.449000+00:00,34.949,37.733333333333334,34.949,8794.25,20755.0,0.16515276630883569,0.09162808641975309,0.9959007835256481,-0.006679313399280851
2026-05-22T02:38:20.599+00:00,1779417500600015000,1134,R,7679,7919,9187,10406,7679,7919,9187,10406,19143,23386,18394,22106,-131,-217,-26,-0.513725,-0.85098,-0.101961,0,67,e15070,2026-05-22 02:38:20.599000+00:00,35.099,37.766666666666666,35.099,8797.75,20757.25,0.2050172271420029,0.10247878086419752,0.9992379003750809,-0.003342196549848131
2026-05-22T02:38:20.600+00:00,1779417500600141000,1135,R,7678,7919,9186,10405,7678,7919,9186,10405,19145,23387,18390,22103,-131,-216,-27,-0.513725,-0.847059,-0.105882,0,67,f15070,2026-05-22 02:38:20.600000+00:00,35.1,37.8,35.1,8797.0,20756.25,0.19647484267775278,0.09765625,0.9963098529222724,-0.006270244002656633
2026-05-22T02:38:20.600+00:00,1779417500600216000,1136,R,7681,7918,9186,10407,7681,7918,9186,10407,19147,23390,18392,22108,-130,-218,-27,-0.509804,-0.854902,-0.105882,0,67,015070,2026-05-22 02:38:20.600000+00:00,35.1,37.833333333333336,35.1,8798.0,20759.25,0.1935998177884068,0.10608928377677851,1.0009837890515512,-0.0015963078733778335
2026-05-22T02:38:20.600+00:00,1779417500600281000,1137,R,7668,7908,9175,10383,7668,7908,9175,10383,19129,23376,18377,22082,-132,-218,-27,-0.517647,-0.854902,-0.105882,0,67,715130,2026-05-22 02:38:20.600000+00:00,35.1,37.86666666666667,35.1,8783.5,20741.0,0.022775152308831065,0.018083400643769062,1.0050009174806758,0.002420820555746772
2026-05-22T02:38:20.600+00:00,1779417500600344000,1138,R,7669,7906,9175,10380,7669,7906,9175,10380,19133,23377,18379,22077,-131,-218,-27,-0.513725,-0.854902,-0.105882,0,67,815130,2026-05-22 02:38:20.600000+00:00,35.1,37.9,35.1,8782.5,20741.5,0.0,0.01687723020542,1.0029864421581183,0.00040634523318927585
2026-05-22T02:38:20.897+00:00,1779417500897913000,1139,R,7669,7906,9174,10381,7669,7906,9174,10381,19132,23373,18380,22080,-131,-218,-27,-0.513725,-0.854902,-0.105882,0,67,915130,2026-05-22 02:38:20.897000+00:00,35.397,37.93333333333333,35.397,8782.5,20741.25,0.0,0.013260361164018613,1.0029864421581183,0.00040634523318927585
2026-05-22T02:38:20.898+00:00,1779417500898059000,1140,R,7666,7905,9174,10379,7666,7905,9174,10379,19130,23372,18380,22079,-131,-217,-27,-0.513725,-0.85098,-0.105882,0,67,a15130,2026-05-22 02:38:20.898000+00:00,35.398,37.96666666666667,35.398,8781.0,20740.25,-0.025616941337204338,0.0048217751365165085,0.9996456041763,-0.00270476312248058
2026-05-22T02:38:20.898+00:00,1779417500898135000,1141,R,7667,7905,9171,10376,7667,7905,9171,10376,19128,23367,18379,22075,-132,-217,-26,-0.517647,-0.85098,-0.101961,0,67,b15130,2026-05-22 02:38:20.898000+00:00,35.398,38.0,35.398,8779.75,20737.25,-0.03984857541342897,-0.014464627957715071,1.0012599175688597,-0.0005529407799438335
2026-05-22T02:38:20.898+00:00,1779417500898201000,1142,R,7659,7899,9167,10366,7659,7899,9167,10366,19120,23355,18367,22060,-133,-217,-25,-0.521569,-0.85098,-0.098039,0,67,315200,2026-05-22 02:38:20.898000+00:00,35.398,38.03333333333333,35.398,8772.75,20725.5,-0.12238856947686003,-0.07111775412543243,1.0029022024514653,0.0012354040933486576
2026-05-22T02:38:20.898+00:00,1779417500898265000,1143,R,7659,7900,9166,10366,7659,7900,9166,10366,19119,23356,18366,22062,-131,-218,-24,-0.513725,-0.854902,-0.094118,0,67,415200,2026-05-22 02:38:20.898000+00:00,35.398,38.06666666666667,35.398,8772.75,20725.75,-0.12238856947686003,-0.06991236846228951,1.0018128583488035,0.00014605999068684206
2026-05-22T02:38:20.898+00:00,1779417500898327000,1144,R,7661,7901,9168,10370,7661,7901,9168,10370,19117,23359,18375,22062,-131,-217,-25,-0.513725,-0.85098,-0.098039,0,67,515200,2026-05-22 02:38:20.898000+00:00,35.398,38.1,35.398,8775.0,20728.25,-0.09677235726077305,-0.057858511830860285,0.9988453241348232,-0.0028214742232934853
2026-05-22T02:38:20.904+00:00,1779417500904526000,1145,R,7659,7899,9165,10368,7659,7899,9165,10368,19117,23361,18366,22063,-131,-217,-26,-0.513725,-0.85098,-0.101961,0,67,615200,2026-05-22 02:38:20.904000+00:00,35.404,38.13333333333333,35.404,8772.75,20726.75,-0.12238856947686003,-0.06509082580971783,0.9992379003750809,-0.0020220171937788134
2026-05-22T02:38:20.904+00:00,1779417500904604000,1146,R,7660,7900,9166,10367,7660,7900,9166,10367,19122,23357,18369,22063,-131,-218,-26,-0.513725,-0.854902,-0.101961,0,67,715200,2026-05-22 02:38:20.904000+00:00,35.404,38.166666666666664,35.404,8773.25,20727.75,-0.11669607787328513,-0.06026928315714613,1.002580096924929,0.0013201793560693176
2026-05-22T02:38:20.904+00:00,1779417500904668000,1147,R,7660,7899,9164,10371,7660,7899,9164,10371,19118,23360,18371,22065,-132,-217,-26,-0.517647,-0.85098,-0.101961,0,67,215300,2026-05-22 02:38:20.904000+00:00,35.404,38.2,35.404,8773.5,20728.5,-0.1138498320714977,-0.05665312616771736,1.0012599175688597,0.0
2026-05-22T02:38:20.904+00:00,1779417500904729000,1148,R,7663,7901,9167,10369,7663,7901,9167,10369,19118,23359,18369,22064,-132,-217,-27,-0.517647,-0.85098,-0.105882,0,67,315300,2026-05-22 02:38:20.904000+00:00,35.404,38.233333333333334,35.404,8775.0,20727.5,-0.09677235726077305,-0.06147466882028905,1.0016667983581167,0.00040688078925699145
2026-05-22T02:38:20.904+00:00,1779417500904789000,1149,R,7661,7902,9170,10370,7661,7902,9170,10370,19119,23360,18368,22064,-131,-217,-27,-0.513725,-0.85098,-0.105882,0,67,415300,2026-05-22 02:38:20.904000+00:00,35.404,38.266666666666666,35.404,8775.75,20727.75,-0.08823361985541071,-0.06026928315714613,0.9996456041763,-0.0016143133925596853
2026-05-22T02:38:21.051+00:00,1779417501051741000,1150,R,7661,7904,9166,10370,7661,7904,9166,10370,19117,23358,18373,22066,-132,-217,-26,-0.517647,-0.85098,-0.101961,0,67,515300,2026-05-22 02:38:21.051000+00:00,35.551,38.3,35.551,8775.25,20728.5,-0.09392611145898559,-0.05665312616771736,1.0012599175688597,0.0
2026-05-22T02:38:21.051+00:00,1779417501051791000,1151,R,7664,7903,9168,10373,7664,7903,9168,10373,19119,23356,18373,22066,-131,-218,-27,-0.513725,-0.854902,-0.105882,0,67,615300,2026-05-22 02:38:21.051000+00:00,35.551,38.333333333333336,35.551,8777.0,20728.5,-0.0768464494094208,-0.05665312616771736,1.0029864421581183,0.0017265245892585934
2026-05-22T02:38:21.051+00:00,1779417501051807000,1152,R,7669,7907,9171,10379,7669,7907,9171,10379,19125,23369,18377,22078,-130,-217,-26,-0.509804,-0.85098,-0.101961,0,67,e15370,2026-05-22 02:38:21.051000+00:00,35.551,38.36666666666667,35.551,8781.5,20737.25,-0.0256154831364736,-0.014464627957715071,0.9972277193986336,-0.004032198170226042
2026-05-22T02:38:21.051+00:00,1779417501051821000,1153,R,7670,7907,9174,10382,7670,7907,9174,10382,19128,23366,18381,22079,-131,-218,-27,-0.513725,-0.854902,-0.105882,0,67,f15370,2026-05-22 02:38:21.051000+00:00,35.551,38.4,35.551,8783.25,20738.5,-0.005692329585883023,-0.008437699642000458,1.0029864421581183,0.0017265245892585934
2026-05-22T02:38:21.051+00:00,1779417501051834000,1154,R,7669,7906,9176,10382,7669,7906,9176,10382,19131,23370,18375,22081,-130,-218,-26,-0.509804,-0.854902,-0.101961,0,67,015370,2026-05-22 02:38:21.051000+00:00,35.551,38.43333333333333,35.551,8783.25,20739.25,-0.00853825136612022,-0.00482154265257169,1.0005766305191222,-0.0006832870497375243
2026-05-22T02:38:21.202+00:00,1779417501202413000,1155,R,7669,7908,9176,10382,7669,7908,9176,10382,19127,23369,18378,22078,-130,-217,-26,-0.509804,-0.85098,-0.101961,0,67,115370,2026-05-22 02:38:21.202000+00:00,35.702,38.46666666666667,35.702,8783.75,20738.0,-0.0028460837887067394,-0.010848470968286303,0.9972277193986336,-0.0037560696529175264
2026-05-22T02:38:21.202+00:00,1779417501202454000,1156,R,7669,7906,9176,10385,7669,7906,9176,10385,19134,23368,18379,22080,-129,-217,-26,-0.505882,-0.85098,-0.101961,0,66,215370,2026-05-22 02:38:21.202000+00:00,35.702,38.5,35.702,8784.0,20740.25,0.0,0.0,0.9952284179247496,-0.005755371126801578
2026-05-22T02:38:21.202+00:00,1779417501202471000,1157,R,7670,7909,9177,10383,7670,7909,9177,10383,19131,23372,18377,22081,-131,-218,-26,-0.513725,-0.854902,-0.101961,0,66,315370,2026-05-22 02:38:21.202000+00:00,35.702,38.53333333333333,35.702,8784.75,20740.25,0.00853825136612022,0.0,1.002580096924929,0.0015963078733778335
2026-05-22T02:38:21.202+00:00,1779417501202484000,1158,R,7674,7914,9182,10392,7674,7914,9182,10392,19133,23375,18386,22090,-131,-218,-26,-0.513725,-0.854902,-0.101961,0,66,a15430,2026-05-22 02:38:21.202000+00:00,35.702,38.56666666666667,35.702,8790.5,20746.0,0.07399817850637523,0.02892960462873674,1.002580096924929,0.0013201793560693176
2026-05-22T02:38:21.202+00:00,1779417501202498000,1159,R,7676,7915,9182,10392,7676,7915,9182,10392,19134,23379,18387,22094,-131,-218,-26,-0.513725,-0.854902,-0.101961,0,66,b15430,2026-05-22 02:38:21.202000+00:00,35.702,38.6,35.702,8791.25,20748.5,0.08253642987249545,0.040983606557377046,1.002580096924929,0.0013201793560693176
2026-05-22T02:38:21.352+00:00,1779417501352285000,1160,R,7677,7915,9181,10395,7677,7915,9181,10395,19135,23376,18381,22086,-130,-217,-26,-0.509804,-0.85098,-0.101961,0,66,c15430,2026-05-22 02:38:21.352000+00:00,35.852,38.63333333333333,35.852,8792.0,20744.5,0.09107468123861566,0.021697203471552556,0.9972277193986336,-0.004032198170226042
2026-05-22T02:38:21.352+00:00,1779417501352410000,1161,R,7677,7916,9182,10396,7677,7916,9182,10396,19139,23377,18387,22091,-130,-218,-26,-0.509804,-0.854902,-0.101961,0,66,d15430,2026-05-22 02:38:21.352000+00:00,35.852,38.666666666666664,35.852,8792.75,20748.5,0.09961293260473589,0.040983606557377046,1.0005766305191222,-0.0006832870497375243
2026-05-22T02:38:21.352+00:00,1779417501352486000,1162,R,7677,7916,9184,10395,7677,7916,9184,10395,19143,23381,18388,22098,-131,-219,-27,-0.513725,-0.858824,-0.105882,0,66,e15430,2026-05-22 02:38:21.352000+00:00,35.852,38.7,35.852,8793.0,20752.5,0.10245901639344263,0.06027000964320154,1.0063314744779674,0.005071556909107766
2026-05-22T02:38:21.352+00:00,1779417501352552000,1163,R,7684,7920,9189,10406,7684,7920,9189,10406,19148,23388,18394,22106,-131,-218,-26,-0.513725,-0.854902,-0.101961,0,66,615500,2026-05-22 02:38:21.352000+00:00,35.852,38.733333333333334,35.852,8799.75,20759.0,0.17930327868852458,0.09161041465766634,1.002580096924929,0.0013201793560693176
2026-05-22T02:38:21.352+00:00,1779417501352615000,1164,R,7682,7922,9189,10407,7682,7922,9189,10407,19151,23390,18396,22106,-131,-217,-26,-0.513725,-0.85098,-0.101961,0,66,715500,2026-05-22 02:38:21.352000+00:00,35.852,38.766666666666666,35.852,8800.0,20760.75,0.18214936247723132,0.10004821600771456,0.9992379003750809,-0.0020220171937788134
2026-05-22T02:38:21.352+00:00,1779417501352678000,1165,R,7693,7924,9188,10407,7693,7924,9188,10407,19147,23388,18394,22108,-131,-218,-26,-0.513725,-0.854902,-0.101961,0,66,815500,2026-05-22 02:38:21.352000+00:00,35.852,38.8,35.852,8803.0,20759.25,0.2163023679417122,0.09281581485053038,1.002580096924929,0.0013201793560693176
2026-05-22T02:38:21.502+00:00,1779417501502900000,1166,R,7684,7924,9191,10408,7684,7924,9191,10408,19149,23390,18398,22108,-132,-219,-27,-0.517647,-0.858824,-0.105882,0,66,915500,2026-05-22 02:38:21.502000+00:00,36.002,38.833333333333336,36.002,8801.75,20761.25,0.2020719489981785,0.10245901639344263,1.0083392670668936,0.0070793494980339045
2026-05-22T02:38:21.503+00:00,1779417501503037000,1167,R,7689,7926,9191,10409,7689,7926,9191,10409,19150,23391,18397,22113,-132,-219,-27,-0.517647,-0.858824,-0.105882,0,66,a15500,2026-05-22 02:38:21.503000+00:00,36.003,38.86666666666667,36.003,8803.75,20762.75,0.22484061930783242,0.10969141755062681,1.0083392670668936,0.006672468708776913
2026-05-22T02:38:21.503+00:00,1779417501503111000,1168,R,7682,7913,9181,10388,7682,7913,9181,10388,19144,23382,18385,22092,-130,-218,-26,-0.509804,-0.854902,-0.101961,0,66,215570,2026-05-22 02:38:21.503000+00:00,36.003,38.9,36.003,8791.0,20750.75,0.07969034608378871,0.051832208293153326,1.0005766305191222,-0.0010901678389945157
2026-05-22T02:38:21.503+00:00,1779417501503180000,1169,R,7680,7912,9182,10390,7680,7912,9182,10390,19142,23377,18379,22086,-130,-217,-26,-0.509804,-0.85098,-0.101961,0,66,315570,2026-05-22 02:38:21.503000+00:00,36.003,38.93333333333333,36.003,8791.0,20746.0,0.07399396664579658,0.02892960462873674,0.9972277193986336,-0.004439078959483034
2026-05-22T02:38:21.503+00:00,1779417501503244000,1170,R,7678,7910,9185,10388,7678,7910,9185,10388,19140,23377,18383,22084,-132,-216,-26,-0.517647,-0.847059,-0.101961,0,66,415570,2026-05-22 02:38:21.503000+00:00,36.003,38.96666666666667,36.003,8790.25,20746.0,0.06260849768063974,0.02892960462873674,0.9979295624496751,-0.0037372359084415496
2026-05-22T02:38:21.651+00:00,1779417501651969000,1171,R,7677,7912,9181,10387,7677,7912,9181,10387,19140,23378,18378,22084,-131,-217,-26,-0.513725,-0.85098,-0.101961,0,66,515570,2026-05-22 02:38:21.651000+00:00,36.151,39.0,36.151,8789.25,20745.0,0.042683967901656135,0.024108003857280617,0.9992379003750809,-0.002574957973722647
2026-05-22T02:38:21.652+00:00,1779417501652724000,1172,R,7676,7910,9181,10386,7676,7910,9181,10386,19139,23377,18382,22083,-132,-216,-27,-0.517647,-0.847059,-0.105882,0,66,615570,2026-05-22 02:38:21.652000+00:00,36.152,39.03333333333333,36.152,8788.25,20745.25,0.022762839664248115,0.024107713262858453,0.9983378005535001,-0.003475057795303438
2026-05-22T02:38:21.652+00:00,1779417501652822000,1173,R,7669,7905,9175,10376,7669,7905,9175,10376,19131,23367,18373,22072,-130,-220,-26,-0.509804,-0.862745,-0.101961,0,66,e15640,2026-05-22 02:38:21.652000+00:00,36.152,39.06666666666667,36.152,8781.25,20735.75,-0.07112375533428165,-0.021696941936572605,1.0072860065353832,0.005619208177266577
2026-05-22T02:38:21.652+00:00,1779417501652892000,1174,R,7672,7906,9174,10380,7672,7906,9174,10380,19132,23364,18374,22073,-132,-220,-25,-0.517647,-0.862745,-0.098039,0,66,f15640,2026-05-22 02:38:21.652000+00:00,36.152,39.1,36.152,8783.0,20735.75,-0.05973885585867494,-0.037361101067804374,1.010890200345715,0.009630282776855292
2026-05-22T02:38:21.652+00:00,1779417501652963000,1175,R,7671,7907,9177,10379,7671,7907,9177,10379,19131,23368,18377,22075,-130,-217,-28,-0.509804,-0.85098,-0.109804,0,66,015640,2026-05-22 02:38:21.652000+00:00,36.152,39.13333333333333,36.152,8783.5,20737.75,-0.06542082657792189,-0.03253874520957362,0.9980601170430566,-0.0031998005258030426
2026-05-22T02:38:21.802+00:00,1779417501802425000,1176,R,7672,7906,9174,10377,7672,7906,9174,10377,19132,23370,18373,22073,-130,-217,-28,-0.509804,-0.85098,-0.109804,0,66,115640,2026-05-22 02:38:21.802000+00:00,36.302,39.166666666666664,36.302,8782.25,20737.0,-0.08248478297969168,-0.03856350927934442,0.9980601170430566,-0.003606681315060034
2026-05-22T02:38:21.802+00:00,1779417501802560000,1177,R,7670,7907,9176,10380,7670,7907,9176,10380,19128,23364,18371,22074,-131,-218,-26,-0.513725,-0.854902,-0.101961,0,66,215640,2026-05-22 02:38:21.802000+00:00,36.302,39.2,36.302,8783.25,20734.25,-0.07110757153421696,-0.05181971559411906,1.002580096924929,0.0009132985668123261
2026-05-22T02:38:21.802+00:00,1779417501802634000,1178,R,7669,7905,9174,10378,7669,7905,9174,10378,19127,23364,18374,22068,-131,-217,-26,-0.513725,-0.85098,-0.101961,0,66,a15710,2026-05-22 02:38:21.802000+00:00,36.302,39.233333333333334,36.302,8781.5,20733.25,-0.09954210631096955,-0.056640154254037116,0.9992379003750809,-0.002805233495911885
2026-05-22T02:38:21.802+00:00,1779417501802700000,1179,R,7669,7906,9175,10377,7669,7906,9175,10377,19128,23362,18375,22073,-132,-218,-26,-0.517647,-0.854902,-0.101961,0,66,b15710,2026-05-22 02:38:21.802000+00:00,36.302,39.266666666666666,36.302,8781.75,20734.5,-0.09953927535407542,-0.051819091117243705,1.0045953870758118,0.0025064212524175122
2026-05-22T02:38:21.802+00:00,1779417501802764000,1180,R,7671,7906,9176,10380,7671,7906,9176,10380,19127,23364,18372,22072,-130,-216,-27,-0.509804,-0.847059,-0.105882,0,66,c15710,2026-05-22 02:38:21.802000+00:00,36.302,39.3,36.302,8783.25,20733.75,-0.08247539957909106,-0.05543437654402815,0.9942937522789732,-0.007795213544421031
2026-05-22T02:38:21.952+00:00,1779417501952317000,1181,R,7673,7908,9178,10377,7673,7908,9178,10377,19126,23364,18375,22075,-131,-217,-27,-0.513725,-0.85098,-0.105882,0,66,d15710,2026-05-22 02:38:21.952000+00:00,36.452,39.333333333333336,36.452,8784.0,20735.0,-0.07394346169159889,-0.049408900832720745,0.9996456041763,-0.002934492748629003
2026-05-22T02:38:21.952+00:00,1779417501952451000,1182,R,7669,7905,9172,10379,7669,7905,9172,10379,19124,23364,18372,22078,-131,-217,-27,-0.513725,-0.85098,-0.105882,0,66,e15710,2026-05-22 02:38:21.952000+00:00,36.452,39.36666666666667,36.452,8781.25,20734.5,-0.10806813980604613,-0.051819091117243705,0.9996456041763,-0.002934492748629003
2026-05-22T02:38:21.952+00:00,1779417501952527000,1183,R,7669,7906,9175,10383,7669,7906,9175,10383,19129,23369,18372,22075,-132,-217,-28,-0.517647,-0.85098,-0.109804,0,66,f15710,2026-05-22 02:38:21.952000+00:00,36.452,39.4,36.452,8783.25,20736.25,-0.08815834376066431,-0.043383425121413334,1.0020889658233942,-0.0004911311015347586
2026-05-22T02:38:21.952+00:00,1779417501952596000,1184,R,7667,7909,9177,10383,7667,7909,9177,10383,19125,23369,18380,22081,-132,-217,-28,-0.517647,-0.85098,-0.109804,0,66,515760,2026-05-22 02:38:21.952000+00:00,36.452,39.43333333333333,36.452,8784.0,20738.75,-0.07962689113866454,-0.03133247369879852,1.0020889658233942,-0.0004911311015347586
2026-05-22T02:38:21.952+00:00,1779417501952661000,1185,R,7668,7911,9177,10386,7668,7911,9177,10386,19127,23366,18376,22080,-133,-216,-27,-0.521569,-0.847059,-0.105882,0,66,615760,2026-05-22 02:38:21.952000+00:00,36.452,39.46666666666667,36.452,8785.5,20737.25,-0.06540594340964027,-0.038563044552367406,1.0003770135134054,-0.002203083411523643
2026-05-22T02:38:22.102+00:00,1779417502102334000,1186,R,7671,7910,9177,10387,7671,7910,9177,10387,19123,23367,18377,22080,-133,-216,-27,-0.521569,-0.847059,-0.105882,0,66,715760,2026-05-22 02:38:22.102000+00:00,36.602,39.5,36.602,8786.25,20736.75,-0.05971677188193141,-0.04217782169627148,1.0003770135134054,-0.002203083411523643
2026-05-22T02:38:22.102+00:00,1779417502102502000,1187,R,7667,7908,9177,10386,7667,7908,9177,10386,19123,23369,18379,22085,-132,-216,-26,-0.517647,-0.847059,-0.101961,0,66,815760,2026-05-22 02:38:22.102000+00:00,36.602,39.53333333333333,36.602,8784.5,20739.0,-0.08246367333011062,-0.03133209611723024,0.9979295624496751,-0.004650534475253876
2026-05-22T02:38:22.102+00:00,1779417502102575000,1188,R,7671,7911,9179,10389,7671,7911,9179,10389,19127,23368,18381,22084,-133,-217,-26,-0.521569,-0.85098,-0.101961,0,65,915760,2026-05-22 02:38:22.102000+00:00,36.602,39.56666666666667,36.602,8787.5,20740.0,-0.051182893539581435,-0.02892123782897908,1.003293191286575,0.0007130943616460161
2026-05-22T02:38:22.102+00:00,1779417502102623000,1189,R,7670,7920,9181,10396,7670,7920,9181,10396,19122,23377,18390,22092,-131,-218,-28,-0.513725,-0.854902,-0.109804,0,65,215840,2026-05-22 02:38:22.102000+00:00,36.602,39.6,36.602,8791.75,20745.25,-0.002843494085532302,-0.003615154728622385,1.003408054405086,0.000827957480157071
2026-05-22T02:38:22.102+00:00,1779417502102669000,1190,R,7667,7919,9183,10389,7667,7919,9183,10389,19121,23378,18393,22094,-132,-218,-28,-0.517647,-0.854902,-0.109804,0,65,315840,2026-05-22 02:38:22.102000+00:00,36.602,39.63333333333333,36.602,8789.5,20746.5,-0.0369622700520315,0.0024101031524149234,1.0054216849804862,0.0028415880555572315
2026-05-22T02:38:22.102+00:00,1779417502102714000,1191,R,7668,7921,9185,10400,7668,7921,9185,10400,19117,23377,18394,22092,-134,-216,-28,-0.52549,-0.847059,-0.109804,0,65,415840,2026-05-22 02:38:22.102000+00:00,36.602,39.666666666666664,36.602,8793.5,20745.0,0.005686341407938132,-0.004820206304829847,1.0028487463207,0.00026864939577109226
2026-05-22T02:38:22.253+00:00,1779417502253551000,1192,R,7666,7924,9185,10399,7666,7924,9185,10399,19115,23382,18397,22098,-133,-217,-28,-0.521569,-0.85098,-0.109804,0,65,515840,2026-05-22 02:38:22.253000+00:00,36.753,39.7,36.753,8793.5,20748.0,0.0,0.009640412609659694,1.0041205607779375,0.0015404638530085446
2026-05-22T02:38:22.253+00:00,1779417502253695000,1193,R,7665,7921,9186,10403,7665,7921,9186,10403,19114,23383,18395,22096,-135,-218,-28,-0.529412,-0.854902,-0.109804,0,65,615840,2026-05-22 02:38:22.253000+00:00,36.753,39.733333333333334,36.753,8793.75,20747.0,0.0028430090407687496,0.004820206304829847,1.011529245135305,0.008949148210376068
2026-05-22T02:38:22.253+00:00,1779417502253773000,1194,R,7664,7933,9187,10411,7664,7933,9187,10411,19106,23390,18412,22101,-133,-216,-28,-0.521569,-0.847059,-0.109804,0,65,e15910,2026-05-22 02:38:22.253000+00:00,36.753,39.766666666666666,36.753,8798.75,20752.25,0.05970318985614374,0.03012628940518654,1.0007997250489231,-0.001795874625242666
2026-05-22T02:38:22.253+00:00,1779417502253840000,1195,R,7662,7933,9187,10408,7662,7933,9187,10408,19107,23391,18417,22100,-132,-215,-29,-0.517647,-0.843137,-0.113725,0,65,f15910,2026-05-22 02:38:22.253000+00:00,36.753,39.8,36.753,8797.5,20753.75,0.04548814465229999,0.03735659886243131,0.995877398580267,-0.006718201093898757
2026-05-22T02:38:22.253+00:00,1779417502253905000,1196,R,7663,7937,9187,10408,7663,7937,9187,10408,19109,23388,18414,22098,-133,-217,-28,-0.521569,-0.85098,-0.109804,0,65,015910,2026-05-22 02:38:22.253000+00:00,36.753,39.833333333333336,36.753,8798.75,20752.25,0.05970318985614374,0.03012628940518654,1.0041205607779375,0.0012718144572374523
2026-05-22T02:38:22.402+00:00,1779417502402413000,1197,R,7662,7937,9186,10404,7662,7937,9186,10404,19110,23388,18415,22095,-135,-218,-28,-0.529412,-0.854902,-0.109804,0,65,115910,2026-05-22 02:38:22.402000+00:00,36.902,39.86666666666667,36.902,8797.25,20752.0,0.04264513561153124,0.02892123782897908,1.011529245135305,0.008680498814604976
2026-05-22T02:38:22.402+00:00,1779417502402557000,1198,R,7664,7936,9184,10402,7664,7936,9184,10402,19110,23386,18414,22094,-133,-218,-28,-0.521569,-0.854902,-0.109804,0,65,215910,2026-05-22 02:38:22.402000+00:00,36.902,39.9,36.902,8796.5,20751.0,0.03411610848922499,0.024101031524149233,1.007446559268034,0.004597812947333857
2026-05-22T02:38:22.402+00:00,1779417502402635000,1199,R,7667,7928,9179,10389,7667,7928,9179,10389,19126,23373,18404,22079,-135,-215,-29,-0.529412,-0.843137,-0.113725,0,65,915970,2026-05-22 02:38:22.402000+00:00,36.902,39.93333333333333,36.902,8790.75,20745.5,-0.03411513859275053,-0.0024101031524149234,1.0020431338709928,-0.000805612449707338
2026-05-22T02:38:22.402+00:00,1779417502402704000,1200,R,7667,7929,9175,10387,7667,7929,9175,10387,19129,23368,18405,22072,-137,-213,-35,-0.537255,-0.835294,-0.137255,0,65,a15970,2026-05-22 02:38:22.402000+00:00,36.902,39.96666666666667,36.902,8789.5,20743.5,-0.054012565028285525,-0.014460270407056611,1.0025955996741658,-0.0006975916124092318
2026-05-22T02:38:22.402+00:00,1779417502402986000,1201,R,7669,7940,9183,10400,7669,7940,9183,10400,19134,23369,18405,22074,-137,-214,-31,-0.537255,-0.839216,-0.121569,0,65,b15970,2026-05-22 02:38:22.402000+00:00,36.902,40.0,36.902,8798.0,20745.5,0.04264149870654121,-0.0072299609582108255,1.0038453324302505,0.0005521411436755219
2026-05-22T02:38:22.552+00:00,1779417502552021000,1202,R,7678,7929,9182,10388,7678,7929,9182,10388,19139,23368,18400,22073,-133,-215,-29,-0.521569,-0.843137,-0.113725,0,65,c15970,2026-05-22 02:38:22.552000+00:00,37.052,40.03333333333333,37.052,8794.25,20745.0,-0.025578355027567782,-0.014459224985540775,0.997921639285871,-0.00537155200070405
2026-05-22T02:38:22.552+00:00,1779417502552062000,1203,R,7679,7929,9182,10387,7679,7929,9182,10387,19153,23373,18402,22074,-134,-214,-27,-0.52549,-0.839216,-0.105882,0,65,d15970,2026-05-22 02:38:22.552000+00:00,37.052,40.06666666666667,37.052,8794.25,20750.5,-0.025578355027567782,0.0,0.9958083312967411,-0.007484859989833947
2026-05-22T02:38:22.552+00:00,1779417502552079000,1204,R,7720,7939,9199,10407,7720,7939,9199,10407,19221,23376,18413,22092,-131,-215,-31,-0.513725,-0.843137,-0.121569,0,65,416030,2026-05-22 02:38:22.552000+00:00,37.052,40.1,37.052,8816.25,20775.5,0.224521116353095,0.12047902460181682,0.9947725358869735,-0.008520655399601562
2026-05-22T02:38:22.552+00:00,1779417502552094000,1205,R,7720,7937,9200,10406,7720,7937,9200,10406,19225,23370,18412,22096,-130,-217,-31,-0.509804,-0.85098,-0.121569,0,65,516030,2026-05-22 02:38:22.552000+00:00,37.052,40.13333333333333,37.052,8815.75,20775.75,0.21883703745807992,0.121683814847835,0.999422883756921,-0.0038703075296540046
2026-05-22T02:38:22.552+00:00,1779417502552107000,1206,R,7721,7935,9199,10407,7721,7935,9199,10407,19227,23367,18411,22095,-133,-218,-29,-0.521569,-0.854902,-0.113725,0,65,616030,2026-05-22 02:38:22.552000+00:00,37.052,40.166666666666664,37.052,8815.5,20775.0,0.2159949980105724,0.11806944410978049,1.0078814548298825,0.004588263543307436
2026-05-22T02:38:22.703+00:00,1779417502703942000,1207,R,7711,7935,9199,10402,7711,7935,9199,10402,19223,23364,18402,22093,-132,-221,-25,-0.517647,-0.866667,-0.098039,0,65,716030,2026-05-22 02:38:22.703000+00:00,37.203,40.2,37.203,8811.75,20770.5,0.1733644062979594,0.09638321968145346,1.014239493916008,0.010946302629432969
2026-05-22T02:38:22.704+00:00,1779417502704114000,1208,R,7712,7930,9191,10405,7712,7930,9191,10405,19212,23363,18405,22098,-133,-221,-25,-0.521569,-0.866667,-0.098039,0,65,816030,2026-05-22 02:38:22.704000+00:00,37.204,40.233333333333334,37.204,8809.5,20769.5,0.14778605127039163,0.09156405869738078,1.0162467988490786,0.012953607562503633
2026-05-22T02:38:22.704+00:00,1779417502704187000,1209,R,7698,7927,9183,10401,7698,7927,9183,10401,19189,23355,18407,22100,-131,-223,-26,-0.513725,-0.87451,-0.101961,0,65,916030,2026-05-22 02:38:22.704000+00:00,37.204,40.266666666666666,37.204,8802.25,20762.75,0.06536690729267322,0.05903472205489024,1.0193513433777384,0.016058152091163347
2026-05-22T02:38:22.704+00:00,1779417502704257000,1210,R,7665,7909,9185,10388,7665,7909,9185,10388,19113,23369,18377,22083,-141,-213,-27,-0.552941,-0.835294,-0.105882,0,65,f16080,2026-05-22 02:38:22.704000+00:00,37.204,40.3,37.204,8786.75,20735.5,-0.11083953845279372,-0.07228741476109009,1.0073086983844626,0.004015507097887561
2026-05-22T02:38:22.704+00:00,1779417502704335000,1211,R,7667,7912,9184,10392,7667,7912,9184,10392,19117,23367,18380,22083,-137,-216,-25,-0.537255,-0.847059,-0.098039,0,65,016080,2026-05-22 02:38:22.704000+00:00,37.204,40.333333333333336,37.204,8788.75,20736.75,-0.08810322287273348,-0.06626346353099925,1.0078509463343277,0.004557755047752687
2026-05-22T02:38:22.852+00:00,1779417502852892000,1212,R,7670,7917,9185,10394,7670,7917,9185,10394,19119,23370,18383,22086,-136,-216,-27,-0.533333,-0.847059,-0.105882,0,65,116080,2026-05-22 02:38:22.852000+00:00,37.352,40.36666666666667,37.352,8791.5,20739.5,-0.05684078895015063,-0.0530107708247994,1.0065604980794747,0.00326730679289966
2026-05-22T02:38:22.853+00:00,1779417502853030000,1213,R,7671,7914,9188,10395,7671,7914,9188,10395,19120,23368,18382,22085,-131,-219,-28,-0.513725,-0.858824,-0.109804,0,65,216080,2026-05-22 02:38:22.853000+00:00,37.353,40.4,37.353,8792.0,20738.75,-0.051156710055135564,-0.056625141562853906,1.0067516858774064,0.0034584945908313625
2026-05-22T02:38:22.853+00:00,1779417502853108000,1214,R,7683,7924,9186,10402,7683,7924,9186,10402,19128,23366,18387,22097,-132,-218,-28,-0.517647,-0.854902,-0.109804,0,65,316080,2026-05-22 02:38:22.853000+00:00,37.353,40.43333333333333,37.353,8798.75,20744.5,0.022735669423366585,-0.028914965904436037,1.0054216849804862,0.0020136305754001604
2026-05-22T02:38:22.853+00:00,1779417502853176000,1215,R,7690,7916,9193,10412,7690,7916,9193,10412,19155,23372,18382,22114,-131,-218,-29,-0.513725,-0.854902,-0.113725,0,65,c16160,2026-05-22 02:38:22.853000+00:00,37.353,40.46666666666667,37.353,8802.75,20755.75,0.0653631919972718,0.025300595166381532,1.0038446995696098,0.00043664516452368574
2026-05-22T02:38:22.853+00:00,1779417502853240000,1216,R,7693,7915,9197,10415,7693,7915,9197,10415,19158,23375,18377,22114,-133,-218,-27,-0.521569,-0.854902,-0.105882,0,65,d16160,2026-05-22 02:38:22.853000+00:00,37.353,40.5,37.353,8805.0,20756.0,0.08809571172809685,0.02530029035095117,1.0070266378249386,0.00361858341985255
2026-05-22T02:38:22.853+00:00,1779417502853304000,1217,R,7692,7915,9197,10418,7692,7915,9197,10418,19156,23379,18377,22118,-130,-219,-27,-0.509804,-0.858824,-0.105882,0,65,e16160,2026-05-22 02:38:22.853000+00:00,37.353,40.53333333333333,37.353,8805.5,20757.5,0.09377930603313535,0.031323791624500025,1.0043354914150948,0.0005058026047866093
2026-05-22T02:38:23.002+00:00,1779417503002341000,1218,R,7695,7926,9205,10433,7695,7926,9205,10433,19158,23386,18374,22121,-130,-217,-28,-0.509804,-0.85098,-0.109804,0,65,f16160,2026-05-22 02:38:23.002000+00:00,37.502,40.56666666666667,37.502,8814.75,20759.75,0.19607843137254902,0.04216664257144234,0.9980601170430566,-0.005769571767251569
2026-05-22T02:38:23.002+00:00,1779417503002458000,1219,R,7693,7913,9201,10416,7693,7913,9201,10416,19160,23387,18376,22117,-131,-216,-26,-0.513725,-0.847059,-0.101961,0,65,016160,2026-05-22 02:38:23.002000+00:00,37.502,40.6,37.502,8805.75,20760.0,0.08808820186406001,0.03855050115651504,0.9959007835256481,-0.00792890528466006
2026-05-22T02:38:23.002+00:00,1779417503002526000,1220,R,7702,7916,9212,10421,7702,7916,9212,10421,19172,23394,18374,22123,-131,-218,-26,-0.513725,-0.854902,-0.101961,0,64,a16250,2026-05-22 02:38:23.002000+00:00,37.502,40.63333333333333,37.502,8812.75,20765.75,0.15911351044182412,0.06625867386276021,1.002580096924929,-0.0012495918853792087
2026-05-22T02:38:23.002+00:00,1779417503002575000,1221,R,7699,7916,9209,10423,7699,7916,9209,10423,19172,23398,18372,22117,-131,-218,-25,-0.513725,-0.854902,-0.098039,0,64,b16250,2026-05-22 02:38:23.002000+00:00,37.502,40.666666666666664,37.502,8811.75,20764.75,0.14774825969597954,0.061439861218195835,1.0021888298868633,-0.0011043613997117063
2026-05-22T02:38:23.002+00:00,1779417503002621000,1222,R,7701,7918,9212,10422,7701,7918,9212,10422,19170,23399,18376,22123,-132,-219,-25,-0.517647,-0.858824,-0.098039,0,64,c16250,2026-05-22 02:38:23.002000+00:00,37.502,40.7,37.502,8813.25,20767.0,0.16479613581474642,0.0710766302449132,1.0075458923076408,0.004252701021065786
2026-05-22T02:38:23.152+00:00,1779417503152300000,1223,R,7702,7916,9211,10423,7702,7916,9211,10423,19168,23401,18377,22122,-132,-218,-25,-0.517647,-0.854902,-0.098039,0,64,d16250,2026-05-22 02:38:23.152000+00:00,37.652,40.733333333333334,37.652,8813.0,20767.0,0.15341780782999034,0.0710766302449132,1.0042049052529072,0.001218463094788902
2026-05-22T02:38:23.152+00:00,1779417503152428000,1224,R,7702,7919,9210,10423,7702,7919,9210,10423,19169,23400,18377,22121,-132,-218,-24,-0.517647,-0.854902,-0.094118,0,64,e16250,2026-05-22 02:38:23.152000+00:00,37.652,40.766666666666666,37.652,8813.5,20766.75,0.13349617973698413,0.0674609389117105,1.0038296888103082,0.0008432466521899329
2026-05-22T02:38:23.152+00:00,1779417503152515000,1225,R,7699,7932,9212,10427,7699,7932,9212,10427,19171,23408,18397,22124,-132,-217,-25,-0.517647,-0.85098,-0.098039,0,64,616320,2026-05-22 02:38:23.152000+00:00,37.652,40.8,37.652,8817.5,20775.0,0.17609634174051353,0.10239113413238571,1.0008681344363002,-0.0024250568502748315
2026-05-22T02:38:23.152+00:00,1779417503152582000,1226,R,7690,7933,9199,10426,7690,7933,9199,10426,19171,23402,18399,22121,-134,-220,-24,-0.52549,-0.862745,-0.094118,0,64,716320,2026-05-22 02:38:23.152000+00:00,37.652,40.833333333333336,37.652,8812.0,20773.25,0.11076713340339119,0.08672504547042315,1.014557476464,0.010727787653691756
2026-05-22T02:38:23.152+00:00,1779417503152645000,1227,R,7700,7933,9208,10423,7700,7933,9208,10423,19175,23400,18402,22117,-131,-220,-24,-0.513725,-0.862745,-0.094118,0,64,816320,2026-05-22 02:38:23.152000+00:00,37.652,40.86666666666667,37.652,8816.0,20773.5,0.1505211439606941,0.08672400086724001,1.008514010102983,0.00468432129267482
2026-05-22T02:38:23.302+00:00,1779417503302839000,1228,R,7697,7931,9204,10420,7697,7931,9204,10420,19171,23396,18400,22114,-130,-219,-26,-0.509804,-0.858824,-0.101961,0,64,916320,2026-05-22 02:38:23.302000+00:00,37.802,40.9,37.802,8813.0,20770.25,0.11359763716914688,0.07106550071065501,1.0039296922160437,0.0001000034057354604
2026-05-22T02:38:23.302+00:00,1779417503302962000,1229,R,7699,7930,9205,10416,7699,7930,9205,10416,19170,23396,18399,22111,-130,-217,-27,-0.509804,-0.85098,-0.105882,0,64,a16320,2026-05-22 02:38:23.302000+00:00,37.802,40.93333333333333,37.802,8812.5,20769.0,0.10791775531068953,0.06383773171289883,0.9976362447004419,-0.006193444109866331
2026-05-22T02:38:23.303+00:00,1779417503303035000,1230,R,7685,7923,9193,10406,7685,7923,9193,10406,19151,23383,18393,22103,-133,-217,-26,-0.521569,-0.85098,-0.101961,0,64,216390,2026-05-22 02:38:23.303000+00:00,37.803,40.96666666666667,37.803,8801.75,20757.5,-0.017039161673245675,0.007226825978030449,1.003293191286575,-0.0005364975237331926
2026-05-22T02:38:23.303+00:00,1779417503303109000,1231,R,7682,7922,9190,10404,7682,7922,9190,10404,19143,23374,18390,22101,-133,-216,-27,-0.521569,-0.847059,-0.105882,0,64,316390,2026-05-22 02:38:23.303000+00:00,37.803,41.0,37.803,8799.5,20752.0,-0.06246450880181715,-0.02649644706732506,1.0003770135134054,-0.003452675296902852
2026-05-22T02:38:23.303+00:00,1779417503303175000,1232,R,7679,7919,9188,10403,7679,7919,9188,10403,19143,23380,18386,22095,-133,-216,-27,-0.521569,-0.847059,-0.105882,0,64,416390,2026-05-22 02:38:23.303000+00:00,37.803,41.03333333333333,37.803,8797.25,20751.0,-0.08801817149346962,-0.031313982897747804,1.0003770135134054,-0.002916177773169659
2026-05-22T02:38:23.453+00:00,1779417503454039000,1233,R,7675,7917,9188,10402,7675,7917,9188,10402,19141,23377,18388,22097,-134,-217,-27,-0.52549,-0.85098,-0.105882,0,64,516390,2026-05-22 02:38:23.453000+00:00,37.953,41.06666666666667,37.953,8795.5,20750.75,-0.10789324247586599,-0.03251836685535349,1.0057423618521792,0.001912673041871038
2026-05-22T02:38:23.454+00:00,1779417503454193000,1234,R,7675,7917,9186,10400,7675,7917,9186,10400,19141,23377,18387,22093,-131,-217,-27,-0.513725,-0.85098,-0.105882,0,64,616390,2026-05-22 02:38:23.454000+00:00,37.954,41.1,37.954,8794.5,20749.5,-0.11925042589437819,-0.03854028664338191,0.9996456041763,-0.00419909539330976
2026-05-22T02:38:23.454+00:00,1779417503454272000,1235,R,7674,7917,9185,10401,7674,7917,9185,10401,19133,23375,18384,22090,-132,-218,-26,-0.517647,-0.854902,-0.101961,0,64,716390,2026-05-22 02:38:23.454000+00:00,37.954,41.13333333333333,37.954,8794.25,20745.5,-0.1079085616924606,-0.050587781846213146,1.0045953870758118,0.0006656948597680845
2026-05-22T02:38:23.454+00:00,1779417503454340000,1236,R,7669,7913,9184,10395,7669,7913,9184,10395,19122,23369,18380,22093,-131,-218,-26,-0.513725,-0.854902,-0.101961,0,64,d16440,2026-05-22 02:38:23.454000+00:00,37.954,41.166666666666664,37.954,8790.25,20741.0,-0.14767273450146254,-0.0710646447370006,1.002580096924929,-0.0016248083279781778
2026-05-22T02:38:23.454+00:00,1779417503454404000,1237,R,7667,7913,9181,10398,7667,7913,9181,10398,19125,23369,18378,22090,-133,-220,-27,-0.521569,-0.862745,-0.105882,0,64,e16440,2026-05-22 02:38:23.454000+00:00,37.954,41.2,37.954,8789.75,20740.5,-0.1505168692491196,-0.07347361574503451,1.0136933237966994,0.00976363158065574
2026-05-22T02:38:23.602+00:00,1779417503602899000,1238,R,7668,7914,9180,10396,7668,7914,9180,10396,19119,23370,18374,22087,-131,-218,-27,-0.513725,-0.854902,-0.105882,0,64,f16440,2026-05-22 02:38:23.602000+00:00,38.102,41.233333333333334,38.102,8789.5,20737.5,-0.1533568101783483,-0.08672400086724001,1.0029864421581183,-0.0008582574114914809
2026-05-22T02:38:23.603+00:00,1779417503603036000,1239,R,7668,7912,9181,10395,7668,7912,9181,10395,19119,23365,18377,22089,-130,-217,-27,-0.509804,-0.85098,-0.105882,0,64,016440,2026-05-22 02:38:23.603000+00:00,38.103,41.266666666666666,38.103,8789.0,20737.5,-0.15620118712902217,-0.08672400086724001,0.9976362447004419,-0.006208454869167879
2026-05-22T02:38:23.603+00:00,1779417503603118000,1240,R,7668,7912,9182,10396,7668,7912,9182,10396,19119,23365,18381,22089,-132,-219,-27,-0.517647,-0.858824,-0.105882,0,64,116440,2026-05-22 02:38:23.603000+00:00,38.103,41.3,38.103,8789.5,20738.5,-0.1505211439606941,-0.08190600081906001,1.0083392670668936,0.004509578256585378
2026-05-22T02:38:23.603+00:00,1779417503603184000,1241,R,7672,7914,9187,10404,7672,7914,9187,10404,19125,23368,18382,22098,-131,-217,-27,-0.513725,-0.85098,-0.105882,0,64,916510,2026-05-22 02:38:23.603000+00:00,38.103,41.333333333333336,38.103,8794.25,20743.25,-0.09656073386157735,-0.059020500590205006,0.9996456041763,-0.003647587110275019
2026-05-22T02:38:23.603+00:00,1779417503603248000,1242,R,7672,7915,9188,10405,7672,7915,9188,10405,19123,23370,18380,22098,-131,-217,-27,-0.513725,-0.85098,-0.105882,0,64,a16510,2026-05-22 02:38:23.603000+00:00,38.103,41.36666666666667,38.103,8795.0,20742.75,-0.0908781097353175,-0.06142950061429501,0.9996456041763,-0.003647587110275019
2026-05-22T02:38:23.603+00:00,1779417503603310000,1243,R,7673,7914,9188,10404,7673,7914,9188,10404,19121,23367,18377,22097,-131,-217,-26,-0.513725,-0.85098,-0.101961,0,64,b16510,2026-05-22 02:38:23.603000+00:00,38.103,41.4,38.103,8794.75,20740.5,-0.09371805066454618,-0.07227000072270001,0.9992379003750809,-0.004055290911494147
2026-05-22T02:38:23.752+00:00,1779417503752476000,1244,R,7678,7916,9186,10407,7678,7916,9186,10407,19127,23366,18382,22104,-133,-218,-26,-0.521569,-0.854902,-0.101961,0,64,c16510,2026-05-22 02:38:23.752000+00:00,38.252,41.43333333333333,38.252,8796.75,20744.75,-0.0709985232307168,-0.05179350051793501,1.0066219235075302,0.0033287322209551995
2026-05-22T02:38:23.752+00:00,1779417503752623000,1245,R,7675,7917,9188,10408,7675,7917,9188,10408,19128,23371,18381,22103,-131,-218,-26,-0.513725,-0.854902,-0.101961,0,64,d16510,2026-05-22 02:38:23.752000+00:00,38.252,41.46666666666667,38.252,8797.0,20745.75,-0.07099650697185698,-0.046975500469755,1.002580096924929,-0.0007130943616460161
2026-05-22T02:38:23.752+00:00,1779417503752700000,1246,R,7683,7917,9194,10414,7683,7917,9194,10414,19139,23375,18383,22114,-130,-218,-27,-0.509804,-0.854902,-0.105882,0,64,516580,2026-05-22 02:38:23.752000+00:00,38.252,41.5,38.252,8802.0,20752.75,-0.01703867779860283,-0.013249500132495002,1.0009837890515512,-0.0023094022350238497
2026-05-22T02:38:23.752+00:00,1779417503752873000,1247,R,7683,7919,9194,10416,7683,7919,9194,10416,19141,23380,18385,22116,-132,-218,-27,-0.517647,-0.854902,-0.105882,0,64,616580,2026-05-22 02:38:23.752000+00:00,38.252,41.53333333333333,38.252,8803.0,20755.5,-0.005679559266200943,0.0,1.0050009174806758,0.0020144753225574963
2026-05-22T02:38:23.752+00:00,1779417503752943000,1248,R,7683,7919,9195,10416,7683,7919,9195,10416,19136,23372,18385,22115,-130,-218,-27,-0.509804,-0.854902,-0.105882,0,64,716580,2026-05-22 02:38:23.752000+00:00,38.252,41.56666666666667,38.252,8803.25,20752.0,-0.0028397796331004715,-0.016863000168630002,1.0009837890515512,-0.0020026531065671094
2026-05-22T02:38:23.902+00:00,1779417503902344000,1249,R,7682,7920,9194,10416,7682,7920,9194,10416,19140,23379,18385,22117,-131,-217,-27,-0.513725,-0.85098,-0.105882,0,64,816580,2026-05-22 02:38:23.902000+00:00,38.402,41.6,38.402,8803.0,20755.25,-0.005679559266200943,-0.001204500012045,0.9996456041763,-0.0033408379818182787
2026-05-22T02:38:23.902+00:00,1779417503902479000,1250,R,7686,7921,9197,10418,7686,7921,9197,10418,19143,23377,18385,22117,-131,-218,-26,-0.513725,-0.854902,-0.101961,0,64,916580,2026-05-22 02:38:23.902000+00:00,38.402,41.63333333333333,38.402,8805.5,20755.5,0.022718237064803772,0.0,1.002580096924929,-0.00040634523318927585
2026-05-22T02:38:23.902+00:00,1779417503902552000,1251,R,7689,7926,9200,10427,7689,7926,9200,10427,19148,23389,18389,22121,-132,-217,-26,-0.517647,-0.85098,-0.101961,0,64,016640,2026-05-22 02:38:23.902000+00:00,38.402,41.666666666666664,38.402,8810.5,20761.75,0.0795138297268132,0.030112500301125004,1.0012599175688597,-0.0017265245892585934
2026-05-22T02:38:23.902+00:00,1779417503902618000,1252,R,7690,7927,9201,10427,7690,7927,9201,10427,19148,23387,18390,22127,-131,-218,-26,-0.513725,-0.854902,-0.101961,0,64,116640,2026-05-22 02:38:23.902000+00:00,38.402,41.7,38.402,8811.25,20763.0,0.08803316862611461,0.036135000361350006,1.002580096924929,-0.00040634523318927585
2026-05-22T02:38:23.902+00:00,1779417503902681000,1253,R,7691,7927,9202,10428,7691,7927,9202,10428,19149,23387,18391,22129,-131,-218,-26,-0.513725,-0.854902,-0.101961,0,64,216640,2026-05-22 02:38:23.902000+00:00,38.402,41.733333333333334,38.402,8812.0,20764.0,0.09655250752541603,0.040953000409530003,1.002580096924929,-0.00040634523318927585
2026-05-22T02:38:24.052+00:00,1779417504052318000,1254,R,7692,7928,9203,10428,7692,7928,9203,10428,19153,23391,18393,22127,-132,-218,-26,-0.517647,-0.854902,-0.101961,0,64,316640,2026-05-22 02:38:24.052000+00:00,38.552,41.766666666666666,38.552,8812.75,20766.0,0.10507184642471744,0.050589000505890006,1.0045953870758118,0.0016931846243464221
2026-05-22T02:38:24.052+00:00,1779417504052466000,1255,R,7691,7926,9204,10426,7691,7926,9204,10426,19154,23389,18395,22127,-132,-218,-26,-0.517647,-0.854902,-0.101961,0,64,416640,2026-05-22 02:38:24.052000+00:00,38.552,41.8,38.552,8811.75,20766.25,0.09371272789231555,0.05179350051793501,1.0045953870758118,0.0016931846243464221
2026-05-22T02:38:24.052+00:00,1779417504052548000,1256,R,7695,7931,9203,10430,7695,7931,9203,10430,19149,23390,18395,22131,-132,-218,-27,-0.517647,-0.854902,-0.105882,0,64,516640,2026-05-22 02:38:24.052000+00:00,38.552,41.833333333333336,38.552,8814.75,20766.25,0.1277900834895212,0.05179350051793501,1.0050009174806758,0.0020987150292104406
2026-05-22T02:38:24.052+00:00,1779417504052615000,1257,R,7699,7932,9207,10435,7699,7932,9207,10435,19159,23396,18395,22136,-131,-219,-27,-0.513725,-0.858824,-0.105882,0,64,d16710,2026-05-22 02:38:24.052000+00:00,38.552,41.86666666666667,38.552,8818.25,20771.5,0.1675469983529278,0.07708800077088,1.0063314744779674,0.0037513775530384486
2026-05-22T02:38:24.052+00:00,1779417504052678000,1258,R,7696,7932,9209,10436,7696,7932,9209,10436,19158,23397,18397,22137,-131,-220,-27,-0.513725,-0.862745,-0.105882,0,64,e16710,2026-05-22 02:38:24.052000+00:00,38.552,41.9,38.552,8818.25,20772.25,0.1675469983529278,0.080701500807015,1.0096798049748248,0.007099708049895792
2026-05-22T02:38:24.202+00:00,1779417504202406000,1259,R,7696,7929,9205,10430,7696,7929,9205,10430,19158,23393,18397,22134,-131,-219,-27,-0.513725,-0.858824,-0.105882,0,64,f16710,2026-05-22 02:38:24.202000+00:00,38.702,41.93333333333333,38.702,8815.0,20770.5,0.13062986312262168,0.07227000072270001,1.0063314744779674,0.0037513775530384486
2026-05-22T02:38:24.202+00:00,1779417504202546000,1260,R,7695,7925,9203,10425,7695,7925,9203,10425,19157,23395,18392,22132,-131,-218,-27,-0.513725,-0.854902,-0.105882,0,64,016710,2026-05-22 02:38:24.202000+00:00,38.702,41.96666666666667,38.702,8812.0,20769.0,0.09655250752541603,0.06504300065043,1.0029864421581183,0.00040634523318927585
2026-05-22T02:38:24.202+00:00,1779417504202620000,1261,R,7695,7925,9201,10424,7695,7925,9201,10424,19155,23389,18389,22126,-130,-217,-27,-0.509804,-0.85098,-0.105882,0,64,116710,2026-05-22 02:38:24.202000+00:00,38.702,42.0,38.702,8811.25,20764.75,0.08519096975720573,0.04456650044566501,0.9976362447004419,-0.004943852224487122
2026-05-22T02:38:24.202+00:00,1779417504202687000,1262,R,7688,7918,9195,10414,7688,7918,9195,10414,19148,23380,18380,22115,-133,-217,-25,-0.521569,-0.85098,-0.098039,0,64,916780,2026-05-22 02:38:24.202000+00:00,38.702,42.03333333333333,38.702,8803.75,20755.75,-0.002839618355293049,0.001204500012045,1.0029022024514653,0.0003221055265363315
2026-05-22T02:38:24.202+00:00,1779417504202751000,1263,R,7687,7916,9193,10413,7687,7916,9193,10413,19146,23380,18382,22114,-133,-218,-26,-0.521569,-0.854902,-0.101961,0,64,a16780,2026-05-22 02:38:24.202000+00:00,38.702,42.06666666666667,38.702,8802.25,20755.5,-0.02271630178606923,0.0,1.0066219235075302,0.004041826582601216
2026-05-22T02:38:24.352+00:00,1779417504352319000,1264,R,7687,7914,9194,10411,7687,7914,9194,10411,19143,23371,18379,22112,-132,-218,-27,-0.517647,-0.854902,-0.105882,0,64,b16780,2026-05-22 02:38:24.352000+00:00,38.852,42.1,38.852,8801.5,20751.25,-0.031234914955845187,-0.020476500204765002,1.0050009174806758,0.002420820555746772
2026-05-22T02:38:24.352+00:00,1779417504352449000,1265,R,7684,7916,9189,10411,7684,7916,9189,10411,19142,23376,18375,22109,-132,-218,-27,-0.517647,-0.854902,-0.105882,0,64,c16780,2026-05-22 02:38:24.352000+00:00,38.852,42.13333333333333,38.852,8800.0,20750.5,-0.06246096189881324,-0.0240900002409,1.0050009174806758,0.002420820555746772
2026-05-22T02:38:24.352+00:00,1779417504352522000,1266,R,7683,7913,9192,10410,7683,7913,9192,10410,19145,23375,18375,22109,-130,-219,-27,-0.509804,-0.858824,-0.105882,0,64,d16780,2026-05-22 02:38:24.352000+00:00,38.852,42.166666666666664,38.852,8799.5,20751.0,-0.07097635067995343,-0.022885224576322225,1.0043354914150948,0.001755394490165818
2026-05-22T02:38:24.352+00:00,1779417504352586000,1267,R,7688,7911,9192,10409,7688,7911,9192,10409,19147,23375,18369,22109,-131,-218,-25,-0.513725,-0.854902,-0.098039,0,64,516850,2026-05-22 02:38:24.352000+00:00,38.852,42.2,38.852,8800.0,20750.0,-0.0766457546768104,-0.028907303912121797,1.0021888298868633,-0.0003912670380656902
2026-05-22T02:38:24.352+00:00,1779417504352650000,1268,R,7686,7910,9194,10411,7686,7910,9194,10411,19147,23375,18369,22107,-131,-217,-26,-0.513725,-0.85098,-0.101961,0,64,616850,2026-05-22 02:38:24.352000+00:00,38.852,42.233333333333334,38.852,8800.25,20749.5,-0.07380702302211371,-0.04094806821466423,0.9992379003750809,-0.003342196549848131
2026-05-22T02:38:24.352+00:00,1779417504352713000,1269,R,7687,7911,9191,10409,7687,7911,9191,10409,19146,23376,18368,22110,-132,-218,-25,-0.517647,-0.854902,-0.098039,0,64,716850,2026-05-22 02:38:24.352000+00:00,38.852,42.266666666666666,38.852,8799.5,20750.0,-0.08515953219030317,-0.04215090022279762,1.0042049052529072,0.0016248083279781778
2026-05-22T02:38:24.502+00:00,1779417504502335000,1270,R,7686,7912,9191,10409,7686,7912,9191,10409,19146,23374,18370,22109,-130,-217,-25,-0.509804,-0.85098,-0.098039,0,64,816850,2026-05-22 02:38:24.502000+00:00,39.002,42.3,39.002,8799.5,20749.75,-0.09366750872810876,-0.04455898646370249,0.9968343515032977,-0.006067850948167641
2026-05-22T02:38:24.502+00:00,1779417504502437000,1271,R,7685,7910,9191,10407,7685,7910,9191,10407,19147,23374,18369,22104,-131,-216,-25,-0.513725,-0.847059,-0.098039,0,64,916850,2026-05-22 02:38:24.502000+00:00,39.002,42.333333333333336,39.002,8798.25,20748.5,-0.11352992932761899,-0.05659854770535037,0.9955068913006077,-0.007073205624321344
2026-05-22T02:38:24.502+00:00,1779417504502504000,1272,R,7690,7913,9196,10415,7690,7913,9196,10415,19148,23377,18370,22113,-131,-219,-26,-0.513725,-0.858824,-0.101961,0,64,116920,2026-05-22 02:38:24.502000+00:00,39.002,42.36666666666667,39.002,8803.5,20752.0,-0.05676335357892944,-0.046961359230315365,1.0059264804755863,0.0030242780241209744
2026-05-22T02:38:24.502+00:00,1779417504502551000,1273,R,7686,7903,9194,10403,7686,7903,9194,10403,19148,23382,18370,22113,-133,-217,-26,-0.521569,-0.85098,-0.101961,0,64,216920,2026-05-22 02:38:24.502000+00:00,39.002,42.4,39.002,8796.5,20753.25,-0.14756796639990918,-0.04695853200404566,1.003293191286575,0.00039098883510968463
2026-05-22T02:38:24.502+00:00,1779417504502597000,1274,R,7690,7915,9197,10414,7690,7915,9197,10414,19148,23383,18374,22117,-132,-218,-27,-0.517647,-0.854902,-0.105882,0,64,316920,2026-05-22 02:38:24.502000+00:00,39.002,42.43333333333333,39.002,8804.0,20755.5,-0.07377560864877135,-0.03612194769541974,1.0050009174806758,0.0020144753225574963
2026-05-22T02:38:24.652+00:00,1779417504652321000,1275,R,7691,7915,9197,10414,7691,7915,9197,10414,19150,23381,18371,22115,-133,-218,-26,-0.521569,-0.854902,-0.101961,0,64,416920,2026-05-22 02:38:24.652000+00:00,39.152,42.46666666666667,39.152,8804.25,20754.25,-0.07660878447395301,-0.04695627046811789,1.0066219235075302,0.00363548134941194
2026-05-22T02:38:24.652+00:00,1779417504652610000,1276,R,7690,7916,9196,10415,7690,7916,9196,10415,19151,23382,18371,22116,-132,-218,-26,-0.517647,-0.854902,-0.101961,0,64,516920,2026-05-22 02:38:24.652000+00:00,39.152,42.5,39.152,8804.25,20755.0,-0.07944389275074479,-0.04695457445911942,1.0045953870758118,0.0013021957892367375
2026-05-22T02:38:24.652+00:00,1779417504652688000,1277,R,7690,7919,9198,10420,7690,7919,9198,10420,19148,23385,18377,22114,-131,-217,-27,-0.513725,-0.85098,-0.105882,0,64,c16980,2026-05-22 02:38:24.652000+00:00,39.152,42.53333333333333,39.152,8806.75,20756.0,-0.051071073911193074,-0.04213872066844051,0.9996456041763,-0.004559301076607181
2026-05-22T02:38:24.652+00:00,1779417504652755000,1278,R,7689,7923,9199,10420,7689,7923,9199,10420,19150,23388,18379,22115,-131,-219,-26,-0.513725,-0.858824,-0.101961,0,64,d16980,2026-05-22 02:38:24.652000+00:00,39.152,42.56666666666667,39.152,8807.75,20758.0,-0.039721946375372394,-0.032507013087082676,1.0059264804755863,0.001721575222679128
2026-05-22T02:38:24.652+00:00,1779417504652819000,1279,R,7688,7925,9199,10426,7688,7925,9199,10426,19142,23385,18381,22114,-128,-218,-25,-0.501961,-0.854902,-0.098039,0,64,e16980,2026-05-22 02:38:24.652000+00:00,39.152,42.6,39.152,8809.5,20755.5,-0.022697611076434206,-0.05056342097659636,0.9962097774294328,-0.007995127823474335
2026-05-22T02:38:24.802+00:00,1779417504802331000,1280,R,7686,7921,9200,10420,7686,7921,9200,10420,19142,23392,18387,22114,-129,-217,-26,-0.505882,-0.85098,-0.101961,0,64,f16980,2026-05-22 02:38:24.802000+00:00,39.302,42.63333333333333,39.302,8806.75,20758.75,-0.05674241779442222,-0.034912838293364154,0.9952284179247496,-0.00897648732815759
2026-05-22T02:38:24.802+00:00,1779417504802390000,1281,R,7682,7923,9200,10418,7682,7923,9200,10418,19139,23395,18388,22114,-129,-216,-26,-0.505882,-0.847059,-0.101961,0,64,016980,2026-05-22 02:38:24.802000+00:00,39.302,42.666666666666664,39.302,8805.75,20759.0,-0.06809090135330667,-0.03491241798591464,0.9918778114899033,-0.012327093763003893
2026-05-22T02:38:24.802+00:00,1779417504802407000,1282,R,7682,7926,9202,10418,7682,7926,9202,10418,19140,23396,18391,22114,-128,-216,-25,-0.501961,-0.847059,-0.098039,0,64,116980,2026-05-22 02:38:24.802000+00:00,39.302,42.7,39.302,8807.0,20760.25,-0.05674080798910577,-0.02889303557455005,0.9894874635501958,-0.014717441702711387
2026-05-22T02:38:24.802+00:00,1779417504802421000,1283,R,7677,7937,9207,10429,7677,7937,9207,10429,19127,23410,18405,22117,-131,-218,-26,-0.513725,-0.854902,-0.101961,0,64,917050,2026-05-22 02:38:24.802000+00:00,39.302,42.733333333333334,39.302,8812.5,20764.75,0.005674080798910576,-0.009630779972793047,1.002580096924929,-0.0016248083279781778
2026-05-22T02:38:24.802+00:00,1779417504802434000,1284,R,7676,7925,9212,10431,7676,7925,9212,10431,19122,23409,18406,22115,-133,-216,-26,-0.521569,-0.847059,-0.101961,0,64,a17050,2026-05-22 02:38:24.802000+00:00,39.302,42.766666666666666,39.302,8811.0,20763.0,-0.01702127659574468,-0.018057712448986962,0.9999696079196607,-0.004235297333246457
2026-05-22T02:38:24.952+00:00,1779417504952377000,1285,R,7677,7939,9208,10429,7677,7939,9208,10429,19123,23415,18408,22118,-134,-217,-25,-0.52549,-0.85098,-0.098039,0,64,b17050,2026-05-22 02:38:24.952000+00:00,39.452,42.8,39.452,8813.25,20766.0,0.00851063829787234,-0.0036115424897973925,1.0049469369180644,0.001653745631489345
2026-05-22T02:38:24.952+00:00,1779417504952592000,1286,R,7673,7938,9207,10428,7673,7938,9207,10428,19121,23414,18414,22118,-134,-216,-25,-0.52549,-0.847059,-0.098039,0,64,c17050,2026-05-22 02:38:24.952000+00:00,39.452,42.833333333333336,39.452,8811.5,20766.75,-0.017020310904345852,-0.007222563287710809,1.0016288409895153,-0.0016643502970596913
2026-05-22T02:38:24.952+00:00,1779417504952658000,1287,R,7675,7941,9208,10428,7675,7941,9208,10428,19123,23416,18415,22121,-133,-216,-26,-0.521569,-0.847059,-0.101961,0,64,d17050,2026-05-22 02:38:24.952000+00:00,39.452,42.86666666666667,39.452,8813.0,20768.75,0.0,0.0,0.9999696079196607,-0.0030168342384575553
2026-05-22T02:38:24.952+00:00,1779417504952698000,1288,R,7689,7941,9204,10411,7689,7941,9204,10411,19157,23403,18415,22092,-140,-215,-33,-0.54902,-0.843137,-0.129412,0,64,517120,2026-05-22 02:38:24.952000+00:00,39.452,42.9,39.452,8811.25,20766.75,-0.019857029388403495,-0.009629852542882938,1.014421227554412,0.011434785396293723
2026-05-22T02:38:24.952+00:00,1779417504952733000,1289,R,7700,7932,9201,10400,7700,7932,9201,10400,19172,23406,18415,22086,-137,-209,-26,-0.537255,-0.819608,-0.101961,0,64,617120,2026-05-22 02:38:24.952000+00:00,39.452,42.93333333333333,39.452,8808.25,20769.75,-0.0538976511970952,0.004814926271441469,0.985289934085394,-0.017612268366071326
2026-05-22T02:38:24.952+00:00,1779417504952768000,1290,R,7713,7942,9219,10412,7713,7942,9219,10412,19203,23416,18408,22085,-146,-201,-27,-0.572549,-0.788235,-0.105882,0,64,717120,2026-05-22 02:38:24.952000+00:00,39.452,42.96666666666667,39.452,8821.5,20778.0,0.09644842845795983,0.044538068010833584,0.979968249766287,-0.02261184715864195
2026-05-22T02:38:25.102+00:00,1779417505102166000,1291,R,7732,7949,9229,10414,7732,7949,9229,10414,19233,23424,18418,22091,-142,-220,-28,-0.556863,-0.862745,-0.109804,0,64,817120,2026-05-22 02:38:25.102000+00:00,39.602,43.0,39.602,8831.0,20791.5,0.20424373085215022,0.1095395726752934,1.0327062768328659,0.03047151209707799
2026-05-22T02:38:25.102+00:00,1779417505102224000,1292,R,7742,7949,9239,10419,7742,7949,9239,10419,19262,23432,18420,22094,-134,-212,-27,-0.52549,-0.831373,-0.105882,0,64,917120,2026-05-22 02:38:25.102000+00:00,39.602,43.03333333333333,39.602,8837.25,20802.0,0.2723172495957791,0.15527389593037952,0.9892076643218046,-0.01302710041398325
2026-05-22T02:38:25.102+00:00,1779417505102241000,1293,R,7851,7944,9278,10464,7851,7944,9278,10464,19459,23456,18405,22180,-138,-216,-30,-0.541176,-0.847059,-0.117647,0,64,117190,2026-05-22 02:38:25.102000+00:00,39.602,43.06666666666667,39.602,8884.25,20875.0,0.8056051967208464,0.4970693369600539,1.012038155933856,0.009803391198068168
2026-05-22T02:38:25.102+00:00,1779417505102255000,1294,R,7849,7948,9265,10471,7849,7948,9265,10471,19470,23451,18406,22191,-134,-215,-26,-0.52549,-0.843137,-0.101961,0,64,217190,2026-05-22 02:38:25.102000+00:00,39.602,43.1,39.602,8883.25,20879.5,0.7913995574970216,0.516313832155881,0.998707057344645,-0.0034817725422182644
2026-05-22T02:38:25.102+00:00,1779417505102268000,1295,R,7839,7946,9268,10460,7839,7946,9268,10460,19451,23438,18414,22180,-124,-220,-24,-0.486275,-0.862745,-0.094118,0,64,317190,2026-05-22 02:38:25.102000+00:00,39.602,43.13333333333333,39.602,8878.25,20870.75,0.7232401157184185,0.47177191272219615,0.9948117955543149,-0.007377034332548438
2026-05-22T02:38:25.251+00:00,1779417505251838000,1296,R,7798,7952,9250,10446,7798,7952,9250,10446,19390,23419,18425,22154,-135,-215,-34,-0.529412,-0.843137,-0.133333,0,64,417190,2026-05-22 02:38:25.251000+00:00,39.751,43.166666666666664,39.751,8861.5,20847.0,0.5303610425706912,0.35260846019616104,1.004457443300611,0.002460566163760891
2026-05-22T02:38:25.251+00:00,1779417505251871000,1297,R,7754,7951,9226,10434,7754,7951,9226,10434,19306,23398,18435,22136,-138,-225,-29,-0.541176,-0.882353,-0.113725,0,64,517190,2026-05-22 02:38:25.251000+00:00,39.751,43.2,39.751,8841.25,20818.75,0.30063246263365384,0.21661953186112282,1.0413220708359159,0.03969322984640056
2026-05-22T02:38:25.251+00:00,1779417505251887000,1298,R,7686,7925,9208,10415,7686,7925,9208,10415,19152,23402,18400,22105,-135,-217,-28,-0.529412,-0.85098,-0.109804,0,64,d17260,2026-05-22 02:38:25.251000+00:00,39.751,43.233333333333334,39.751,8808.5,20764.75,-0.07657184991917416,-0.04332390637222456,1.0082167150766743,0.006587874087158996
2026-05-22T02:38:25.251+00:00,1779417505251901000,1299,R,7693,7917,9217,10420,7693,7917,9217,10420,19157,23401,18398,22111,-135,-220,-28,-0.529412,-0.862745,-0.109804,0,64,e17260,2026-05-22 02:38:25.251000+00:00,39.751,43.266666666666666,39.751,8811.75,20766.75,-0.04537333749255594,-0.03369637162284132,1.0181664496461273,0.016169572509277197
2026-05-22T02:38:25.251+00:00,1779417505251914000,1300,R,7693,7928,9211,10420,7693,7928,9211,10420,19159,23402,18399,22113,-133,-221,-27,-0.521569,-0.866667,-0.105882,0,64,f17260,2026-05-22 02:38:25.251000+00:00,39.751,43.3,39.751,8813.0,20768.25,-0.031194169526132208,-0.028881909094191124,1.017033386164879,0.015036509028028888
2026-05-22T02:38:25.401+00:00,1779417505401945000,1301,R,7696,7925,9213,10419,7696,7925,9213,10419,19166,23404,18399,22118,-128,-218,-30,-0.501961,-0.854902,-0.117647,0,64,017260,2026-05-22 02:38:25.401000+00:00,39.901,43.333333333333336,39.901,8813.25,20771.75,-0.03119328493647913,-0.012034128789246302,0.9983301516702779,-0.003904613065509932
2026-05-22T02:38:25.401+00:00,1779417505401987000,1302,R,7698,7923,9213,10424,7698,7923,9213,10424,19167,23404,18396,22122,-126,-221,-30,-0.494118,-0.866667,-0.117647,0,64,117260,2026-05-22 02:38:25.401000+00:00,39.901,43.36666666666667,39.901,8814.5,20772.25,-0.019849709343541754,-0.01684656390262686,1.0045422357581586,0.0019621388332295986
2026-05-22T02:38:25.402+00:00,1779417505402003000,1303,R,7711,7924,9223,10433,7711,7924,9223,10433,19195,23417,18390,22134,-117,-225,-29,-0.458824,-0.882353,-0.113725,0,64,917330,2026-05-22 02:38:25.402000+00:00,39.902,43.4,39.902,8822.75,20784.0,0.07088980888107525,0.03489477420674552,1.000999328276498,-0.001235436459289918
2026-05-22T02:38:25.402+00:00,1779417505402017000,1304,R,7717,7924,9217,10432,7717,7924,9217,10432,19197,23415,18394,22135,-118,-226,-30,-0.462745,-0.886275,-0.117647,0,64,a17330,2026-05-22 02:38:25.402000+00:00,39.902,43.43333333333333,39.902,8822.5,20785.25,0.06521677488870616,0.04091111458721888,1.006706077889172,0.0047092007523219515
2026-05-22T02:38:25.402+00:00,1779417505402029000,1305,R,7715,7923,9225,10435,7715,7923,9225,10435,19202,23416,18391,22136,-117,-226,-30,-0.458824,-0.886275,-0.117647,0,64,b17330,2026-05-22 02:38:25.402000+00:00,39.902,43.46666666666667,39.902,8824.5,20786.25,0.07371286005897029,0.044520383115945514,1.0049097746613873,0.0032809336718719884
2026-05-22T02:38:25.700+00:00,1779417505700215000,1306,R,7718,7925,9226,10437,7718,7925,9226,10437,19200,23415,18387,22139,-115,-227,-31,-0.45098,-0.890196,-0.121569,0,64,c17330,2026-05-22 02:38:25.700000+00:00,40.2,43.5,40.2,8826.5,20785.25,0.09639374007711499,0.03850365183072832,1.0052914505639645,0.003739366541870348
2026-05-22T02:38:25.700+00:00,1779417505700353000,1307,R,7720,7923,9226,10437,7720,7923,9226,10437,19201,23417,18387,22135,-114,-229,-31,-0.447059,-0.898039,-0.121569,0,64,d17330,2026-05-22 02:38:25.700000+00:00,40.2,43.53333333333333,40.2,8826.5,20785.0,0.09639374007711499,0.03609673926122007,1.0105022596525948,0.008957999657560833
2026-05-22T02:38:25.700+00:00,1779417505700426000,1308,R,7719,7920,9229,10435,7719,7920,9229,10435,19204,23422,18386,22140,-113,-229,-31,-0.443137,-0.898039,-0.121569,0,64,e17330,2026-05-22 02:38:25.700000+00:00,40.2,43.56666666666667,40.2,8825.75,20788.0,0.08505088878178776,0.0481278275098662,1.0087732490758268,0.007221165053732603
2026-05-22T02:38:25.700+00:00,1779417505700492000,1309,R,7726,7919,9233,10439,7726,7919,9233,10439,19209,23424,18380,22145,-103,-231,-34,-0.403922,-0.905882,-0.133333,0,64,517390,2026-05-22 02:38:25.700000+00:00,40.2,43.6,40.2,8829.25,20789.5,0.11906449326718639,0.05173554713348974,1.0007761332570835,-0.0007759507650106912
2026-05-22T02:38:25.700+00:00,1779417505700565000,1310,R,7716,7922,9220,10441,7716,7922,9220,10441,19218,23431,18384,22141,-102,-230,-34,-0.4,-0.901961,-0.133333,0,64,617390,2026-05-22 02:38:25.700000+00:00,40.2,43.63333333333333,40.2,8824.75,20793.5,0.06236357966947303,0.06857802856214733,0.9956461893715056,-0.00590589465058855
2026-05-22T02:38:25.849+00:00,1779417505849721000,1311,R,7726,7920,9235,10441,7726,7920,9235,10441,19213,23428,18375,22143,-101,-230,-33,-0.396078,-0.901961,-0.129412,0,64,717390,2026-05-22 02:38:25.849000+00:00,40.349,43.666666666666664,40.349,8830.5,20789.75,0.10202346539704132,0.046920115495668914,0.9935587015113903,-0.007993382510703917
2026-05-22T02:38:25.849+00:00,1779417505849873000,1312,R,7726,7921,9235,10442,7726,7921,9235,10442,19214,23429,18378,22142,-100,-230,-34,-0.392157,-0.901961,-0.133333,0,64,817390,2026-05-22 02:38:25.849000+00:00,40.349,43.7,40.349,8831.0,20790.75,0.09634457353357892,0.04451074272790703,0.9925212577365787,-0.009030826285515436
2026-05-22T02:38:25.849+00:00,1779417505849947000,1313,R,7726,7920,9234,10440,7726,7920,9234,10440,19214,23425,18376,22142,-99,-231,-34,-0.388235,-0.905882,-0.133333,0,64,917390,2026-05-22 02:38:25.849000+00:00,40.349,43.733333333333334,40.349,8830.0,20789.25,0.0821739253634071,0.025259815242494228,0.9945482904504939,-0.007003793571600303
2026-05-22T02:38:25.850+00:00,1779417505850012000,1314,R,7729,7925,9241,10448,7729,7925,9241,10448,19215,23437,18382,22150,-92,-234,-34,-0.360784,-0.917647,-0.133333,0,64,017450,2026-05-22 02:38:25.850000+00:00,40.35,43.766666666666666,40.35,8835.75,20796.0,0.1473463489274886,0.056533192200825144,0.9949968844946199,-0.0065473755004140655
2026-05-22T02:38:25.850+00:00,1779417505850075000,1315,R,7727,7923,9239,10446,7727,7923,9239,10446,19214,23437,18381,22149,-92,-235,-34,-0.360784,-0.921569,-0.133333,0,64,117450,2026-05-22 02:38:25.850000+00:00,40.35,43.8,40.35,8833.75,20795.25,0.11900376845266766,0.04931440942987732,0.998615143739569,-0.0029369402825252244
2026-05-22T02:38:25.850+00:00,1779417505850137000,1316,R,7723,7922,9235,10445,7723,7922,9235,10445,19212,23434,18381,22153,-91,-237,-35,-0.356863,-0.929412,-0.137255,0,64,217450,2026-05-22 02:38:25.850000+00:00,40.35,43.833333333333336,40.35,8831.25,20795.0,0.0821622846781505,0.04690826427394426,1.0049859708165083,0.0034338867944141427
2026-05-22T02:38:25.999+00:00,1779417505999557000,1317,R,7722,7917,9233,10444,7722,7917,9233,10444,19206,23434,18373,22145,-92,-236,-34,-0.360784,-0.92549,-0.133333,0,64,317450,2026-05-22 02:38:25.999000+00:00,40.499,43.86666666666667,40.499,8829.0,20789.5,0.05099439061703213,0.0204471921194116,1.0022347647357879,0.0006905047407539389
2026-05-22T02:38:25.999+00:00,1779417505999698000,1318,R,7718,7916,9231,10437,7718,7916,9231,10437,19202,23431,18377,22144,-90,-237,-34,-0.352941,-0.929412,-0.133333,0,64,417450,2026-05-22 02:38:25.999000+00:00,40.499,43.9,40.499,8825.5,20788.5,0.011332086803784917,0.015636088091314754,1.003071136118471,0.0015268761234370487
2026-05-22T02:38:25.999+00:00,1779417505999775000,1319,R,7711,7913,9224,10424,7711,7913,9224,10424,19193,23420,18368,22126,-81,-235,-37,-0.317647,-0.921569,-0.145098,0,64,c17520,2026-05-22 02:38:25.999000+00:00,40.499,43.93333333333333,40.499,8818.0,20776.75,-0.07365856422460196,-0.0408943842388232,0.9855163458684996,-0.0157673988357675
2026-05-22T02:38:25.999+00:00,1779417505999844000,1320,R,7711,7907,9224,10421,7711,7907,9224,10421,19192,23419,18372,22124,-81,-237,-38,-0.317647,-0.929412,-0.14902,0,64,d17520,2026-05-22 02:38:25.999000+00:00,40.499,43.96666666666667,40.499,8815.75,20776.75,-0.09915575953311802,-0.0408943842388232,0.9934350722382415,-0.00810918775679248
2026-05-22T02:38:25.999+00:00,1779417505999909000,1321,R,7712,7911,9223,10419,7712,7911,9223,10419,19191,23414,18370,22120,-79,-238,-37,-0.309804,-0.933333,-0.145098,0,64,e17520,2026-05-22 02:38:25.999000+00:00,40.499,44.0,40.499,8816.25,20773.75,-0.09348971613122556,-0.05532769632311375,0.9940535382508329,-0.007490721744201068
2026-05-22T02:38:26.150+00:00,1779417506150228000,1322,R,7711,7909,9221,10418,7711,7909,9221,10418,19190,23416,18370,22119,-79,-240,-38,-0.309804,-0.941176,-0.14902,0,64,f17520,2026-05-22 02:38:26.150000+00:00,40.65,44.03333333333333,40.65,8814.75,20773.75,-0.1048277425203989,-0.05532769632311375,1.0019968771368502,0.00045261714181621393
2026-05-22T02:38:26.150+00:00,1779417506150364000,1323,R,7711,7910,9218,10415,7711,7910,9218,10415,19191,23412,18372,22120,-78,-241,-38,-0.305882,-0.945098,-0.14902,0,64,017520,2026-05-22 02:38:26.150000+00:00,40.65,44.06666666666667,40.65,8813.5,20773.75,-0.11050349927747712,-0.05532769632311375,1.0044804567177998,0.0029361967227659047
2026-05-22T02:38:26.150+00:00,1779417506150435000,1324,R,7714,7916,9216,10417,7714,7916,9216,10417,19194,23400,18383,22118,-74,-241,-39,-0.290196,-0.945098,-0.152941,0,64,817590,2026-05-22 02:38:26.150000+00:00,40.65,44.1,40.65,8815.75,20773.75,-0.07934034173018617,-0.0541255713254751,1.0004073657770618,-0.000906954356731049
2026-05-22T02:38:26.150+00:00,1779417506150510000,1325,R,7713,7918,9213,10417,7713,7918,9213,10417,19191,23398,18385,22117,-76,-241,-39,-0.298039,-0.945098,-0.152941,0,64,917590,2026-05-22 02:38:26.150000+00:00,40.65,44.13333333333333,40.65,8815.25,20772.75,-0.08500750899662804,-0.056532512208617,1.0027105387927264,0.001396218658933579
2026-05-22T02:38:26.150+00:00,1779417506150573000,1326,R,7712,7920,9212,10415,7712,7920,9212,10415,19200,23396,18390,22117,-75,-241,-39,-0.294118,-0.945098,-0.152941,0,64,a17590,2026-05-22 02:38:26.150000+00:00,40.65,44.166666666666664,40.65,8814.75,20775.75,-0.08784358175120431,-0.04089635180485223,1.0015520840220942,0.00023776388830132333
2026-05-22T02:38:26.299+00:00,1779417506299510000,1327,R,7713,7918,9214,10419,7713,7918,9214,10419,19197,23395,18386,22119,-74,-241,-39,-0.290196,-0.945098,-0.152941,0,64,b17590,2026-05-22 02:38:26.299000+00:00,40.799,44.2,40.799,8816.0,20774.25,-0.06801178871004307,-0.04691108545034642,1.0004073657770618,-0.000876378927205268
2026-05-22T02:38:26.299+00:00,1779417506299632000,1328,R,7713,7920,9214,10419,7713,7920,9214,10419,19196,23399,18386,22116,-75,-242,-39,-0.294118,-0.94902,-0.152941,0,64,c17590,2026-05-22 02:38:26.299000+00:00,40.799,44.233333333333334,40.799,8816.5,20774.25,-0.05951200158698671,-0.03488679835430551,1.005253852419875,0.003970107715608018
2026-05-22T02:38:26.299+00:00,1779417506299705000,1329,R,7714,7923,9216,10420,7714,7923,9216,10420,19199,23396,18394,22119,-75,-242,-39,-0.294118,-0.94902,-0.152941,0,64,417660,2026-05-22 02:38:26.299000+00:00,40.799,44.266666666666666,40.799,8818.25,20777.0,-0.0396746677246578,-0.02165387484060342,1.005253852419875,0.003970107715608018
2026-05-22T02:38:26.299+00:00,1779417506299780000,1330,R,7714,7922,9214,10417,7714,7922,9214,10417,19197,23398,18395,22119,-75,-242,-39,-0.294118,-0.94902,-0.152941,0,64,517660,2026-05-22 02:38:26.299000+00:00,40.799,44.3,40.799,8816.75,20777.25,-0.05667809674951115,-0.020450881793903232,1.005253852419875,0.003970107715608018
2026-05-22T02:38:26.299+00:00,1779417506299852000,1331,R,7715,7924,9214,10419,7715,7924,9214,10419,19198,23401,18397,22124,-75,-242,-38,-0.294118,-0.94902,-0.14902,0,64,617660,2026-05-22 02:38:26.299000+00:00,40.799,44.333333333333336,40.799,8818.0,20780.0,-0.04250857256213336,-0.00721795828020114,1.0046647792791386,0.003665451002640596
2026-05-22T02:38:26.452+00:00,1779417506452682000,1332,R,7712,7926,9214,10420,7712,7926,9214,10420,19194,23402,18396,22118,-74,-242,-38,-0.290196,-0.94902,-0.14902,0,64,717660,2026-05-22 02:38:26.452000+00:00,40.952,44.36666666666667,40.952,8818.0,20777.5,-0.04250857256213336,-0.01924788874720304,1.0035236116883348,0.0025242834118368584
2026-05-22T02:38:26.452+00:00,1779417506452827000,1333,R,7714,7927,9213,10421,7714,7927,9213,10421,19193,23401,18400,22123,-75,-241,-38,-0.294118,-0.945098,-0.14902,0,64,817660,2026-05-22 02:38:26.452000+00:00,40.952,44.4,40.952,8818.75,20779.25,-0.03400685804970669,-0.01082693742030171,1.0009608323645836,0.0
2026-05-22T02:38:26.452+00:00,1779417506452902000,1334,R,7714,7927,9214,10422,7714,7927,9214,10422,19191,23402,18400,22122,-76,-241,-37,-0.298039,-0.945098,-0.145098,0,64,917660,2026-05-22 02:38:26.452000+00:00,40.952,44.43333333333333,40.952,8819.25,20778.75,-0.028339048374755576,-0.006015399422521655,1.001544259995034,0.0007681267379504586
2026-05-22T02:38:26.452+00:00,1779417506452969000,1335,R,7712,7932,9218,10429,7712,7932,9218,10429,19187,23407,18401,22131,-75,-240,-37,-0.294118,-0.941176,-0.145098,0,64,017720,2026-05-22 02:38:26.452000+00:00,40.952,44.46666666666667,40.952,8822.75,20781.5,0.034014569573967514,0.007218479307025986,0.9966800341654287,-0.003727331611633078
2026-05-22T02:38:26.453+00:00,1779417506453036000,1336,R,7713,7933,9219,10428,7713,7933,9219,10428,19192,23411,18407,22133,-74,-241,-37,-0.290196,-0.945098,-0.145098,0,64,117720,2026-05-22 02:38:26.453000+00:00,40.953,44.5,40.953,8823.25,20785.75,0.0396836645029621,0.027670837343599614,0.9992383987938014,-0.001168966983260411
2026-05-22T02:38:26.602+00:00,1779417506602547000,1337,R,7715,7933,9220,10431,7715,7933,9220,10431,19188,23408,18408,22133,-72,-242,-38,-0.282353,-0.94902,-0.14902,0,64,217720,2026-05-22 02:38:26.602000+00:00,41.102,44.53333333333333,41.102,8824.75,20784.25,0.05669094928994586,0.02045235803657363,1.001283744704267,0.000876378927205268
2026-05-22T02:38:26.602+00:00,1779417506602688000,1338,R,7713,7933,9219,10431,7713,7933,9219,10431,19191,23409,18406,22135,-73,-243,-37,-0.286275,-0.952941,-0.145098,0,64,317720,2026-05-22 02:38:26.602000+00:00,41.102,44.56666666666667,41.102,8824.0,20785.25,0.04818730689645398,0.025264677574590954,1.005536351759597,0.005128985982535195
2026-05-22T02:38:26.602+00:00,1779417506602763000,1339,R,7715,7934,9220,10435,7715,7934,9220,10435,19190,23412,18408,22136,-73,-244,-37,-0.286275,-0.956863,-0.145098,0,64,417720,2026-05-22 02:38:26.602000+00:00,41.102,44.6,41.102,8826.0,20786.5,0.07086368661243232,0.03128007699711261,1.009253984880912,0.008846619103850095
2026-05-22T02:38:26.602+00:00,1779417506602828000,1340,R,7719,7940,9223,10435,7719,7940,9223,10435,19195,23418,18412,22142,-73,-240,-37,-0.286275,-0.941176,-0.145098,0,64,c17790,2026-05-22 02:38:26.602000+00:00,41.102,44.63333333333333,41.102,8829.25,20791.75,0.10771280365089714,0.05654475457170356,0.9943938194724463,-0.00601354630461548
2026-05-22T02:38:26.602+00:00,1779417506602892000,1341,R,7723,7939,9226,10438,7723,7939,9226,10438,19198,23420,18415,22147,-75,-238,-35,-0.294118,-0.933333,-0.137255,0,64,d17790,2026-05-22 02:38:26.602000+00:00,41.102,44.666666666666664,41.102,8831.5,20795.0,0.13322373083137276,0.07218479307025986,0.988157285981336,-0.012250079795725788
2026-05-22T02:38:26.602+00:00,1779417506602955000,1342,R,7722,7940,9225,10442,7722,7940,9225,10442,19197,23416,18415,22148,-73,-238,-37,-0.286275,-0.933333,-0.145098,0,64,e17790,2026-05-22 02:38:26.602000+00:00,41.102,44.7,41.102,8832.25,20794.0,0.14172737322486464,0.06737247353224254,0.9869738061964968,-0.013433559580565024
2026-05-22T02:38:26.752+00:00,1779417506752548000,1343,R,7722,7939,9225,10443,7722,7939,9225,10443,19198,23419,18415,22147,-72,-239,-37,-0.282353,-0.937255,-0.145098,0,64,f17790,2026-05-22 02:38:26.752000+00:00,41.252,44.733333333333334,41.252,8832.25,20794.75,0.14172737322486464,0.07098171318575554,0.9895572652646233,-0.01085010051243851
2026-05-22T02:38:26.752+00:00,1779417506752680000,1344,R,7723,7940,9229,10442,7723,7940,9229,10442,19200,23421,18415,22149,-72,-239,-38,-0.282353,-0.937255,-0.14902,0,64,017790,2026-05-22 02:38:26.752000+00:00,41.252,44.766666666666666,41.252,8833.5,20796.25,0.16157836550727103,0.07820019249278153,0.9901399456814173,-0.01026742009564452
2026-05-22T02:38:26.752+00:00,1779417506752753000,1345,R,7719,7934,9220,10434,7719,7934,9220,10434,19201,23413,18410,22139,-73,-242,-37,-0.286275,-0.94902,-0.145098,0,64,717850,2026-05-22 02:38:26.752000+00:00,41.252,44.8,41.252,8826.75,20790.75,0.0878784442680576,0.051732435033686235,1.001821224385369,0.001413858608307228
2026-05-22T02:38:26.752+00:00,1779417506752818000,1346,R,7719,7932,9223,10433,7719,7932,9223,10433,19198,23415,18412,22143,-73,-242,-38,-0.286275,-0.94902,-0.14902,0,64,817850,2026-05-22 02:38:26.752000+00:00,41.252,44.833333333333336,41.252,8826.75,20792.0,0.0878784442680576,0.05895162357583705,1.0023967759450345,0.001597023467047487
2026-05-22T02:38:26.752+00:00,1779417506752881000,1347,R,7720,7933,9219,10427,7720,7933,9219,10427,19197,23410,18407,22135,-73,-241,-38,-0.286275,-0.945098,-0.14902,0,64,917850,2026-05-22 02:38:26.752000+00:00,41.252,44.86666666666667,41.252,8824.75,20787.25,0.06803685329553508,0.038499945859451136,0.9986844174357583,-0.0021153350422287165
2026-05-22T02:38:26.902+00:00,1779417506902308000,1348,R,7715,7929,9217,10427,7715,7929,9217,10427,19191,23409,18407,22131,-72,-241,-37,-0.282353,-0.945098,-0.145098,0,64,a17850,2026-05-22 02:38:26.902000+00:00,41.402,44.9,41.402,8822.0,20784.5,0.0368532955350815,0.026469031233456855,0.9969889045606275,-0.0038108479173595278
2026-05-22T02:38:26.902+00:00,1779417506902438000,1349,R,7717,7929,9217,10424,7717,7929,9217,10424,19194,23408,18409,22131,-72,-241,-37,-0.282353,-0.945098,-0.145098,0,64,b17850,2026-05-22 02:38:26.902000+00:00,41.402,44.93333333333333,41.402,8821.75,20785.5,0.03969041476483429,0.031281582366812645,0.9969889045606275,-0.0038108479173595278
2026-05-22T02:38:26.902+00:00,1779417506902510000,1350,R,7708,7925,9211,10413,7708,7925,9211,10413,19186,23397,18397,22116,-74,-243,-34,-0.290196,-0.952941,-0.133333,0,64,217910,2026-05-22 02:38:26.902000+00:00,41.402,44.96666666666667,41.402,8814.25,20774.0,-0.04536047401695348,-0.02406275566677896,1.0050313212960083,0.004231568818021225
2026-05-22T02:38:26.902+00:00,1779417506902778000,1351,R,7711,7923,9211,10413,7711,7923,9211,10413,19188,23401,18399,22119,-74,-242,-34,-0.290196,-0.94902,-0.133333,0,64,317910,2026-05-22 02:38:26.902000+00:00,41.402,45.0,41.402,8814.5,20776.75,-0.04252544439089388,-0.010828240050050533,1.0013143201337928,0.0005145676558058199
2026-05-22T02:38:26.902+00:00,1779417506902851000,1352,R,7710,7921,9212,10411,7710,7921,9212,10411,19185,23395,18397,22118,-73,-244,-34,-0.286275,-0.956863,-0.133333,0,64,417910,2026-05-22 02:38:26.902000+00:00,41.402,45.03333333333333,41.402,8813.5,20773.75,-0.05386556289513225,-0.025265893450117906,1.0076298255227463,0.006830073044759244
2026-05-22T02:38:27.052+00:00,1779417507052466000,1353,R,7709,7921,9209,10410,7709,7921,9209,10410,19184,23393,18396,22117,-72,-242,-34,-0.282353,-0.94902,-0.133333,0,64,517910,2026-05-22 02:38:27.052000+00:00,41.552,45.06666666666667,41.552,8812.25,20772.5,-0.06804071102543022,-0.031281582366812645,0.9990695000339065,-0.0017302524440805378
2026-05-22T02:38:27.052+00:00,1779417507052613000,1354,R,7711,7922,9208,10409,7711,7922,9208,10409,19183,23397,18393,22113,-72,-242,-34,-0.282353,-0.94902,-0.133333,0,64,617910,2026-05-22 02:38:27.052000+00:00,41.552,45.1,41.552,8812.5,20771.5,-0.07087172218284904,-0.03609413350016844,0.9990695000339065,-0.0013378657431553087
2026-05-22T02:38:27.052+00:00,1779417507052689000,1355,R,7709,7921,9210,10412,7709,7921,9210,10412,19184,23396,18392,22113,-70,-240,-34,-0.27451,-0.941176,-0.133333,0,64,f17990,2026-05-22 02:38:27.052000+00:00,41.552,45.13333333333333,41.552,8813.0,20771.25,-0.06520198440822111,-0.037297271283507384,0.9894168443911797,-0.01099052138588208
2026-05-22T02:38:27.052+00:00,1779417507052755000,1356,R,7709,7919,9208,10410,7709,7919,9208,10410,19186,23395,18396,22114,-71,-240,-34,-0.278431,-0.941176,-0.133333,0,64,017990,2026-05-22 02:38:27.052000+00:00,41.552,45.166666666666664,41.552,8811.5,20772.75,-0.08221119773210489,-0.0300784445834737,0.9905118745507295,-0.009673120794631451
2026-05-22T02:38:27.052+00:00,1779417507052819000,1357,R,7709,7933,9207,10416,7709,7933,9207,10416,19184,23396,18395,22118,-72,-241,-34,-0.282353,-0.945098,-0.133333,0,64,117990,2026-05-22 02:38:27.052000+00:00,41.552,45.2,41.552,8816.25,20773.25,-0.028348688873139617,-0.027672169016795804,0.9953447317899462,-0.004840263555414781
2026-05-22T02:38:27.203+00:00,1779417507203161000,1358,R,7708,7922,9210,10411,7708,7922,9210,10411,19180,23393,18397,22116,-75,-242,-33,-0.294118,-0.94902,-0.129412,0,64,217990,2026-05-22 02:38:27.203000+00:00,41.703,45.233333333333334,41.703,8812.75,20771.5,-0.06803685329553508,-0.03609413350016844,1.0019440224224105,0.0017590270770495575
2026-05-22T02:38:27.203+00:00,1779417507203297000,1359,R,7708,7919,9210,10414,7708,7919,9210,10414,19181,23396,18398,22118,-76,-244,-32,-0.298039,-0.956863,-0.12549,0,64,317990,2026-05-22 02:38:27.203000+00:00,41.703,45.266666666666666,41.703,8812.75,20773.25,-0.0708697131194013,-0.02887495939458835,1.0100305868586357,0.009845591513274687
2026-05-22T02:38:27.203+00:00,1779417507203375000,1360,R,7708,7923,9209,10414,7708,7923,9209,10414,19183,23398,18399,22124,-76,-243,-34,-0.298039,-0.952941,-0.133333,0,64,417990,2026-05-22 02:38:27.203000+00:00,41.703,45.3,41.703,8813.5,20776.0,-0.06236534754507314,-0.018046415380358283,1.0073239220285597,0.00713892668319871
2026-05-22T02:38:27.203+00:00,1779417507203445000,1361,R,7711,7924,9211,10416,7711,7924,9211,10416,19188,23397,18404,22127,-76,-240,-32,-0.298039,-0.941176,-0.12549,0,64,a18040,2026-05-22 02:38:27.203000+00:00,41.703,45.333333333333336,41.703,8815.5,20779.0,-0.04252062250191343,-0.004812319538017324,0.995182017822368,-0.005002977522992946
2026-05-22T02:38:27.203+00:00,1779417507203509000,1362,R,7716,7927,9213,10419,7716,7927,9213,10419,19184,23395,18403,22130,-76,-240,-32,-0.298039,-0.941176,-0.12549,0,64,b18040,2026-05-22 02:38:27.203000+00:00,41.703,45.36666666666667,41.703,8818.75,20778.0,-0.005669416333588457,-0.014436263894904,0.995182017822368,-0.004056380971433349
2026-05-22T02:38:27.352+00:00,1779417507352578000,1363,R,7715,7929,9214,10421,7715,7929,9214,10421,19188,23397,18404,22127,-76,-239,-32,-0.298039,-0.937255,-0.12549,0,64,c18040,2026-05-22 02:38:27.352000+00:00,41.852,45.4,41.852,8819.75,20779.0,0.002834627813368105,-0.010827067669172932,0.9914746192646587,-0.007594880769247747
2026-05-22T02:38:27.352+00:00,1779417507352732000,1364,R,7714,7936,9223,10445,7714,7936,9223,10445,19190,23399,18402,22128,-75,-239,-32,-0.294118,-0.937255,-0.12549,0,64,d18040,2026-05-22 02:38:27.352000+00:00,41.852,45.43333333333333,41.852,8829.5,20779.75,0.11054735111539443,-0.00842095132690133,0.9903030208219098,-0.008766479211996692
2026-05-22T02:38:27.352+00:00,1779417507352806000,1365,R,7714,7927,9212,10418,7714,7927,9212,10418,19195,23398,18402,22129,-75,-241,-33,-0.294118,-0.945098,-0.129412,0,64,e18040,2026-05-22 02:38:27.352000+00:00,41.852,45.46666666666667,41.852,8817.75,20781.0,-0.022676379715978343,-0.0048118564142046,0.9982299801508668,-0.0008395198830396522
2026-05-22T02:38:27.352+00:00,1779417507352873000,1366,R,7718,7925,9216,10425,7718,7925,9216,10425,19197,23401,18401,22134,-72,-242,-34,-0.282353,-0.94902,-0.133333,0,64,518100,2026-05-22 02:38:27.352000+00:00,41.852,45.5,41.852,8821.0,20783.25,0.014172737322486466,0.0,0.9990695000339065,0.0
2026-05-22T02:38:27.352+00:00,1779417507352937000,1367,R,7719,7927,9218,10427,7719,7927,9218,10427,19197,23406,18401,22134,-74,-243,-33,-0.290196,-0.952941,-0.129412,0,64,618100,2026-05-22 02:38:27.352000+00:00,41.852,45.53333333333333,41.852,8822.75,20784.5,0.034014569573967514,0.006014458758856291,1.0045186576868546,0.005449157652948067
2026-05-22T02:38:27.352+00:00,1779417507353000000,1368,R,7720,7927,9217,10428,7720,7927,9217,10428,19196,23400,18400,22139,-74,-242,-33,-0.290196,-0.94902,-0.129412,0,64,718100,2026-05-22 02:38:27.352000+00:00,41.852,45.56666666666667,41.852,8823.0,20783.75,0.03684911703846481,0.002405783503542516,1.000799752477987,0.0017302524440805378
2026-05-22T02:38:27.502+00:00,1779417507503032000,1369,R,7722,7926,9217,10432,7722,7926,9217,10432,19200,23404,18402,22140,-74,-242,-33,-0.290196,-0.94902,-0.129412,0,64,818100,2026-05-22 02:38:27.502000+00:00,42.002,45.6,42.002,8824.25,20786.5,0.051021854360951274,0.015637592773026357,1.000799752477987,0.0017302524440805378
2026-05-22T02:38:27.503+00:00,1779417507503110000,1370,R,7735,7922,9231,10431,7735,7922,9231,10431,19199,23406,18401,22138,-76,-242,-33,-0.298039,-0.94902,-0.129412,0,64,918100,2026-05-22 02:38:27.503000+00:00,42.003,45.63333333333333,42.003,8829.75,20786.0,0.11338189857989173,0.013231809269483839,1.003102024554332,0.004032524520425573
2026-05-22T02:38:27.503+00:00,1779417507503137000,1371,R,7721,7926,9215,10425,7721,7926,9215,10425,19203,23404,18404,22141,-73,-242,-34,-0.286275,-0.94902,-0.133333,0,64,418200,2026-05-22 02:38:27.503000+00:00,42.003,45.666666666666664,42.003,8821.75,20788.0,0.022676379715978343,0.022854943283653905,1.000184995345361,0.0011154953114544952
2026-05-22T02:38:27.503+00:00,1779417507503166000,1372,R,7721,7933,9208,10426,7721,7933,9208,10426,19199,23402,18403,22136,-72,-242,-33,-0.282353,-0.94902,-0.129412,0,64,518200,2026-05-22 02:38:27.503000+00:00,42.003,45.7,42.003,8822.0,20785.0,0.025510927180475637,0.014435569242613801,0.9985537755939837,-0.0005157244399227601
2026-05-22T02:38:27.503+00:00,1779417507503191000,1373,R,7721,7925,9215,10423,7721,7925,9215,10423,19197,23402,18402,22136,-73,-240,-33,-0.286275,-0.941176,-0.129412,0,64,618200,2026-05-22 02:38:27.503000+00:00,42.003,45.733333333333334,42.003,8821.0,20784.25,0.01700776688020863,0.01443609022556391,0.9922263372562734,-0.006843162777633083
2026-05-22T02:38:27.653+00:00,1779417507653720000,1374,R,7719,7923,9214,10420,7719,7923,9214,10420,19199,23400,18400,22135,-74,-240,-33,-0.290196,-0.941176,-0.129412,0,64,718200,2026-05-22 02:38:27.653000+00:00,42.153,45.766666666666666,42.153,8819.0,20783.5,-0.0028347081667942286,0.010827067669172932,0.993364710031517,-0.005704790002389437
2026-05-22T02:38:27.653+00:00,1779417507653836000,1375,R,7718,7924,9213,10421,7718,7924,9213,10421,19196,23400,18401,22137,-74,-242,-33,-0.290196,-0.94902,-0.129412,0,64,818200,2026-05-22 02:38:27.653000+00:00,42.153,45.8,42.153,8819.0,20783.5,0.0,0.012030219912419999,1.000799752477987,0.0017302524440805378
2026-05-22T02:38:27.653+00:00,1779417507653910000,1376,R,7711,7922,9209,10411,7711,7922,9209,10411,19183,23391,18400,22123,-78,-241,-33,-0.305882,-0.945098,-0.129412,0,64,018270,2026-05-22 02:38:27.653000+00:00,42.153,45.833333333333336,42.153,8813.25,20774.25,-0.06520013606984919,-0.026468075891192145,1.0017591992450081,0.002689699211101626
2026-05-22T02:38:27.653+00:00,1779417507653975000,1377,R,7708,7923,9202,10418,7708,7923,9202,10418,19183,23400,18400,22128,-78,-241,-32,-0.305882,-0.945098,-0.12549,0,64,118270,2026-05-22 02:38:27.653000+00:00,42.153,45.86666666666667,42.153,8812.75,20777.75,-0.06803685329553508,-0.00601568891669474,1.001260089900721,0.0021905898668144186
2026-05-22T02:38:27.654+00:00,1779417507654040000,1378,R,7707,7923,9207,10412,7707,7923,9207,10412,19185,23391,18400,22125,-78,-243,-32,-0.305882,-0.952941,-0.12549,0,64,218270,2026-05-22 02:38:27.654000+00:00,42.154,45.9,42.154,8812.25,20775.25,-0.06237418842675286,-0.01804706675008422,1.0086664897303765,0.008481494385015553
2026-05-22T02:38:27.802+00:00,1779417507802787000,1379,R,7711,7923,9208,10414,7711,7923,9208,10414,19182,23393,18403,22126,-77,-242,-33,-0.301961,-0.94902,-0.129412,0,64,318270,2026-05-22 02:38:27.802000+00:00,42.302,45.93333333333333,42.302,8814.0,20776.0,-0.03119063146851164,-0.009625565501973242,1.0042743010079467,0.004089305662585696
2026-05-22T02:38:27.802+00:00,1779417507802943000,1380,R,7710,7923,9208,10414,7710,7923,9208,10414,19181,23391,18404,22126,-77,-239,-34,-0.301961,-0.937255,-0.133333,0,64,418270,2026-05-22 02:38:27.802000+00:00,42.302,45.96666666666667,42.302,8813.75,20775.5,-0.02835672763363108,-0.010828891482475244,0.993682579818626,-0.006502415526735028
2026-05-22T02:38:27.803+00:00,1779417507803022000,1381,R,7709,7922,9209,10413,7709,7922,9209,10413,19185,23392,18402,22125,-78,-241,-32,-0.305882,-0.945098,-0.12549,0,64,518270,2026-05-22 02:38:27.803000+00:00,42.303,46.0,42.303,8813.25,20776.0,-0.034028073160357296,-0.008422471153036301,1.001260089900721,0.00209039654278087
2026-05-22T02:38:27.803+00:00,1779417507803089000,1382,R,7708,7925,9207,10411,7708,7925,9207,10411,19179,23392,18404,22128,-75,-241,-31,-0.294118,-0.945098,-0.121569,0,64,b18320,2026-05-22 02:38:27.803000+00:00,42.303,46.03333333333333,42.303,8812.75,20775.75,-0.03969941868708351,-0.009625681317755772,0.9972435255688552,-0.0018259744650512832
2026-05-22T02:38:27.803+00:00,1779417507803152000,1383,R,7709,7925,9208,10418,7709,7925,9208,10418,19181,23390,18403,22126,-75,-241,-31,-0.294118,-0.945098,-0.121569,0,64,c18320,2026-05-22 02:38:27.803000+00:00,42.303,46.06666666666667,42.303,8815.0,20775.0,-0.01417836381681554,-0.013235311811914187,0.9972435255688552,-0.0018259744650512832
2026-05-22T02:38:27.952+00:00,1779417507952446000,1384,R,7720,7917,9220,10422,7720,7917,9220,10422,19178,23391,18404,22129,-76,-241,-31,-0.298039,-0.945098,-0.121569,0,64,d18320,2026-05-22 02:38:27.952000+00:00,42.452,46.1,42.452,8819.75,20775.5,0.03969941868708351,-0.010828891482475244,0.9984069795859802,-0.0007627137719597998
2026-05-22T02:38:27.952+00:00,1779417507952586000,1385,R,7709,7925,9210,10416,7709,7925,9210,10416,19180,23389,18404,22126,-74,-240,-31,-0.290196,-0.941176,-0.121569,0,64,e18320,2026-05-22 02:38:27.952000+00:00,42.452,46.13333333333333,42.452,8815.0,20774.75,-0.01417836381681554,-0.014438521976633659,0.9923734192092208,-0.0078115761361401415
2026-05-22T02:38:27.952+00:00,1779417507952659000,1386,R,7710,7925,9210,10416,7710,7925,9210,10416,19181,23389,18406,22127,-76,-240,-31,-0.298039,-0.941176,-0.121569,0,64,f18320,2026-05-22 02:38:27.952000+00:00,42.452,46.166666666666664,42.452,8815.25,20775.75,-0.011342691053452432,-0.009625681317755772,0.9946951946490945,-0.0057972715559238
2026-05-22T02:38:27.952+00:00,1779417507952725000,1387,R,7713,7929,9212,10423,7713,7929,9212,10423,19183,23397,18409,22136,-74,-242,-34,-0.290196,-0.94902,-0.133333,0,64,818400,2026-05-22 02:38:27.952000+00:00,42.452,46.2,42.452,8819.25,20781.25,0.034028073160357296,0.016844942306072603,1.0013143201337928,0.0005145676558058199
2026-05-22T02:38:27.952+00:00,1779417507952789000,1388,R,7713,7927,9202,10425,7713,7927,9202,10425,19179,23394,18405,22132,-75,-242,-33,-0.294118,-0.94902,-0.129412,0,64,918400,2026-05-22 02:38:27.952000+00:00,42.452,46.233333333333334,42.452,8816.75,20777.5,0.0,-0.0024063913754933104,1.0019440224224105,0.001144269944423515
2026-05-22T02:38:28.102+00:00,1779417508102506000,1389,R,7711,7929,9212,10426,7711,7929,9212,10426,19184,23396,18410,22138,-75,-242,-33,-0.294118,-0.94902,-0.129412,0,64,a18400,2026-05-22 02:38:28.102000+00:00,42.602,46.266666666666666,42.602,8819.5,20782.0,0.019846332681239545,0.014437653400067375,1.0019440224224105,0.0014515562173922358
2026-05-22T02:38:28.102+00:00,1779417508102640000,1390,R,7712,7931,9213,10427,7712,7931,9213,10427,19184,23399,18411,22140,-76,-242,-33,-0.298039,-0.94902,-0.129412,0,64,b18400,2026-05-22 02:38:28.102000+00:00,42.602,46.3,42.602,8820.75,20783.5,0.022678951098511695,0.021656480100101065,1.003102024554332,0.002917029208971078
2026-05-22T02:38:28.102+00:00,1779417508102715000,1391,R,7714,7930,9212,10424,7714,7930,9212,10424,19184,23397,18413,22140,-77,-242,-32,-0.301961,-0.94902,-0.12549,0,64,c18400,2026-05-22 02:38:28.102000+00:00,42.602,46.333333333333336,42.602,8820.0,20783.5,0.011339154099104206,0.018046415380358283,1.0037764422524569,0.004606748894516843
2026-05-22T02:38:28.102+00:00,1779417508102783000,1392,R,7719,7936,9217,10435,7719,7936,9217,10435,19190,23408,18417,22150,-73,-240,-32,-0.286275,-0.941176,-0.12549,0,64,418470,2026-05-22 02:38:28.102000+00:00,42.602,46.36666666666667,42.602,8826.75,20791.25,0.0878784442680576,0.05173119029859724,0.991722430270184,-0.007447263087756006
2026-05-22T02:38:28.102+00:00,1779417508102846000,1393,R,7711,7934,9202,10435,7711,7934,9202,10435,19188,23405,18418,22145,-72,-241,-32,-0.282353,-0.945098,-0.12549,0,64,518470,2026-05-22 02:38:28.102000+00:00,42.602,46.4,42.602,8820.5,20789.0,0.014173540833971142,0.038496703719743994,0.9943244874350626,-0.0058605079102983515
2026-05-22T02:38:28.102+00:00,1779417508102910000,1394,R,7719,7936,9219,10437,7719,7936,9219,10437,19194,23407,18422,22151,-72,-240,-32,-0.282353,-0.941176,-0.12549,0,64,618470,2026-05-22 02:38:28.102000+00:00,42.602,46.43333333333333,42.602,8827.75,20793.5,0.09638007767100377,0.05894736842105263,0.9905974054503677,-0.00989506075465063
2026-05-22T02:38:28.252+00:00,1779417508252398000,1395,R,7720,7938,9219,10438,7720,7938,9219,10438,19195,23407,18419,22150,-73,-241,-33,-0.286275,-0.945098,-0.129412,0,64,718470,2026-05-22 02:38:28.252000+00:00,42.752,46.46666666666667,42.752,8828.75,20792.75,0.10771891033818068,0.05533834586466165,0.9959473233926581,-0.004736498472170503
2026-05-22T02:38:28.252+00:00,1779417508252566000,1396,R,7719,7937,9220,10438,7719,7937,9220,10438,19196,23410,18420,22154,-72,-241,-32,-0.282353,-0.945098,-0.12549,0,64,818470,2026-05-22 02:38:28.252000+00:00,42.752,46.5,42.752,8828.5,20795.0,0.10488420217138646,0.0625541333846598,0.9943244874350626,-0.006475265042924394
2026-05-22T02:38:28.252+00:00,1779417508252820000,1397,R,7723,7942,9222,10445,7723,7942,9222,10445,19198,23412,18426,22163,-75,-244,-32,-0.294118,-0.956863,-0.12549,0,64,018540,2026-05-22 02:38:28.252000+00:00,42.752,46.53333333333333,42.752,8833.0,20799.75,0.15590894917368256,0.08541045135213166,1.0088805374240302,0.00808078494604314
2026-05-22T02:38:28.252+00:00,1779417508252896000,1398,R,7722,7941,9223,10443,7722,7941,9223,10443,19202,23414,18425,22166,-75,-243,-32,-0.294118,-0.952941,-0.12549,0,64,118540,2026-05-22 02:38:28.252000+00:00,42.752,46.56666666666667,42.752,8832.25,20801.75,0.14740482467329988,0.09503416418054085,1.0051615230921844,0.004361770614197402
2026-05-22T02:38:28.252+00:00,1779417508252961000,1399,R,7720,7938,9221,10440,7720,7938,9221,10440,19199,23411,18422,22155,-75,-243,-31,-0.294118,-0.952941,-0.121569,0,64,218540,2026-05-22 02:38:28.252000+00:00,42.752,46.6,42.752,8829.75,20796.75,0.1190577430053576,0.07097488210951786,1.004679535556488,0.003995713691659297
2026-05-22T02:38:28.552+00:00,1779417508552938000,1400,R,7720,7937,9218,10436,7720,7937,9218,10436,19197,23407,18420,22151,-75,-242,-30,-0.294118,-0.94902,-0.117647,0,64,318540,2026-05-22 02:38:28.552000+00:00,43.052,46.63333333333333,43.052,8827.75,20793.75,0.09638007767100377,0.05653931286690405,1.0004924662050183,-0.00019135565981032165
2026-05-22T02:38:28.553+00:00,1779417508553065000,1401,R,7718,7934,9217,10431,7718,7934,9217,10431,19194,23406,18418,22149,-75,-242,-31,-0.294118,-0.94902,-0.121569,0,64,418540,2026-05-22 02:38:28.553000+00:00,43.053,46.666666666666664,43.053,8825.0,20791.75,0.06519828783626726,0.04691560003849485,1.0009612280628057,0.00027740619797711474
2026-05-22T02:38:28.553+00:00,1779417508553138000,1402,R,7711,7925,9210,10418,7711,7925,9210,10418,19185,23396,18411,22133,-69,-241,-32,-0.270588,-0.945098,-0.12549,0,64,b18600,2026-05-22 02:38:28.553000+00:00,43.053,46.7,43.053,8816.0,20781.25,-0.03685120616832497,-0.0036088923106534503,0.99104784720416,-0.009635974660668678
2026-05-22T02:38:28.553+00:00,1779417508553205000,1403,R,7711,7926,9209,10417,7711,7926,9209,10417,19184,23394,18402,22129,-70,-241,-32,-0.27451,-0.945098,-0.12549,0,64,c18600,2026-05-22 02:38:28.553000+00:00,43.053,46.733333333333334,43.053,8815.75,20777.25,-0.0396859143351192,-0.02285631796747185,0.9921258538129122,-0.008557968051916442
2026-05-22T02:38:28.553+00:00,1779417508553269000,1404,R,7710,7923,9209,10418,7710,7923,9209,10418,19178,23389,18404,22128,-72,-241,-32,-0.282353,-0.945098,-0.12549,0,64,d18600,2026-05-22 02:38:28.553000+00:00,43.053,46.766666666666666,43.053,8815.0,20774.75,-0.04819003883550189,-0.03488595900298335,0.9943244874350626,-0.006359334429765995
2026-05-22T02:38:28.702+00:00,1779417508702480000,1405,R,7708,7925,9207,10416,7708,7925,9207,10416,19181,23393,18404,22128,-75,-242,-32,-0.294118,-0.94902,-0.12549,0,64,e18600,2026-05-22 02:38:28.702000+00:00,43.202,46.8,43.202,8814.0,20776.5,-0.0595288715026788,-0.0264652102781253,1.0014450051919974,0.0007611833271687907
2026-05-22T02:38:28.702+00:00,1779417508702619000,1406,R,7707,7925,9206,10415,7707,7925,9206,10415,19180,23394,18405,22127,-75,-243,-31,-0.294118,-0.952941,-0.121569,0,64,f18600,2026-05-22 02:38:28.702000+00:00,43.202,46.833333333333336,43.202,8813.25,20776.5,-0.07086569533420262,-0.0264652102781253,1.004679535556488,0.003995713691659297
2026-05-22T02:38:28.702+00:00,1779417508702696000,1407,R,7705,7922,9205,10413,7705,7922,9205,10413,19173,23388,18403,22125,-75,-245,-31,-0.294118,-0.960784,-0.121569,0,64,018600,2026-05-22 02:38:28.702000+00:00,43.202,46.86666666666667,43.202,8811.25,20772.25,-0.09354271784114745,-0.04691560003849485,1.0121216894924245,0.01143786762759591
2026-05-22T02:38:28.702+00:00,1779417508702778000,1408,R,7702,7922,9204,10414,7702,7922,9204,10414,19167,23385,18401,22126,-74,-243,-33,-0.290196,-0.952941,-0.129412,0,64,718660,2026-05-22 02:38:28.702000+00:00,43.202,46.9,43.202,8810.5,20769.75,-0.10204660128125177,-0.05894524107400635,1.0045186576868546,0.003834835822025928
2026-05-22T02:38:28.702+00:00,1779417508702841000,1409,R,7699,7921,9203,10414,7699,7921,9203,10414,19164,23389,18400,22126,-73,-242,-32,-0.286275,-0.94902,-0.12549,0,64,818660,2026-05-22 02:38:28.702000+00:00,43.202,46.93333333333333,43.202,8809.25,20769.75,-0.11621974034809229,-0.05894524107400635,0.99916969335794,-0.0015141285068885901
2026-05-22T02:38:28.852+00:00,1779417508852049000,1410,R,7703,7921,9201,10414,7703,7921,9201,10414,19166,23381,18395,22120,-72,-242,-31,-0.282353,-0.94902,-0.121569,0,64,918660,2026-05-22 02:38:28.852000+00:00,43.352,46.96666666666667,43.352,8809.75,20765.5,-0.11055048472135609,-0.0793956308343759,0.9975676412003348,-0.0029248250046834956
2026-05-22T02:38:28.852+00:00,1779417508852086000,1411,R,7700,7920,9203,10415,7700,7920,9203,10415,19166,23387,18395,22127,-72,-241,-32,-0.282353,-0.945098,-0.12549,0,64,a18660,2026-05-22 02:38:28.852000+00:00,43.352,47.0,43.352,8809.5,20768.75,-0.11338511253472419,-0.06375709748821096,0.9943244874350626,-0.006167978769955673
2026-05-22T02:38:28.852+00:00,1779417508852101000,1412,R,7701,7921,9202,10413,7701,7921,9202,10413,19165,23392,18401,22125,-72,-241,-32,-0.282353,-0.945098,-0.12549,0,64,b18660,2026-05-22 02:38:28.852000+00:00,43.352,47.03333333333333,43.352,8809.25,20770.75,-0.11621974034809229,-0.054133384659801755,0.9943244874350626,-0.005775385240161746
2026-05-22T02:38:28.852+00:00,1779417508852115000,1413,R,7701,7922,9207,10418,7701,7922,9207,10418,19166,23390,18405,22129,-73,-243,-32,-0.286275,-0.952941,-0.12549,0,64,318730,2026-05-22 02:38:28.852000+00:00,43.352,47.06666666666667,43.352,8812.0,20772.5,-0.08503883440104314,-0.0457126359349437,1.0028946431235937,0.002794770448369288
2026-05-22T02:38:28.852+00:00,1779417508852128000,1414,R,7702,7921,9206,10417,7702,7921,9206,10417,19169,23393,18404,22129,-74,-243,-32,-0.290196,-0.952941,-0.12549,0,64,418730,2026-05-22 02:38:28.852000+00:00,43.352,47.1,43.352,8811.5,20773.75,-0.09070809002777935,-0.03969781541718795,1.0040209200992776,0.003921047424053192
2026-05-22T02:38:28.852+00:00,1779417508852141000,1415,R,7704,7922,9206,10420,7704,7922,9206,10420,19172,23396,18401,22135,-75,-243,-32,-0.294118,-0.952941,-0.12549,0,64,518730,2026-05-22 02:38:28.852000+00:00,43.352,47.13333333333333,43.352,8813.0,20776.0,-0.07086770416985572,-0.028871138485227602,1.0051615230921844,0.005061650416960051
2026-05-22T02:38:29.002+00:00,1779417509002055000,1416,R,7703,7923,9208,10421,7703,7923,9208,10421,19169,23393,18404,22129,-74,-244,-32,-0.290196,-0.956863,-0.12549,0,64,618730,2026-05-22 02:38:29.002000+00:00,43.502,47.166666666666664,43.502,8813.75,20773.75,-0.06236357966947303,-0.03969781541718795,1.007744143761203,0.00725167755618461
2026-05-22T02:38:29.002+00:00,1779417509002089000,1417,R,7704,7923,9208,10421,7704,7923,9208,10421,19168,23395,18405,22131,-75,-243,-31,-0.294118,-0.952941,-0.121569,0,64,718730,2026-05-22 02:38:29.002000+00:00,43.502,47.2,43.502,8814.0,20774.75,-0.0595288715026788,-0.03488595900298335,1.004679535556488,0.003995713691659297
2026-05-22T02:38:29.002+00:00,1779417509002105000,1418,R,7709,7928,9213,10427,7709,7928,9213,10427,19175,23399,18407,22141,-72,-241,-32,-0.282353,-0.945098,-0.12549,0,64,f18800,2026-05-22 02:38:29.002000+00:00,43.502,47.233333333333334,43.502,8819.25,20780.5,-0.002834627813368105,-0.0072177846213069006,0.9943244874350626,-0.006167978769955673
2026-05-22T02:38:29.002+00:00,1779417509002119000,1419,R,7712,7925,9213,10427,7712,7925,9213,10427,19179,23397,18408,22144,-71,-242,-32,-0.278431,-0.94902,-0.12549,0,64,018800,2026-05-22 02:38:29.002000+00:00,43.502,47.266666666666666,43.502,8819.25,20782.0,-0.002834627813368105,0.0,0.9969506117461386,-0.0035418544588796674
2026-05-22T02:38:29.002+00:00,1779417509002132000,1420,R,7710,7929,9212,10429,7710,7929,9212,10429,19179,23399,18409,22143,-71,-242,-32,-0.278431,-0.94902,-0.12549,0,64,118800,2026-05-22 02:38:29.002000+00:00,43.502,47.3,43.502,8820.0,20782.5,0.0,0.00360893572485474,0.9969506117461386,-0.00314926092908574
2026-05-22T02:38:29.152+00:00,1779417509152546000,1421,R,7711,7928,9209,10430,7711,7928,9209,10430,19179,23402,18409,22141,-71,-241,-33,-0.278431,-0.945098,-0.129412,0,64,218800,2026-05-22 02:38:29.152000+00:00,43.652,47.333333333333336,43.652,8819.5,20782.75,-0.005668934240362812,0.00601496523350095,0.9937210459223453,-0.005878888892078327
2026-05-22T02:38:29.152+00:00,1779417509152672000,1422,R,7713,7929,9213,10431,7713,7929,9213,10431,19181,23405,18410,22147,-71,-242,-31,-0.278431,-0.94902,-0.121569,0,64,318800,2026-05-22 02:38:29.152000+00:00,43.652,47.36666666666667,43.652,8821.5,20785.75,0.017006802721088437,0.020450881793903232,0.9964646526204529,-0.0031352821939707454
2026-05-22T02:38:29.152+00:00,1779417509152749000,1423,R,7720,7936,9216,10438,7720,7936,9216,10438,19191,23404,18415,22153,-69,-244,-33,-0.270588,-0.956863,-0.129412,0,64,b18870,2026-05-22 02:38:29.152000+00:00,43.652,47.4,43.652,8827.5,20790.75,0.08503401360544217,0.04451074272790703,1.0027722235168863,0.0031722887024626667
2026-05-22T02:38:29.152+00:00,1779417509152816000,1424,R,7718,7936,9217,10441,7718,7936,9217,10441,19191,23407,18417,22154,-70,-244,-31,-0.27451,-0.956863,-0.121569,0,64,c18870,2026-05-22 02:38:29.152000+00:00,43.652,47.43333333333333,43.652,8828.0,20792.25,0.09070294784580499,0.051728701008108176,1.002856700944856,0.0032567661304322426
2026-05-22T02:38:29.152+00:00,1779417509152879000,1425,R,7718,7936,9216,10441,7718,7936,9216,10441,19190,23405,18419,22157,-71,-243,-32,-0.278431,-0.952941,-0.12549,0,64,d18870,2026-05-22 02:38:29.152000+00:00,43.652,47.46666666666667,43.652,8827.75,20792.75,0.08786848072562359,0.05413468710150855,1.0006838218648286,0.0005839491896042492
2026-05-22T02:38:29.301+00:00,1779417509301994000,1426,R,7721,7938,9218,10442,7721,7938,9218,10442,19191,23408,18416,22158,-72,-243,-31,-0.282353,-0.952941,-0.121569,0,64,e18870,2026-05-22 02:38:29.301000+00:00,43.801,47.5,43.801,8829.75,20793.25,0.11054421768707483,0.056540673194908936,1.0012985508083991,0.0011986781331747576
2026-05-22T02:38:29.302+00:00,1779417509302032000,1427,R,7721,7938,9223,10444,7721,7938,9223,10444,19193,23406,18424,22159,-72,-243,-31,-0.282353,-0.952941,-0.121569,0,64,f18870,2026-05-22 02:38:29.302000+00:00,43.802,47.53333333333333,43.802,8831.5,20795.5,0.13038548752834467,0.06736761061521064,1.0012985508083991,0.0011986781331747576
2026-05-22T02:38:29.302+00:00,1779417509302048000,1428,R,7727,7945,9225,10450,7727,7945,9225,10450,19202,23415,18428,22167,-73,-241,-33,-0.286275,-0.945098,-0.129412,0,64,718940,2026-05-22 02:38:29.302000+00:00,43.802,47.56666666666667,43.802,8836.75,20803.0,0.1899092970521542,0.10345740201621635,0.9959473233926581,-0.003652611421765539
2026-05-22T02:38:29.302+00:00,1779417509302062000,1429,R,7725,7943,9224,10450,7725,7943,9224,10450,19198,23414,18424,22168,-72,-242,-33,-0.282353,-0.94902,-0.129412,0,64,818940,2026-05-22 02:38:29.302000+00:00,43.802,47.6,43.802,8835.5,20801.0,0.17573696145124718,0.09383345764261483,0.9985537755939837,-0.001046159220439935
2026-05-22T02:38:29.302+00:00,1779417509302075000,1430,R,7725,7939,9223,10448,7725,7939,9223,10448,19197,23414,18425,22165,-73,-243,-32,-0.286275,-0.952941,-0.12549,0,64,918940,2026-05-22 02:38:29.302000+00:00,43.802,47.63333333333333,43.802,8833.75,20800.25,0.15589569160997732,0.09022447850251425,1.0028946431235937,0.0032947083091700025
2026-05-22T02:38:29.452+00:00,1779417509452636000,1431,R,7723,7940,9222,10445,7723,7940,9222,10445,19197,23410,18423,22162,-71,-243,-32,-0.278431,-0.952941,-0.12549,0,64,a18940,2026-05-22 02:38:29.452000+00:00,43.952,47.666666666666664,43.952,8832.5,20798.0,0.1417233560090703,0.07939754108221254,1.0006838218648286,0.0010838870504049636
2026-05-22T02:38:29.452+00:00,1779417509452677000,1432,R,7719,7937,9220,10440,7719,7937,9220,10440,19195,23411,18420,22160,-72,-243,-32,-0.282353,-0.952941,-0.12549,0,64,b18940,2026-05-22 02:38:29.452000+00:00,43.952,47.7,43.952,8829.0,20796.5,0.10204081632653061,0.07217958280201141,1.0017821650388872,0.0021822302244635106
2026-05-22T02:38:29.452+00:00,1779417509452693000,1433,R,7722,7936,9218,10437,7722,7936,9218,10437,19192,23408,18418,22154,-72,-242,-33,-0.282353,-0.94902,-0.129412,0,64,c18940,2026-05-22 02:38:29.452000+00:00,43.952,47.733333333333334,43.952,8828.25,20793.0,0.0935374149659864,0.054134035872821104,0.9985537755939837,-0.001046159220439935
2026-05-22T02:38:29.452+00:00,1779417509452706000,1434,R,7714,7930,9212,10427,7714,7930,9212,10427,19189,23401,18412,22141,-71,-243,-32,-0.278431,-0.952941,-0.12549,0,63,218990,2026-05-22 02:38:29.452000+00:00,43.952,47.766666666666666,43.952,8820.75,20785.75,0.008503401360544218,0.01804446155326725,1.0006838218648286,0.0010838870504049636
2026-05-22T02:38:29.452+00:00,1779417509452720000,1435,R,7714,7929,9213,10426,7714,7929,9213,10426,19183,23401,18411,22139,-71,-242,-32,-0.278431,-0.94902,-0.12549,0,63,318990,2026-05-22 02:38:29.452000+00:00,43.952,47.8,43.952,8820.5,20783.5,0.0,0.004811740647179117,0.9969506117461386,-0.0026493230682850255
2026-05-22T02:38:29.748+00:00,1779417509748127000,1436,R,7715,7929,9211,10425,7715,7929,9211,10425,19185,23397,18409,22139,-71,-243,-32,-0.278431,-0.952941,-0.12549,0,63,418990,2026-05-22 02:38:29.748000+00:00,44.248,47.833333333333336,44.248,8820.0,20782.5,-0.005668612890425713,0.0,1.0006838218648286,0.0010838870504049636
2026-05-22T02:38:29.748+00:00,1779417509748268000,1437,R,7711,7927,9210,10423,7711,7927,9210,10423,19185,23398,18407,22137,-72,-243,-33,-0.282353,-0.952941,-0.129412,0,63,518990,2026-05-22 02:38:29.748000+00:00,44.248,47.86666666666667,44.248,8817.75,20781.75,-0.034010713374713036,-0.004811682765755254,1.0022810144036454,0.002681079589221702
2026-05-22T02:38:29.748+00:00,1779417509748345000,1438,R,7708,7925,9210,10421,7708,7925,9210,10421,19181,23394,18407,22137,-70,-243,-33,-0.27451,-0.952941,-0.129412,0,63,618990,2026-05-22 02:38:29.748000+00:00,44.248,47.9,44.248,8816.0,20779.75,-0.056682915769187166,-0.015637780878602705,1.0000998726752244,0.0004999378608007143
2026-05-22T02:38:29.748+00:00,1779417509748410000,1439,R,7706,7922,9208,10416,7706,7922,9208,10416,19176,23386,18404,22125,-69,-240,-33,-0.270588,-0.941176,-0.129412,0,63,d19050,2026-05-22 02:38:29.748000+00:00,44.248,47.93333333333333,44.248,8813.0,20772.75,-0.09635549509720569,-0.05052145357439284,0.9878145546933392,-0.011785380121084432
2026-05-22T02:38:29.748+00:00,1779417509748473000,1440,R,7709,7924,9208,10418,7709,7924,9208,10418,19175,23386,18402,22127,-69,-241,-33,-0.270588,-0.945098,-0.129412,0,63,e19050,2026-05-22 02:38:29.748000+00:00,44.248,47.96666666666667,44.248,8814.75,20772.5,-0.076517599047781,-0.0517243453261641,0.991552097013566,-0.008047837800857716
2026-05-22T02:38:29.748+00:00,1779417509748535000,1441,R,7708,7926,9205,10416,7708,7926,9205,10416,19175,23389,18400,22128,-70,-242,-33,-0.27451,-0.94902,-0.129412,0,63,f19050,2026-05-22 02:38:29.748000+00:00,44.248,48.0,44.248,8813.75,20773.0,-0.08785353964745225,-0.04931856182262158,0.9963644745995313,-0.003235460214892405
2026-05-22T02:38:29.754+00:00,1779417509754774000,1442,R,7709,7932,9205,10414,7709,7932,9205,10414,19176,23384,18404,22125,-69,-242,-33,-0.270588,-0.94902,-0.129412,0,63,019050,2026-05-22 02:38:29.754000+00:00,44.254,48.03333333333333,44.254,8815.0,20772.25,-0.07368361389786318,-0.052927237077935355,0.9952910588807677,-0.00430887593365592
2026-05-22T02:38:29.754+00:00,1779417509754874000,1443,R,7708,7922,9207,10416,7708,7922,9207,10416,19173,23387,18402,22125,-69,-243,-33,-0.270588,-0.952941,-0.129412,0,63,119050,2026-05-22 02:38:29.754000+00:00,44.254,48.06666666666667,44.254,8813.25,20771.75,-0.09918385853547948,-0.05533302058147787,0.9990304704907654,-0.0005694643236582309
2026-05-22T02:38:29.754+00:00,1779417509754946000,1444,R,7708,7925,9206,10419,7708,7925,9206,10419,19177,23383,18404,22129,-70,-243,-32,-0.27451,-0.952941,-0.12549,0,63,819110,2026-05-22 02:38:29.754000+00:00,44.254,48.1,44.254,8814.5,20773.25,-0.08501473588755384,-0.048115670070850325,0.9995999348144237,0.0
2026-05-22T02:38:29.755+00:00,1779417509755011000,1445,R,7708,7926,9206,10418,7708,7926,9206,10418,19176,23384,18405,22129,-70,-243,-32,-0.27451,-0.952941,-0.12549,0,63,919110,2026-05-22 02:38:29.755000+00:00,44.255,48.13333333333333,44.255,8814.5,20773.5,-0.08501473588755384,-0.046912778319079064,0.9995999348144237,0.0
2026-05-22T02:38:29.755+00:00,1779417509755077000,1446,R,7708,7927,9206,10422,7708,7927,9206,10422,19174,23387,18405,22129,-69,-244,-33,-0.270588,-0.956863,-0.129412,0,63,a19110,2026-05-22 02:38:29.755000+00:00,44.255,48.166666666666664,44.255,8815.75,20773.75,-0.07084561323962821,-0.04570988656730781,1.0027722235168863,0.0031722887024626667
2026-05-22T02:38:29.903+00:00,1779417509903850000,1447,R,7710,7927,9206,10421,7710,7927,9206,10421,19175,23385,18406,22131,-68,-244,-33,-0.266667,-0.956863,-0.129412,0,63,b19110,2026-05-22 02:38:29.903000+00:00,44.403,48.2,44.403,8816.0,20774.25,-0.06801178871004307,-0.043304103063765295,1.0017212962705746,0.0026908257798091695
2026-05-22T02:38:29.903+00:00,1779417509903987000,1448,R,7710,7926,9217,10429,7710,7926,9217,10429,19177,23386,18404,22133,-68,-243,-34,-0.266667,-0.952941,-0.133333,0,63,c19110,2026-05-22 02:38:29.903000+00:00,44.403,48.233333333333334,44.403,8820.5,20775.0,-0.019836209583722973,-0.03969542780845152,0.9984916260334886,-0.0005388444572768103
2026-05-22T02:38:29.904+00:00,1779417509904061000,1449,R,7713,7932,9212,10427,7713,7932,9212,10427,19185,23391,18411,22138,-71,-243,-32,-0.278431,-0.952941,-0.12549,0,63,719210,2026-05-22 02:38:29.904000+00:00,44.404,48.266666666666666,44.404,8821.0,20781.25,-0.019835085432546543,-0.009623134014170065,1.0006838218648286,0.0016533513740631944
2026-05-22T02:38:29.904+00:00,1779417509904126000,1450,R,7717,7929,9224,10430,7717,7929,9224,10430,19185,23391,18412,22138,-69,-243,-33,-0.270588,-0.952941,-0.129412,0,63,819210,2026-05-22 02:38:29.904000+00:00,44.404,48.3,44.404,8825.0,20781.5,0.017000056666855556,-0.009623018259677148,0.9990304704907654,0.0
2026-05-22T02:38:29.904+00:00,1779417509904189000,1451,R,7715,7933,9212,10434,7715,7933,9212,10434,19184,23391,18410,22140,-67,-243,-33,-0.262745,-0.952941,-0.129412,0,63,919210,2026-05-22 02:38:29.904000+00:00,44.404,48.333333333333336,44.404,8823.5,20781.25,-0.0169971671388102,-0.013231331793687452,0.9969347773299917,-0.0020956931607737372
2026-05-22T02:38:30.196+00:00,1779417510197009000,1452,R,7716,7931,9211,10431,7716,7931,9211,10431,19185,23396,18411,22140,-67,-243,-33,-0.262745,-0.952941,-0.129412,0,63,a19210,2026-05-22 02:38:30.196000+00:00,44.696,48.36666666666667,44.696,8822.25,20783.0,-0.03399337129259794,-0.008419634587858887,0.9969347773299917,-0.0020956931607737372
2026-05-22T02:38:30.197+00:00,1779417510197135000,1453,R,7718,7933,9218,10433,7718,7933,9218,10433,19188,23393,18415,22146,-66,-245,-33,-0.258824,-0.960784,-0.129412,0,63,b19210,2026-05-22 02:38:30.197000+00:00,44.697,48.4,44.697,8825.5,20785.5,0.0,0.0036084148233680945,1.0034157779186053,0.0038158431041815932
2026-05-22T02:38:30.197+00:00,1779417510197209000,1454,R,7721,7938,9219,10440,7721,7938,9219,10440,19193,23401,18421,22154,-70,-243,-32,-0.27451,-0.952941,-0.12549,0,63,319280,2026-05-22 02:38:30.197000+00:00,44.697,48.43333333333333,44.697,8829.5,20792.25,0.04532321114950994,0.036084148233680946,0.9995999348144237,0.0
2026-05-22T02:38:30.197+00:00,1779417510197275000,1455,R,7713,7931,9202,10434,7713,7931,9202,10434,19194,23402,18420,22157,-71,-243,-32,-0.278431,-0.952941,-0.12549,0,63,419280,2026-05-22 02:38:30.197000+00:00,44.697,48.46666666666667,44.697,8820.0,20793.25,-0.062319415330576174,0.040895367998171735,1.0006838218648286,0.0010838870504049636
2026-05-22T02:38:30.197+00:00,1779417510197338000,1456,R,7722,7940,9221,10444,7722,7940,9221,10444,19191,23403,18422,22159,-71,-242,-31,-0.278431,-0.94902,-0.121569,0,63,519280,2026-05-22 02:38:30.197000+00:00,44.697,48.5,44.697,8831.75,20793.75,0.07081751742110928,0.04330097788041713,0.9964646526204529,-0.0025658178703125145
2026-05-22T02:38:30.202+00:00,1779417510202601000,1457,R,7721,7941,9223,10443,7721,7941,9223,10443,19198,23407,18423,22158,-71,-242,-31,-0.278431,-0.94902,-0.121569,0,63,619280,2026-05-22 02:38:30.202000+00:00,44.702,48.53333333333333,44.702,8832.0,20796.5,0.07365021811795365,0.05653183223276681,0.9964646526204529,-0.0025658178703125145
2026-05-22T02:38:30.202+00:00,1779417510202686000,1458,R,7722,7941,9223,10447,7722,7941,9223,10447,19198,23408,18425,22159,-71,-241,-32,-0.278431,-0.945098,-0.12549,0,63,719280,2026-05-22 02:38:30.202000+00:00,44.702,48.56666666666667,44.702,8833.25,20797.5,0.08781372160217552,0.061343051997257605,0.9932178972738057,-0.005335878320178011
2026-05-22T02:38:30.202+00:00,1779417510202753000,1459,R,7727,7944,9223,10448,7727,7944,9223,10448,19195,23404,18425,22156,-71,-240,-30,-0.278431,-0.941176,-0.117647,0,63,819280,2026-05-22 02:38:30.202000+00:00,44.702,48.6,44.702,8835.5,20795.0,0.11330802787377486,0.049315002586030623,0.9885225851471479,-0.010507885343617573
2026-05-22T02:38:30.202+00:00,1779417510202816000,1460,R,7729,7945,9225,10460,7729,7945,9225,10460,19202,23406,18427,22170,-71,-243,-32,-0.278431,-0.952941,-0.12549,0,63,f19340,2026-05-22 02:38:30.202000+00:00,44.702,48.63333333333333,44.702,8839.75,20801.25,0.16146393972012918,0.07938512611409808,1.0006838218648286,0.0016533513740631944
2026-05-22T02:38:30.202+00:00,1779417510202877000,1461,R,7735,7947,9226,10464,7735,7947,9226,10464,19200,23402,18423,22174,-72,-243,-31,-0.282353,-0.952941,-0.121569,0,63,019340,2026-05-22 02:38:30.202000+00:00,44.702,48.666666666666664,44.702,8843.0,20799.75,0.198289048779106,0.07216829646736189,1.0012985508083991,0.0022680803176337028
2026-05-22T02:38:30.500+00:00,1779417510500445000,1462,R,7728,7945,9220,10456,7728,7945,9220,10456,19202,23396,18427,22171,-73,-243,-31,-0.286275,-0.952941,-0.121569,0,63,119340,2026-05-22 02:38:30.500000+00:00,45.0,48.7,45.0,8837.25,20799.0,0.13313693275168545,0.06855988164399379,1.0024115656091566,0.003381095118391131
2026-05-22T02:38:30.500+00:00,1779417510500586000,1463,R,7729,7948,9220,10460,7729,7948,9220,10460,19202,23402,18426,22177,-74,-243,-32,-0.290196,-0.952941,-0.12549,0,63,219340,2026-05-22 02:38:30.500000+00:00,45.0,48.733333333333334,45.0,8839.25,20801.75,0.15579853832644042,0.08179073599634347,1.0040209200992776,0.0049904496085121375
2026-05-22T02:38:30.500+00:00,1779417510500661000,1464,R,7726,7947,9218,10462,7726,7947,9218,10462,19204,23402,18428,22178,-72,-242,-32,-0.282353,-0.94902,-0.12549,0,63,319340,2026-05-22 02:38:30.500000+00:00,45.0,48.766666666666666,45.0,8838.25,20803.0,0.14446773553906295,0.08780476070195696,0.9980530632731909,-0.0009774072175745552
2026-05-22T02:38:30.500+00:00,1779417510500727000,1465,R,7720,7936,9215,10438,7720,7936,9215,10438,19190,23400,18414,22153,-70,-241,-31,-0.27451,-0.945098,-0.121569,0,63,b19410,2026-05-22 02:38:30.500000+00:00,45.0,48.8,45.0,8827.25,20789.25,0.01699572274310965,0.021650488940208566,0.9916375302826129,-0.00739294020815251
2026-05-22T02:38:30.500+00:00,1779417510500790000,1466,R,7729,7930,9234,10436,7729,7930,9234,10436,19186,23402,18412,22150,-71,-243,-31,-0.278431,-0.952941,-0.121569,0,63,c19410,2026-05-22 02:38:30.500000+00:00,45.0,48.833333333333336,45.0,8832.25,20787.5,0.0736481318868085,0.012027904738994467,1.0001996765661345,0.001169206075369078
2026-05-22T02:38:30.500+00:00,1779417510500853000,1467,R,7720,7931,9217,10435,7720,7931,9217,10435,19188,23398,18411,22146,-71,-243,-30,-0.278431,-0.952941,-0.117647,0,63,d19410,2026-05-22 02:38:30.500000+00:00,45.0,48.86666666666667,45.0,8825.75,20785.75,-0.0028325402220711533,0.0036083714216983403,0.9997305576259036,0.0007000871351381388
2026-05-22T02:38:30.650+00:00,1779417510650536000,1468,R,7719,7933,9215,10436,7719,7933,9215,10436,19185,23395,18411,22142,-71,-243,-31,-0.278431,-0.952941,-0.121569,0,63,e19410,2026-05-22 02:38:30.650000+00:00,45.15,48.9,45.15,8825.75,20783.25,-0.016992834688039877,-0.009622208056193696,1.0001996765661345,0.001169206075369078
2026-05-22T02:38:30.650+00:00,1779417510650670000,1469,R,7717,7933,9216,10435,7717,7933,9216,10435,19186,23402,18409,22144,-72,-242,-31,-0.282353,-0.94902,-0.121569,0,63,f19410,2026-05-22 02:38:30.650000+00:00,45.15,48.93333333333333,45.15,8825.25,20785.25,-0.022657112917386504,0.0,0.9975676412003348,-0.0014628292904306228
2026-05-22T02:38:30.650+00:00,1779417510650746000,1470,R,7715,7930,9214,10426,7715,7930,9214,10426,19178,23396,18406,22136,-70,-244,-30,-0.27451,-0.956863,-0.117647,0,63,719480,2026-05-22 02:38:30.650000+00:00,45.15,48.96666666666667,45.15,8821.25,20779.0,-0.06797133875215951,-0.030069400175605297,1.0023888254953763,0.0033583550046109023
2026-05-22T02:38:30.650+00:00,1779417510650812000,1471,R,7703,7918,9195,10417,7703,7918,9195,10417,19177,23390,18402,22130,-68,-242,-32,-0.266667,-0.94902,-0.12549,0,63,819480,2026-05-22 02:38:30.650000+00:00,45.15,49.0,45.15,8808.25,20774.75,-0.21524257271517178,-0.0505165922950169,0.9937293340688902,-0.005301136421875241
2026-05-22T02:38:30.651+00:00,1779417510651060000,1472,R,7714,7927,9214,10425,7714,7927,9214,10425,19183,23396,18403,22134,-68,-243,-32,-0.266667,-0.952941,-0.12549,0,63,919480,2026-05-22 02:38:30.651000+00:00,45.151,49.03333333333333,45.151,8820.0,20779.0,-0.08213203432552607,-0.030069400175605297,0.9974746004134641,-0.0015558700773012912
2026-05-22T02:38:30.801+00:00,1779417510801804000,1473,R,7716,7930,9215,10427,7716,7930,9215,10427,19186,23396,18404,22132,-69,-243,-31,-0.270588,-0.952941,-0.121569,0,63,a19480,2026-05-22 02:38:30.801000+00:00,45.301,49.06666666666667,45.301,8822.0,20779.5,-0.05947492140813957,-0.027663848161556873,0.9980448071033685,-0.0009856633873969178
2026-05-22T02:38:30.801+00:00,1779417510801951000,1474,R,7716,7929,9215,10427,7716,7929,9215,10427,19182,23394,18404,22133,-69,-243,-32,-0.270588,-0.952941,-0.12549,0,63,b19480,2026-05-22 02:38:30.801000+00:00,45.301,49.1,45.301,8821.75,20778.25,-0.06230706052281288,-0.033677728196677935,0.9985299972083964,-0.0005004732823690183
2026-05-22T02:38:30.802+00:00,1779417510802028000,1475,R,7716,7930,9215,10426,7716,7930,9215,10426,19182,23396,18404,22133,-69,-243,-31,-0.270588,-0.952941,-0.121569,0,63,119530,2026-05-22 02:38:30.802000+00:00,45.302,49.13333333333333,45.302,8821.75,20778.75,-0.06230706052281288,-0.03127217618262951,0.9980448071033685,-0.0009856633873969178
2026-05-22T02:38:30.802+00:00,1779417510802093000,1476,R,7716,7930,9214,10426,7716,7930,9214,10426,19181,23397,18402,22132,-70,-243,-32,-0.27451,-0.952941,-0.12549,0,63,219530,2026-05-22 02:38:30.802000+00:00,45.302,49.166666666666664,45.302,8821.5,20778.0,-0.0651391996374862,-0.034880504203702145,0.9995999348144237,0.0005694643236582309
2026-05-22T02:38:30.802+00:00,1779417510802157000,1477,R,7716,7929,9214,10426,7716,7929,9214,10426,19181,23396,18408,22130,-68,-243,-31,-0.266667,-0.952941,-0.121569,0,63,319530,2026-05-22 02:38:30.802000+00:00,45.302,49.2,45.302,8821.25,20778.75,-0.06797133875215951,-0.03127217618262951,0.9969888966939401,-0.0015411005144563283
2026-05-22T02:38:30.951+00:00,1779417510951623000,1478,R,7722,7928,9220,10434,7722,7928,9220,10434,19177,23391,18404,22132,-68,-243,-32,-0.266667,-0.952941,-0.12549,0,63,419530,2026-05-22 02:38:30.951000+00:00,45.451,49.233333333333334,45.451,8826.0,20776.0,-0.014160695573366563,-0.04450271225989584,0.9974746004134641,-0.001017025620024481
2026-05-22T02:38:30.951+00:00,1779417510951764000,1479,R,7714,7930,9218,10429,7714,7930,9218,10429,19183,23394,18407,22130,-68,-243,-32,-0.266667,-0.952941,-0.12549,0,63,519530,2026-05-22 02:38:30.951000+00:00,45.451,49.266666666666666,45.451,8822.75,20778.5,-0.05097850406411963,-0.03247495218965372,0.9974746004134641,-0.001055396794932273
2026-05-22T02:38:30.951+00:00,1779417510951838000,1480,R,7721,7936,9219,10435,7721,7936,9219,10435,19185,23397,18414,22143,-69,-242,-31,-0.270588,-0.94902,-0.121569,0,63,e19610,2026-05-22 02:38:30.951000+00:00,45.451,49.3,45.451,8827.75,20784.75,0.005664278229346626,-0.002405552014048424,0.9943016885759572,-0.0037513746972336337
2026-05-22T02:38:30.951+00:00,1779417510951905000,1481,R,7722,7936,9219,10432,7722,7936,9219,10432,19188,23397,18412,22139,-71,-243,-33,-0.278431,-0.952941,-0.129412,0,63,f19610,2026-05-22 02:38:30.951000+00:00,45.451,49.333333333333336,45.451,8827.25,20784.0,0.0,-0.00601388003512106,1.0011832184900025,0.003130155216811592
2026-05-22T02:38:30.951+00:00,1779417510951969000,1482,R,7721,7939,9220,10436,7721,7939,9220,10436,19190,23398,18415,22143,-69,-243,-31,-0.270588,-0.952941,-0.121569,0,63,019610,2026-05-22 02:38:30.951000+00:00,45.451,49.36666666666667,45.451,8829.0,20786.5,0.014159893517600749,0.00601388003512106,0.9980448071033685,-8.256169822362658e-06
2026-05-22T02:38:31.101+00:00,1779417511101017000,1483,R,7723,7937,9220,10438,7723,7937,9220,10438,19191,23398,18417,22142,-70,-244,-31,-0.27451,-0.956863,-0.121569,0,63,119610,2026-05-22 02:38:31.101000+00:00,45.601,49.4,45.601,8829.5,20787.0,0.011326952483434332,0.008419432049169484,1.002856700944856,0.004326703736459492
2026-05-22T02:38:31.101+00:00,1779417511101050000,1484,R,7724,7940,9221,10437,7724,7940,9221,10437,19188,23396,18416,22140,-71,-244,-32,-0.278431,-0.956863,-0.12549,0,63,219610,2026-05-22 02:38:31.101000+00:00,45.601,49.43333333333333,45.601,8830.5,20785.0,0.022653904966868664,0.0,1.0044194156974466,0.005889418489050224
2026-05-22T02:38:31.101+00:00,1779417511101065000,1485,R,7723,7939,9222,10439,7723,7939,9222,10439,19193,23400,18419,22144,-68,-244,-32,-0.266667,-0.956863,-0.12549,0,63,319610,2026-05-22 02:38:31.101000+00:00,45.601,49.46666666666667,45.601,8830.75,20789.0,0.025485643087727248,0.019244647582391146,1.001222168031651,0.0031691047584602172
2026-05-22T02:38:31.101+00:00,1779417511101079000,1486,R,7725,7940,9223,10444,7725,7940,9223,10444,19195,23402,18420,22150,-68,-243,-32,-0.266667,-0.952941,-0.12549,0,63,a19670,2026-05-22 02:38:31.101000+00:00,45.601,49.5,45.601,8833.0,20791.75,0.050971286175454496,0.03367853835143555,0.9974746004134641,-0.0005702066899043734
2026-05-22T02:38:31.101+00:00,1779417511101092000,1487,R,7730,7945,9225,10447,7730,7945,9225,10447,19196,23403,18418,22154,-68,-242,-32,-0.266667,-0.94902,-0.12549,0,63,b19670,2026-05-22 02:38:31.101000+00:00,45.601,49.53333333333333,45.601,8836.75,20792.75,0.09344735798833324,0.03848975811592634,0.9937293340688902,-0.004315473034478323
2026-05-22T02:38:31.250+00:00,1779417511250211000,1488,R,7730,7945,9226,10446,7730,7945,9226,10446,19191,23401,18417,22147,-68,-243,-32,-0.266667,-0.952941,-0.12549,0,63,c19670,2026-05-22 02:38:31.250000+00:00,45.75,49.56666666666667,45.75,8836.75,20789.0,0.09344735798833324,0.020447683999085867,0.9974746004134641,-0.0005702066899043734
2026-05-22T02:38:31.250+00:00,1779417511250334000,1489,R,7730,7943,9226,10448,7730,7943,9226,10448,19196,23407,18421,22154,-67,-244,-32,-0.262745,-0.956863,-0.12549,0,63,d19670,2026-05-22 02:38:31.250000+00:00,45.75,49.6,45.75,8836.75,20794.5,0.09344735798833324,0.046909392703785226,1.0001847208860972,0.002131657612906346
2026-05-22T02:38:31.250+00:00,1779417511250405000,1490,R,7732,7946,9228,10449,7732,7946,9228,10449,19198,23401,18423,22154,-68,-243,-32,-0.266667,-0.952941,-0.12549,0,63,e19670,2026-05-22 02:38:31.250000+00:00,45.75,49.63333333333333,45.75,8838.75,20794.0,0.1161012629552019,0.04450378282153983,0.9974746004134641,-0.0005784628597267361
2026-05-22T02:38:31.250+00:00,1779417511250470000,1491,R,7736,7950,9234,10456,7736,7950,9234,10456,19207,23413,18429,22164,-68,-244,-32,-0.266667,-0.956863,-0.12549,0,63,619740,2026-05-22 02:38:31.250000+00:00,45.75,49.666666666666664,45.75,8844.0,20803.25,0.17556776349323214,0.08900756564307966,1.001222168031651,0.0031691047584602172
2026-05-22T02:38:31.250+00:00,1779417511250532000,1492,R,7736,7954,9232,10457,7736,7954,9232,10457,19208,23411,18431,22164,-68,-244,-32,-0.266667,-0.956863,-0.12549,0,63,719740,2026-05-22 02:38:31.250000+00:00,45.75,49.7,45.75,8844.75,20803.5,0.18406297785580789,0.09021037058420237,1.001222168031651,0.00317736092828258
2026-05-22T02:38:31.250+00:00,1779417511250593000,1493,R,7740,7953,9234,10458,7740,7953,9234,10458,19205,23409,18427,22160,-67,-244,-33,-0.262745,-0.956863,-0.129412,0,63,819740,2026-05-22 02:38:31.250000+00:00,45.75,49.733333333333334,45.75,8846.25,20800.25,0.20105340658095938,0.07457390634960728,1.0006843665901852,0.0026395594868167116
2026-05-22T02:38:31.401+00:00,1779417511401619000,1494,R,7737,7951,9233,10460,7737,7951,9233,10460,19209,23414,18427,22166,-67,-243,-33,-0.262745,-0.952941,-0.129412,0,63,919740,2026-05-22 02:38:31.401000+00:00,45.901,49.766666666666666,45.901,8845.25,20804.0,0.18972645409752506,0.09261598046644776,0.9969347773299917,-0.0011100297733768194
2026-05-22T02:38:31.401+00:00,1779417511401779000,1495,R,7738,7950,9233,10459,7738,7950,9233,10459,19208,23411,18426,22168,-66,-245,-33,-0.258824,-0.960784,-0.129412,0,63,a19740,2026-05-22 02:38:31.401000+00:00,45.901,49.8,45.901,8845.0,20803.25,0.1868947159766665,0.08900756564307966,1.0034157779186053,0.005370970815236742
2026-05-22T02:38:31.401+00:00,1779417511401859000,1496,R,7728,7938,9222,10434,7728,7938,9222,10434,19199,23395,18418,22137,-68,-244,-32,-0.266667,-0.956863,-0.12549,0,63,219810,2026-05-22 02:38:31.401000+00:00,45.901,49.833333333333336,45.901,8830.5,20787.25,0.019821605550049554,0.012028049411226982,1.001222168031651,0.00317736092828258
2026-05-22T02:38:31.401+00:00,1779417511401926000,1497,R,7729,7936,9222,10432,7729,7936,9222,10432,19195,23396,18414,22135,-67,-243,-33,-0.262745,-0.952941,-0.129412,0,63,319810,2026-05-22 02:38:31.401000+00:00,45.901,49.86666666666667,45.901,8829.75,20785.0,0.01132663174288546,0.001202804941122698,0.9969347773299917,-0.001040825635331255
2026-05-22T02:38:31.401+00:00,1779417511401990000,1498,R,7725,7938,9219,10433,7725,7938,9219,10433,19194,23395,18413,22139,-66,-244,-33,-0.258824,-0.956863,-0.129412,0,63,419810,2026-05-22 02:38:31.401000+00:00,45.901,49.9,45.901,8828.75,20785.25,0.0,0.002405609882245396,0.9996620076250772,0.0020943664247423666
2026-05-22T02:38:31.553+00:00,1779417511553828000,1499,R,7726,7939,9219,10430,7726,7939,9219,10430,19191,23393,18413,22133,-66,-244,-33,-0.258824,-0.956863,-0.129412,0,63,519810,2026-05-22 02:38:31.553000+00:00,46.053,49.93333333333333,46.053,8828.5,20782.5,-0.005663155510250311,-0.012027904738994467,0.9996620076250772,0.002187407211613035
2026-05-22T02:38:31.553+00:00,1779417511553961000,1500,R,7725,7935,9220,10429,7725,7935,9220,10429,19192,23391,18410,22129,-65,-245,-33,-0.254902,-0.960784,-0.129412,0,63,619810,2026-05-22 02:38:31.553000+00:00,46.053,49.96666666666667,46.053,8827.25,20780.5,-0.022651980632556558,-0.02165022853019004,1.0024112878474585,0.004936687433994336
2026-05-22T02:38:31.554+00:00,1779417511554296000,1501,R,7722,7933,9215,10424,7722,7933,9215,10424,19185,23383,18406,22122,-67,-242,-32,-0.262745,-0.94902,-0.12549,0,62,e19880,2026-05-22 02:38:31.554000+00:00,46.054,50.0,46.054,8823.5,20774.0,-0.06795401778130132,-0.05292278085157565,0.9926840562459941,-0.0047905441674700455
2026-05-22T02:38:31.554+00:00,1779417511554370000,1502,R,7722,7932,9216,10424,7722,7932,9216,10424,19186,23382,18407,22124,-67,-242,-31,-0.262745,-0.94902,-0.121569,0,62,f19880,2026-05-22 02:38:31.554000+00:00,46.054,50.03333333333333,46.054,8823.5,20774.75,-0.07078343101446813,-0.04931440942987732,0.9921960074430858,-0.00527859297037836
2026-05-22T02:38:31.554+00:00,1779417511554451000,1503,R,7720,7931,9212,10419,7720,7931,9212,10419,19180,23383,18405,22125,-66,-243,-32,-0.258824,-0.952941,-0.12549,0,62,019880,2026-05-22 02:38:31.554000+00:00,46.054,50.06666666666667,46.054,8820.5,20773.25,-0.10475947790141284,-0.056531152273273995,0.995406526278083,-0.002569076687239935
2026-05-22T02:38:31.703+00:00,1779417511703299000,1504,R,7720,7935,9214,10424,7720,7935,9214,10424,19184,23383,18408,22121,-66,-243,-32,-0.258824,-0.952941,-0.12549,0,62,119880,2026-05-22 02:38:31.703000+00:00,46.203,50.1,46.203,8823.25,20774.0,-0.07361476825504686,-0.05292278085157565,0.995406526278083,-0.002569076687239935
2026-05-22T02:38:31.703+00:00,1779417511703447000,1505,R,7722,7936,9213,10423,7722,7936,9213,10423,19185,23383,18409,22122,-67,-244,-32,-0.262745,-0.956863,-0.12549,0,62,219880,2026-05-22 02:38:31.703000+00:00,46.203,50.13333333333333,46.203,8823.5,20774.75,-0.07078343101446813,-0.04931440942987732,1.0001847208860972,0.002209117920774273
2026-05-22T02:38:31.703+00:00,1779417511703522000,1506,R,7717,7930,9211,10423,7717,7930,9211,10423,19183,23385,18403,22119,-67,-244,-32,-0.262745,-0.956863,-0.12549,0,62,319880,2026-05-22 02:38:31.703000+00:00,46.203,50.166666666666664,46.203,8820.25,20772.5,-0.10759081514199156,-0.06013952369497234,1.0001847208860972,0.002710120472633082
2026-05-22T02:38:31.703+00:00,1779417511703599000,1507,R,7719,7934,9213,10424,7719,7934,9213,10424,19183,23376,18407,22123,-67,-243,-32,-0.262745,-0.952941,-0.12549,0,62,a19940,2026-05-22 02:38:31.703000+00:00,46.203,50.2,46.203,8822.5,20772.25,-0.08210877997678304,-0.06134231416887178,0.9964332514554098,-0.0010413489580543
2026-05-22T02:38:31.703+00:00,1779417511703663000,1508,R,7721,7931,9215,10419,7721,7931,9215,10419,19183,23383,18409,22126,-67,-243,-33,-0.262745,-0.952941,-0.129412,0,62,b19940,2026-05-22 02:38:31.703000+00:00,46.203,50.233333333333334,46.203,8821.5,20775.25,-0.09343412893909793,-0.04690882848207842,0.9969347773299917,-0.000539823083472446
2026-05-22T02:38:31.852+00:00,1779417511852860000,1509,R,7718,7933,9214,10426,7718,7933,9214,10426,19185,23380,18407,22123,-67,-244,-32,-0.262745,-0.956863,-0.12549,0,62,c19940,2026-05-22 02:38:31.852000+00:00,46.352,50.266666666666666,46.352,8822.75,20773.75,-0.07927744273620431,-0.0541255713254751,1.0001847208860972,0.002710120472633082
2026-05-22T02:38:31.853+00:00,1779417511853018000,1510,R,7723,7932,9215,10423,7723,7932,9215,10423,19182,23382,18407,22124,-66,-243,-32,-0.258824,-0.952941,-0.12549,0,62,d19940,2026-05-22 02:38:31.853000+00:00,46.353,50.3,46.353,8823.25,20773.75,-0.07361476825504686,-0.0541255713254751,0.995406526278083,-0.002068074135381126
2026-05-22T02:38:31.853+00:00,1779417511853094000,1511,R,7720,7936,9212,10428,7720,7936,9212,10428,19183,23381,18411,22126,-68,-244,-33,-0.266667,-0.956863,-0.129412,0,62,e19940,2026-05-22 02:38:31.853000+00:00,46.353,50.333333333333336,46.353,8824.0,20775.25,-0.06512075653331069,-0.04690882848207842,1.0017212962705746,0.004246695857110461
2026-05-22T02:38:31.853+00:00,1779417511853163000,1512,R,7724,7940,9219,10431,7724,7940,9219,10431,19187,23387,18415,22133,-66,-243,-32,-0.258824,-0.952941,-0.12549,0,62,520000,2026-05-22 02:38:31.853000+00:00,46.353,50.36666666666667,46.353,8828.5,20780.5,-0.014156686202893627,-0.02165022853019004,0.995406526278083,-0.002068074135381126
2026-05-22T02:38:31.853+00:00,1779417511853227000,1513,R,7723,7939,9219,10433,7723,7939,9219,10433,19185,23383,18413,22131,-66,-244,-33,-0.258824,-0.956863,-0.129412,0,62,620000,2026-05-22 02:38:31.853000+00:00,46.353,50.4,46.353,8828.5,20778.0,-0.01698754246885617,-0.030070846915332523,0.9996620076250772,0.002187407211613035
2026-05-22T02:38:32.002+00:00,1779417512002905000,1514,R,7727,7939,9219,10432,7727,7939,9219,10432,19188,23386,18412,22132,-66,-244,-33,-0.258824,-0.956863,-0.129412,0,62,720000,2026-05-22 02:38:32.002000+00:00,46.502,50.43333333333333,46.502,8829.25,20779.5,-0.011324707680982985,-0.020448667829434053,0.9996620076250772,0.002187407211613035
2026-05-22T02:38:32.003+00:00,1779417512003019000,1515,R,7723,7938,9219,10435,7723,7938,9219,10435,19186,23389,18414,22134,-67,-243,-32,-0.262745,-0.952941,-0.12549,0,62,820000,2026-05-22 02:38:32.003000+00:00,46.503,50.46666666666667,46.503,8828.75,20780.75,-0.014156285390713477,-0.008420546132563454,0.9964332514554098,-0.0010413489580543
2026-05-22T02:38:32.003+00:00,1779417512003058000,1516,R,7726,7940,9221,10434,7726,7940,9221,10434,19191,23387,18411,22133,-67,-243,-32,-0.262745,-0.952941,-0.12549,0,62,920000,2026-05-22 02:38:32.003000+00:00,46.503,50.5,46.503,8830.25,20780.5,0.0028312570781426952,-0.001203036464035225,0.9964332514554098,-0.0010413489580543
2026-05-22T02:38:32.003+00:00,1779417512003088000,1517,R,7731,7945,9224,10442,7731,7945,9224,10442,19193,23389,18418,22142,-67,-243,-32,-0.262745,-0.952941,-0.12549,0,62,020060,2026-05-22 02:38:32.003000+00:00,46.503,50.53333333333333,46.503,8835.5,20785.5,0.0622876557191393,0.024061018743533603,0.9964332514554098,-0.0010413489580543
2026-05-22T02:38:32.003+00:00,1779417512003116000,1518,R,7731,7946,9222,10444,7731,7946,9222,10444,19193,23391,18421,22143,-68,-243,-33,-0.266667,-0.952941,-0.129412,0,62,120060,2026-05-22 02:38:32.003000+00:00,46.503,50.56666666666667,46.503,8835.75,20787.0,0.06511891279728199,0.03127932436659368,0.997975602965323,0.000501002551858809
2026-05-22T02:38:32.003+00:00,1779417512003142000,1519,R,7731,7946,9226,10443,7731,7946,9226,10443,19193,23394,18421,22143,-68,-244,-32,-0.266667,-0.956863,-0.12549,0,62,220060,2026-05-22 02:38:32.003000+00:00,46.503,50.6,46.503,8836.5,20787.75,0.07361268403171008,0.034888477178123725,1.001222168031651,0.0037475676181869533
2026-05-22T02:38:32.152+00:00,1779417512152930000,1520,R,7732,7949,9224,10446,7732,7949,9224,10446,19197,23393,18420,22145,-69,-242,-32,-0.270588,-0.94902,-0.12549,0,62,320060,2026-05-22 02:38:32.152000+00:00,46.652,50.63333333333333,46.652,8837.75,20788.75,0.08776896942242356,0.03970068092683044,0.9947887043206712,-0.0026858960927929054
2026-05-22T02:38:32.153+00:00,1779417512153046000,1521,R,7733,7948,9225,10446,7733,7948,9225,10446,19196,23396,18420,22147,-68,-244,-32,-0.266667,-0.956863,-0.12549,0,62,420060,2026-05-22 02:38:32.153000+00:00,46.653,50.666666666666664,46.653,8838.0,20789.75,0.09060022650056625,0.044512884675537163,1.001222168031651,0.0037475676181869533
2026-05-22T02:38:32.153+00:00,1779417512153119000,1522,R,7740,7952,9231,10456,7740,7952,9231,10456,19201,23403,18427,22159,-68,-243,-32,-0.266667,-0.952941,-0.12549,0,62,c20130,2026-05-22 02:38:32.153000+00:00,46.653,50.7,46.653,8844.75,20797.5,0.16704416761041901,0.08180746372801424,0.9974746004134641,0.0
2026-05-22T02:38:32.153+00:00,1779417512153183000,1523,R,7739,7952,9234,10456,7739,7952,9234,10456,19203,23401,18427,22158,-66,-243,-33,-0.258824,-0.952941,-0.129412,0,62,d20130,2026-05-22 02:38:32.153000+00:00,46.653,50.733333333333334,46.653,8845.25,20797.25,0.17270668176670442,0.08060441279083756,0.9959085691974942,-0.001080327496445932
2026-05-22T02:38:32.153+00:00,1779417512153247000,1524,R,7739,7954,9232,10455,7739,7954,9232,10455,19204,23401,18428,22159,-67,-243,-32,-0.262745,-0.952941,-0.12549,0,62,e20130,2026-05-22 02:38:32.153000+00:00,46.653,50.766666666666666,46.653,8845.0,20798.0,0.16987542468856173,0.0842135656023676,0.9964332514554098,-0.0005556452385302446
2026-05-22T02:38:32.302+00:00,1779417512302840000,1525,R,7740,7960,9234,10457,7740,7960,9234,10457,19206,23403,18427,22158,-67,-244,-32,-0.262745,-0.956863,-0.12549,0,62,f20130,2026-05-22 02:38:32.302000+00:00,46.802,50.8,46.802,8847.75,20798.5,0.20101925254813138,0.08661966747672097,1.0001847208860972,0.002710120472633082
2026-05-22T02:38:32.302+00:00,1779417512302940000,1526,R,7742,7957,9235,10461,7742,7957,9235,10461,19208,23406,18432,22161,-67,-243,-32,-0.262745,-0.952941,-0.12549,0,62,020130,2026-05-22 02:38:32.302000+00:00,46.802,50.833333333333336,46.802,8848.75,20801.75,0.21234428086070214,0.1022593296600178,0.9964332514554098,-0.0010413489580543
2026-05-22T02:38:32.302+00:00,1779417512303006000,1527,R,7738,7948,9229,10443,7738,7948,9229,10443,19203,23395,18423,22147,-66,-243,-33,-0.258824,-0.952941,-0.129412,0,62,a20220,2026-05-22 02:38:32.302000+00:00,46.802,50.86666666666667,46.802,8839.5,20792.0,0.10758776896942242,0.05534034311012728,0.9959085691974942,-0.0015660312159699874
2026-05-22T02:38:32.303+00:00,1779417512303069000,1528,R,7734,7945,9234,10446,7734,7945,9234,10446,19199,23394,18421,22139,-67,-242,-33,-0.262745,-0.94902,-0.129412,0,62,b20220,2026-05-22 02:38:32.303000+00:00,46.803,50.9,46.803,8839.75,20788.25,0.10758472296933835,0.03729457905247708,0.9931874753383673,-0.004287125075096876
2026-05-22T02:38:32.303+00:00,1779417512303132000,1529,R,7734,7943,9224,10437,7734,7943,9224,10437,19200,23393,18419,22141,-68,-242,-33,-0.266667,-0.94902,-0.129412,0,62,c20220,2026-05-22 02:38:32.303000+00:00,46.803,50.93333333333333,46.803,8834.5,20788.25,0.022643645626945937,0.03729457905247708,0.9942322238959065,-0.0032423765175576547
2026-05-22T02:38:32.452+00:00,1779417512452926000,1530,R,7733,7943,9226,10434,7733,7943,9226,10434,19199,23393,18414,22135,-68,-243,-33,-0.266667,-0.952941,-0.129412,0,62,d20220,2026-05-22 02:38:32.452000+00:00,46.952,50.96666666666667,46.952,8834.0,20785.25,0.016982734220209454,0.022857967806356922,0.997975602965323,0.000501002551858809
2026-05-22T02:38:32.453+00:00,1779417512453036000,1531,R,7733,7944,9224,10433,7733,7944,9224,10433,19195,23391,18417,22134,-67,-243,-33,-0.262745,-0.952941,-0.129412,0,62,e20220,2026-05-22 02:38:32.453000+00:00,46.953,51.0,46.953,8833.5,20784.25,0.011321822813472968,0.0180457640576502,0.9969347773299917,-5.4119363948390564e-05
2026-05-22T02:38:32.453+00:00,1779417512453103000,1532,R,7732,7941,9222,10435,7732,7941,9222,10435,19196,23392,18413,22134,-66,-244,-32,-0.258824,-0.956863,-0.12549,0,62,f20220,2026-05-22 02:38:32.453000+00:00,46.953,51.03333333333333,46.953,8832.5,20783.75,-0.005660590965696819,0.0144364375684227,0.9991618506753548,0.0016872502618906493
2026-05-22T02:38:32.453+00:00,1779417512453166000,1533,R,7728,7938,9218,10425,7728,7938,9218,10425,19186,23381,18409,22124,-68,-244,-33,-0.266667,-0.956863,-0.129412,0,62,620280,2026-05-22 02:38:32.453000+00:00,46.953,51.06666666666667,46.953,8827.25,20775.0,-0.07075338201166016,-0.031277819214204944,1.0017212962705746,0.004246695857110461
2026-05-22T02:38:32.453+00:00,1779417512453228000,1534,R,7716,7938,9218,10419,7716,7938,9218,10419,19188,23377,18410,22120,-68,-243,-33,-0.266667,-0.952941,-0.129412,0,62,720280,2026-05-22 02:38:32.453000+00:00,46.953,51.1,46.953,8822.75,20773.75,-0.12452242818734965,-0.043305144891797286,0.997975602965323,0.000501002551858809
2026-05-22T02:38:32.748+00:00,1779417512748136000,1535,R,7727,7940,9217,10425,7727,7940,9217,10425,19184,23376,18409,22122,-68,-244,-33,-0.266667,-0.956863,-0.129412,0,62,820280,2026-05-22 02:38:32.748000+00:00,47.248,51.13333333333333,47.248,8827.25,20772.75,-0.07640932759791713,-0.048116827657552534,1.0017212962705746,0.004246695857110461
2026-05-22T02:38:32.748+00:00,1779417512748268000,1536,R,7727,7936,9215,10424,7727,7936,9215,10424,19187,23376,18411,22121,-68,-243,-32,-0.266667,-0.952941,-0.12549,0,62,920280,2026-05-22 02:38:32.748000+00:00,47.248,51.166666666666664,47.248,8825.5,20773.75,-0.10187333748372857,-0.043305144891797286,0.9974746004134641,0.0
2026-05-22T02:38:32.748+00:00,1779417512748341000,1537,R,7724,7937,9215,10424,7724,7937,9215,10424,19185,23377,18409,22122,-67,-241,-33,-0.262745,-0.945098,-0.129412,0,62,a20280,2026-05-22 02:38:32.748000+00:00,47.248,51.2,47.248,8825.0,20773.25,-0.1188387753947145,-0.04571098627467491,0.9894405643458327,-0.008034036067631423
2026-05-22T02:38:32.748+00:00,1779417512748407000,1538,R,7727,7936,9217,10424,7727,7936,9217,10424,19182,23372,18406,22117,-68,-243,-31,-0.266667,-0.952941,-0.121569,0,62,220350,2026-05-22 02:38:32.748000+00:00,47.248,51.233333333333334,47.248,8826.0,20769.25,-0.11034716917069859,-0.06495771733769592,0.9969888966939401,-0.00048570371952405544
2026-05-22T02:38:32.748+00:00,1779417512748471000,1539,R,7716,7932,9206,10412,7716,7932,9206,10412,19182,23378,18408,22121,-67,-243,-31,-0.262745,-0.952941,-0.121569,0,62,320350,2026-05-22 02:38:32.748000+00:00,47.248,51.266666666666666,47.248,8816.5,20772.25,-0.2178649237472767,-0.050522669040430165,0.9959470398906761,-0.0015275605227880185
2026-05-22T02:38:32.748+00:00,1779417512748533000,1540,R,7725,7936,9215,10424,7725,7936,9215,10424,19184,23375,18407,22117,-68,-244,-31,-0.266667,-0.956863,-0.121569,0,62,420350,2026-05-22 02:38:32.748000+00:00,47.248,51.3,47.248,8825.0,20770.75,-0.12166482754718048,-0.057740193189063045,1.0007382831784741,0.0032636827650099898
2026-05-22T02:38:32.754+00:00,1779417512754775000,1541,R,7726,7937,9216,10424,7726,7937,9216,10424,19187,23372,18408,22116,-67,-243,-32,-0.262745,-0.952941,-0.12549,0,62,520350,2026-05-22 02:38:32.754000+00:00,47.254,51.333333333333336,47.254,8825.75,20770.75,-0.11317658376481905,-0.057740193189063045,0.9964332514554098,-0.0010413489580543
2026-05-22T02:38:32.754+00:00,1779417512754853000,1542,R,7727,7938,9217,10425,7727,7938,9217,10425,19181,23374,18408,22123,-66,-243,-32,-0.258824,-0.952941,-0.12549,0,62,620350,2026-05-22 02:38:32.754000+00:00,47.254,51.36666666666667,47.254,8826.75,20771.5,-0.10185892538833716,-0.0541314311147466,0.995406526278083,-0.002068074135381126
2026-05-22T02:38:32.754+00:00,1779417512754918000,1543,R,7729,7943,9218,10430,7729,7943,9218,10430,19188,23378,18409,22125,-68,-242,-32,-0.266667,-0.94902,-0.12549,0,62,e20420,2026-05-22 02:38:32.754000+00:00,47.254,51.4,47.254,8830.0,20775.0,-0.06507653566477097,-0.03729054143460322,0.9937293340688902,-0.00374526634457395
2026-05-22T02:38:32.754+00:00,1779417512754981000,1544,R,7732,7941,9224,10435,7732,7941,9224,10435,19186,23379,18412,22125,-68,-243,-32,-0.266667,-0.952941,-0.12549,0,62,f20420,2026-05-22 02:38:32.754000+00:00,47.254,51.43333333333333,47.254,8833.0,20775.5,-0.03112356053532524,-0.03488470005172559,0.9974746004134641,0.0
2026-05-22T02:38:32.755+00:00,1779417512755043000,1545,R,7728,7941,9218,10432,7728,7941,9218,10432,19187,23373,18411,22125,-67,-243,-32,-0.262745,-0.952941,-0.12549,0,62,020420,2026-05-22 02:38:32.755000+00:00,47.255,51.46666666666667,47.255,8829.75,20774.0,-0.06790595025889143,-0.04210222420035847,0.9964332514554098,-0.0010413489580543
2026-05-22T02:38:32.903+00:00,1779417512903296000,1546,R,7731,7943,9221,10435,7731,7943,9221,10435,19190,23379,18415,22130,-67,-243,-32,-0.262745,-0.952941,-0.12549,0,62,120420,2026-05-22 02:38:32.903000+00:00,47.403,51.5,47.403,8832.5,20778.5,-0.03678238972356619,-0.020449651754459827,0.9964332514554098,-0.0010413489580543
2026-05-22T02:38:32.903+00:00,1779417512903382000,1547,R,7730,7942,9222,10436,7730,7942,9222,10436,19188,23379,18415,22131,-68,-243,-32,-0.266667,-0.952941,-0.12549,0,62,220420,2026-05-22 02:38:32.903000+00:00,47.403,51.53333333333333,47.403,8832.5,20778.25,-0.03678238972356619,-0.021652572445898643,0.9974746004134641,0.0
2026-05-22T02:38:32.903+00:00,1779417512903400000,1548,R,7733,7948,9224,10442,7733,7948,9224,10442,19194,23381,18415,22136,-69,-243,-33,-0.270588,-0.952941,-0.129412,0,62,920480,2026-05-22 02:38:32.903000+00:00,47.403,51.56666666666667,47.403,8836.75,20781.5,0.011317658376481906,-0.004811740647179117,0.9990304704907654,0.0010548675254424822
2026-05-22T02:38:32.903+00:00,1779417512903415000,1549,R,7734,7948,9226,10442,7734,7948,9226,10442,19194,23382,18417,22138,-69,-244,-33,-0.270588,-0.956863,-0.129412,0,62,a20480,2026-05-22 02:38:32.903000+00:00,47.403,51.6,47.403,8837.5,20782.75,0.019805902158843335,0.0024058992649977746,1.0027722235168863,0.00479662055156338
2026-05-22T02:38:32.903+00:00,1779417512903428000,1550,R,7723,7949,9229,10434,7723,7949,9229,10434,19189,23380,18415,22136,-69,-242,-32,-0.270588,-0.94902,-0.12549,0,62,b20480,2026-05-22 02:38:32.903000+00:00,47.403,51.63333333333333,47.403,8833.75,20780.0,-0.022635316752963812,-0.00721795828020114,0.9947887043206712,-0.0031868986446517145
2026-05-22T02:38:33.052+00:00,1779417513052760000,1551,R,7734,7950,9226,10444,7734,7950,9226,10444,19195,23384,18421,22140,-69,-243,-32,-0.270588,-0.952941,-0.12549,0,62,c20480,2026-05-22 02:38:33.052000+00:00,47.552,51.666666666666664,47.552,8838.5,20785.0,0.03112356053532524,0.01684190265380266,0.9985299972083964,0.0005543942430734639
2026-05-22T02:38:33.052+00:00,1779417513052841000,1552,R,7737,7951,9229,10445,7737,7951,9229,10445,19198,23386,18421,22140,-68,-243,-32,-0.266667,-0.952941,-0.12549,0,62,d20480,2026-05-22 02:38:33.052000+00:00,47.552,51.7,47.552,8840.5,20786.25,0.053758877288289056,0.026466802208774946,0.9974746004134641,-0.000501002551858809
2026-05-22T02:38:33.052+00:00,1779417513052880000,1553,R,7740,7954,9233,10456,7740,7954,9233,10456,19201,23392,18424,22147,-67,-243,-33,-0.262745,-0.952941,-0.129412,0,62,620560,2026-05-22 02:38:33.052000+00:00,47.552,51.733333333333334,47.552,8845.75,20791.0,0.11317658376481905,0.04932449502544422,0.9969347773299917,-0.001040825635331255
2026-05-22T02:38:33.052+00:00,1779417513052915000,1554,R,7738,7951,9222,10442,7738,7951,9222,10442,19208,23386,18430,22147,-66,-244,-33,-0.258824,-0.956863,-0.129412,0,62,720560,2026-05-22 02:38:33.052000+00:00,47.552,51.766666666666666,47.552,8838.25,20792.75,0.028294145941204763,0.0577457502736908,0.9996620076250772,0.001686404659754226
2026-05-22T02:38:33.052+00:00,1779417513052950000,1555,R,7747,7956,9236,10456,7747,7956,9236,10456,19205,23395,18426,22156,-66,-245,-33,-0.258824,-0.960784,-0.129412,0,62,820560,2026-05-22 02:38:33.052000+00:00,47.552,51.8,47.552,8848.75,20795.5,0.14712955889426477,0.07097915137807827,1.0034157779186053,0.005440174953282306
2026-05-22T02:38:33.202+00:00,1779417513202463000,1556,R,7746,7957,9235,10458,7746,7957,9235,10458,19206,23393,18427,22151,-65,-245,-32,-0.254902,-0.960784,-0.12549,0,62,920560,2026-05-22 02:38:33.202000+00:00,47.702,51.833333333333336,47.702,8849.0,20794.25,0.14995897348838524,0.06496396905790215,1.0019125033454768,0.003936900380153818
2026-05-22T02:38:33.202+00:00,1779417513202503000,1557,R,7746,7956,9237,10459,7746,7956,9237,10459,19207,23395,18427,22154,-66,-244,-32,-0.258824,-0.956863,-0.12549,0,62,a20560,2026-05-22 02:38:33.202000+00:00,47.702,51.86666666666667,47.702,8849.5,20795.75,0.1556178026766262,0.0721821878421135,0.9991618506753548,0.0011862477100318403
2026-05-22T02:38:33.202+00:00,1779417513202519000,1558,R,7744,7959,9236,10460,7744,7959,9236,10460,19210,23397,18430,22156,-67,-244,-33,-0.262745,-0.956863,-0.129412,0,62,b20560,2026-05-22 02:38:33.202000+00:00,47.702,51.9,47.702,8849.75,20798.25,0.15844721727074668,0.08421255248246574,1.0006843665901852,0.002708763624862276
2026-05-22T02:38:33.202+00:00,1779417513202533000,1559,R,7752,7963,9240,10467,7752,7963,9240,10467,19214,23405,18432,22162,-66,-244,-31,-0.258824,-0.956863,-0.121569,0,62,120610,2026-05-22 02:38:33.202000+00:00,47.702,51.93333333333333,47.702,8855.5,20803.25,0.22352375293551763,0.10827328176317025,0.9986769675455622,0.0006937915696342278
2026-05-22T02:38:33.202+00:00,1779417513202547000,1560,R,7752,7962,9243,10469,7752,7962,9243,10469,19216,23403,18435,22162,-65,-243,-33,-0.254902,-0.952941,-0.129412,0,62,220610,2026-05-22 02:38:33.202000+00:00,47.702,51.96666666666667,47.702,8856.5,20804.0,0.2320054323223178,0.11188239115527591,0.9948964995561096,-0.0030866764198184127
2026-05-22T02:38:33.354+00:00,1779417513354149000,1561,R,7754,7972,9246,10482,7754,7972,9246,10482,19221,23400,18437,22155,-66,-243,-33,-0.258824,-0.952941,-0.129412,0,62,320610,2026-05-22 02:38:33.354000+00:00,47.854,52.0,47.854,8863.5,20803.25,0.3112267994567678,0.10827328176317025,0.9959085691974942,-0.0020746067784338518
2026-05-22T02:38:33.354+00:00,1779417513354303000,1562,R,7750,7961,9239,10463,7750,7961,9239,10463,19216,23402,18430,22161,-66,-245,-32,-0.258824,-0.960784,-0.12549,0,62,420610,2026-05-22 02:38:33.354000+00:00,47.854,52.03333333333333,47.854,8853.25,20802.25,0.1867202308541036,0.10346113590702934,1.002917492983346,0.004387495774949568
2026-05-22T02:38:33.354+00:00,1779417513354378000,1563,R,7749,7959,9237,10460,7749,7959,9237,10460,19213,23397,18431,22156,-68,-244,-32,-0.266667,-0.956863,-0.12549,0,62,520610,2026-05-22 02:38:33.354000+00:00,47.854,52.06666666666667,47.854,8851.25,20799.25,0.16125381916940137,0.08902469833860664,1.001222168031651,0.0026921708232546804
2026-05-22T02:38:33.354+00:00,1779417513354446000,1564,R,7739,7948,9225,10440,7739,7948,9225,10440,19204,23386,18416,22131,-66,-243,-32,-0.258824,-0.952941,-0.12549,0,62,e20690,2026-05-22 02:38:33.354000+00:00,47.854,52.1,47.854,8838.0,20784.25,0.005657708628005658,0.01684251049649315,0.995406526278083,-0.003123470930313399
2026-05-22T02:38:33.354+00:00,1779417513354522000,1565,R,7739,7945,9228,10436,7739,7945,9228,10436,19201,23388,18412,22128,-67,-243,-32,-0.262745,-0.952941,-0.12549,0,62,f20690,2026-05-22 02:38:33.354000+00:00,47.854,52.13333333333333,47.854,8837.0,20782.25,-0.011314777098891152,0.00721821878421135,0.9964332514554098,-0.002096745752986573
2026-05-22T02:38:33.354+00:00,1779417513354584000,1566,R,7737,7946,9224,10437,7737,7946,9224,10437,19203,23383,18414,22130,-67,-244,-33,-0.262745,-0.956863,-0.129412,0,62,020690,2026-05-22 02:38:33.354000+00:00,47.854,52.166666666666664,47.854,8836.0,20782.5,-0.025457528356857974,0.008421255248246575,1.0006843665901852,0.0027011906142572206
2026-05-22T02:38:33.502+00:00,1779417513502535000,1567,R,7737,7946,9226,10435,7737,7946,9226,10435,19197,23380,18413,22129,-67,-244,-33,-0.262745,-0.956863,-0.129412,0,62,120690,2026-05-22 02:38:33.502000+00:00,48.002,52.2,48.002,8836.0,20779.75,-0.028285342535498106,-0.0048121458561409,1.0006843665901852,0.0027011906142572206
2026-05-22T02:38:33.502+00:00,1779417513502564000,1568,R,7737,7944,9224,10438,7737,7944,9224,10438,19197,23383,18411,22128,-68,-245,-33,-0.266667,-0.960784,-0.129412,0,62,220690,2026-05-22 02:38:33.502000+00:00,48.002,52.233333333333334,48.002,8835.75,20779.75,-0.031113876789047916,-0.0048121458561409,1.005467378530502,0.007484202554573938
2026-05-22T02:38:33.502+00:00,1779417513502580000,1569,R,7736,7943,9222,10434,7736,7943,9222,10434,19196,23373,18408,22124,-69,-243,-33,-0.270588,-0.952941,-0.129412,0,62,920750,2026-05-22 02:38:33.502000+00:00,48.002,52.266666666666666,48.002,8833.75,20775.25,-0.0537421508174464,-0.026466802208774946,0.9990304704907654,0.0005004732823690183
2026-05-22T02:38:33.502+00:00,1779417513502594000,1570,R,7736,7943,9225,10434,7736,7943,9225,10434,19191,23376,18410,22125,-67,-243,-33,-0.262745,-0.952941,-0.129412,0,62,a20750,2026-05-22 02:38:33.502000+00:00,48.002,52.3,48.002,8834.5,20775.5,-0.04525654805679697,-0.025263765744739722,0.9969347773299917,-0.0017189645230091255
2026-05-22T02:38:33.502+00:00,1779417513502607000,1571,R,7736,7944,9222,10432,7736,7944,9222,10432,19197,23373,18412,22119,-68,-244,-32,-0.266667,-0.956863,-0.12549,0,62,b20750,2026-05-22 02:38:33.502000+00:00,48.002,52.333333333333336,48.002,8833.5,20775.25,-0.05657068507099621,-0.026466802208774946,1.001222168031651,0.0026921708232546804
2026-05-22T02:38:33.652+00:00,1779417513652653000,1572,R,7735,7943,9223,10433,7735,7943,9223,10433,19190,23376,18409,22122,-68,-243,-33,-0.266667,-0.952941,-0.129412,0,62,c20750,2026-05-22 02:38:33.652000+00:00,48.152,52.36666666666667,48.152,8833.5,20774.25,-0.05657068507099621,-0.031278948064915844,0.997975602965323,-0.0005543942430734639
2026-05-22T02:38:33.652+00:00,1779417513652693000,1573,R,7734,7944,9221,10434,7734,7944,9221,10434,19192,23375,18410,22119,-67,-243,-33,-0.262745,-0.952941,-0.129412,0,62,d20750,2026-05-22 02:38:33.652000+00:00,48.152,52.4,48.152,8833.25,20774.0,-0.05939921932454602,-0.032481984528951076,0.9969347773299917,-0.001595219878404719
2026-05-22T02:38:33.652+00:00,1779417513652709000,1574,R,7732,7944,9223,10436,7732,7944,9223,10436,19191,23371,18411,22124,-65,-244,-34,-0.254902,-0.956863,-0.133333,0,63,520820,2026-05-22 02:38:33.652000+00:00,48.152,52.43333333333333,48.152,8833.75,20774.25,-0.0537421508174464,-0.031278948064915844,0.9991694146950256,0.0006394174866292124
2026-05-22T02:38:33.652+00:00,1779417513652722000,1575,R,7735,7943,9221,10436,7735,7943,9221,10436,19190,23372,18405,22121,-64,-245,-33,-0.25098,-0.960784,-0.129412,0,63,620820,2026-05-22 02:38:33.652000+00:00,48.152,52.46666666666667,48.152,8833.75,20772.0,-0.0537421508174464,-0.04210627624123287,1.001421150565535,0.002767408712534225
2026-05-22T02:38:33.652+00:00,1779417513652804000,1576,R,7735,7945,9223,10436,7735,7945,9223,10436,19193,23375,18414,22126,-66,-243,-34,-0.258824,-0.952941,-0.133333,0,63,720820,2026-05-22 02:38:33.652000+00:00,48.152,52.5,48.152,8834.75,20777.0,-0.04242801380324716,-0.018045546960528375,0.9964256627295385,-0.0022280791234623454
2026-05-22T02:38:33.803+00:00,1779417513803836000,1577,R,7738,7945,9224,10433,7738,7945,9224,10433,19191,23375,18410,22122,-66,-244,-34,-0.258824,-0.956863,-0.133333,0,63,820820,2026-05-22 02:38:33.803000+00:00,48.303,52.53333333333333,48.303,8835.0,20774.5,-0.03959947954969735,-0.030075911600880623,1.0001771606240566,0.0015001930784943607
2026-05-22T02:38:33.803+00:00,1779417513803962000,1578,R,7736,7945,9221,10436,7736,7945,9221,10436,19193,23377,18405,22125,-66,-244,-34,-0.258824,-0.956863,-0.133333,0,63,920820,2026-05-22 02:38:33.803000+00:00,48.303,52.56666666666667,48.303,8834.5,20775.0,-0.04525654805679697,-0.027669838672810174,1.0001771606240566,0.0011466901332911617
2026-05-22T02:38:33.804+00:00,1779417513804036000,1579,R,7740,7950,9229,10443,7740,7950,9229,10443,19195,23376,18414,22129,-66,-244,-33,-0.258824,-0.956863,-0.129412,0,63,120890,2026-05-22 02:38:33.804000+00:00,48.304,52.6,48.304,8840.5,20778.5,0.022628274028398485,-0.010827328176317024,0.9996620076250772,0.0006315371343117437
2026-05-22T02:38:33.804+00:00,1779417513804104000,1580,R,7740,7949,9227,10445,7740,7949,9227,10445,19197,23382,18413,22131,-67,-245,-34,-0.262745,-0.960784,-0.133333,0,63,220890,2026-05-22 02:38:33.804000+00:00,48.304,52.63333333333333,48.304,8840.25,20780.75,0.019799739774848675,0.003609239653512993,1.004947022767867,0.005916552277101528
2026-05-22T02:38:33.804+00:00,1779417513804168000,1581,R,7739,7951,9226,10444,7739,7951,9226,10444,19195,23382,18418,22134,-67,-243,-35,-0.262745,-0.952941,-0.137255,0,63,320890,2026-05-22 02:38:33.804000+00:00,48.304,52.666666666666664,48.304,8840.0,20782.25,0.01697120552129886,0.012030943586905521,0.997983175975928,-0.0010472945148374269
2026-05-22T02:38:33.953+00:00,1779417513953415000,1582,R,7743,7952,9227,10444,7743,7952,9227,10444,19193,23376,18414,22134,-67,-243,-34,-0.262745,-0.952941,-0.133333,0,63,420890,2026-05-22 02:38:33.953000+00:00,48.453,52.7,48.453,8841.5,20779.25,0.03677198540435041,-0.0024061887173811043,0.9974513388606986,-0.0017105118146562015
2026-05-22T02:38:33.953+00:00,1779417513953573000,1583,R,7741,7951,9229,10446,7741,7951,9229,10446,19195,23377,18418,22133,-67,-244,-34,-0.262745,-0.956863,-0.133333,0,63,520890,2026-05-22 02:38:33.953000+00:00,48.453,52.733333333333334,48.453,8841.75,20780.75,0.04243041412084182,0.0072187398486470876,1.001198993548735,0.0020371428733803043
2026-05-22T02:38:33.953+00:00,1779417513953650000,1584,R,7741,7951,9227,10447,7741,7951,9227,10447,19197,23378,18417,22135,-67,-244,-34,-0.262745,-0.956863,-0.133333,0,63,620890,2026-05-22 02:38:33.953000+00:00,48.453,52.766666666666666,48.453,8841.5,20781.75,0.03960171984611903,0.015641167552999494,1.001198993548735,0.0020371428733803043
2026-05-22T02:38:33.953+00:00,1779417513953718000,1585,R,7746,7955,9234,10456,7746,7955,9234,10456,19200,23382,18419,22139,-66,-243,-35,-0.258824,-0.952941,-0.137255,0,63,d20950,2026-05-22 02:38:33.953000+00:00,48.453,52.8,48.453,8847.75,20785.0,0.11031907671418872,0.03850411512730423,0.9969580470019789,-0.0020724234887865567
2026-05-22T02:38:33.953+00:00,1779417513953797000,1586,R,7744,7954,9233,10454,7744,7954,9233,10454,19204,23387,18420,22143,-67,-243,-35,-0.262745,-0.952941,-0.137255,0,63,e20950,2026-05-22 02:38:33.953000+00:00,48.453,52.833333333333336,48.453,8846.25,20788.5,0.09334691106585201,0.055349665495499835,0.997983175975928,-0.0007243368595367672
2026-05-22T02:38:34.103+00:00,1779417514103714000,1587,R,7749,7958,9233,10456,7749,7958,9233,10456,19201,23385,18420,22142,-67,-243,-34,-0.262745,-0.952941,-0.133333,0,63,f20950,2026-05-22 02:38:34.103000+00:00,48.603,52.86666666666667,48.603,8849.0,20787.0,0.12446254808780267,0.048130143909130285,0.9974513388606986,-0.0012256286848636444
2026-05-22T02:38:34.103+00:00,1779417514103828000,1588,R,7748,7957,9235,10457,7748,7957,9235,10457,19203,23387,18420,22146,-66,-243,-35,-0.258824,-0.952941,-0.137255,0,63,020950,2026-05-22 02:38:34.103000+00:00,48.603,52.9,48.603,8849.25,20789.0,0.12729124236252545,0.05775617269095635,0.9969580470019789,-0.0017189205435833577
2026-05-22T02:38:34.103+00:00,1779417514103901000,1589,R,7746,7959,9237,10458,7746,7959,9237,10458,19203,23387,18425,22147,-67,-244,-34,-0.262745,-0.956863,-0.133333,0,63,120950,2026-05-22 02:38:34.103000+00:00,48.603,52.93333333333333,48.603,8850.0,20790.5,0.13577732518669383,0.06497569427732588,1.001198993548735,0.002545251695734274
2026-05-22T02:38:34.103+00:00,1779417514103966000,1590,R,7751,7963,9240,10467,7751,7963,9240,10467,19210,23394,18424,22151,-67,-243,-34,-0.262745,-0.952941,-0.133333,0,63,821010,2026-05-22 02:38:34.103000+00:00,48.603,52.96666666666667,48.603,8855.25,20794.75,0.19517990495587237,0.08543100543870626,0.9974513388606986,-0.0012024029923022317
2026-05-22T02:38:34.104+00:00,1779417514104029000,1591,R,7752,7961,9243,10465,7752,7961,9243,10465,19210,23389,18422,22153,-66,-244,-35,-0.258824,-0.956863,-0.137255,0,63,921010,2026-05-22 02:38:34.104000+00:00,48.604,53.0,48.604,8855.25,20793.5,0.19517990495587237,0.07941473745006497,1.0007075490721553,0.002053807219154491
2026-05-22T02:38:34.104+00:00,1779417514104100000,1592,R,7753,7961,9240,10466,7753,7961,9240,10466,19211,23393,18425,22150,-65,-244,-36,-0.254902,-0.956863,-0.141176,0,63,a21010,2026-05-22 02:38:34.104000+00:00,48.604,53.03333333333333,48.604,8855.0,20794.75,0.19235121068114958,0.08543100543870626,1.0002462163632513,0.0015387035277865113
2026-05-22T02:38:34.252+00:00,1779417514252510000,1593,R,7751,7960,9239,10465,7751,7960,9239,10465,19211,23382,18430,22149,-64,-245,-35,-0.25098,-0.960784,-0.137255,0,63,b21010,2026-05-22 02:38:34.252000+00:00,48.752,53.06666666666667,48.752,8853.75,20793.0,0.17820773930753564,0.07700823025460846,1.002464857279795,0.0038111154267941316
2026-05-22T02:38:34.252+00:00,1779417514252636000,1594,R,7752,7959,9237,10458,7752,7959,9237,10458,19211,23390,18422,22147,-65,-245,-35,-0.254902,-0.960784,-0.137255,0,63,c21010,2026-05-22 02:38:34.252000+00:00,48.752,53.1,48.752,8851.5,20792.5,0.15274949083503056,0.07460172305915194,1.0034539647064034,0.004800222853402536
2026-05-22T02:38:34.252+00:00,1779417514252719000,1595,R,7744,7947,9228,10439,7744,7947,9228,10439,19198,23377,18407,22126,-63,-243,-34,-0.247059,-0.952941,-0.133333,0,63,321070,2026-05-22 02:38:34.252000+00:00,48.752,53.13333333333333,48.752,8839.5,20777.0,0.01697216564833673,0.0,0.9934346419624192,-0.005219099890581669
2026-05-22T02:38:34.252+00:00,1779417514252786000,1596,R,7743,7948,9227,10441,7743,7948,9227,10441,19196,23375,18405,22122,-65,-243,-34,-0.254902,-0.952941,-0.133333,0,63,421070,2026-05-22 02:38:34.252000+00:00,48.752,53.166666666666664,48.752,8839.75,20774.5,0.019800859923059515,-0.012032535977282571,0.9954141188339656,-0.0032396230190352426
2026-05-22T02:38:34.252+00:00,1779417514252850000,1597,R,7743,7947,9227,10439,7743,7947,9227,10439,19195,23374,18405,22121,-64,-244,-33,-0.25098,-0.956863,-0.129412,0,63,521070,2026-05-22 02:38:34.252000+00:00,48.752,53.2,48.752,8839.0,20773.75,0.0,-0.015642296770467343,0.9976598753648459,-0.0009938664881549153
2026-05-22T02:38:34.550+00:00,1779417514550553000,1598,R,7741,7945,9223,10437,7741,7945,9223,10437,19195,23370,18409,22120,-65,-243,-34,-0.254902,-0.952941,-0.133333,0,63,621070,2026-05-22 02:38:34.550000+00:00,49.05,53.233333333333334,49.05,8836.5,20773.5,-0.033938571186153066,-0.0168455503681956,0.9954141188339656,-0.0027619428194883833
2026-05-22T02:38:34.550+00:00,1779417514550699000,1599,R,7739,7944,9226,10435,7739,7944,9226,10435,19196,23375,18404,22117,-65,-244,-33,-0.254902,-0.956863,-0.129412,0,63,721070,2026-05-22 02:38:34.550000+00:00,49.05,53.266666666666666,49.05,8836.0,20773.0,-0.042422014197234084,-0.019252057563652114,0.9986537418530008,0.00047768019954685936
2026-05-22T02:38:34.550+00:00,1779417514550772000,1600,R,7735,7942,9219,10430,7735,7942,9219,10430,19186,23364,18400,22115,-65,-244,-33,-0.254902,-0.956863,-0.129412,0,63,e21130,2026-05-22 02:38:34.550000+00:00,49.05,53.3,49.05,8831.5,20766.25,-0.09615384615384616,-0.05173990470231506,0.9986537418530008,0.00047768019954685936
2026-05-22T02:38:34.550+00:00,1779417514550840000,1601,R,7736,7942,9221,10431,7736,7942,9221,10431,19186,23364,18402,22115,-64,-242,-34,-0.25098,-0.94902,-0.133333,0,63,f21130,2026-05-22 02:38:34.550000+00:00,49.05,53.333333333333336,49.05,8832.5,20766.75,-0.08766720398178784,-0.04933339750685854,0.9906601888079484,-0.007515872845505589
2026-05-22T02:38:34.550+00:00,1779417514550904000,1602,R,7738,7940,9223,10428,7738,7940,9223,10428,19187,23364,18401,22112,-64,-243,-33,-0.25098,-0.952941,-0.129412,0,63,021130,2026-05-22 02:38:34.550000+00:00,49.05,53.36666666666667,49.05,8832.25,20766.0,-0.090495178303781,-0.052943158300043314,0.993898875955195,-0.004277185698258967
2026-05-22T02:38:34.701+00:00,1779417514701724000,1603,R,7735,7942,9220,10432,7735,7942,9220,10432,19187,23360,18401,22114,-64,-243,-34,-0.25098,-0.952941,-0.133333,0,63,121130,2026-05-22 02:38:34.701000+00:00,49.201,53.4,49.201,8832.25,20765.5,-0.090495178303781,-0.055349665495499835,0.9944170145215738,-0.0037590471318801333
2026-05-22T02:38:34.701+00:00,1779417514701875000,1604,R,7738,7942,9219,10431,7738,7942,9219,10431,19186,23365,18400,22112,-63,-244,-34,-0.247059,-0.956863,-0.133333,0,63,221130,2026-05-22 02:38:34.701000+00:00,49.201,53.43333333333333,49.201,8832.5,20765.75,-0.08766720398178784,-0.05414641189777158,0.9971973922644403,-0.0009786693890136977
2026-05-22T02:38:34.701+00:00,1779417514701950000,1605,R,7734,7941,9221,10432,7734,7941,9221,10432,19181,23362,18400,22113,-64,-245,-35,-0.25098,-0.960784,-0.137255,0,63,a21200,2026-05-22 02:38:34.701000+00:00,49.201,53.46666666666667,49.201,8832.0,20764.0,-0.09332315262577416,-0.06256918708186937,1.002464857279795,0.004288795626340991
2026-05-22T02:38:34.702+00:00,1779417514702017000,1606,R,7735,7943,9221,10435,7735,7943,9221,10435,19184,23359,18400,22109,-64,-245,-35,-0.25098,-0.960784,-0.137255,0,63,b21200,2026-05-22 02:38:34.702000+00:00,49.202,53.5,49.202,8833.5,20763.0,-0.07635530669381523,-0.0673822014727824,1.002464857279795,0.004481681303866947
2026-05-22T02:38:34.702+00:00,1779417514702080000,1607,R,7734,7942,9219,10432,7734,7942,9219,10432,19179,23361,18402,22114,-63,-245,-35,-0.247059,-0.960784,-0.137255,0,63,c21200,2026-05-22 02:38:34.702000+00:00,49.202,53.53333333333333,49.202,8831.75,20764.0,-0.09615112694776731,-0.052948255114320095,1.0014903789662684,0.0035072029903403523
2026-05-22T02:38:34.851+00:00,1779417514851320000,1608,R,7735,7942,9219,10434,7735,7942,9219,10434,19181,23361,18402,22116,-63,-246,-35,-0.247059,-0.964706,-0.137255,0,63,d21200,2026-05-22 02:38:34.851000+00:00,49.351,53.56666666666667,49.351,8832.5,20765.0,-0.08766720398178784,-0.048134777376654635,1.0052535754435294,0.0072703994676014405
2026-05-22T02:38:34.851+00:00,1779417514851424000,1609,R,7736,7941,9222,10443,7736,7941,9222,10443,19184,23361,18400,22115,-63,-246,-35,-0.247059,-0.964706,-0.137255,0,63,e21200,2026-05-22 02:38:34.851000+00:00,49.351,53.6,49.351,8835.5,20765.0,-0.05373151211786997,-0.04572913908878674,1.0052535754435294,0.0072703994676014405
2026-05-22T02:38:34.851+00:00,1779417514851493000,1610,R,7737,7944,9223,10431,7737,7944,9223,10431,19185,23364,18403,22117,-64,-245,-35,-0.25098,-0.960784,-0.137255,0,63,f21200,2026-05-22 02:38:34.851000+00:00,49.351,53.63333333333333,49.351,8833.75,20767.25,-0.07070135746606335,-0.033695560609889645,1.002464857279795,0.004481681303866947
2026-05-22T02:38:34.851+00:00,1779417514851559000,1611,R,7738,7945,9225,10441,7738,7945,9225,10441,19189,23367,18404,22119,-63,-243,-34,-0.247059,-0.952941,-0.133333,0,63,521250,2026-05-22 02:38:34.851000+00:00,49.351,53.666666666666664,49.351,8837.25,20769.75,-0.028281342798156056,-0.019255069498766472,0.9934346419624192,-0.004548534013508854
2026-05-22T02:38:34.851+00:00,1779417514851621000,1612,R,7737,7945,9224,10439,7737,7945,9224,10439,19184,23362,18404,22120,-65,-245,-34,-0.254902,-0.960784,-0.133333,0,63,621250,2026-05-22 02:38:34.851000+00:00,49.351,53.7,49.351,8836.25,20767.5,-0.03676678545166582,-0.02888295183767781,1.0029250286781162,0.005195663932846206
2026-05-22T02:38:34.999+00:00,1779417514999506000,1613,R,7738,7946,9226,10439,7738,7946,9226,10439,19189,23365,18408,22120,-64,-244,-34,-0.25098,-0.956863,-0.133333,0,63,721250,2026-05-22 02:38:34.999000+00:00,49.499,53.733333333333334,49.499,8837.25,20770.5,-0.019798619753365766,-0.013238178907970587,0.998176061653454,0.00019288567752595576
2026-05-22T02:38:34.999+00:00,1779417514999627000,1614,R,7740,7945,9226,10441,7740,7945,9226,10441,19189,23369,18405,22123,-64,-244,-35,-0.25098,-0.956863,-0.137255,0,63,821250,2026-05-22 02:38:34.999000+00:00,49.499,53.766666666666666,49.499,8838.0,20771.5,0.0,-0.0072209117604582875,0.9987075128354648,0.000978148090194808
2026-05-22T02:38:34.999+00:00,1779417514999706000,1615,R,7737,7948,9226,10441,7737,7948,9226,10441,19190,23367,18406,22123,-63,-244,-34,-0.247059,-0.956863,-0.133333,0,63,921250,2026-05-22 02:38:34.999000+00:00,49.499,53.8,49.499,8838.0,20771.5,0.0,0.0,0.9971973922644403,-0.0004624831004056418
2026-05-22T02:38:34.999+00:00,1779417514999772000,1616,R,7744,7953,9234,10453,7744,7953,9234,10453,19193,23373,18416,22134,-65,-243,-34,-0.254902,-0.952941,-0.133333,0,63,521360,2026-05-22 02:38:34.999000+00:00,49.499,53.833333333333336,49.499,8846.0,20779.0,0.09051821679112922,0.03610716606889247,0.9954141188339656,-0.0023152459113043866
2026-05-22T02:38:34.999+00:00,1779417514999835000,1617,R,7743,7943,9232,10445,7743,7943,9232,10445,19195,23374,18411,22131,-65,-243,-33,-0.254902,-0.952941,-0.129412,0,63,621360,2026-05-22 02:38:34.999000+00:00,49.499,53.86666666666667,49.499,8840.75,20777.75,0.03111563702195067,0.03370123852051563,0.9948964995561096,-0.0028328651891603718
2026-05-22T02:38:34.999+00:00,1779417514999897000,1618,R,7747,7955,9232,10453,7747,7955,9232,10453,19194,23372,18412,22134,-63,-245,-34,-0.247059,-0.960784,-0.133333,0,63,721360,2026-05-22 02:38:34.999000+00:00,49.499,53.9,49.499,8846.75,20778.0,0.09900429961529758,0.03610890445583881,1.000960405323807,0.00323104057853707
2026-05-22T02:38:35.598+00:00,1779417515598185000,1619,R,7746,7957,9234,10454,7746,7957,9234,10454,19197,23374,18415,22138,-64,-244,-34,-0.25098,-0.956863,-0.133333,0,63,821360,2026-05-22 02:38:35.598000+00:00,50.098,53.93333333333333,50.098,8847.75,20781.0,0.11031907671418872,0.05416531253385332,0.998176061653454,0.00044669690818399665
2026-05-22T02:38:35.598+00:00,1779417515598335000,1620,R,7745,7958,9236,10458,7745,7958,9236,10458,19197,23380,18416,22139,-63,-244,-35,-0.247059,-0.956863,-0.137255,0,63,921360,2026-05-22 02:38:35.598000+00:00,50.098,53.96666666666667,50.098,8849.25,20783.0,0.12729124236252545,0.07102187232915629,0.99772936474527,0.0
2026-05-22T02:38:35.598+00:00,1779417515598420000,1621,R,7752,7961,9239,10467,7752,7961,9239,10467,19203,23382,18422,22148,-64,-244,-35,-0.25098,-0.956863,-0.137255,0,63,121430,2026-05-22 02:38:35.598000+00:00,50.098,54.0,50.098,8854.75,20788.75,0.18952251640642678,0.09870836493204772,0.9987075128354648,0.000978148090194808
2026-05-22T02:38:35.598+00:00,1779417515598861000,1622,R,7753,7969,9229,10475,7753,7969,9229,10475,19205,23386,18423,22150,-64,-244,-35,-0.25098,-0.956863,-0.137255,0,63,221430,2026-05-22 02:38:35.598000+00:00,50.098,54.03333333333333,50.098,8856.5,20791.0,0.2093233763294863,0.10954220986361393,0.9987075128354648,0.000978148090194808
2026-05-22T02:38:35.598+00:00,1779417515598957000,1623,R,7753,7962,9241,10468,7753,7962,9241,10468,19207,23382,18424,22150,-64,-243,-35,-0.25098,-0.952941,-0.137255,0,63,321430,2026-05-22 02:38:35.598000+00:00,50.098,54.06666666666667,50.098,8856.0,20790.75,0.20366598778004075,0.10833844931566212,0.9949504735945403,-0.0027094017703056528
2026-05-22T02:38:35.604+00:00,1779417515604893000,1624,R,7754,7962,9245,10471,7754,7962,9245,10471,19207,23384,18424,22150,-64,-245,-35,-0.25098,-0.960784,-0.137255,0,63,421430,2026-05-22 02:38:35.604000+00:00,50.104,54.1,50.104,8858.0,20791.25,0.22629554197782303,0.11074597041156573,1.002464857279795,0.004804981914949047
2026-05-22T02:38:35.604+00:00,1779417515604982000,1625,R,7757,7964,9243,10470,7757,7964,9243,10470,19208,23385,18425,22155,-63,-244,-34,-0.247059,-0.956863,-0.133333,0,63,521430,2026-05-22 02:38:35.604000+00:00,50.104,54.13333333333333,50.104,8858.5,20793.25,0.23195293052726862,0.12037605479518014,0.9971973922644403,-0.0004624831004056418
2026-05-22T02:38:35.605+00:00,1779417515605050000,1626,R,7750,7955,9234,10452,7750,7955,9234,10452,19202,23376,18410,22133,-64,-243,-34,-0.25098,-0.952941,-0.133333,0,63,d21500,2026-05-22 02:38:35.605000+00:00,50.105,54.166666666666664,50.105,8847.75,20780.25,0.11031907671418872,0.05778050630168647,0.9944170145215738,-0.0033123502236961366
2026-05-22T02:38:35.605+00:00,1779417515605121000,1627,R,7746,7962,9238,10463,7746,7962,9238,10463,19198,23375,18408,22130,-63,-243,-34,-0.247059,-0.952941,-0.133333,0,63,e21500,2026-05-22 02:38:35.605000+00:00,50.105,54.2,50.105,8852.25,20777.75,0.1612355736591989,0.045742900822168454,0.9934346419624192,-0.004294722782850813
2026-05-22T02:38:35.605+00:00,1779417515605183000,1628,R,7745,7950,9231,10446,7745,7950,9231,10446,19199,23376,18409,22129,-63,-243,-34,-0.247059,-0.952941,-0.133333,0,63,f21500,2026-05-22 02:38:35.605000+00:00,50.105,54.233333333333334,50.105,8843.0,20778.25,0.05657388549445576,0.048150421918072055,0.9934346419624192,-0.004294722782850813
2026-05-22T02:38:35.752+00:00,1779417515752466000,1629,R,7746,7950,9231,10445,7746,7950,9231,10445,19194,23369,18407,22123,-64,-243,-33,-0.25098,-0.952941,-0.129412,0,63,021500,2026-05-22 02:38:35.752000+00:00,50.252,54.266666666666666,50.252,8843.0,20773.25,0.05374367097558906,0.024075210959036027,0.993898875955195,-0.0038304887900749707
2026-05-22T02:38:35.752+00:00,1779417515752529000,1630,R,7745,7951,9230,10445,7745,7951,9230,10445,19194,23370,18408,22125,-64,-244,-34,-0.25098,-0.956863,-0.133333,0,63,121500,2026-05-22 02:38:35.752000+00:00,50.252,54.3,50.252,8842.75,20774.25,0.039596119580281135,0.028890253150843235,0.998176061653454,0.00044669690818399665
2026-05-22T02:38:35.752+00:00,1779417515752558000,1631,R,7744,7950,9230,10443,7744,7950,9230,10443,19192,23367,18403,22121,-62,-243,-33,-0.243137,-0.952941,-0.129412,0,63,221500,2026-05-22 02:38:35.752000+00:00,50.252,54.333333333333336,50.252,8841.75,20770.75,0.011311257529055792,0.0060184405016972,0.9919473856984553,-0.005781979046814656
2026-05-22T02:38:35.752+00:00,1779417515752584000,1632,R,7737,7941,9223,10431,7737,7941,9223,10431,19183,23359,18400,22110,-65,-245,-34,-0.254902,-0.960784,-0.133333,0,63,921560,2026-05-22 02:38:35.752000+00:00,50.252,54.36666666666667,50.252,8833.0,20763.0,-0.09896230949755422,-0.032499187520311994,1.0029250286781162,0.005195663932846206
2026-05-22T02:38:35.752+00:00,1779417515752610000,1633,R,7733,7931,9219,10419,7733,7931,9219,10419,19182,23358,18394,22106,-65,-243,-34,-0.254902,-0.952941,-0.133333,0,63,a21560,2026-05-22 02:38:35.752000+00:00,50.252,54.4,50.252,8825.5,20760.0,-0.18378714620974354,-0.05055246623817433,0.9954141188339656,-0.0023152459113043866
2026-05-22T02:38:35.902+00:00,1779417515902492000,1634,R,7739,7945,9223,10433,7739,7945,9223,10433,19184,23358,18399,22108,-65,-245,-33,-0.254902,-0.960784,-0.129412,0,63,b21560,2026-05-22 02:38:35.902000+00:00,50.402,54.43333333333333,50.402,8835.0,20762.25,-0.08199270547654726,-0.03971979490142269,1.0024112878474585,0.004681923102188512
2026-05-22T02:38:35.902+00:00,1779417515902530000,1635,R,7735,7944,9222,10434,7735,7944,9222,10434,19183,23360,18399,22110,-65,-242,-33,-0.254902,-0.94902,-0.129412,0,63,c21560,2026-05-22 02:38:35.902000+00:00,50.402,54.46666666666667,50.402,8833.75,20763.0,-0.10177829295185321,-0.03610890445583881,0.9911414912856791,-0.006587873459590887
2026-05-22T02:38:35.902+00:00,1779417515902547000,1636,R,7737,7945,9222,10432,7737,7945,9222,10432,19180,23359,18399,22109,-64,-242,-34,-0.25098,-0.94902,-0.133333,0,63,d21560,2026-05-22 02:38:35.902000+00:00,50.402,54.5,50.402,8834.0,20761.75,-0.10177541558294696,-0.04212705519847861,0.9906601888079484,-0.007069175937321592
2026-05-22T02:38:35.902+00:00,1779417515902561000,1637,R,7732,7940,9220,10432,7732,7940,9220,10432,19179,23352,18395,22106,-64,-243,-33,-0.25098,-0.952941,-0.129412,0,63,521630,2026-05-22 02:38:35.902000+00:00,50.402,54.53333333333333,50.402,8831.0,20758.0,-0.13570055411059595,-0.060181507426398016,0.993898875955195,-0.0038304887900749707
2026-05-22T02:38:35.902+00:00,1779417515902574000,1638,R,7730,7950,9209,10433,7730,7950,9209,10433,19177,23346,18392,22101,-65,-244,-33,-0.254902,-0.956863,-0.129412,0,63,621630,2026-05-22 02:38:35.902000+00:00,50.402,54.56666666666667,50.402,8830.5,20754.0,-0.1413547438652041,-0.07943958980284538,0.9986537418530008,0.000924377107730856
2026-05-22T02:38:36.052+00:00,1779417516052806000,1639,R,7736,7944,9223,10434,7736,7944,9223,10434,19178,23351,18397,22106,-64,-244,-34,-0.25098,-0.956863,-0.133333,0,63,721630,2026-05-22 02:38:36.052000+00:00,50.552,54.6,50.552,8834.25,20758.0,-0.09894832070564288,-0.060181507426398016,0.998176061653454,0.00044669690818399665
2026-05-22T02:38:36.052+00:00,1779417516052869000,1640,R,7737,7943,9223,10432,7737,7943,9223,10432,19181,23352,18394,22107,-63,-244,-34,-0.247059,-0.956863,-0.133333,0,63,821630,2026-05-22 02:38:36.052000+00:00,50.552,54.63333333333333,50.552,8833.75,20758.5,-0.10460251046025104,-0.05777424712934209,0.9971973922644403,-0.0005319724808297011
2026-05-22T02:38:36.052+00:00,1779417516052899000,1641,R,7733,7941,9221,10435,7733,7941,9221,10435,19177,23354,18396,22108,-61,-245,-35,-0.239216,-0.960784,-0.137255,0,63,921630,2026-05-22 02:38:36.052000+00:00,50.552,54.666666666666664,50.552,8832.5,20758.75,-0.11873798484677146,-0.056570616980814135,0.9995844758383354,0.001924600473489524
2026-05-22T02:38:36.052+00:00,1779417516052932000,1642,R,7737,7945,9222,10440,7737,7945,9222,10440,19183,23356,18397,22109,-64,-243,-35,-0.25098,-0.952941,-0.137255,0,63,121700,2026-05-22 02:38:36.052000+00:00,50.552,54.7,50.552,8836.0,20761.25,-0.0791586565645143,-0.044534315495534535,0.9949504735945403,-0.002778891150729712
2026-05-22T02:38:36.052+00:00,1779417516052957000,1643,R,7736,7944,9233,10439,7736,7944,9233,10439,19182,23357,18397,22114,-65,-245,-34,-0.254902,-0.960784,-0.133333,0,63,221700,2026-05-22 02:38:36.052000+00:00,50.552,54.733333333333334,50.552,8838.0,20762.5,-0.056541897546081646,-0.03851616475289473,1.0029250286781162,0.005195663932846206
2026-05-22T02:38:36.052+00:00,1779417516052982000,1644,R,7738,7946,9224,10441,7738,7946,9224,10441,19178,23356,18397,22113,-64,-243,-35,-0.25098,-0.952941,-0.137255,0,63,321700,2026-05-22 02:38:36.052000+00:00,50.552,54.766666666666666,50.552,8837.25,20761.0,-0.0650231821779939,-0.044534851530434155,0.9949504735945403,-0.002778891150729712
2026-05-22T02:38:36.202+00:00,1779417516202641000,1645,R,7740,7948,9226,10439,7740,7948,9226,10439,19179,23354,18402,22110,-63,-243,-35,-0.247059,-0.952941,-0.137255,0,63,421700,2026-05-22 02:38:36.202000+00:00,50.702,54.8,50.702,8838.25,20761.25,-0.05371480266877757,-0.039721707311201525,0.9939686282710335,-0.00376073647423647
2026-05-22T02:38:36.202+00:00,1779417516202675000,1646,R,7739,7947,9228,10443,7739,7947,9228,10443,19180,23354,18401,22114,-64,-244,-35,-0.25098,-0.956863,-0.137255,0,63,521700,2026-05-22 02:38:36.202000+00:00,50.702,54.833333333333336,50.702,8839.25,20762.25,-0.04240642315956124,-0.03370367249659954,0.9987075128354648,0.000978148090194808
2026-05-22T02:38:36.202+00:00,1779417516202691000,1647,R,7742,7949,9228,10448,7742,7949,9228,10448,19186,23360,18402,22119,-63,-244,-35,-0.247059,-0.956863,-0.137255,0,63,c21760,2026-05-22 02:38:36.202000+00:00,50.702,54.86666666666667,50.702,8841.75,20766.75,-0.011308699216872579,-0.008426222404121627,0.99772936474527,0.0
2026-05-22T02:38:36.202+00:00,1779417516202705000,1648,R,7742,7948,9229,10450,7742,7948,9229,10450,19186,23360,18405,22121,-62,-244,-35,-0.243137,-0.956863,-0.137255,0,63,d21760,2026-05-22 02:38:36.202000+00:00,50.702,54.9,50.702,8842.25,20768.0,-0.0056543496084362896,-0.0012037605479518015,0.9967654370828676,-0.0009639276624023863
2026-05-22T02:38:36.202+00:00,1779417516202718000,1649,R,7742,7951,9230,10449,7742,7951,9230,10449,19184,23361,18399,22114,-63,-244,-35,-0.247059,-0.956863,-0.137255,0,63,e21760,2026-05-22 02:38:36.202000+00:00,50.702,54.93333333333333,50.702,8843.0,20764.5,0.008482004014815234,-0.01685285053929122,0.99772936474527,0.0
2026-05-22T02:38:36.502+00:00,1779417516502345000,1650,R,7743,7949,9232,10449,7743,7949,9232,10449,19186,23364,18404,22119,-63,-244,-34,-0.247059,-0.956863,-0.133333,0,63,f21760,2026-05-22 02:38:36.502000+00:00,51.002,54.96666666666667,51.002,8843.25,20768.25,0.011309338686420312,0.00481527404928433,0.9971973922644403,-0.0004624831004056418
2026-05-22T02:38:36.502+00:00,1779417516502565000,1651,R,7743,7950,9229,10451,7743,7950,9229,10451,19188,23361,18406,22123,-62,-245,-34,-0.243137,-0.960784,-0.133333,0,63,021760,2026-05-22 02:38:36.502000+00:00,51.002,55.0,51.002,8843.25,20769.5,0.016964967342437867,0.013242322462590439,0.9999995921569168,0.0023397167920709006
2026-05-22T02:38:36.502+00:00,1779417516502598000,1652,R,7750,7958,9237,10458,7750,7958,9237,10458,19194,23370,18409,22134,-63,-244,-34,-0.247059,-0.956863,-0.133333,0,63,821830,2026-05-22 02:38:36.502000+00:00,51.002,55.03333333333333,51.002,8850.75,20776.75,0.10178980405462719,0.05899491921308002,0.9971973922644403,-0.0004624831004056418
2026-05-22T02:38:36.502+00:00,1779417516502623000,1653,R,7750,7956,9236,10458,7750,7956,9236,10458,19193,23368,18408,22130,-63,-243,-34,-0.247059,-0.952941,-0.133333,0,63,921830,2026-05-22 02:38:36.502000+00:00,51.002,55.06666666666667,51.002,8850.0,20774.75,0.09330732038340826,0.05659105138949092,0.9934346419624192,-0.0042252334024267535
2026-05-22T02:38:36.502+00:00,1779417516502648000,1654,R,7752,7963,9230,10466,7752,7963,9230,10466,19198,23374,18408,22135,-64,-244,-34,-0.25098,-0.956863,-0.133333,0,63,a21830,2026-05-22 02:38:36.502000+00:00,51.002,55.1,51.002,8852.75,20778.75,0.12440976051121101,0.07585609016038145,0.998176061653454,0.0005161862886080559
2026-05-22T02:38:36.652+00:00,1779417516652960000,1655,R,7754,7956,9238,10458,7754,7956,9238,10458,19198,23371,18413,22135,-63,-245,-34,-0.247059,-0.960784,-0.133333,0,63,b21830,2026-05-22 02:38:36.652000+00:00,51.152,55.13333333333333,51.152,8851.5,20779.25,0.11027228772584613,0.07826422000674277,1.000960405323807,0.003647483260726614
2026-05-22T02:38:36.653+00:00,1779417516653072000,1656,R,7750,7959,9236,10464,7750,7959,9236,10464,19195,23371,18414,22135,-64,-245,-34,-0.25098,-0.960784,-0.133333,0,63,c21830,2026-05-22 02:38:36.653000+00:00,51.153,55.166666666666664,51.153,8852.25,20778.75,0.11875477139706506,0.07585609016038145,1.0019353990876856,0.004622477024605165
2026-05-22T02:38:36.653+00:00,1779417516653127000,1657,R,7754,7960,9241,10462,7754,7960,9241,10462,19196,23370,18412,22140,-65,-244,-34,-0.254902,-0.956863,-0.133333,0,63,d21830,2026-05-22 02:38:36.653000+00:00,51.153,55.2,51.153,8854.25,20779.5,0.14137472785364888,0.07946828492992342,0.9991694146950256,0.0018564926319452058
2026-05-22T02:38:36.653+00:00,1779417516653174000,1658,R,7758,7965,9244,10473,7758,7965,9244,10473,19204,23378,18418,22143,-65,-243,-33,-0.254902,-0.952941,-0.129412,0,63,421890,2026-05-22 02:38:36.653000+00:00,51.153,55.233333333333334,51.153,8860.0,20785.75,0.20640710266632736,0.10956990800943987,0.9948964995561096,-0.002416422506970828
2026-05-22T02:38:36.653+00:00,1779417516653218000,1659,R,7756,7964,9243,10469,7756,7964,9243,10469,19204,23378,18419,22145,-64,-244,-33,-0.25098,-0.956863,-0.129412,0,63,521890,2026-05-22 02:38:36.653000+00:00,51.153,55.266666666666666,51.153,8858.0,20786.5,0.18378714620974354,0.11318210277898184,0.9976598753648459,0.0
2026-05-22T02:38:36.803+00:00,1779417516803253000,1660,R,7758,7964,9248,10472,7758,7964,9248,10472,19204,23378,18421,22147,-64,-244,-34,-0.25098,-0.956863,-0.133333,0,63,621890,2026-05-22 02:38:36.803000+00:00,51.303,55.3,51.303,8860.5,20787.5,0.21206209178047333,0.11799836247170448,0.998176061653454,0.00044669690818399665
2026-05-22T02:38:36.803+00:00,1779417516803394000,1661,R,7756,7966,9245,10470,7756,7966,9245,10470,19204,23382,18418,22146,-63,-243,-35,-0.247059,-0.952941,-0.137255,0,63,721890,2026-05-22 02:38:36.803000+00:00,51.303,55.333333333333336,51.303,8859.25,20787.5,0.19792461899510844,0.11799836247170448,0.9939686282710335,-0.00376073647423647
2026-05-22T02:38:36.803+00:00,1779417516803469000,1662,R,7759,7963,9244,10471,7759,7963,9244,10471,19208,23382,18418,22147,-63,-245,-35,-0.247059,-0.960784,-0.137255,0,63,821890,2026-05-22 02:38:36.803000+00:00,51.303,55.36666666666667,51.303,8859.25,20788.75,0.19792461899510844,0.12401868708760777,1.0014903789662684,0.0037610142209983932
2026-05-22T02:38:36.803+00:00,1779417516803534000,1663,R,7749,7952,9235,10448,7749,7952,9235,10448,19196,23367,18404,22123,-61,-243,-33,-0.239216,-0.952941,-0.129412,0,63,021960,2026-05-22 02:38:36.803000+00:00,51.303,55.4,51.303,8846.0,20772.5,0.04241002007407617,0.04334529342355576,0.9909935972956637,-0.006735767449606245
2026-05-22T02:38:36.803+00:00,1779417516803597000,1664,R,7750,7951,9235,10448,7750,7951,9235,10448,19193,23362,18404,22122,-64,-245,-34,-0.25098,-0.960784,-0.133333,0,63,121960,2026-05-22 02:38:36.803000+00:00,51.303,55.43333333333333,51.303,8846.0,20770.25,0.04241002007407617,0.027691492691853885,1.0019353990876856,0.004206034342415621
2026-05-22T02:38:36.803+00:00,1779417516803658000,1665,R,7747,7950,9232,10445,7747,7950,9232,10445,19195,23363,18399,22117,-63,-244,-35,-0.247059,-0.956863,-0.137255,0,63,221960,2026-05-22 02:38:36.803000+00:00,51.303,55.46666666666667,51.303,8843.5,20768.5,0.01413667335802539,0.01685528533590176,0.99772936474527,0.0
2026-05-22T02:38:36.953+00:00,1779417516953511000,1666,R,7749,7951,9231,10444,7749,7951,9231,10444,19194,23365,18398,22120,-63,-244,-34,-0.247059,-0.956863,-0.133333,0,63,321960,2026-05-22 02:38:36.953000+00:00,51.453,55.5,51.453,8843.75,20769.25,0.011308699216872579,0.020467132193594993,0.9971973922644403,-0.0005319724808297011
2026-05-22T02:38:36.953+00:00,1779417516953549000,1667,R,7746,7948,9230,10445,7746,7948,9230,10445,19194,23361,18399,22115,-62,-243,-35,-0.243137,-0.952941,-0.137255,0,63,421960,2026-05-22 02:38:36.953000+00:00,51.453,55.53333333333333,51.453,8842.25,20767.25,-0.008481284631912247,0.010835540573079701,0.9930010499868568,-0.004728314758413177
2026-05-22T02:38:36.953+00:00,1779417516953565000,1668,R,7742,7944,9228,10439,7742,7944,9228,10439,19183,23356,18392,22104,-65,-246,-34,-0.254902,-0.964706,-0.133333,0,63,b22020,2026-05-22 02:38:36.953000+00:00,51.453,55.56666666666667,51.453,8838.25,20758.75,-0.05371480266877757,-0.03009872381411028,1.0066828621413002,0.008953497396030241
2026-05-22T02:38:36.953+00:00,1779417516953578000,1669,R,7743,7945,9226,10438,7743,7945,9226,10438,19183,23350,18391,22108,-65,-244,-35,-0.254902,-0.956863,-0.137255,0,63,c22020,2026-05-22 02:38:36.953000+00:00,51.453,55.6,51.453,8838.0,20758.0,-0.056541897546081646,-0.03371057067180352,0.999700337800283,0.0019709730550130367
2026-05-22T02:38:36.953+00:00,1779417516953591000,1670,R,7742,7946,9227,10435,7742,7946,9227,10435,19184,23353,18393,22105,-64,-243,-36,-0.25098,-0.952941,-0.141176,0,63,d22020,2026-05-22 02:38:36.953000+00:00,51.453,55.63333333333333,51.453,8837.5,20758.75,-0.06219608730068981,-0.03009872381411028,0.9954989567332555,-0.002230408012014462
2026-05-22T02:38:37.102+00:00,1779417517102610000,1671,R,7739,7943,9227,10436,7739,7943,9227,10436,19185,23356,18394,22105,-63,-243,-36,-0.247059,-0.952941,-0.141176,0,63,e22020,2026-05-22 02:38:37.102000+00:00,51.602,55.666666666666664,51.602,8836.25,20760.0,-0.07633156168721023,-0.024078979051288224,0.9945176529041604,-0.003211711841109577
2026-05-22T02:38:37.102+00:00,1779417517102741000,1672,R,7741,7945,9227,10437,7741,7945,9227,10437,19182,23350,18395,22104,-64,-244,-36,-0.25098,-0.956863,-0.141176,0,63,f22020,2026-05-22 02:38:37.102000+00:00,51.602,55.7,51.602,8837.5,20757.75,-0.06219608730068981,-0.03491451962436792,0.9992539337650865,0.0015245690198165684
2026-05-22T02:38:37.102+00:00,1779417517102815000,1673,R,7740,7944,9224,10436,7740,7944,9224,10436,19177,23345,18390,22102,-63,-244,-35,-0.247059,-0.956863,-0.137255,0,63,622080,2026-05-22 02:38:37.102000+00:00,51.602,55.733333333333334,51.602,8836.0,20753.5,-0.0791586565645143,-0.05538165181796292,0.99772936474527,0.0
2026-05-22T02:38:37.102+00:00,1779417517102882000,1674,R,7741,7945,9223,10436,7741,7945,9223,10436,19179,23348,18390,22100,-64,-244,-36,-0.25098,-0.956863,-0.141176,0,63,722080,2026-05-22 02:38:37.102000+00:00,51.602,55.766666666666666,51.602,8836.25,20754.25,-0.07633156168721023,-0.051769804960269686,0.9992539337650865,0.0015245690198165684
2026-05-22T02:38:37.102+00:00,1779417517102945000,1675,R,7741,7944,9224,10435,7741,7944,9224,10435,19179,23347,18389,22099,-63,-245,-36,-0.247059,-0.960784,-0.141176,0,63,822080,2026-05-22 02:38:37.102000+00:00,51.602,55.8,51.602,8836.0,20753.5,-0.0791586565645143,-0.05538165181796292,1.0020352823693386,0.0043059176240686226
2026-05-22T02:38:37.252+00:00,1779417517252606000,1676,R,7741,7944,9223,10436,7741,7944,9223,10436,19180,23345,18387,22101,-62,-244,-36,-0.243137,-0.956863,-0.141176,0,63,922080,2026-05-22 02:38:37.252000+00:00,51.752,55.833333333333336,51.752,8836.0,20753.25,-0.0791586565645143,-0.05658560077052733,0.9973129220630804,-0.00041644268218954394
2026-05-22T02:38:37.252+00:00,1779417517252748000,1677,R,7740,7941,9225,10437,7740,7941,9225,10437,19175,23340,18394,22102,-62,-244,-36,-0.243137,-0.956863,-0.141176,0,63,a22080,2026-05-22 02:38:37.252000+00:00,51.752,55.86666666666667,51.752,8835.75,20752.75,-0.08198575144181838,-0.058993498675656154,0.9973129220630804,-0.00041644268218954394
2026-05-22T02:38:37.252+00:00,1779417517252825000,1678,R,7743,7948,9229,10440,7743,7948,9229,10440,19178,23354,18397,22109,-63,-243,-35,-0.247059,-0.952941,-0.137255,0,63,222150,2026-05-22 02:38:37.252000+00:00,51.752,55.9,51.752,8840.0,20759.5,-0.03392513852764899,-0.02407955886248164,0.9939686282710335,-0.00376073647423647
2026-05-22T02:38:37.252+00:00,1779417517252893000,1679,R,7742,7947,9226,10441,7742,7947,9226,10441,19182,23349,18397,22111,-63,-244,-36,-0.247059,-0.956863,-0.141176,0,63,322150,2026-05-22 02:38:37.252000+00:00,51.752,55.93333333333333,51.752,8839.0,20759.75,-0.04523351803686532,-0.018060538926481566,0.9982763210784877,0.000546956333217774
2026-05-22T02:38:37.252+00:00,1779417517252965000,1680,R,7740,7948,9226,10442,7740,7948,9226,10442,19182,23352,18395,22108,-62,-244,-36,-0.243137,-0.956863,-0.141176,0,63,422150,2026-05-22 02:38:37.252000+00:00,51.752,55.96666666666667,51.752,8839.0,20759.25,-0.04523351803686532,-0.014449301015063396,0.9973129220630804,-0.00041644268218954394
2026-05-22T02:38:37.403+00:00,1779417517403173000,1681,R,7744,7949,9227,10443,7744,7949,9227,10443,19182,23350,18397,22111,-63,-245,-36,-0.247059,-0.960784,-0.141176,0,63,522150,2026-05-22 02:38:37.403000+00:00,51.903,56.0,51.903,8840.75,20760.0,-0.022617398433745158,-0.008428961913133528,1.0020352823693386,0.0043059176240686226
2026-05-22T02:38:37.403+00:00,1779417517403299000,1682,R,7746,7951,9229,10445,7746,7951,9229,10445,19183,23352,18398,22109,-64,-245,-36,-0.25098,-0.960784,-0.141176,0,63,622150,2026-05-22 02:38:37.403000+00:00,51.903,56.03333333333333,51.903,8842.75,20760.5,0.005654669343210156,-0.002408361832281682,1.003009231279553,0.00527986653428314
2026-05-22T02:38:37.403+00:00,1779417517403372000,1683,R,7742,7950,9231,10444,7742,7950,9231,10444,19181,23353,18398,22115,-63,-244,-36,-0.247059,-0.956863,-0.141176,0,63,722150,2026-05-22 02:38:37.403000+00:00,51.903,56.06666666666667,51.903,8841.75,20761.75,-0.005654669343210156,0.006021049589364418,0.9982763210784877,0.000546956333217774
2026-05-22T02:38:37.403+00:00,1779417517403440000,1684,R,7747,7954,9235,10450,7747,7954,9235,10450,19183,23355,18400,22116,-64,-243,-34,-0.25098,-0.952941,-0.133333,0,63,d22200,2026-05-22 02:38:37.403000+00:00,51.903,56.1,51.903,8846.5,20763.5,0.05372239658438657,0.016859344894026976,0.9944170145215738,-0.0033123502236961366
2026-05-22T02:38:37.403+00:00,1779417517403504000,1685,R,7746,7950,9232,10448,7746,7950,9232,10448,19188,23357,18405,22119,-62,-244,-34,-0.243137,-0.956863,-0.133333,0,63,e22200,2026-05-22 02:38:37.403000+00:00,51.903,56.13333333333333,51.903,8844.0,20767.25,0.036761586969431326,0.034922928709055875,0.9962329498801975,-0.0014964148650724596
2026-05-22T02:38:37.552+00:00,1779417517552597000,1686,R,7749,7956,9233,10450,7749,7956,9233,10450,19187,23357,18402,22121,-64,-243,-34,-0.25098,-0.952941,-0.133333,0,63,f22200,2026-05-22 02:38:37.552000+00:00,52.052,56.166666666666664,52.052,8847.0,20766.75,0.07918552036199095,0.03371909584652994,0.9944170145215738,-0.0033123502236961366
2026-05-22T02:38:37.552+00:00,1779417517552636000,1687,R,7748,7953,9233,10451,7748,7953,9233,10451,19186,23358,18404,22120,-63,-244,-34,-0.247059,-0.956863,-0.133333,0,63,022200,2026-05-22 02:38:37.552000+00:00,52.052,56.2,52.052,8846.25,20767.0,0.07070135746606335,0.03612803776584214,0.9971973922644403,-0.0005319724808297011
2026-05-22T02:38:37.552+00:00,1779417517552653000,1688,R,7747,7952,9234,10452,7747,7952,9234,10452,19184,23358,18401,22117,-62,-243,-34,-0.243137,-0.952941,-0.133333,0,63,122200,2026-05-22 02:38:37.552000+00:00,52.052,56.233333333333334,52.052,8846.25,20765.0,0.08202285326394389,0.027698495851247035,0.9924665430829395,-0.005193332281906438
2026-05-22T02:38:37.552+00:00,1779417517552666000,1689,R,7751,7955,9236,10460,7751,7955,9236,10460,19194,23363,18409,22127,-64,-245,-35,-0.25098,-0.960784,-0.137255,0,63,822260,2026-05-22 02:38:37.552000+00:00,52.052,56.266666666666666,52.052,8850.5,20773.25,0.13010521552211787,0.06985006322635033,1.002464857279795,0.004804981914949047
2026-05-22T02:38:37.552+00:00,1779417517552679000,1690,R,7751,7959,9237,10462,7751,7959,9237,10462,19192,23362,18410,22129,-63,-245,-35,-0.247059,-0.960784,-0.137255,0,63,922260,2026-05-22 02:38:37.552000+00:00,52.052,56.3,52.052,8852.25,20773.25,0.14990383527548365,0.06985006322635033,1.0014903789662684,0.003946775531310731
2026-05-22T02:38:37.552+00:00,1779417517552692000,1691,R,7754,7959,9239,10463,7754,7959,9239,10463,19195,23368,18407,22132,-63,-244,-35,-0.247059,-0.956863,-0.137255,0,63,a22260,2026-05-22 02:38:37.552000+00:00,52.052,56.333333333333336,52.052,8853.75,20775.5,0.1668740807783686,0.08068886614078401,0.99772936474527,0.00041644268218954394
2026-05-22T02:38:37.702+00:00,1779417517702054000,1692,R,7755,7958,9240,10464,7755,7958,9240,10464,19194,23367,18407,22132,-63,-244,-35,-0.247059,-0.956863,-0.137255,0,63,b22260,2026-05-22 02:38:37.702000+00:00,52.202,56.36666666666667,52.202,8854.25,20775.0,0.17253082927933025,0.07828024327090986,0.99772936474527,0.00041644268218954394
2026-05-22T02:38:37.702+00:00,1779417517702086000,1693,R,7752,7960,9240,10464,7752,7960,9240,10464,19197,23367,18409,22131,-63,-244,-36,-0.247059,-0.956863,-0.141176,0,63,c22260,2026-05-22 02:38:37.702000+00:00,52.202,56.4,52.202,8854.0,20776.0,0.16970245502884942,0.08309748901065815,0.9982763210784877,0.000963399015407318
2026-05-22T02:38:37.702+00:00,1779417517702101000,1694,R,7752,7952,9234,10449,7752,7952,9234,10449,19191,23362,18399,22115,-62,-244,-36,-0.243137,-0.956863,-0.141176,0,63,822370,2026-05-22 02:38:37.702000+00:00,52.202,56.43333333333333,52.202,8846.75,20766.75,0.08767960176490554,0.03853796591798639,0.9973129220630804,-0.00023068137187720605
2026-05-22T02:38:37.702+00:00,1779417517702115000,1695,R,7750,7938,9233,10448,7750,7938,9233,10448,19190,23359,18400,22114,-63,-243,-35,-0.247059,-0.952941,-0.137255,0,63,922370,2026-05-22 02:38:37.702000+00:00,52.202,56.46666666666667,52.202,8842.25,20765.75,0.036768865256250706,0.033720720178238094,0.9939686282710335,-0.0035749751639241323
2026-05-22T02:38:37.702+00:00,1779417517702128000,1696,R,7749,7951,9233,10446,7749,7951,9233,10446,19188,23355,18396,22110,-63,-243,-35,-0.247059,-0.952941,-0.137255,0,63,a22370,2026-05-22 02:38:37.702000+00:00,52.202,56.5,52.202,8844.75,20762.25,0.06505260776105894,0.016860360089119047,0.9939686282710335,-0.0035749751639241323
2026-05-22T02:38:37.852+00:00,1779417517852033000,1697,R,7750,7950,9231,10443,7750,7950,9231,10443,19187,23355,18394,22108,-63,-244,-35,-0.247059,-0.956863,-0.137255,0,63,b22370,2026-05-22 02:38:37.852000+00:00,52.352,56.53333333333333,52.352,8843.5,20761.0,0.050910736508654825,0.010838802914433673,0.99772936474527,0.0
2026-05-22T02:38:37.852+00:00,1779417517852060000,1698,R,7749,7950,9231,10442,7749,7950,9231,10442,19183,23351,18391,22109,-62,-244,-35,-0.243137,-0.956863,-0.137255,0,63,c22370,2026-05-22 02:38:37.852000+00:00,52.352,56.56666666666667,52.352,8843.0,20758.5,0.04525398800769318,-0.0012043114349370746,0.9967654370828676,-0.0009639276624023863
2026-05-22T02:38:37.852+00:00,1779417517852074000,1699,R,7740,7944,9223,10431,7740,7944,9223,10431,19175,23340,18389,22098,-63,-245,-35,-0.247059,-0.960784,-0.137255,0,63,422440,2026-05-22 02:38:37.852000+00:00,52.352,56.6,52.352,8834.5,20750.5,-0.06221719457013575,-0.0421498849910281,1.0014903789662684,0.0037610142209983932
2026-05-22T02:38:37.852+00:00,1779417517852087000,1700,R,7739,7934,9214,10418,7739,7934,9214,10418,19172,23340,18384,22096,-64,-245,-36,-0.25098,-0.960784,-0.141176,0,63,522440,2026-05-22 02:38:37.852000+00:00,52.352,56.63333333333333,52.352,8826.25,20748.0,-0.15836656203161675,-0.054192709274178984,1.003009231279553,0.00527986653428314
2026-05-22T02:38:37.852+00:00,1779417517852101000,1701,R,7740,7943,9221,10430,7740,7943,9221,10430,19177,23342,18387,22093,-65,-245,-36,-0.254902,-0.960784,-0.141176,0,63,622440,2026-05-22 02:38:37.852000+00:00,52.352,56.666666666666664,52.352,8833.5,20749.75,-0.0791810417962785,-0.04576273227597336,1.0039978024059615,0.006268437660691517
2026-05-22T02:38:38.003+00:00,1779417518003142000,1702,R,7738,7943,9223,10431,7738,7943,9223,10431,19173,23340,18387,22093,-64,-244,-34,-0.25098,-0.956863,-0.133333,0,63,722440,2026-05-22 02:38:38.003000+00:00,52.503,56.7,52.503,8833.75,20748.25,-0.07917880270339055,-0.05298842684586389,0.998176061653454,0.00044669690818399665
2026-05-22T02:38:38.003+00:00,1779417518003269000,1703,R,7738,7939,9222,10431,7738,7939,9222,10431,19173,23340,18385,22092,-63,-242,-35,-0.247059,-0.94902,-0.137255,0,63,822440,2026-05-22 02:38:38.003000+00:00,52.503,56.733333333333334,52.503,8832.5,20747.5,-0.10461729861170017,-0.056601274130809155,0.9902101013956583,-0.007519263349611616
2026-05-22T02:38:38.003+00:00,1779417518003342000,1704,R,7739,7942,9221,10428,7739,7942,9221,10428,19169,23335,18384,22089,-62,-243,-35,-0.243137,-0.952941,-0.137255,0,63,e22490,2026-05-22 02:38:38.003000+00:00,52.503,56.766666666666666,52.503,8832.5,20744.25,-0.10461729861170017,-0.07225694569890531,0.9930010499868568,-0.004728314758413177
2026-05-22T02:38:38.003+00:00,1779417518003406000,1705,R,7738,7941,9220,10428,7738,7941,9220,10428,19170,23334,18383,22091,-62,-244,-35,-0.243137,-0.956863,-0.137255,0,63,f22490,2026-05-22 02:38:38.003000+00:00,52.503,56.8,52.503,8831.75,20744.5,-0.1130997822829191,-0.07105266327059022,0.9967654370828676,-0.0009639276624023863
2026-05-22T02:38:38.003+00:00,1779417518003469000,1706,R,7738,7941,9220,10429,7738,7941,9220,10429,19170,23340,18384,22089,-62,-243,-35,-0.243137,-0.952941,-0.137255,0,63,022490,2026-05-22 02:38:38.003000+00:00,52.503,56.833333333333336,52.503,8832.0,20745.75,-0.11027228772584613,-0.06503125112901478,0.9930010499868568,-0.004728314758413177
2026-05-22T02:38:38.152+00:00,1779417518152699000,1707,R,7729,7945,9206,10434,7729,7945,9206,10434,19170,23336,18385,22091,-63,-245,-35,-0.247059,-0.960784,-0.137255,0,63,122490,2026-05-22 02:38:38.152000+00:00,52.652,56.86666666666667,52.652,8828.5,20745.5,-0.1498572115248678,-0.06623553355732986,1.0014903789662684,0.0037610142209983932
2026-05-22T02:38:38.152+00:00,1779417518152839000,1708,R,7738,7941,9220,10428,7738,7941,9220,10428,19176,23338,18386,22091,-61,-244,-35,-0.239216,-0.956863,-0.137255,0,63,222490,2026-05-22 02:38:38.152000+00:00,52.652,56.9,52.652,8831.75,20747.75,-0.1130997822829191,-0.05539699170249407,0.9958162633990268,-0.001913101346243118
2026-05-22T02:38:38.152+00:00,1779417518152915000,1709,R,7739,7942,9222,10429,7739,7942,9222,10429,19174,23337,18383,22092,-63,-244,-35,-0.247059,-0.956863,-0.137255,0,63,322490,2026-05-22 02:38:38.152000+00:00,52.652,56.93333333333333,52.652,8833.0,20746.5,-0.09896230949755422,-0.05780764506105932,0.99772936474527,-0.00044669690818399665
2026-05-22T02:38:38.152+00:00,1779417518152988000,1710,R,7742,7936,9223,10432,7742,7936,9223,10432,19177,23335,18372,22097,-38,-250,-46,-0.14902,-0.980392,-0.180392,0,63,c22570,2026-05-22 02:38:38.152000+00:00,52.652,56.96666666666667,52.652,8833.25,20745.25,-0.09613481494048123,-0.049384500493845004,1.0079269357091316,0.00975087405567765
2026-05-22T02:38:38.153+00:00,1779417518153053000,1711,R,7744,7927,9228,10435,7744,7927,9228,10435,19184,23334,18373,22096,-41,-255,-42,-0.160784,-1.0,-0.164706,0,63,d22570,2026-05-22 02:38:38.153000+00:00,52.653,57.0,52.653,8833.5,20746.75,-0.09330732038340826,-0.037341299477221805,1.0261479235919158,0.027871602513428018
2026-05-22T02:38:38.302+00:00,1779417518302635000,1712,R,7744,7939,9224,10434,7744,7939,9224,10434,19181,23331,18374,22097,-39,-253,-44,-0.152941,-0.992157,-0.172549,0,63,e22570,2026-05-22 02:38:38.302000+00:00,52.802,57.03333333333333,52.802,8835.25,20745.75,-0.07351485848389742,-0.04095546695255189,1.01859688765036,0.0203205665718722
2026-05-22T02:38:38.302+00:00,1779417518302770000,1713,R,7746,7938,9223,10434,7746,7938,9223,10434,19181,23336,18372,22099,-38,-248,-46,-0.14902,-0.972549,-0.180392,0,63,f22570,2026-05-22 02:38:38.302000+00:00,52.802,57.06666666666667,52.802,8835.25,20747.0,-0.06786370705499788,-0.034932604165411905,1.0002998507772556,0.0020235296987678453
2026-05-22T02:38:38.302+00:00,1779417518302864000,1714,R,7748,7936,9222,10433,7748,7936,9222,10433,19182,23338,18372,22098,-36,-247,-49,-0.141176,-0.968627,-0.192157,0,63,022570,2026-05-22 02:38:38.302000+00:00,52.802,57.1,52.802,8834.75,20747.5,-0.06504157004694304,-0.03131926375638431,0.9975436034349576,-0.0006324582184963345
2026-05-22T02:38:38.302+00:00,1779417518302930000,1715,R,7748,7939,9229,10438,7748,7939,9229,10438,19182,23344,18376,22102,-63,-240,-42,-0.247059,-0.941176,-0.164706,0,63,622620,2026-05-22 02:38:38.302000+00:00,52.802,57.13333333333333,52.802,8838.5,20751.0,-0.02262315479893671,-0.01325061735830874,0.9869034800288223,-0.011272581624631628
2026-05-22T02:38:38.302+00:00,1779417518302993000,1716,R,7747,7942,9231,10436,7747,7942,9231,10436,19185,23347,18376,22105,-69,-241,-40,-0.270588,-0.945098,-0.156863,0,63,722620,2026-05-22 02:38:38.302000+00:00,52.802,57.166666666666664,52.802,8839.0,20753.25,-0.016967366099202533,-0.0024092031560561345,0.9955069543287982,-0.0026691073246557506
2026-05-22T02:38:38.303+00:00,1779417518303056000,1717,R,7746,7943,9232,10441,7746,7943,9232,10441,19184,23348,18379,22103,-70,-238,-42,-0.27451,-0.933333,-0.164706,0,63,822620,2026-05-22 02:38:38.303000+00:00,52.803,57.2,52.803,8840.5,20753.5,0.0,-0.0012046015780280673,0.986708819979329,-0.01146724167412494
2026-05-22T02:38:38.452+00:00,1779417518452420000,1718,R,7750,7932,9224,10427,7750,7932,9224,10427,19186,23349,18381,22101,-74,-235,-40,-0.290196,-0.921569,-0.156863,0,63,922620,2026-05-22 02:38:38.452000+00:00,52.952,57.233333333333334,52.952,8833.25,20754.25,-0.08200893614614559,0.0024092031560561345,0.9788304965345124,-0.019445824543975365
2026-05-22T02:38:38.452+00:00,1779417518452527000,1719,R,7747,7943,9231,10440,7747,7943,9231,10440,19183,23352,18375,22100,-81,-235,-39,-0.317647,-0.921569,-0.152941,0,63,a22620,2026-05-22 02:38:38.452000+00:00,52.952,57.266666666666666,52.952,8840.25,20752.5,-0.002827894349867089,-0.006023007890140336,0.986701569802643,-0.01157475127584473
2026-05-22T02:38:38.452+00:00,1779417518452608000,1720,R,7750,7954,9243,10452,7750,7954,9243,10452,19185,23376,18393,22112,-100,-231,-35,-0.392157,-0.905882,-0.137255,0,63,422710,2026-05-22 02:38:38.452000+00:00,52.952,57.3,52.952,8849.75,20766.5,0.10463209094508229,0.06143468047943143,0.996618405207329,-0.0016579158711587105
2026-05-22T02:38:38.452+00:00,1779417518452674000,1721,R,7747,7958,9230,10452,7747,7958,9230,10452,19183,23371,18390,22111,-97,-229,-36,-0.380392,-0.898039,-0.141176,0,63,522710,2026-05-22 02:38:38.452000+00:00,52.952,57.333333333333336,52.952,8846.75,20763.75,0.07069735874667722,0.04818406312112269,0.9854454739664696,-0.012830847112018096
2026-05-22T02:38:38.452+00:00,1779417518452737000,1722,R,7750,7953,9244,10453,7750,7953,9244,10453,19185,23379,18392,22117,-98,-232,-35,-0.384314,-0.909804,-0.137255,0,63,622710,2026-05-22 02:38:38.452000+00:00,52.952,57.36666666666667,52.952,8850.0,20768.25,0.10745998529494938,0.0698668915256279,0.9971356497673723,-0.0011406713111153932
2026-05-22T02:38:38.602+00:00,1779417518602629000,1723,R,7754,7955,9246,10455,7754,7955,9246,10455,19186,23378,18395,22114,-99,-234,-36,-0.388235,-0.917647,-0.141176,0,63,722710,2026-05-22 02:38:38.602000+00:00,53.102,57.4,53.102,8852.5,20768.25,0.13573892879362026,0.0698668915256279,1.006346408951709,0.008070087873221166
2026-05-22T02:38:38.602+00:00,1779417518602754000,1724,R,7753,7957,9248,10458,7753,7957,9248,10458,19183,23377,18394,22121,-99,-234,-36,-0.388235,-0.917647,-0.141176,0,63,822710,2026-05-22 02:38:38.602000+00:00,53.102,57.43333333333333,53.102,8854.0,20768.75,0.1527062948928228,0.07227609468168403,1.006346408951709,0.007415839539099522
2026-05-22T02:38:38.602+00:00,1779417518602826000,1725,R,7757,7958,9251,10468,7757,7958,9251,10468,19193,23387,18397,22131,-92,-242,-41,-0.360784,-0.94902,-0.160784,0,63,022780,2026-05-22 02:38:38.602000+00:00,53.102,57.46666666666667,53.102,8858.5,20777.0,0.2036083931904304,0.11202794675661025,1.0279375222804155,0.028699472772191537
2026-05-22T02:38:38.603+00:00,1779417518603074000,1726,R,7756,7958,9256,10466,7756,7958,9256,10466,19194,23385,18397,22135,-92,-240,-42,-0.360784,-0.941176,-0.164706,0,63,122780,2026-05-22 02:38:38.603000+00:00,53.103,57.5,53.103,8859.0,20777.75,0.20926418189016457,0.11564175149069446,1.0213253272429896,0.02155563011769679
2026-05-22T02:38:38.603+00:00,1779417518603145000,1727,R,7755,7957,9245,10461,7755,7957,9245,10461,19192,23382,18393,22128,-89,-236,-43,-0.34902,-0.92549,-0.168627,0,63,222780,2026-05-22 02:38:38.603000+00:00,53.103,57.53333333333333,53.103,8854.5,20773.75,0.158362083592557,0.09636812624224537,1.0033851531834623,0.003615456058169486
2026-05-22T02:38:38.752+00:00,1779417518752801000,1728,R,7757,7954,9248,10457,7757,7954,9248,10457,19190,23386,18388,22125,-89,-235,-43,-0.34902,-0.921569,-0.168627,0,63,322780,2026-05-22 02:38:38.752000+00:00,53.252,57.56666666666667,53.252,8854.0,20772.25,0.1527062948928228,0.08914051677407697,0.9997696971252928,0.0
2026-05-22T02:38:38.752+00:00,1779417518752937000,1729,R,7753,7952,9247,10456,7753,7952,9247,10456,19185,23381,18386,22120,-88,-238,-43,-0.345098,-0.933333,-0.168627,0,63,422780,2026-05-22 02:38:38.752000+00:00,53.252,57.6,53.252,8852.0,20768.0,0.13008314009388608,0.06866228994759983,1.0092760690821911,0.009506371956898296
2026-05-22T02:38:38.753+00:00,1779417518753013000,1730,R,7750,7941,9239,10439,7750,7941,9239,10439,19188,23370,18374,22105,-85,-233,-43,-0.333333,-0.913725,-0.168627,0,63,c22850,2026-05-22 02:38:38.753000+00:00,53.253,57.63333333333333,53.253,8842.25,20759.25,0.019795260449069624,0.0252963284186181,0.9871369356087331,-0.012101113899490867
2026-05-22T02:38:38.753+00:00,1779417518753080000,1731,R,7753,7940,9239,10437,7753,7940,9239,10437,19187,23370,18364,22096,-87,-234,-43,-0.341176,-0.917647,-0.168627,0,63,d22850,2026-05-22 02:38:38.753000+00:00,53.253,57.666666666666664,53.253,8842.25,20754.25,0.011310617842499647,0.0,0.9934345195904961,-0.005803529917727812
2026-05-22T02:38:38.753+00:00,1779417518753144000,1732,R,7754,7940,9238,10435,7754,7940,9238,10435,19189,23363,18366,22098,-90,-236,-43,-0.352941,-0.92549,-0.168627,0,63,e22850,2026-05-22 02:38:38.753000+00:00,53.253,57.7,53.253,8841.75,20754.0,0.0,-0.0012045725574279967,1.0047557686870974,0.005517719178873448
2026-05-22T02:38:38.902+00:00,1779417518902561000,1733,R,7754,7940,9239,10437,7754,7940,9239,10437,19192,23365,18367,22098,-88,-237,-43,-0.345098,-0.929412,-0.168627,0,63,f22850,2026-05-22 02:38:38.902000+00:00,53.402,57.733333333333334,53.402,8842.5,20755.5,0.008482483671218934,0.004818232190609266,1.005651212139179,0.005881515013886118
2026-05-22T02:38:38.902+00:00,1779417518902686000,1734,R,7758,7936,9237,10434,7758,7936,9237,10434,19192,23363,18363,22097,-87,-236,-44,-0.341176,-0.92549,-0.172549,0,63,022850,2026-05-22 02:38:38.902000+00:00,53.402,57.766666666666666,53.402,8841.25,20753.75,-0.005654989114145955,-0.003613674142956949,1.0013520661969995,0.0012216720838118533
2026-05-22T02:38:38.902+00:00,1779417518902760000,1735,R,7756,7935,9237,10434,7756,7935,9237,10434,19197,23358,18362,22101,-85,-238,-44,-0.333333,-0.933333,-0.172549,0,63,122850,2026-05-22 02:38:38.902000+00:00,53.402,57.8,53.402,8840.5,20754.5,-0.014137472785364888,0.0,1.0059793910309494,0.005679540253693771
2026-05-22T02:38:38.902+00:00,1779417518902829000,1736,R,7756,7930,9237,10434,7756,7930,9237,10434,19199,23359,18351,22098,-90,-236,-44,-0.352941,-0.92549,-0.172549,0,63,622890,2026-05-22 02:38:38.902000+00:00,53.402,57.833333333333336,53.402,8839.25,20751.75,-0.028274945570729775,-0.01445452245871427,1.0054214275526459,0.004069361355646395
2026-05-22T02:38:38.902+00:00,1779417518902894000,1737,R,7757,7930,9238,10432,7757,7930,9238,10432,19201,23364,18350,22094,-93,-235,-42,-0.364706,-0.921569,-0.164706,0,63,722890,2026-05-22 02:38:38.902000+00:00,53.402,57.86666666666667,53.402,8839.25,20752.25,-0.028274945570729775,-0.012045435382261892,1.004702918594845,0.003350852397845605
2026-05-22T02:38:39.198+00:00,1779417519198165000,1738,R,7759,7929,9238,10431,7759,7929,9238,10431,19194,23362,18349,22094,-98,-234,-42,-0.384314,-0.917647,-0.164706,0,63,822890,2026-05-22 02:38:39.198000+00:00,53.698,57.9,53.698,8839.25,20749.75,-0.028274945570729775,-0.024090870764523785,1.0084152585324162,0.00811540775516062
2026-05-22T02:38:39.198+00:00,1779417519198302000,1739,R,7746,7930,9226,10429,7746,7930,9226,10429,19196,23361,18343,22088,-99,-233,-41,-0.388235,-0.913725,-0.160784,0,63,922890,2026-05-22 02:38:39.198000+00:00,53.698,57.93333333333333,53.698,8832.75,20747.0,-0.10178980405462719,-0.03734084968501186,1.005719287627517,0.005419436850261361
2026-05-22T02:38:39.198+00:00,1779417519198378000,1740,R,7758,7930,9240,10428,7758,7930,9240,10428,19197,23366,18348,22095,-103,-233,-39,-0.403922,-0.913725,-0.152941,0,63,a22890,2026-05-22 02:38:39.198000+00:00,53.698,57.96666666666667,53.698,8839.0,20751.5,-0.031102440127802753,-0.01565906599694046,1.0106618164302044,0.01036196565294878
2026-05-22T02:38:39.198+00:00,1779417519198479000,1741,R,7754,7930,9241,10428,7754,7930,9241,10428,19190,23369,18346,22082,-94,-235,-43,-0.368627,-0.921569,-0.168627,0,63,322970,2026-05-22 02:38:39.198000+00:00,53.698,58.0,53.698,8838.25,20746.75,-0.03958492379902169,-0.03854539322323806,1.0067821770467533,0.00665178293356572
2026-05-22T02:38:39.198+00:00,1779417519198545000,1742,R,7753,7930,9240,10425,7753,7930,9240,10425,19193,23365,18349,22080,-95,-235,-42,-0.372549,-0.921569,-0.164706,0,63,422970,2026-05-22 02:38:39.198000+00:00,53.698,58.03333333333333,53.698,8837.0,20746.75,-0.05372239658438657,-0.03854539322323806,1.0075764217159908,0.007446027602803218
2026-05-22T02:38:39.198+00:00,1779417519198624000,1743,R,7754,7929,9240,10424,7754,7929,9240,10424,19193,23366,18350,22081,-99,-232,-41,-0.388235,-0.909804,-0.160784,0,63,522970,2026-05-22 02:38:39.198000+00:00,53.698,58.06666666666667,53.698,8836.75,20747.5,-0.05654989114145955,-0.034931762608559486,1.0021582850513184,0.0020278909381308274
2026-05-22T02:38:39.204+00:00,1779417519204877000,1744,R,7757,7934,9239,10426,7757,7934,9239,10426,19194,23374,18354,22079,-95,-232,-41,-0.372549,-0.909804,-0.160784,0,63,622970,2026-05-22 02:38:39.204000+00:00,53.704,58.1,53.704,8839.0,20750.25,-0.031102440127802753,-0.021681783688071405,0.9961865138983763,-0.003583183226916531
2026-05-22T02:38:39.204+00:00,1779417519204973000,1745,R,7757,7935,9242,10426,7757,7935,9242,10426,19199,23370,18357,22079,-99,-229,-41,-0.388235,-0.898039,-0.160784,0,63,722970,2026-05-22 02:38:39.204000+00:00,53.704,58.13333333333333,53.704,8840.0,20751.25,-0.019792461899510845,-0.01686360953516665,0.9914897656567112,-0.008640628456476396
2026-05-22T02:38:39.205+00:00,1779417519205045000,1746,R,7763,7947,9248,10435,7763,7947,9248,10435,19220,23375,18371,22080,-101,-227,-42,-0.396078,-0.890196,-0.164706,0,63,e23030,2026-05-22 02:38:39.205000+00:00,53.705,58.166666666666664,53.705,8848.25,20761.5,0.06785603211852187,0.028908000289080003,0.9881572582013451,-0.01310257320157282
2026-05-22T02:38:39.205+00:00,1779417519205112000,1747,R,7761,7945,9247,10436,7761,7945,9247,10436,19221,23378,18373,22080,-100,-226,-44,-0.392157,-0.886275,-0.172549,0,63,f23030,2026-05-22 02:38:39.205000+00:00,53.705,58.2,53.705,8847.25,20763.0,0.05654669343210156,0.036135000361350006,0.9844001451010661,-0.016951921095933353
2026-05-22T02:38:39.205+00:00,1779417519205176000,1748,R,7764,7950,9250,10436,7764,7950,9250,10436,19215,23379,18374,22082,-99,-231,-42,-0.388235,-0.905882,-0.164706,0,63,023030,2026-05-22 02:38:39.205000+00:00,53.705,58.233333333333334,53.705,8850.0,20762.5,0.08764737481975741,0.03131624590479861,0.9992380495082239,-0.002920235543094507
2026-05-22T02:38:39.353+00:00,1779417519353568000,1749,R,7760,7954,9242,10441,7760,7954,9242,10441,19210,23378,18372,22079,-95,-232,-42,-0.372549,-0.909804,-0.164706,0,63,123030,2026-05-22 02:38:39.353000+00:00,53.853,58.266666666666666,53.853,8849.25,20759.75,0.07916537080494218,0.01204398463187561,0.9968270372802897,-0.006014344832554697
2026-05-22T02:38:39.353+00:00,1779417519353688000,1750,R,7755,7952,9248,10439,7755,7952,9248,10439,19207,23382,18381,22080,-91,-234,-43,-0.356863,-0.917647,-0.168627,0,63,223030,2026-05-22 02:38:39.353000+00:00,53.853,58.3,53.853,8848.5,20762.5,0.06785411365564037,0.01565567156809615,0.9989305694126094,-0.004454583770852949
2026-05-22T02:38:39.353+00:00,1779417519353760000,1751,R,7729,7959,9245,10458,7729,7959,9245,10458,19147,23395,18393,22108,-93,-235,-39,-0.364706,-0.921569,-0.152941,0,63,a23100,2026-05-22 02:38:39.353000+00:00,53.853,58.333333333333336,53.853,8847.75,20760.75,0.05937234944868533,0.007225694569890531,1.0028413821128443,-0.0005437710706179821
2026-05-22T02:38:39.353+00:00,1779417519353826000,1752,R,7729,7958,9246,10459,7729,7958,9246,10459,19149,23396,18389,22111,-93,-231,-41,-0.364706,-0.905882,-0.160784,0,63,b23100,2026-05-22 02:38:39.353000+00:00,53.853,58.36666666666667,53.853,8848.0,20761.25,0.06219960418433701,0.009634259426520707,0.989688920325978,-0.014806346129270231
2026-05-22T02:38:39.353+00:00,1779417519353892000,1753,R,7735,7957,9252,10458,7735,7957,9252,10458,19151,23396,18385,22108,-98,-231,-41,-0.384314,-0.905882,-0.160784,0,63,c23100,2026-05-22 02:38:39.353000+00:00,53.853,58.4,53.853,8850.5,20760.0,0.09047215154085383,0.0036128472849452655,0.9970812119260898,-0.007621706668755279
2026-05-22T02:38:39.503+00:00,1779417519503105000,1754,R,7740,7957,9251,10459,7740,7957,9251,10459,19158,23395,18384,22115,-99,-234,-38,-0.388235,-0.917647,-0.14902,0,63,d23100,2026-05-22 02:38:39.503000+00:00,54.003,58.43333333333333,54.003,8851.75,20763.0,0.10460842521911225,0.018064236424726328,1.0074767452571796,0.0027738266623345
2026-05-22T02:38:39.503+00:00,1779417519503227000,1755,R,7745,7957,9255,10461,7745,7957,9255,10461,19163,23394,18382,22116,-100,-233,-39,-0.392157,-0.913725,-0.152941,0,63,e23100,2026-05-22 02:38:39.503000+00:00,54.003,58.46666666666667,54.003,8854.5,20763.75,0.13570822731128074,0.021677083709671592,1.0060176130441256,0.0013146944492805623
2026-05-22T02:38:39.503+00:00,1779417519503300000,1756,R,7750,7955,9253,10461,7750,7955,9253,10461,19173,23391,18379,22118,-100,-231,-41,-0.392157,-0.905882,-0.160784,0,63,f23100,2026-05-22 02:38:39.503000+00:00,54.003,58.5,54.003,8854.75,20765.25,0.13853548204693242,0.028902778279562124,1.0001303941131876,-0.004572524481657458
2026-05-22T02:38:39.503+00:00,1779417519503365000,1757,R,7767,7936,9256,10451,7767,7936,9256,10451,19212,23389,18356,22117,-95,-231,-42,-0.372549,-0.905882,-0.164706,0,63,723170,2026-05-22 02:38:39.503000+00:00,54.003,58.53333333333333,54.003,8852.5,20768.5,0.11309018942606729,0.04455844984765827,0.9932487209964078,-0.011454197598437243
2026-05-22T02:38:39.503+00:00,1779417519503429000,1758,R,7767,7937,9255,10449,7767,7937,9255,10449,19207,23391,18352,22114,-94,-231,-41,-0.368627,-0.905882,-0.160784,0,63,823170,2026-05-22 02:38:39.503000+00:00,54.003,58.56666666666667,54.003,8852.0,20766.0,0.10743567995476393,0.03251562556450739,0.9911405337836809,-0.013562384811164119
2026-05-22T02:38:39.653+00:00,1779417519653576000,1759,R,7764,7935,9252,10446,7764,7935,9252,10446,19205,23384,18350,22112,-94,-232,-40,-0.368627,-0.909804,-0.156863,0,63,923170,2026-05-22 02:38:39.653000+00:00,54.153,58.6,54.153,8849.25,20762.75,0.07633587786259542,0.01685995399641124,0.994100188267762,-0.010602730327083032
2026-05-22T02:38:39.653+00:00,1779417519653613000,1760,R,7764,7936,9251,10444,7764,7936,9251,10444,19205,23390,18353,22108,-95,-233,-40,-0.372549,-0.913725,-0.156863,0,63,a23170,2026-05-22 02:38:39.653000+00:00,54.153,58.63333333333333,54.153,8848.75,20764.0,0.07068136839129205,0.02288136613798668,0.9991457019849508,-0.005349564470297441
2026-05-22T02:38:39.653+00:00,1779417519653629000,1761,R,7763,7936,9254,10443,7763,7936,9254,10443,19202,23387,18348,22104,-99,-233,-39,-0.388235,-0.913725,-0.152941,0,63,b23170,2026-05-22 02:38:39.653000+00:00,54.153,58.666666666666664,54.153,8849.0,20760.25,0.019780157676114046,0.00240850684618071,1.0044952664552482,0.0
2026-05-22T02:38:39.653+00:00,1779417519653643000,1762,R,7755,7932,9247,10435,7755,7932,9247,10435,19194,23381,18348,22095,-114,-233,-33,-0.447059,-0.913725,-0.129412,0,63,323240,2026-05-22 02:38:39.653000+00:00,54.153,58.7,54.153,8842.25,20754.5,-0.062162696730807265,-0.026493256262042388,1.0254280037379513,0.020932737282703062
2026-05-22T02:38:39.653+00:00,1779417519653656000,1763,R,7755,7932,9246,10430,7755,7932,9246,10430,19190,23383,18352,22094,-120,-233,-32,-0.470588,-0.913725,-0.12549,0,63,423240,2026-05-22 02:38:39.653000+00:00,54.153,58.733333333333334,54.153,8840.75,20754.75,-0.08193942133815552,-0.026492937223781023,1.0354198092894495,0.032578427176605196
2026-05-22T02:38:39.803+00:00,1779417519803159000,1764,R,7752,7931,9246,10432,7752,7931,9246,10432,19188,23382,18354,22092,-129,-231,-29,-0.505882,-0.905882,-0.113725,0,63,523240,2026-05-22 02:38:39.803000+00:00,54.303,58.766666666666666,54.303,8840.25,20754.0,-0.09041335857372927,-0.03251327625447058,1.0437778362625831,0.041619551211264705
2026-05-22T02:38:39.803+00:00,1779417519803282000,1765,R,7752,7934,9245,10432,7752,7934,9245,10432,19193,23383,18353,22093,-140,-225,-30,-0.54902,-0.882353,-0.117647,0,63,623240,2026-05-22 02:38:39.803000+00:00,54.303,58.8,54.303,8840.75,20755.5,-0.08758546646324236,-0.027695827563369257,1.0458540020566924,0.043695717005374
2026-05-22T02:38:39.803+00:00,1779417519803356000,1766,R,7752,7932,9247,10429,7752,7932,9247,10429,19188,23386,18360,22095,-138,-219,-28,-0.541176,-0.858824,-0.109804,0,63,723240,2026-05-22 02:38:39.803000+00:00,54.303,58.833333333333336,54.303,8840.0,20757.25,-0.09606147934678194,-0.02047058256869687,1.0210323424691305,0.018919624008777003
2026-05-22T02:38:39.803+00:00,1779417519803423000,1767,R,7749,7929,9244,10429,7749,7929,9244,10429,19186,23374,18354,22090,-106,-222,-50,-0.415686,-0.870588,-0.196078,0,63,f23310,2026-05-22 02:38:39.803000+00:00,54.303,58.86666666666667,54.303,8837.75,20751.0,-0.12431134341008616,-0.055388320288982544,0.984461730299355,-0.016798101103562946
2026-05-22T02:38:39.803+00:00,1779417519803486000,1768,R,7748,7929,9239,10430,7748,7929,9239,10430,19190,23370,18353,22091,-95,-220,-57,-0.372549,-0.862745,-0.223529,0,63,023310,2026-05-22 02:38:39.803000+00:00,54.303,58.9,54.303,8836.5,20751.0,-0.1384376324339596,-0.055388320288982544,0.9659642365362188,-0.034166157576968836
2026-05-22T02:38:39.803+00:00,1779417519803549000,1769,R,7750,7927,9239,10425,7750,7927,9239,10425,19188,23368,18352,22089,-92,-222,-59,-0.360784,-0.870588,-0.231373,0,63,123310,2026-05-22 02:38:39.803000+00:00,54.303,58.93333333333333,54.303,8835.25,20749.25,-0.15538478924172222,-0.06502028873824517,0.970372106734834,-0.029543456866913287
2026-05-22T02:38:40.104+00:00,1779417520104389000,1770,R,7753,7929,9240,10431,7753,7929,9240,10431,19194,23368,18350,22086,-89,-225,-59,-0.34902,-0.882353,-0.231373,0,63,223310,2026-05-22 02:38:40.104000+00:00,54.604,58.96666666666667,54.604,8838.25,20749.5,-0.12148265340716465,-0.06501950585175553,0.9766756074244918,-0.023239956177255494
2026-05-22T02:38:40.104+00:00,1779417520104547000,1771,R,7754,7931,9239,10429,7754,7931,9239,10429,19196,23365,18349,22088,-88,-226,-59,-0.345098,-0.886275,-0.231373,0,63,323310,2026-05-22 02:38:40.104000+00:00,54.604,59.0,54.604,8838.25,20749.5,-0.12430431957510524,-0.06501950585175553,0.9788306648026512,-0.02108489879909603
2026-05-22T02:38:40.104+00:00,1779417520104835000,1772,R,7746,7936,9236,10434,7746,7936,9236,10434,19186,23362,18364,22098,-58,-240,-65,-0.227451,-0.941176,-0.254902,0,63,b23380,2026-05-22 02:38:40.104000+00:00,54.604,59.03333333333333,54.604,8838.0,20752.5,-0.12712941774726672,-0.0541809644211667,1.001259831402918,0.0013442678011706954
2026-05-22T02:38:40.104+00:00,1779417520104912000,1773,R,7746,7937,9236,10437,7746,7937,9236,10437,19189,23363,18366,22095,-55,-242,-65,-0.215686,-0.94902,-0.254902,0,63,c23380,2026-05-22 02:38:40.104000+00:00,54.604,59.06666666666667,54.604,8839.0,20753.25,-0.11582902505862079,-0.05177229820843768,1.0060489255498462,0.00634901925146103
2026-05-22T02:38:40.104+00:00,1779417520104976000,1774,R,7746,7936,9236,10437,7746,7936,9236,10437,19182,23361,18367,22093,-53,-241,-64,-0.207843,-0.945098,-0.25098,0,63,d23380,2026-05-22 02:38:40.104000+00:00,54.604,59.1,54.604,8838.75,20750.75,-0.1271186440677966,-0.06982819855287078,0.9996999062983851,0.00046185679016119696
2026-05-22T02:38:40.254+00:00,1779417520254220000,1775,R,7746,7943,9236,10438,7746,7943,9236,10438,19189,23361,18370,22095,-53,-245,-60,-0.207843,-0.960784,-0.235294,0,63,e23380,2026-05-22 02:38:40.254000+00:00,54.754,59.13333333333333,54.754,8840.75,20753.75,-0.10451977401129943,-0.058990657806029086,1.0107758771067896,0.011537827598565698
2026-05-22T02:38:40.254+00:00,1779417520254364000,1776,R,7748,7946,9236,10439,7748,7946,9236,10439,19188,23364,18375,22097,-54,-249,-59,-0.211765,-0.976471,-0.231373,0,63,f23380,2026-05-22 02:38:40.254000+00:00,54.754,59.166666666666664,54.754,8842.25,20756.0,-0.09039292675348154,-0.06018730288658305,1.0256088407355897,0.026370791227365742
2026-05-22T02:38:40.254+00:00,1779417520254440000,1777,R,7750,7965,9245,10449,7750,7965,9245,10449,19198,23377,18412,22105,-61,-243,-56,-0.239216,-0.952941,-0.219608,0,63,723450,2026-05-22 02:38:40.254000+00:00,54.754,59.2,54.754,8852.25,20773.0,0.01977289418676911,0.007221433213778494,1.0067514677421632,0.007513418233939251
2026-05-22T02:38:40.254+00:00,1779417520254506000,1778,R,7752,7961,9247,10456,7752,7961,9247,10456,19205,23379,18412,22108,-71,-241,-51,-0.278431,-0.945098,-0.2,0,63,823450,2026-05-22 02:38:40.254000+00:00,54.754,59.233333333333334,54.754,8854.0,20776.0,0.02541870251645155,0.015645497105583037,1.005352699983941,0.006114650475717132
2026-05-22T02:38:40.254+00:00,1779417520254568000,1779,R,7753,7971,9248,10456,7753,7971,9248,10456,19203,23379,18421,22108,-74,-245,-52,-0.290196,-0.960784,-0.203922,0,63,923450,2026-05-22 02:38:40.254000+00:00,54.754,59.266666666666666,54.754,8857.0,20777.75,0.05648441030275644,0.022866220574784577,1.0241600437216831,0.024460137423298
2026-05-22T02:38:40.402+00:00,1779417520402791000,1780,R,7755,7976,9250,10460,7755,7976,9250,10460,19208,23381,18427,22115,-69,-250,-50,-0.270588,-0.980392,-0.196078,0,63,a23450,2026-05-22 02:38:40.402000+00:00,54.902,59.3,54.902,8860.25,20782.75,0.09037250416560762,0.046935926442978865,1.0357764823995572,0.03586091879780995
2026-05-22T02:38:40.402+00:00,1779417520402828000,1781,R,7761,7980,9250,10464,7761,7980,9250,10464,19216,23383,18433,22112,-60,-242,-56,-0.235294,-0.94902,-0.219608,0,63,b23450,2026-05-22 02:38:40.402000+00:00,54.902,59.333333333333336,54.902,8863.75,20786.0,0.12708274498729172,0.06258123525730516,1.0021127184603535,0.002197154858606276
2026-05-22T02:38:40.402+00:00,1779417520402845000,1782,R,7765,7980,9252,10465,7765,7980,9252,10465,19220,23379,18430,22114,-58,-244,-55,-0.227451,-0.956863,-0.215686,0,63,c23450,2026-05-22 02:38:40.402000+00:00,54.902,59.36666666666667,54.902,8865.5,20785.75,0.14402304368698993,0.0601735404907754,1.0068968213109029,0.006981257709155586
2026-05-22T02:38:40.402+00:00,1779417520402858000,1783,R,7792,7976,9254,10480,7792,7976,9254,10480,19277,23360,18432,22153,-61,-246,-45,-0.239216,-0.964706,-0.176471,0,63,323510,2026-05-22 02:38:40.402000+00:00,54.902,59.4,54.902,8875.5,20805.5,0.25415113520840393,0.14199075856757798,1.0094671737768395,0.009551610175092207
2026-05-22T02:38:40.402+00:00,1779417520402871000,1784,R,7787,7970,9244,10471,7787,7970,9244,10471,19273,23360,18427,22149,-65,-247,-44,-0.254902,-0.968627,-0.172549,0,63,423510,2026-05-22 02:38:40.402000+00:00,54.902,59.43333333333333,54.902,8868.0,20802.25,0.16660548386185864,0.12273334376165666,1.01635941090443,0.01644384730268278
2026-05-22T02:38:40.554+00:00,1779417520554893000,1785,R,7774,7970,9244,10471,7774,7970,9244,10471,19245,23355,18420,22142,-60,-254,-40,-0.235294,-0.996078,-0.156863,0,63,523510,2026-05-22 02:38:40.554000+00:00,55.054,59.46666666666667,55.054,8864.75,20790.5,0.12989580097704234,0.061363718400693046,1.0354422481669368,0.03574234186855163
2026-05-22T02:38:40.555+00:00,1779417520555026000,1786,R,7761,7965,9238,10463,7761,7965,9238,10463,19221,23357,18423,22139,-60,-257,-38,-0.235294,-1.007843,-0.14902,0,63,623510,2026-05-22 02:38:40.555000+00:00,55.055,59.5,55.055,8856.75,20785.0,0.0395335046451868,0.03128233510599899,1.0456183526913632,0.04647265070641238
2026-05-22T02:38:40.555+00:00,1779417520555101000,1787,R,7745,7959,9235,10455,7745,7959,9235,10455,19196,23358,18419,22134,-58,-250,-38,-0.227451,-0.980392,-0.14902,0,63,723510,2026-05-22 02:38:40.555000+00:00,55.055,59.53333333333333,55.055,8848.5,20776.75,-0.05365261344703922,-0.00962521807134693,1.0174032590202373,0.01825755703528653
2026-05-22T02:38:40.555+00:00,1779417520555168000,1788,R,7743,7956,9247,10455,7743,7956,9247,10455,19172,23380,18412,22122,-68,-242,-28,-0.266667,-0.94902,-0.109804,0,63,f23580,2026-05-22 02:38:40.555000+00:00,55.055,59.56666666666667,55.055,8850.25,20771.5,-0.03953127205986164,-0.03609413350016844,0.9918705397908539,-0.007829366507531188
2026-05-22T02:38:40.555+00:00,1779417520555231000,1789,R,7743,7956,9243,10453,7743,7956,9243,10453,19181,23382,18409,22120,-67,-241,-27,-0.262745,-0.945098,-0.105882,0,63,023580,2026-05-22 02:38:40.555000+00:00,55.055,59.6,55.055,8848.75,20773.0,-0.05647324579980234,-0.02887530680013475,0.9866388207206324,-0.013276742881114911
2026-05-22T02:38:40.555+00:00,1779417520555293000,1790,R,7743,7954,9248,10451,7743,7954,9248,10451,19181,23380,18410,22121,-66,-241,-27,-0.258824,-0.945098,-0.105882,0,63,123580,2026-05-22 02:38:40.555000+00:00,55.055,59.63333333333333,55.055,8849.0,20773.0,-0.05364958350981223,-0.02887530680013475,0.9856018925022415,-0.014313671099505765
2026-05-22T02:38:40.702+00:00,1779417520702625000,1791,R,7747,7953,9248,10452,7747,7953,9248,10452,19183,23382,18407,22121,-65,-242,-26,-0.254902,-0.94902,-0.101961,0,63,223580,2026-05-22 02:38:40.702000+00:00,55.202,59.666666666666664,55.202,8850.0,20773.25,-0.042354934349851756,-0.027672169016795804,0.9879322018868502,-0.012344766677856889
2026-05-22T02:38:40.702+00:00,1779417520702752000,1792,R,7747,7952,9246,10452,7747,7952,9246,10452,19183,23380,18405,22123,-64,-243,-26,-0.25098,-0.952941,-0.101961,0,63,323580,2026-05-22 02:38:40.702000+00:00,55.202,59.7,55.202,8849.25,20772.75,-0.05082592121982211,-0.0300784445834737,0.9906985189259142,-0.009217044675833064
2026-05-22T02:38:40.702+00:00,1779417520702845000,1793,R,7751,7955,9252,10455,7751,7955,9252,10455,19192,23382,18409,22131,-63,-243,-23,-0.247059,-0.952941,-0.090196,0,63,b23650,2026-05-22 02:38:40.702000+00:00,55.202,59.733333333333334,55.202,8853.25,20778.5,-0.005647324579980234,-0.002406275566677896,0.9885696826111956,-0.011345880990551671
2026-05-22T02:38:40.702+00:00,1779417520702914000,1794,R,7758,7950,9260,10460,7758,7950,9260,10460,19194,23382,18411,22130,-64,-243,-23,-0.25098,-0.952941,-0.090196,0,63,c23650,2026-05-22 02:38:40.702000+00:00,55.202,59.766666666666666,55.202,8857.0,20779.25,0.03670760976987152,0.001203137783338948,0.989556884821181,-0.010358678780566288
2026-05-22T02:38:40.702+00:00,1779417520702977000,1795,R,7751,7954,9250,10456,7751,7954,9250,10456,19195,23386,18409,22126,-64,-242,-22,-0.25098,-0.94902,-0.086275,0,63,d23650,2026-05-22 02:38:40.702000+00:00,55.202,59.8,55.202,8852.75,20779.0,-0.011294649159960469,0.0,0.9854305132402791,-0.014485050361468188
2026-05-22T02:38:40.999+00:00,1779417520999908000,1796,R,7753,7955,9252,10455,7753,7955,9252,10455,19190,23385,18409,22131,-64,-242,-21,-0.25098,-0.94902,-0.082353,0,63,e23650,2026-05-22 02:38:40.999000+00:00,55.499,59.833333333333336,55.499,8853.75,20778.75,0.0,-0.001203137783338948,0.9850948875154109,-0.014605018782974266
2026-05-22T02:38:40.999+00:00,1779417520999940000,1797,R,7751,7951,9252,10459,7751,7951,9252,10459,19189,23392,18411,22130,-62,-241,-21,-0.243137,-0.945098,-0.082353,0,63,f23650,2026-05-22 02:38:40.999000+00:00,55.499,59.86666666666667,55.499,8853.25,20780.5,-0.005647324579980234,0.0072188267000336875,0.9793405163588403,-0.018765811982985103
2026-05-22T02:38:40.999+00:00,1779417520999956000,1798,R,7753,7956,9256,10461,7753,7956,9256,10461,19196,23392,18408,22134,-63,-244,-24,-0.247059,-0.956863,-0.094118,0,63,723720,2026-05-22 02:38:40.999000+00:00,55.499,59.9,55.499,8856.5,20782.5,0.03106028518989129,0.01684392896674527,0.9927150387568429,-0.006984867541542261
2026-05-22T02:38:40.999+00:00,1779417520999970000,1799,R,7756,7952,9251,10453,7756,7952,9251,10453,19194,23395,18415,22137,-63,-246,-23,-0.247059,-0.964706,-0.090196,0,63,823720,2026-05-22 02:38:40.999000+00:00,55.499,59.93333333333333,55.499,8853.0,20785.25,-0.00847098686997035,0.0300784445834737,0.9999155636017473,0.0
2026-05-22T02:38:40.999+00:00,1779417520999983000,1800,R,7756,7954,9255,10460,7756,7954,9255,10460,19196,23395,18413,22136,-64,-246,-23,-0.25098,-0.964706,-0.090196,0,63,923720,2026-05-22 02:38:40.999000+00:00,55.499,59.96666666666667,55.499,8856.25,20785.0,0.02823662289990117,0.02887530680013475,1.0008915751728555,0.0009760115711082706
2026-05-22T02:38:41.149+00:00,1779417521149698000,1801,R,7755,7954,9257,10465,7755,7954,9257,10465,19197,23393,18410,22143,-63,-246,-23,-0.247059,-0.964706,-0.090196,0,62,a23720,2026-05-22 02:38:41.149000+00:00,55.649,60.0,55.649,8857.75,20785.75,0.045178596639841875,0.032484720150151594,0.9999155636017473,-0.0003614049629597771
2026-05-22T02:38:41.149+00:00,1779417521149838000,1802,R,7753,7955,9257,10464,7753,7955,9257,10464,19199,23394,18413,22140,-64,-246,-23,-0.25098,-0.964706,-0.090196,0,62,b23720,2026-05-22 02:38:41.149000+00:00,55.649,60.03333333333333,55.649,8857.25,20786.5,0.03953127205986164,0.03609413350016844,1.0008915751728555,0.0006146066081484935
2026-05-22T02:38:41.149+00:00,1779417521149911000,1803,R,7757,7960,9257,10468,7757,7960,9257,10468,19202,23396,18419,22148,-64,-245,-23,-0.25098,-0.960784,-0.090196,0,62,223780,2026-05-22 02:38:41.149000+00:00,55.649,60.06666666666667,55.649,8860.5,20791.25,0.07623888182973317,0.05895375138360845,0.9971119162220456,-0.0028036473797016237
2026-05-22T02:38:41.149+00:00,1779417521149976000,1804,R,7757,7961,9258,10469,7757,7961,9258,10469,19202,23401,18420,22145,-65,-245,-23,-0.254902,-0.960784,-0.090196,0,62,323780,2026-05-22 02:38:41.149000+00:00,55.649,60.1,55.649,8861.25,20792.0,0.08470986869970351,0.06256316473362529,0.9981063283418254,-0.0018092352599218264
2026-05-22T02:38:41.150+00:00,1779417521150040000,1805,R,7756,7964,9253,10470,7756,7964,9253,10470,19207,23401,18421,22148,-65,-243,-24,-0.254902,-0.952941,-0.094118,0,62,423780,2026-05-22 02:38:41.150000+00:00,55.65,60.13333333333333,55.65,8860.75,20794.25,0.07906254411972329,0.07218739848647088,0.9909236988835215,-0.008991864718225773
2026-05-22T02:38:41.300+00:00,1779417521300397000,1806,R,7756,7964,9255,10473,7756,7964,9255,10473,19203,23400,18422,22149,-64,-243,-24,-0.25098,-0.952941,-0.094118,0,62,523780,2026-05-22 02:38:41.300000+00:00,55.8,60.166666666666664,55.8,8862.0,20793.5,0.09318085556967387,0.06255864873318737,0.9899220715818998,-0.00999349201984745
2026-05-22T02:38:41.300+00:00,1779417521300527000,1807,R,7757,7965,9257,10471,7757,7965,9257,10471,19203,23396,18422,22149,-64,-241,-24,-0.25098,-0.945098,-0.094118,0,62,623780,2026-05-22 02:38:41.300000+00:00,55.8,60.2,55.8,8862.5,20792.5,0.0960018070928394,0.051728078722917945,0.9823743624138407,-0.017541201187906585
2026-05-22T02:38:41.300+00:00,1779417521300599000,1808,R,7758,7964,9259,10473,7758,7964,9259,10473,19205,23402,18424,22151,-63,-242,-25,-0.247059,-0.94902,-0.098039,0,62,723780,2026-05-22 02:38:41.300000+00:00,55.8,60.233333333333334,55.8,8863.5,20795.5,0.1072961373390558,0.06255262841332852,0.9855398294346099,-0.014375734167137333
2026-05-22T02:38:41.300+00:00,1779417521300665000,1809,R,7756,7971,9259,10480,7756,7971,9259,10480,19201,23402,18439,22162,-62,-249,-24,-0.243137,-0.976471,-0.094118,0,62,f23850,2026-05-22 02:38:41.300000+00:00,55.8,60.266666666666666,55.8,8866.5,20801.0,0.1326971399531325,0.08781321047503338,1.0106776996322813,0.010762136030533997
2026-05-22T02:38:41.300+00:00,1779417521300730000,1810,R,7758,7973,9262,10483,7758,7973,9262,10483,19202,23402,18438,22168,-63,-247,-24,-0.247059,-0.968627,-0.094118,0,62,023850,2026-05-22 02:38:41.300000+00:00,55.8,60.3,55.8,8869.0,20802.5,0.1609305739857139,0.08419533317296127,1.004059068249473,0.00415870381659611
2026-05-22T02:38:41.449+00:00,1779417521449900000,1811,R,7760,7973,9263,10484,7760,7973,9263,10484,19202,23406,18438,22165,-63,-246,-24,-0.247059,-0.964706,-0.094118,0,62,123850,2026-05-22 02:38:41.449000+00:00,55.949,60.333333333333336,55.949,8870.0,20802.75,0.17222394759874643,0.08539812364686071,1.000276968564707,0.0009614702715003975
2026-05-22T02:38:41.450+00:00,1779417521450037000,1812,R,7758,7973,9260,10485,7758,7973,9260,10485,19205,23405,18439,22165,-64,-245,-23,-0.25098,-0.960784,-0.090196,0,62,223850,2026-05-22 02:38:41.450000+00:00,55.95,60.36666666666667,55.95,8869.0,20803.5,0.1609305739857139,0.08900649506855905,0.9971119162220456,-0.0022035820711610032
2026-05-22T02:38:41.450+00:00,1779417521450109000,1813,R,7757,7973,9261,10485,7757,7973,9261,10485,19202,23403,18442,22168,-65,-244,-22,-0.254902,-0.956863,-0.086275,0,62,323850,2026-05-22 02:38:41.450000+00:00,55.95,60.4,55.95,8869.0,20803.75,0.1609305739857139,0.09020928554245851,0.9939845099386609,-0.005330988354545707
2026-05-22T02:38:41.450+00:00,1779417521450190000,1814,R,7753,7967,9252,10474,7753,7967,9252,10474,19201,23403,18432,22159,-63,-242,-19,-0.247059,-0.94902,-0.07451,0,62,923900,2026-05-22 02:38:41.450000+00:00,55.95,60.43333333333333,55.95,8861.5,20798.75,0.07623027188796973,0.06615347606446957,0.9834779356859004,-0.014890813332216646
2026-05-22T02:38:41.450+00:00,1779417521450254000,1815,R,7751,7968,9254,10470,7751,7968,9254,10470,19197,23402,18430,22155,-65,-242,-19,-0.254902,-0.94902,-0.07451,0,62,a23900,2026-05-22 02:38:41.450000+00:00,55.95,60.46666666666667,55.95,8860.75,20796.0,0.06776024167819532,0.05292278085157565,0.9854774122748832,-0.012891336743233839
2026-05-22T02:38:41.450+00:00,1779417521450315000,1816,R,7750,7964,9252,10467,7750,7964,9252,10467,19192,23398,18432,22151,-66,-244,-19,-0.258824,-0.956863,-0.07451,0,62,b23900,2026-05-22 02:38:41.450000+00:00,55.95,60.5,55.95,8858.25,20793.25,0.039526807645613934,0.03969208563868174,0.9940464797206416,-0.004059848621183804
2026-05-22T02:38:41.600+00:00,1779417521600458000,1817,R,7751,7966,9251,10465,7751,7966,9251,10465,19194,23394,18433,22151,-66,-246,-20,-0.258824,-0.964706,-0.078431,0,62,c23900,2026-05-22 02:38:41.600000+00:00,56.1,60.53333333333333,56.1,8858.25,20793.0,0.039526807645613934,0.037286056217750566,1.0018976750012947,0.004083775322101024
2026-05-22T02:38:41.600+00:00,1779417521600587000,1818,R,7749,7967,9249,10467,7749,7967,9249,10467,19188,23391,18430,22147,-65,-247,-18,-0.254902,-0.968627,-0.070588,0,62,d23900,2026-05-22 02:38:41.600000+00:00,56.1,60.56666666666667,56.1,8858.0,20789.0,0.03105502385590469,0.016838661566957736,1.004089617751822,0.006977701529776281
2026-05-22T02:38:41.600+00:00,1779417521600660000,1819,R,7724,7962,9227,10448,7724,7962,9227,10448,19153,23364,18432,22126,-66,-250,-19,-0.258824,-0.980392,-0.07451,0,62,623980,2026-05-22 02:38:41.600000+00:00,56.1,60.6,56.1,8840.25,20768.75,-0.16939103921402557,-0.08178680105360643,1.0167153371224416,0.019603420900395907
2026-05-22T02:38:41.600+00:00,1779417521600726000,1820,R,7723,7962,9228,10447,7723,7962,9228,10447,19144,23358,18436,22124,-68,-248,-19,-0.266667,-0.972549,-0.07451,0,62,723980,2026-05-22 02:38:41.600000+00:00,56.1,60.63333333333333,56.1,8840.0,20765.5,-0.172214223200926,-0.09742251301973708,1.0111946332877761,0.013380733608582496
2026-05-22T02:38:41.600+00:00,1779417521600788000,1821,R,7718,7960,9224,10444,7718,7960,9224,10444,19144,23355,18437,22125,-69,-245,-18,-0.270588,-0.960784,-0.070588,0,62,823980,2026-05-22 02:38:41.600000+00:00,56.1,60.666666666666664,56.1,8836.5,20765.25,-0.21173879901753198,-0.09862526009405483,1.0006529998675864,0.002546671525760935
2026-05-22T02:38:41.749+00:00,1779417521749121000,1822,R,7716,7960,9220,10442,7716,7960,9220,10442,19137,23349,18439,22122,-68,-244,-18,-0.266667,-0.956863,-0.070588,0,62,923980,2026-05-22 02:38:41.749000+00:00,56.249,60.7,56.249,8834.5,20761.75,-0.2343242709127354,-0.1154637191345032,0.9958316902981146,-0.0022746380437108638
2026-05-22T02:38:41.749+00:00,1779417521749160000,1823,R,7716,7964,9222,10444,7716,7964,9222,10444,19135,23347,18439,22119,-68,-242,-18,-0.266667,-0.94902,-0.070588,0,62,a23980,2026-05-22 02:38:41.749000+00:00,56.249,60.733333333333334,56.249,8836.5,20760.0,-0.21173879901753198,-0.1238829486547274,0.9882979889856095,-0.010070760032507509
2026-05-22T02:38:41.749+00:00,1779417521749176000,1824,R,7695,7969,9214,10446,7695,7969,9214,10446,19113,23350,18453,22122,-68,-246,-19,-0.266667,-0.964706,-0.07451,0,62,124040,2026-05-22 02:38:41.749000+00:00,56.249,60.766666666666666,56.249,8831.0,20759.5,-0.27384884672934134,-0.12628844280336288,1.003653673049125,0.005284924031007998
2026-05-22T02:38:41.749+00:00,1779417521749190000,1825,R,7696,7970,9216,10448,7696,7970,9216,10448,19108,23351,18453,22125,-65,-246,-21,-0.254902,-0.964706,-0.082353,0,62,224040,2026-05-22 02:38:41.749000+00:00,56.249,60.8,56.249,8832.5,20759.25,-0.2512775628899743,-0.12749118987768063,1.0012066283485141,0.0027382401739060036
2026-05-22T02:38:41.749+00:00,1779417521749204000,1826,R,7694,7971,9216,10449,7694,7971,9216,10449,19103,23356,18458,22126,-65,-243,-21,-0.254902,-0.952941,-0.082353,0,62,324040,2026-05-22 02:38:41.749000+00:00,56.249,60.833333333333336,56.249,8832.5,20760.75,-0.2512775628899743,-0.12027470743177417,0.9898755455581273,-0.008592842616480856
2026-05-22T02:38:41.901+00:00,1779417521901135000,1827,R,7694,7972,9219,10451,7694,7972,9219,10451,19106,23360,18454,22127,-65,-243,-21,-0.254902,-0.952941,-0.082353,0,62,424040,2026-05-22 02:38:41.901000+00:00,56.401,60.86666666666667,56.401,8834.0,20761.75,-0.23433750247042548,-0.1154637191345032,0.9898755455581273,-0.008592842616480856
2026-05-22T02:38:41.901+00:00,1779417521901173000,1828,R,7695,7972,9218,10452,7695,7972,9218,10452,19102,23360,18453,22127,-64,-247,-16,-0.25098,-0.968627,-0.062745,0,62,524040,2026-05-22 02:38:41.901000+00:00,56.401,60.9,56.401,8834.25,20760.5,-0.23151415906716735,-0.12147745450609192,1.002579752714965,0.004111364540356766
2026-05-22T02:38:41.901+00:00,1779417521901190000,1829,R,7724,7957,9237,10458,7724,7957,9237,10458,19141,23365,18417,22135,-69,-245,-23,-0.270588,-0.960784,-0.090196,0,62,d24110,2026-05-22 02:38:41.901000+00:00,56.401,60.93333333333333,56.401,8844.0,20764.5,-0.112943302462164,-0.10343500432983739,1.0022270595109672,0.0029115612177605943
2026-05-22T02:38:41.901+00:00,1779417521901204000,1830,R,7724,7953,9240,10457,7724,7953,9240,10457,19144,23368,18421,22142,-66,-247,-22,-0.258824,-0.968627,-0.086275,0,62,e24110,2026-05-22 02:38:41.901000+00:00,56.401,60.96666666666667,56.401,8843.5,20768.75,-0.1185904675852722,-0.0829885499855672,1.0063158071549905,0.007470188562707758
2026-05-22T02:38:41.901+00:00,1779417521901217000,1831,R,7724,7955,9237,10457,7724,7955,9237,10457,19144,23369,18421,22138,-65,-246,-22,-0.254902,-0.964706,-0.086275,0,62,f24110,2026-05-22 02:38:41.901000+00:00,56.401,61.0,56.401,8843.25,20768.0,-0.1214140501468263,-0.08659674781102665,1.0015368548710526,0.002691236278769882
2026-05-22T02:38:42.051+00:00,1779417522051801000,1832,R,7726,7957,9238,10457,7726,7957,9238,10457,19147,23372,18421,22139,-61,-245,-24,-0.239216,-0.960784,-0.094118,0,62,024110,2026-05-22 02:38:42.051000+00:00,56.551,61.03333333333333,56.551,8844.5,20769.75,-0.1072961373390558,-0.08058114641714574,0.994579502722633,-0.004266115869649756
2026-05-22T02:38:42.051+00:00,1779417522051940000,1833,R,7728,7955,9238,10459,7728,7955,9238,10459,19149,23367,18422,22141,-64,-243,-25,-0.25098,-0.952941,-0.098039,0,62,124110,2026-05-22 02:38:42.051000+00:00,56.551,61.06666666666667,56.551,8845.0,20769.75,-0.1016489722159476,-0.08058114641714574,0.9903025575055333,-0.008543061086749404
2026-05-22T02:38:42.052+00:00,1779417522052016000,1834,R,7729,7957,9240,10460,7729,7957,9240,10460,19151,23370,18422,22139,-70,-244,-24,-0.27451,-0.956863,-0.094118,0,62,224110,2026-05-22 02:38:42.052000+00:00,56.552,61.1,56.552,8846.5,20770.5,-0.084707476846623,-0.07697303538354221,0.9999003644328769,0.0010547458405941734
2026-05-22T02:38:42.052+00:00,1779417522052083000,1835,R,7738,7959,9247,10469,7738,7959,9247,10469,19166,23384,18423,22154,-62,-246,-24,-0.243137,-0.964706,-0.094118,0,62,824160,2026-05-22 02:38:42.052000+00:00,56.552,61.13333333333333,56.552,8853.25,20781.75,-0.0084707476846623,-0.022851369879489093,0.9993154982932066,0.0004698797009239364
2026-05-22T02:38:42.052+00:00,1779417522052148000,1836,R,7737,7958,9245,10470,7737,7958,9245,10470,19175,23384,18427,22158,-68,-250,-15,-0.266667,-0.980392,-0.058824,0,62,924160,2026-05-22 02:38:42.052000+00:00,56.552,61.166666666666664,56.552,8852.5,20786.0,-0.0169414953693246,-0.002405407355735694,1.017713135185451,0.01886751659316821
2026-05-22T02:38:42.201+00:00,1779417522201816000,1837,R,7741,7959,9246,10470,7741,7959,9246,10470,19174,23389,18427,22163,-60,-248,-25,-0.235294,-0.972549,-0.098039,0,62,a24160,2026-05-22 02:38:42.201000+00:00,56.701,61.2,56.701,8854.0,20788.25,0.0,0.008418925745074928,1.0053986619038242,0.0065530433115414954
2026-05-22T02:38:42.201+00:00,1779417522201964000,1838,R,7741,7960,9249,10471,7741,7960,9249,10471,19174,23384,18426,22158,-63,-246,-24,-0.247059,-0.964706,-0.094118,0,62,b24160,2026-05-22 02:38:42.201000+00:00,56.701,61.233333333333334,56.701,8855.25,20785.5,0.0141179128077705,-0.004810814711471388,1.000276968564707,0.001431349972424334
2026-05-22T02:38:42.202+00:00,1779417522202038000,1839,R,7742,7960,9247,10470,7742,7960,9247,10470,19175,23387,18423,22161,-64,-246,-24,-0.25098,-0.964706,-0.094118,0,62,c24160,2026-05-22 02:38:42.202000+00:00,56.702,61.266666666666666,56.702,8854.75,20786.5,0.0084707476846623,0.0,1.0012526278417448,0.002407009249462133
2026-05-22T02:38:42.202+00:00,1779417522202104000,1840,R,7758,7963,9253,10474,7758,7963,9253,10474,19198,23389,18425,22164,-58,-246,-26,-0.227451,-0.964706,-0.101961,0,62,624250,2026-05-22 02:38:42.202000+00:00,56.702,61.3,56.702,8862.0,20794.0,0.0903546419697312,0.03608111033603541,0.996387308910546,-0.002081079264062091
2026-05-22T02:38:42.202+00:00,1779417522202167000,1841,R,7760,7964,9255,10476,7760,7964,9255,10476,19202,23394,18426,22168,-60,-246,-25,-0.235294,-0.964706,-0.098039,0,62,724250,2026-05-22 02:38:42.202000+00:00,56.702,61.333333333333336,56.702,8863.75,20797.5,0.1101197199006099,0.052918961826185267,0.9978138996791936,-0.0006544884954144958
2026-05-22T02:38:42.202+00:00,1779417522202230000,1842,R,7758,7962,9255,10475,7758,7962,9255,10475,19202,23395,18430,22168,-60,-247,-25,-0.235294,-0.968627,-0.098039,0,62,824250,2026-05-22 02:38:42.202000+00:00,56.702,61.36666666666667,56.702,8862.5,20798.75,0.0960018070928394,0.058932480215524496,1.0016053000488765,0.0031369118742683444
2026-05-22T02:38:42.350+00:00,1779417522350407000,1843,R,7760,7964,9253,10479,7760,7964,9253,10479,19205,23396,18428,22171,-61,-247,-24,-0.239216,-0.968627,-0.094118,0,62,924250,2026-05-22 02:38:42.350000+00:00,56.85,61.4,56.85,8864.0,20800.0,0.112943302462164,0.06494599860486373,1.0021580502640288,0.0036896620894206755
2026-05-22T02:38:42.350+00:00,1779417522350553000,1844,R,7761,7963,9258,10480,7761,7963,9258,10480,19207,23397,18431,22172,-61,-246,-24,-0.239216,-0.964706,-0.094118,0,62,a24250,2026-05-22 02:38:42.350000+00:00,56.85,61.43333333333333,56.85,8865.5,20801.75,0.1298847978314886,0.07336492434993866,0.998368749018117,-9.963915649113808e-05
2026-05-22T02:38:42.350+00:00,1779417522350627000,1845,R,7760,7960,9252,10470,7760,7960,9252,10470,19207,23397,18426,22162,-63,-246,-24,-0.247059,-0.964706,-0.094118,0,62,224320,2026-05-22 02:38:42.350000+00:00,56.85,61.46666666666667,56.85,8860.5,20798.0,0.0734131466004066,0.055324369181920956,1.000276968564707,0.001431349972424334
2026-05-22T02:38:42.350+00:00,1779417522350695000,1846,R,7759,7957,9253,10465,7759,7957,9253,10465,19204,23394,18425,22164,-62,-245,-24,-0.243137,-0.960784,-0.094118,0,62,324320,2026-05-22 02:38:42.350000+00:00,56.85,61.5,56.85,8858.5,20796.75,0.0508244861079738,0.049310850792581726,0.9955298555789274,-0.003315763013355344
2026-05-22T02:38:42.350+00:00,1779417522350912000,1847,R,7758,7957,9251,10463,7758,7957,9251,10463,19207,23395,18422,22152,-63,-244,-23,-0.247059,-0.956863,-0.090196,0,62,424320,2026-05-22 02:38:42.350000+00:00,56.85,61.53333333333333,56.85,8857.25,20794.0,0.0367065733002033,0.03608111033603541,0.9923508798131838,-0.006494738779098896
2026-05-22T02:38:42.500+00:00,1779417522500564000,1848,R,7755,7958,9250,10462,7755,7958,9250,10462,19205,23389,18419,22151,-63,-244,-23,-0.247059,-0.956863,-0.090196,0,62,524320,2026-05-22 02:38:42.500000+00:00,57.0,61.56666666666667,57.0,8856.25,20791.0,0.02823662289990117,0.021648666201621244,0.9923508798131838,-0.006117508361424329
2026-05-22T02:38:42.500+00:00,1779417522500700000,1849,R,7754,7955,9249,10458,7754,7955,9249,10458,19206,23388,18421,22153,-64,-244,-23,-0.25098,-0.956863,-0.090196,0,62,624320,2026-05-22 02:38:42.500000+00:00,57.0,61.6,57.0,8854.0,20792.0,0.008471465281111456,0.026459480913092633,0.9933343241754007,-0.005134063999207461
2026-05-22T02:38:42.500+00:00,1779417522500774000,1850,R,7746,7951,9240,10448,7746,7951,9240,10448,19194,23379,18420,22136,-65,-245,-24,-0.254902,-0.960784,-0.094118,0,62,e24390,2026-05-22 02:38:42.500000+00:00,57.0,61.63333333333333,57.0,8846.25,20782.25,-0.0790670092903736,-0.028862458359890805,0.9984683881746081,0.0
2026-05-22T02:38:42.500+00:00,1779417522500840000,1851,R,7744,7950,9240,10446,7744,7950,9240,10446,19190,23377,18420,22133,-65,-245,-24,-0.254902,-0.960784,-0.094118,0,62,f24390,2026-05-22 02:38:42.500000+00:00,57.0,61.666666666666664,57.0,8845.0,20780.0,-0.09318611809222602,-0.04209007275569719,0.9984683881746081,0.0
2026-05-22T02:38:42.500+00:00,1779417522500904000,1852,R,7743,7951,9239,10445,7743,7951,9239,10445,19188,23371,18421,22133,-64,-245,-23,-0.25098,-0.960784,-0.090196,0,62,024390,2026-05-22 02:38:42.500000+00:00,57.0,61.7,57.0,8844.5,20778.25,-0.09883376161296699,-0.05050808730683663,0.9971119162220456,-0.001356471952562499
2026-05-22T02:38:42.649+00:00,1779417522649751000,1853,R,7743,7953,9238,10445,7743,7953,9238,10445,19188,23372,18425,22131,-64,-247,-24,-0.25098,-0.968627,-0.094118,0,62,124390,2026-05-22 02:38:42.649000+00:00,57.149,61.733333333333334,57.149,8844.75,20779.0,-0.09600993985259651,-0.046900366784919725,1.0050310559644413,0.006562667789833165
2026-05-22T02:38:42.649+00:00,1779417522649897000,1854,R,7744,7952,9237,10445,7744,7952,9237,10445,19187,23375,18421,22132,-65,-245,-23,-0.254902,-0.960784,-0.090196,0,62,224390,2026-05-22 02:38:42.649000+00:00,57.149,61.766666666666666,57.149,8844.5,20778.75,-0.09883376161296699,-0.048102940292225366,0.9981063283418254,-0.0003620598327827018
2026-05-22T02:38:42.649+00:00,1779417522649973000,1855,R,7752,7956,9237,10445,7752,7956,9237,10445,19202,23368,18424,22130,-62,-246,-25,-0.243137,-0.964706,-0.098039,0,62,a24460,2026-05-22 02:38:42.649000+00:00,57.149,61.8,57.149,8847.5,20781.0,-0.06494790048852117,-0.03727977872647466,0.9996924090569058,0.0012240208822976717
2026-05-22T02:38:42.650+00:00,1779417522650039000,1856,R,7752,7954,9236,10446,7752,7954,9236,10446,19206,23368,18426,22132,-63,-245,-25,-0.247059,-0.960784,-0.098039,0,62,b24460,2026-05-22 02:38:42.650000+00:00,57.15,61.833333333333336,57.15,8847.0,20783.0,-0.07059554400926213,-0.027659190668029583,0.9968729556257407,-0.0015954325488674037
2026-05-22T02:38:42.650+00:00,1779417522650102000,1857,R,7751,7954,9235,10445,7751,7954,9235,10445,19208,23368,18425,22132,-63,-244,-25,-0.247059,-0.956863,-0.098039,0,62,c24460,2026-05-22 02:38:42.650000+00:00,57.15,61.86666666666667,57.15,8846.25,20783.25,-0.0790670092903736,-0.02645661716072395,0.993094454606912,-0.00537393356769611
2026-05-22T02:38:42.800+00:00,1779417522800053000,1858,R,7754,7956,9238,10443,7754,7956,9238,10443,19209,23369,18429,22131,-64,-246,-25,-0.25098,-0.964706,-0.098039,0,62,d24460,2026-05-22 02:38:42.800000+00:00,57.3,61.9,57.3,8847.75,20784.5,-0.06212407872815068,-0.02044374962419578,1.0016288096680326,0.003160421493424437
2026-05-22T02:38:42.800+00:00,1779417522800232000,1859,R,7753,7956,9236,10448,7753,7956,9236,10448,19212,23370,18429,22133,-64,-246,-26,-0.25098,-0.964706,-0.101961,0,62,e24460,2026-05-22 02:38:42.800000+00:00,57.3,61.93333333333333,57.3,8848.25,20786.0,-0.056476435207409706,-0.013228308580361975,1.0020202953817852,0.0035519072071770186
2026-05-22T02:38:42.800+00:00,1779417522800327000,1860,R,7754,7958,9236,10449,7754,7958,9236,10449,19210,23366,18427,22129,-65,-245,-25,-0.254902,-0.960784,-0.098039,0,62,f24460,2026-05-22 02:38:42.800000+00:00,57.3,61.96666666666667,57.3,8849.25,20783.0,-0.04518114816592777,-0.027659190668029583,0.9988456185922827,0.0003772304176745678
2026-05-22T02:38:42.800+00:00,1779417522800407000,1861,R,7761,7964,9240,10456,7761,7964,9240,10456,19220,23372,18437,22141,-65,-246,-25,-0.254902,-0.964706,-0.098039,0,62,624520,2026-05-22 02:38:42.800000+00:00,57.3,62.0,57.3,8855.25,20792.5,0.022590574082963884,0.018038602609584512,1.0026187418759935,0.00415035370138539
2026-05-22T02:38:42.800+00:00,1779417522800483000,1862,R,7758,7959,9240,10458,7758,7959,9240,10458,19221,23377,18436,22140,-65,-245,-25,-0.254902,-0.960784,-0.098039,0,62,724520,2026-05-22 02:38:42.800000+00:00,57.3,62.03333333333333,57.3,8853.75,20793.5,0.005647643520740971,0.014429667396166518,0.9988456185922827,0.00047686957416570586
2026-05-22T02:38:42.950+00:00,1779417522950826000,1863,R,7763,7965,9242,10458,7763,7965,9242,10458,19223,23375,18435,22143,-65,-245,-25,-0.254902,-0.960784,-0.098039,0,62,824520,2026-05-22 02:38:42.950000+00:00,57.45,62.06666666666667,57.45,8857.0,20794.0,0.03670760976987152,0.014429320379010149,0.9988456185922827,0.0003772304176745678
2026-05-22T02:38:42.950+00:00,1779417522950979000,1864,R,7761,7965,9242,10456,7761,7965,9242,10456,19225,23375,18437,22138,-65,-244,-24,-0.254902,-0.956863,-0.094118,0,62,924520,2026-05-22 02:38:42.950000+00:00,57.45,62.1,57.45,8856.0,20793.75,0.025412960609911054,0.012024289063909096,0.9946959476629027,-0.003772440511705444
2026-05-22T02:38:42.951+00:00,1779417522951055000,1865,R,7761,7966,9243,10459,7761,7966,9243,10459,19227,23380,18440,22146,-65,-245,-24,-0.254902,-0.960784,-0.094118,0,62,a24520,2026-05-22 02:38:42.951000+00:00,57.451,62.13333333333333,57.451,8857.25,20798.25,0.03953127205986164,0.03366800937894547,0.9984683881746081,9.963915649113808e-05
2026-05-22T02:38:42.951+00:00,1779417522951120000,1866,R,7761,7968,9246,10464,7761,7968,9246,10464,19226,23387,18441,22149,-63,-244,-23,-0.247059,-0.956863,-0.090196,0,62,024570,2026-05-22 02:38:42.951000+00:00,57.451,62.166666666666664,57.451,8859.75,20800.75,0.0677678949597628,0.04448933458384436,0.9923508798131838,-0.0060178692049331906
2026-05-22T02:38:42.951+00:00,1779417522951184000,1867,R,7762,7967,9247,10467,7762,7967,9247,10467,19227,23388,18444,22153,-64,-244,-23,-0.25098,-0.956863,-0.090196,0,62,124570,2026-05-22 02:38:42.951000+00:00,57.451,62.2,57.451,8860.75,20803.0,0.07906254411972329,0.0529049634474798,0.9933343241754007,-0.005034424842716323
2026-05-22T02:38:42.951+00:00,1779417522951249000,1868,R,7760,7969,9246,10466,7760,7969,9246,10466,19225,23389,18444,22152,-65,-244,-22,-0.254902,-0.956863,-0.086275,0,62,224570,2026-05-22 02:38:42.951000+00:00,57.451,62.233333333333334,57.451,8860.25,20802.5,0.07341521953974305,0.04929721410621746,0.9939845099386609,-0.004384239079456065
2026-05-22T02:38:43.100+00:00,1779417523100496000,1869,R,7762,7969,9244,10464,7762,7969,9244,10464,19225,23388,18445,22153,-65,-244,-22,-0.254902,-0.956863,-0.086275,0,62,324570,2026-05-22 02:38:43.100000+00:00,57.6,62.266666666666666,57.6,8859.75,20802.75,0.0677678949597628,0.05049958518197886,0.9939845099386609,-0.004384239079456065
2026-05-22T02:38:43.100+00:00,1779417523100636000,1870,R,7761,7968,9249,10467,7761,7968,9249,10467,19224,23389,18446,22157,-64,-244,-23,-0.25098,-0.956863,-0.090196,0,62,424570,2026-05-22 02:38:43.100000+00:00,57.6,62.3,57.6,8861.25,20804.0,0.08470986869970351,0.05651144056078587,0.9933343241754007,-0.005034424842716323
2026-05-22T02:38:43.100+00:00,1779417523100713000,1871,R,7762,7974,9252,10477,7762,7974,9252,10477,19222,23404,18451,22168,-66,-245,-24,-0.258824,-0.960784,-0.094118,0,62,e24660,2026-05-22 02:38:43.100000+00:00,57.6,62.333333333333336,57.6,8866.25,20811.25,0.14118311449950585,0.09138020175786651,0.9994768409302939,0.0010084527556857292
2026-05-22T02:38:43.100+00:00,1779417523100781000,1872,R,7760,7973,9250,10481,7760,7973,9250,10481,19222,23401,18453,22170,-66,-244,-23,-0.258824,-0.956863,-0.090196,0,62,f24660,2026-05-22 02:38:43.100000+00:00,57.6,62.36666666666667,57.6,8866.0,20811.5,0.13835945220951573,0.09258257283362792,0.9953451573002201,-0.003123230874388039
2026-05-22T02:38:43.100+00:00,1779417523100847000,1873,R,7757,7976,9254,10482,7757,7976,9254,10482,19217,23402,18453,22169,-66,-244,-25,-0.258824,-0.956863,-0.098039,0,62,024660,2026-05-22 02:38:43.100000+00:00,57.6,62.4,57.6,8867.25,20810.25,0.15247776365946633,0.08657071745482091,0.9960864968796636,-0.0023818912949445936
2026-05-22T02:38:43.250+00:00,1779417523250290000,1874,R,7761,7972,9253,10477,7761,7972,9253,10477,19219,23400,18453,22172,-65,-246,-25,-0.254902,-0.964706,-0.098039,0,62,124660,2026-05-22 02:38:43.250000+00:00,57.75,62.43333333333333,57.75,8865.75,20811.0,0.1355357899195256,0.09017783068210511,1.0026187418759935,0.004249992857876528
2026-05-22T02:38:43.250+00:00,1779417523250426000,1875,R,7761,7977,9252,10476,7761,7977,9252,10476,19217,23400,18448,22166,-66,-246,-24,-0.258824,-0.964706,-0.094118,0,62,224660,2026-05-22 02:38:43.250000+00:00,57.75,62.46666666666667,57.75,8866.5,20807.75,0.14400677678949597,0.07454700669720689,1.0032475902467943,0.005141261904968886
2026-05-22T02:38:43.250+00:00,1779417523250785000,1876,R,7749,7965,9244,10462,7749,7965,9244,10462,19201,23387,18441,22150,-65,-244,-25,-0.254902,-0.956863,-0.098039,0,62,a24730,2026-05-22 02:38:43.250000+00:00,57.75,62.5,57.75,8855.0,20794.75,0.014118311449950585,0.012023710757614015,0.9950746082048321,-0.0030317201369933766
2026-05-22T02:38:43.250+00:00,1779417523250860000,1877,R,7755,7961,9249,10459,7755,7961,9249,10459,19204,23391,18439,22149,-65,-244,-25,-0.254902,-0.956863,-0.098039,0,62,b24730,2026-05-22 02:38:43.250000+00:00,57.75,62.53333333333333,57.75,8856.0,20795.75,0.025412960609911054,0.016833195060659622,0.9950746082048321,-0.0030317201369933766
2026-05-22T02:38:43.250+00:00,1779417523250926000,1878,R,7750,7962,9241,10458,7750,7962,9241,10458,19204,23388,18440,22149,-64,-243,-25,-0.25098,-0.952941,-0.098039,0,62,c24730,2026-05-22 02:38:43.250000+00:00,57.75,62.56666666666667,57.75,8852.75,20795.25,-0.011294649159960469,0.014428452909136818,0.9903025575055333,-0.007803770836292134
2026-05-22T02:38:43.401+00:00,1779417523401711000,1879,R,7746,7962,9241,10453,7746,7962,9241,10453,19198,23385,18438,22141,-65,-244,-25,-0.254902,-0.956863,-0.098039,0,62,d24730,2026-05-22 02:38:43.401000+00:00,57.901,62.6,57.901,8850.5,20790.5,-0.03670760976987152,-0.0096188529517855,0.9950746082048321,-0.0030317201369933766
2026-05-22T02:38:43.401+00:00,1779417523401844000,1880,R,7747,7965,9240,10452,7747,7965,9240,10452,19198,23385,18439,22144,-65,-245,-24,-0.254902,-0.960784,-0.094118,0,62,e24730,2026-05-22 02:38:43.401000+00:00,57.901,62.63333333333333,57.901,8851.0,20791.5,-0.03106028518989129,-0.009618390362372857,0.9984683881746081,0.0003620598327827018
2026-05-22T02:38:43.401+00:00,1779417523401917000,1881,R,7745,7961,9238,10453,7745,7961,9238,10453,19194,23383,18436,22142,-65,-246,-25,-0.254902,-0.964706,-0.098039,0,62,f24730,2026-05-22 02:38:43.401000+00:00,57.901,62.666666666666664,57.901,8849.25,20788.75,-0.06493506493506493,-0.024045686804929366,1.0026187418759935,0.0045124135341680915
2026-05-22T02:38:43.401+00:00,1779417523401981000,1882,R,7740,7955,9231,10445,7740,7955,9231,10445,19188,23380,18432,22134,-66,-246,-23,-0.258824,-0.964706,-0.090196,0,62,524780,2026-05-22 02:38:43.401000+00:00,57.901,62.7,57.901,8842.75,20783.5,-0.1411591993450213,-0.05049533519284409,1.0028872557909985,0.0047809274491730225
2026-05-22T02:38:43.402+00:00,1779417523402043000,1883,R,7740,7958,9236,10447,7740,7958,9236,10447,19189,23376,18433,22136,-64,-245,-23,-0.25098,-0.960784,-0.090196,0,62,624780,2026-05-22 02:38:43.402000+00:00,57.902,62.733333333333334,57.902,8845.25,20783.5,-0.11292735947601705,-0.05289860299598451,0.9971119162220456,-0.0009944121197797973
2026-05-22T02:38:43.550+00:00,1779417523550825000,1884,R,7742,7963,9229,10445,7742,7963,9229,10445,19183,23375,18433,22132,-64,-244,-24,-0.25098,-0.956863,-0.094118,0,62,724780,2026-05-22 02:38:43.550000+00:00,58.05,62.766666666666666,58.05,8844.75,20780.75,-0.11857372744981791,-0.06732468531720746,0.9936981227178604,-0.004408205623965045
2026-05-22T02:38:43.550+00:00,1779417523550934000,1885,R,7740,7959,9233,10444,7740,7959,9233,10444,19188,23375,18435,22133,-66,-245,-24,-0.258824,-0.960784,-0.094118,0,62,824780,2026-05-22 02:38:43.550000+00:00,58.05,62.8,58.05,8844.0,20782.75,-0.12704327941051918,-0.057706873129034976,0.9994768409302939,0.001370512588468431
2026-05-22T02:38:43.550+00:00,1779417523550988000,1886,R,7741,7956,9236,10446,7741,7956,9236,10446,19193,23376,18436,22135,-65,-245,-24,-0.254902,-0.960784,-0.094118,0,62,924780,2026-05-22 02:38:43.550000+00:00,58.05,62.833333333333336,58.05,8844.75,20785.0,-0.11857372744981791,-0.046886834417340914,0.9984683881746081,0.0003620598327827018
2026-05-22T02:38:43.551+00:00,1779417523551035000,1887,R,7740,7959,9233,10449,7740,7959,9233,10449,19187,23374,18439,22137,-64,-245,-23,-0.25098,-0.960784,-0.090196,0,62,224860,2026-05-22 02:38:43.551000+00:00,58.051,62.86666666666667,58.051,8845.25,20784.25,-0.11292735947601705,-0.0504935139879056,0.9971119162220456,-0.0009944121197797973
2026-05-22T02:38:43.551+00:00,1779417523551080000,1888,R,7744,7955,9235,10449,7744,7955,9235,10449,19189,23377,18439,22142,-64,-245,-23,-0.25098,-0.960784,-0.090196,0,62,324860,2026-05-22 02:38:43.551000+00:00,58.051,62.9,58.051,8845.75,20786.75,-0.1072809915022162,-0.03847124875268998,0.9971119162220456,-0.0009944121197797973
2026-05-22T02:38:43.701+00:00,1779417523701687000,1889,R,7739,7959,9234,10448,7739,7959,9234,10448,19187,23375,18439,22136,-65,-246,-24,-0.254902,-0.964706,-0.094118,0,62,424860,2026-05-22 02:38:43.701000+00:00,58.201,62.93333333333333,58.201,8845.0,20784.25,-0.11575054346291748,-0.0504935139879056,1.0022429316108943,0.004136603269068839
2026-05-22T02:38:43.701+00:00,1779417523701827000,1890,R,7740,7958,9236,10448,7740,7958,9236,10448,19187,23375,18439,22140,-65,-245,-23,-0.254902,-0.960784,-0.090196,0,62,524860,2026-05-22 02:38:43.701000+00:00,58.201,62.96666666666667,58.201,8845.5,20785.25,-0.11010417548911662,-0.045684607893819354,0.9981063283418254,0.0
2026-05-22T02:38:43.701+00:00,1779417523701900000,1891,R,7742,7961,9237,10450,7742,7961,9237,10450,19189,23376,18436,22140,-66,-245,-24,-0.258824,-0.960784,-0.094118,0,62,624860,2026-05-22 02:38:43.701000+00:00,58.201,63.0,58.201,8847.5,20785.25,-0.08751870359391321,-0.045684607893819354,0.9994768409302939,0.001370512588468431
2026-05-22T02:38:43.701+00:00,1779417523701964000,1892,R,7741,7962,9237,10455,7741,7962,9237,10455,19193,23384,18443,22149,-65,-244,-24,-0.254902,-0.956863,-0.094118,0,62,e24930,2026-05-22 02:38:43.701000+00:00,58.201,63.03333333333333,58.201,8848.75,20792.25,-0.07058159232072275,-0.012022265235215619,0.9946959476629027,-0.003410380678922742
2026-05-22T02:38:43.702+00:00,1779417523702029000,1893,R,7749,7963,9244,10459,7749,7963,9244,10459,19190,23383,18440,22152,-65,-245,-24,-0.254902,-0.960784,-0.094118,0,62,f24930,2026-05-22 02:38:43.702000+00:00,58.202,63.06666666666667,58.202,8853.75,20791.25,-0.014116318464144552,-0.016831171329301866,0.9984683881746081,0.0007087478378184908
2026-05-22T02:38:43.702+00:00,1779417523702091000,1894,R,7746,7966,9238,10458,7746,7966,9238,10458,19193,23382,18441,22149,-64,-245,-24,-0.25098,-0.960784,-0.094118,0,62,024930,2026-05-22 02:38:43.702000+00:00,58.202,63.1,58.202,8852.0,20791.25,-0.01976563602993082,-0.016831171329301866,0.9974743370032133,0.0
2026-05-22T02:38:43.850+00:00,1779417523851012000,1895,R,7744,7966,9238,10459,7744,7966,9238,10459,19191,23385,18445,22148,-64,-245,-24,-0.25098,-0.960784,-0.094118,0,62,124930,2026-05-22 02:38:43.850000+00:00,58.35,63.13333333333333,58.35,8851.75,20792.25,-0.011295924995058033,-0.012022265235215619,0.9974743370032133,0.0
2026-05-22T02:38:43.851+00:00,1779417523851055000,1896,R,7744,7965,9237,10458,7744,7965,9237,10458,19193,23382,18444,22150,-65,-245,-24,-0.254902,-0.960784,-0.094118,0,62,224930,2026-05-22 02:38:43.851000+00:00,58.351,63.166666666666664,58.351,8851.0,20792.25,-0.011296882060551287,-0.010820168794633196,0.9984683881746081,0.0009940511713948386
2026-05-22T02:38:43.851+00:00,1779417523851071000,1897,R,7750,7969,9245,10464,7750,7969,9245,10464,19197,23391,18449,22160,-65,-246,-24,-0.254902,-0.964706,-0.094118,0,62,924990,2026-05-22 02:38:43.851000+00:00,58.351,63.2,58.351,8857.0,20799.25,0.05931030587172028,0.025247667596422045,1.0022429316108943,0.004768594607680976
2026-05-22T02:38:43.851+00:00,1779417523851085000,1898,R,7751,7970,9244,10465,7751,7970,9244,10465,19200,23392,18450,22163,-66,-245,-24,-0.258824,-0.960784,-0.094118,0,62,a24990,2026-05-22 02:38:43.851000+00:00,58.351,63.233333333333334,58.351,8857.5,20801.25,0.06495890643093173,0.0348658266807733,0.9994768409302939,0.002002503927080568
2026-05-22T02:38:43.851+00:00,1779417523851098000,1899,R,7751,7970,9245,10468,7751,7970,9245,10468,19195,23386,18448,22160,-66,-245,-25,-0.258824,-0.960784,-0.098039,0,62,b24990,2026-05-22 02:38:43.851000+00:00,58.351,63.266666666666666,58.351,8858.5,20797.25,0.07625610754935465,0.01562950851207079,0.9998536908733197,0.002379353870106349
2026-05-22T02:38:44.003+00:00,1779417524003662000,1900,R,7748,7973,9244,10470,7748,7973,9244,10470,19202,23391,18451,22164,-65,-245,-24,-0.254902,-0.960784,-0.094118,0,62,c24990,2026-05-22 02:38:44.003000+00:00,58.503,63.3,58.503,8858.75,20802.0,0.07908040782896038,0.03847263633740502,0.9984683881746081,0.0009940511713948386
2026-05-22T02:38:44.003+00:00,1779417524003819000,1901,R,7752,7971,9245,10469,7752,7971,9245,10469,19197,23389,18452,22162,-65,-245,-24,-0.254902,-0.960784,-0.094118,0,62,d24990,2026-05-22 02:38:44.003000+00:00,58.503,63.333333333333336,58.503,8859.25,20800.0,0.08472900838817184,0.028854477253053765,0.9984683881746081,0.0007087478378184908
2026-05-22T02:38:44.003+00:00,1779417524003895000,1902,R,7754,7975,9248,10477,7754,7975,9248,10477,19209,23398,18457,22174,-66,-246,-23,-0.258824,-0.964706,-0.090196,0,61,425050,2026-05-22 02:38:44.003000+00:00,58.503,63.36666666666667,58.503,8863.5,20809.5,0.1327421131414692,0.07454073290372223,1.0028872557909985,0.0051276154542088115
2026-05-22T02:38:44.003+00:00,1779417524003962000,1903,R,7757,7976,9253,10478,7757,7976,9253,10478,19208,23400,18461,22174,-65,-245,-23,-0.254902,-0.960784,-0.090196,0,61,525050,2026-05-22 02:38:44.003000+00:00,58.503,63.4,58.503,8866.0,20810.75,0.16098511593752649,0.08055208233144176,0.9981063283418254,0.0
2026-05-22T02:38:44.004+00:00,1779417524004027000,1904,R,7760,7977,9251,10479,7760,7977,9251,10479,19207,23399,18458,22176,-64,-245,-23,-0.25098,-0.960784,-0.090196,0,61,625050,2026-05-22 02:38:44.004000+00:00,58.504,63.43333333333333,58.504,8866.75,20810.0,0.16945801677634367,0.07694527267481004,0.9971119162220456,-0.0009944121197797973
2026-05-22T02:38:44.298+00:00,1779417524298214000,1905,R,7760,7978,9252,10481,7760,7978,9252,10481,19205,23398,18455,22172,-65,-244,-22,-0.254902,-0.956863,-0.086275,0,61,725050,2026-05-22 02:38:44.298000+00:00,58.798,63.46666666666667,58.798,8867.75,20807.5,0.18075521789476656,0.06492257381937097,0.9939845099386609,-0.004121818403164501
2026-05-22T02:38:44.298+00:00,1779417524298338000,1906,R,7759,7978,9254,10480,7759,7978,9254,10480,19208,23404,18459,22175,-64,-244,-22,-0.25098,-0.956863,-0.086275,0,61,825050,2026-05-22 02:38:44.298000+00:00,58.798,63.5,58.798,8867.75,20811.5,0.18075521789476656,0.08415889198807348,0.9929859700892052,-0.00512035825262025
2026-05-22T02:38:44.298+00:00,1779417524298415000,1907,R,7760,7978,9253,10485,7760,7978,9253,10485,19213,23401,18463,22175,-65,-245,-22,-0.254902,-0.960784,-0.086275,0,61,925050,2026-05-22 02:38:44.298000+00:00,58.798,63.53333333333333,58.798,8869.0,20813.0,0.1948767192927952,0.09137251130133692,0.9977596403367897,-0.000346688005035789
2026-05-22T02:38:44.298+00:00,1779417524298481000,1908,R,7757,7975,9249,10473,7757,7975,9249,10473,19211,23401,18458,22175,-63,-245,-23,-0.247059,-0.960784,-0.090196,0,61,025110,2026-05-22 02:38:44.298000+00:00,58.798,63.56666666666667,58.798,8863.5,20811.25,0.1327421131414692,0.08295662210252958,0.9961322013432755,-0.00197412699854993
2026-05-22T02:38:44.298+00:00,1779417524298547000,1909,R,7757,7974,9245,10472,7757,7974,9245,10472,19212,23399,18458,22168,-65,-245,-23,-0.254902,-0.960784,-0.090196,0,61,125110,2026-05-22 02:38:44.298000+00:00,58.798,63.6,58.798,8862.0,20809.25,0.11579631146383483,0.07333846301817833,0.9981063283418254,-0.0003620598327827018
2026-05-22T02:38:44.304+00:00,1779417524305012000,1910,R,7756,7972,9247,10470,7756,7972,9247,10470,19206,23396,18453,22170,-65,-243,-23,-0.254902,-0.952941,-0.090196,0,61,225110,2026-05-22 02:38:44.304000+00:00,58.804,63.63333333333333,58.804,8861.25,20806.25,0.10449615906009942,0.05650532592752892,0.9905588813901979,-0.00790950678441027
2026-05-22T02:38:44.305+00:00,1779417524305112000,1911,R,7754,7972,9248,10467,7754,7972,9248,10467,19209,23401,18450,22162,-64,-245,-23,-0.25098,-0.960784,-0.090196,0,61,325110,2026-05-22 02:38:44.305000+00:00,58.805,63.666666666666664,58.805,8860.25,20805.5,0.07341521953974305,0.0480873265850785,0.9971119162220456,-0.001356471952562499
2026-05-22T02:38:44.305+00:00,1779417524305185000,1912,R,7755,7971,9245,10465,7755,7971,9245,10465,19204,23398,18454,22164,-65,-244,-23,-0.254902,-0.956863,-0.090196,0,61,425110,2026-05-22 02:38:44.305000+00:00,58.805,63.7,58.805,8859.0,20805.0,0.02822785524755829,0.037264542187068005,0.9943325141968355,-0.0037738141449898954
2026-05-22T02:38:44.305+00:00,1779417524305264000,1913,R,7746,7966,9240,10452,7746,7966,9240,10452,19196,23388,18444,22150,-66,-245,-24,-0.258824,-0.960784,-0.094118,0,61,b25170,2026-05-22 02:38:44.305000+00:00,58.805,63.733333333333334,58.805,8851.0,20794.5,-0.06492223445394756,-0.0144248106743599,0.9994768409302939,0.001370512588468431
2026-05-22T02:38:44.305+00:00,1779417524305326000,1914,R,7747,7966,9236,10455,7747,7966,9236,10455,19196,23385,18449,22152,-66,-246,-24,-0.258824,-0.964706,-0.094118,0,61,c25170,2026-05-22 02:38:44.305000+00:00,58.805,63.766666666666666,58.805,8851.0,20795.5,-0.06774302811335667,-0.018029496255874612,1.0032475902467943,0.005141261904968886
2026-05-22T02:38:44.305+00:00,1779417524305388000,1915,R,7746,7964,9239,10452,7746,7964,9239,10452,19192,23386,18444,22149,-67,-246,-24,-0.262745,-0.964706,-0.094118,0,61,d25170,2026-05-22 02:38:44.305000+00:00,58.805,63.8,58.805,8850.25,20792.75,-0.07621090662752625,-0.03245270318998053,1.0042662990387559,0.006113136854214107
2026-05-22T02:38:44.454+00:00,1779417524454383000,1916,R,7743,7965,9238,10450,7743,7965,9238,10450,19190,23387,18448,22151,-67,-246,-25,-0.262745,-0.964706,-0.098039,0,61,e25170,2026-05-22 02:38:44.454000+00:00,58.954,63.833333333333336,58.954,8849.0,20794.0,-0.09596387242449901,-0.026442943339984135,1.0046413524148805,0.006535024073055062
2026-05-22T02:38:44.454+00:00,1779417524454534000,1917,R,7744,7962,9237,10449,7744,7962,9237,10449,19193,23379,18443,22149,-66,-246,-24,-0.258824,-0.964706,-0.094118,0,61,f25170,2026-05-22 02:38:44.454000+00:00,58.954,63.86666666666667,58.954,8848.0,20791.0,-0.10725373976855772,-0.04086636697997548,1.0032475902467943,0.005141261904968886
2026-05-22T02:38:44.454+00:00,1779417524454684000,1918,R,7740,7964,9232,10451,7740,7964,9232,10451,19191,23379,18446,22145,-66,-244,-24,-0.258824,-0.956863,-0.094118,0,61,625230,2026-05-22 02:38:44.454000+00:00,58.954,63.9,58.954,8846.75,20790.25,-0.12136607394863111,-0.044472222889973316,0.9957082211516585,-0.002398107190166976
2026-05-22T02:38:44.454+00:00,1779417524454780000,1919,R,7745,7963,9235,10451,7745,7963,9235,10451,19193,23378,18444,22149,-68,-245,-25,-0.266667,-0.960784,-0.098039,0,61,725230,2026-05-22 02:38:44.454000+00:00,58.954,63.93333333333333,58.954,8848.5,20791.0,-0.10160880609652836,-0.04086636697997548,1.0019125855412736,0.0038062571994481598
2026-05-22T02:38:44.454+00:00,1779417524454850000,1920,R,7742,7963,9232,10451,7742,7963,9232,10451,19189,23377,18444,22144,-66,-245,-23,-0.258824,-0.960784,-0.090196,0,61,825230,2026-05-22 02:38:44.454000+00:00,58.954,63.96666666666667,58.954,8847.0,20788.5,-0.11854360711261643,-0.05288588667996827,0.9991151465411782,0.0010088181993527234
2026-05-22T02:38:44.602+00:00,1779417524602755000,1921,R,7743,7964,9235,10449,7743,7964,9235,10449,19188,23383,18443,22149,-66,-244,-24,-0.258824,-0.956863,-0.094118,0,61,925230,2026-05-22 02:38:44.602000+00:00,59.102,64.0,59.102,8847.75,20790.75,-0.1100762066045724,-0.04206831894997476,0.9957082211516585,-0.002398107190166976
2026-05-22T02:38:44.603+00:00,1779417524603654000,1922,R,7745,7964,9236,10449,7745,7964,9236,10449,19190,23380,18443,22149,-66,-244,-24,-0.258824,-0.956863,-0.094118,0,61,a25230,2026-05-22 02:38:44.603000+00:00,59.103,64.03333333333333,59.103,8848.5,20790.5,-0.10160880609652836,-0.04327027091997404,0.9957082211516585,-0.002398107190166976
2026-05-22T02:38:44.603+00:00,1779417524603735000,1923,R,7742,7964,9237,10454,7742,7964,9237,10454,19192,23383,18443,22149,-66,-244,-23,-0.258824,-0.956863,-0.090196,0,61,125290,2026-05-22 02:38:44.603000+00:00,59.103,64.06666666666666,59.103,8849.25,20791.75,-0.09314140558848434,-0.037260511069977645,0.9953451573002201,-0.002761171041605337
2026-05-22T02:38:44.603+00:00,1779417524603801000,1924,R,7745,7961,9236,10453,7745,7961,9236,10453,19193,23381,18444,22147,-66,-244,-24,-0.258824,-0.956863,-0.094118,0,61,225290,2026-05-22 02:38:44.603000+00:00,59.103,64.1,59.103,8848.75,20791.25,-0.0987863392605137,-0.0396644150099762,0.9957082211516585,-0.002398107190166976
2026-05-22T02:38:44.603+00:00,1779417524603866000,1925,R,7746,7965,9237,10454,7746,7965,9237,10454,19195,23383,18448,22148,-66,-244,-22,-0.258824,-0.956863,-0.086275,0,61,325290,2026-05-22 02:38:44.603000+00:00,59.103,64.13333333333334,59.103,8850.5,20793.5,-0.07902907140841095,-0.02884684727998269,0.9949975072179829,-0.0031088211238425867
2026-05-22T02:38:44.903+00:00,1779417524903215000,1926,R,7745,7964,9239,10455,7745,7964,9239,10455,19190,23385,18446,22147,-67,-244,-23,-0.262745,-0.956863,-0.090196,0,61,425290,2026-05-22 02:38:44.903000+00:00,59.403,64.16666666666667,59.403,8850.75,20792.0,-0.07620660457239628,-0.03605855909997836,0.9963719457160564,-0.0017812164684853915
2026-05-22T02:38:44.903+00:00,1779417524903345000,1927,R,7746,7965,9236,10456,7746,7965,9236,10456,19191,23380,18445,22153,-66,-245,-24,-0.258824,-0.960784,-0.094118,0,61,525290,2026-05-22 02:38:44.903000+00:00,59.403,64.2,59.403,8850.75,20792.25,-0.07620660457239628,-0.03485660712997909,0.9994768409302939,0.0013236787457521215
2026-05-22T02:38:44.903+00:00,1779417524903426000,1928,R,7745,7973,9243,10466,7745,7973,9243,10466,19190,23391,18452,22157,-67,-244,-22,-0.262745,-0.956863,-0.086275,0,61,125400,2026-05-22 02:38:44.903000+00:00,59.403,64.23333333333333,59.403,8856.75,20797.5,-0.00846740050804403,-0.00961561575999423,0.9960246540216763,-0.0021285081628654723
2026-05-22T02:38:44.903+00:00,1779417524903492000,1929,R,7748,7970,9243,10465,7748,7970,9243,10465,19190,23395,18452,22161,-66,-243,-23,-0.258824,-0.952941,-0.090196,0,61,225400,2026-05-22 02:38:44.903000+00:00,59.403,64.26666666666667,59.403,8856.5,20799.5,-0.002822705845823807,0.0060101210438378225,0.9915753783112004,-0.006577783873341403
2026-05-22T02:38:44.903+00:00,1779417524903555000,1930,R,7748,7972,9244,10468,7748,7972,9244,10468,19191,23393,18456,22159,-66,-243,-23,-0.258824,-0.952941,-0.090196,0,61,325400,2026-05-22 02:38:44.903000+00:00,59.403,64.3,59.403,8858.0,20799.75,0.016936713148534975,0.007212145252605388,0.9915753783112004,-0.006530950030625093
2026-05-22T02:38:45.201+00:00,1779417525201979000,1931,R,7748,7973,9246,10467,7748,7973,9246,10467,19193,23394,18454,22161,-68,-245,-22,-0.266667,-0.960784,-0.086275,0,61,425400,2026-05-22 02:38:45.201000+00:00,59.701,64.33333333333333,59.701,8858.5,20800.5,0.022582284198046632,0.0144248106743599,1.000829935188791,0.0027236068469655983
2026-05-22T02:38:45.202+00:00,1779417525202136000,1932,R,7749,7974,9246,10467,7749,7974,9246,10467,19191,23398,18454,22157,-67,-246,-21,-0.262745,-0.964706,-0.082353,0,61,525400,2026-05-22 02:38:45.202000+00:00,59.702,64.36666666666666,59.702,8859.0,20800.0,0.02822785524755829,0.016829755006852114,1.0032320858455435,0.00512575750371802
2026-05-22T02:38:45.202+00:00,1779417525202211000,1933,R,7751,7974,9245,10469,7751,7974,9245,10469,19192,23401,18456,22162,-67,-245,-22,-0.262745,-0.960784,-0.086275,0,61,625400,2026-05-22 02:38:45.202000+00:00,59.702,64.4,59.702,8859.75,20802.75,0.03669621182182578,0.03366072394599858,0.9997920810378526,0.0016857526960271096
2026-05-22T02:38:45.202+00:00,1779417525202275000,1934,R,7754,7978,9250,10475,7754,7978,9250,10475,19199,23394,18458,22170,-67,-245,-25,-0.262745,-0.960784,-0.098039,0,61,d25460,2026-05-22 02:38:45.202000+00:00,59.702,64.43333333333334,59.702,8864.25,20805.25,0.0875063512674307,0.0456824110695695,1.0008758540408496,0.0027695256990241113
2026-05-22T02:38:45.202+00:00,1779417525202338000,1935,R,7755,7978,9248,10476,7755,7978,9248,10476,19202,23398,18458,22168,-66,-245,-24,-0.258824,-0.960784,-0.094118,0,61,e25460,2026-05-22 02:38:45.202000+00:00,59.702,64.46666666666667,59.702,8864.25,20806.5,0.0875063512674307,0.05169325463135496,0.9994768409302939,0.0013236787457521215
2026-05-22T02:38:45.351+00:00,1779417525351079000,1936,R,7755,7979,9247,10476,7755,7979,9247,10476,19200,23397,18455,22171,-67,-245,-24,-0.262745,-0.960784,-0.094118,0,61,f25460,2026-05-22 02:38:45.351000+00:00,59.851,64.5,59.851,8864.25,20805.75,0.0875063512674307,0.04808674849428369,1.0004993891077594,0.0022922561168154942
2026-05-22T02:38:45.351+00:00,1779417525351113000,1937,R,7755,7978,9246,10476,7755,7978,9246,10476,19202,23399,18459,22173,-67,-244,-25,-0.262745,-0.956863,-0.098039,0,61,025460,2026-05-22 02:38:45.351000+00:00,59.851,64.53333333333333,59.851,8863.75,20808.25,0.08186078021791904,0.06010843561785461,0.9971125218925896,-0.0013019056704339782
2026-05-22T02:38:45.351+00:00,1779417525351129000,1938,R,7756,7978,9250,10478,7756,7978,9250,10478,19201,23393,18459,22170,-65,-245,-25,-0.254902,-0.960784,-0.098039,0,61,125460,2026-05-22 02:38:45.351000+00:00,59.851,64.56666666666666,59.851,8865.5,20805.75,0.10162027889120985,0.04808674849428369,0.9988456185922827,0.0
2026-05-22T02:38:45.351+00:00,1779417525351142000,1939,R,7762,7978,9241,10482,7762,7978,9241,10482,19207,23379,18462,22186,-63,-247,-27,-0.247059,-0.968627,-0.105882,0,61,925530,2026-05-22 02:38:45.351000+00:00,59.851,64.6,59.851,8865.75,20808.5,0.10444306441596568,0.0613106043302117,1.005230029661868,0.006384411069585205
2026-05-22T02:38:45.351+00:00,1779417525351156000,1940,R,7763,7982,9246,10485,7763,7982,9246,10485,19207,23382,18459,22183,-61,-246,-27,-0.239216,-0.964706,-0.105882,0,61,a25530,2026-05-22 02:38:45.351000+00:00,59.851,64.63333333333334,59.851,8869.0,20807.75,0.14113927623779146,0.05770409819314042,0.999546376620915,0.0007007580286322312
2026-05-22T02:38:45.351+00:00,1779417525351169000,1941,R,7761,7982,9245,10485,7761,7982,9245,10485,19209,23381,18460,22188,-62,-245,-25,-0.243137,-0.960784,-0.098039,0,61,b25530,2026-05-22 02:38:45.351000+00:00,59.851,64.66666666666667,59.851,8868.25,20809.5,0.13267091966352396,0.06611927917964007,0.9959081990555153,-0.002937419536767405
2026-05-22T02:38:45.503+00:00,1779417525503399000,1942,R,7761,7981,9245,10488,7761,7981,9245,10488,19210,23379,18461,22185,-63,-245,-26,-0.247059,-0.960784,-0.101961,0,61,c25530,2026-05-22 02:38:45.503000+00:00,60.003,64.7,60.003,8868.75,20808.75,0.13831649071303562,0.06251277304256879,0.9972663082938278,-0.0015793102984549279
2026-05-22T02:38:45.503+00:00,1779417525503535000,1943,R,7762,7984,9246,10486,7762,7984,9246,10486,19207,23383,18461,22188,-65,-245,-27,-0.254902,-0.960784,-0.105882,0,61,d25530,2026-05-22 02:38:45.503000+00:00,60.003,64.73333333333333,60.003,8869.5,20809.75,0.14678484728730312,0.06732144789199716,0.9996458983980278,0.0008002798057450411
2026-05-22T02:38:45.503+00:00,1779417525503609000,1944,R,7754,7975,9240,10472,7754,7975,9240,10472,19199,23379,18452,22168,-68,-242,-27,-0.266667,-0.94902,-0.105882,0,61,525600,2026-05-22 02:38:45.503000+00:00,60.003,64.76666666666667,60.003,8860.25,20799.5,0.03951788184153329,0.015627817515177014,0.9914440212200586,-0.007401597372224122
2026-05-22T02:38:45.503+00:00,1779417525503676000,1945,R,7753,7971,9238,10463,7753,7971,9238,10463,19198,23377,18457,22172,-68,-244,-25,-0.266667,-0.956863,-0.098039,0,61,625600,2026-05-22 02:38:45.503000+00:00,60.003,64.8,60.003,8856.25,20801.0,-0.01693432305043606,0.02163825643738129,0.9981531621845418,-0.00026126537848181197
2026-05-22T02:38:45.503+00:00,1779417525503755000,1946,R,7752,7975,9238,10470,7752,7975,9238,10470,19192,23377,18456,22168,-69,-243,-26,-0.270588,-0.952941,-0.101961,0,61,725600,2026-05-22 02:38:45.503000+00:00,60.003,64.83333333333333,60.003,8858.75,20798.25,0.011289548700290706,0.008414877503426057,0.9958466050281037,-0.002360527962840142
2026-05-22T02:38:45.653+00:00,1779417525653228000,1947,R,7749,7972,9236,10469,7749,7972,9236,10469,19190,23374,18454,22168,-70,-242,-24,-0.27451,-0.94902,-0.094118,0,61,825600,2026-05-22 02:38:45.653000+00:00,60.153,64.86666666666666,60.153,8856.5,20796.5,-0.014111935875363382,0.0,0.9923975505935109,-0.005755611591030885
2026-05-22T02:38:45.653+00:00,1779417525653360000,1948,R,7750,7971,9236,10468,7750,7971,9236,10468,19190,23374,18453,22166,-67,-244,-26,-0.262745,-0.956863,-0.101961,0,61,925600,2026-05-22 02:38:45.653000+00:00,60.153,64.9,60.153,8856.25,20795.75,-0.01693432305043606,-0.003606376072896882,0.9975057800910229,0.0
2026-05-22T02:38:45.653+00:00,1779417525653435000,1949,R,7746,7968,9231,10463,7746,7968,9231,10463,19184,23359,18450,22162,-67,-242,-23,-0.262745,-0.94902,-0.090196,0,61,125670,2026-05-22 02:38:45.653000+00:00,60.153,64.93333333333334,60.153,8852.0,20788.75,-0.06491490502667156,-0.03726588608660111,0.9888423604604527,-0.008663419630570157
2026-05-22T02:38:45.653+00:00,1779417525653509000,1950,R,7741,7963,9220,10452,7741,7963,9220,10452,19187,23356,18446,22158,-69,-245,-26,-0.270588,-0.960784,-0.101961,0,61,225670,2026-05-22 02:38:45.653000+00:00,60.153,64.96666666666667,60.153,8844.0,20786.75,-0.1552312946289972,-0.04688288894765946,1.0033542773721553,0.0060879690783275375
2026-05-22T02:38:45.653+00:00,1779417525653744000,1951,R,7748,7966,9228,10463,7748,7966,9228,10463,19190,23355,18446,22164,-69,-245,-26,-0.270588,-0.960784,-0.101961,0,61,325670,2026-05-22 02:38:45.653000+00:00,60.153,65.0,60.153,8851.25,20788.75,-0.07338206655188959,-0.03726588608660111,1.0033542773721553,0.006241755479565736
2026-05-22T02:38:45.803+00:00,1779417525803829000,1952,R,7750,7968,9231,10464,7750,7968,9231,10464,19191,23356,18445,22163,-71,-243,-27,-0.278431,-0.952941,-0.105882,0,61,425670,2026-05-22 02:38:45.803000+00:00,60.303,65.03333333333333,60.303,8853.25,20788.75,-0.05080296915130818,-0.03726588608660111,0.9984144275630236,0.0013019056704339782
2026-05-22T02:38:45.803+00:00,1779417525803959000,1953,R,7750,7966,9227,10460,7750,7966,9227,10460,19191,23358,18447,22165,-69,-242,-26,-0.270588,-0.94902,-0.101961,0,61,525670,2026-05-22 02:38:45.803000+00:00,60.303,65.06666666666666,60.303,8850.75,20790.25,-0.07902684090203495,-0.030053133940807348,0.9920951928444165,-0.00517111544941129
2026-05-22T02:38:45.804+00:00,1779417525804042000,1954,R,7751,7965,9230,10460,7751,7965,9230,10460,19192,23352,18443,22155,-64,-244,-29,-0.25098,-0.956863,-0.113725,0,61,d25740,2026-05-22 02:38:45.804000+00:00,60.304,65.1,60.304,8851.5,20785.5,-0.07055967937681691,-0.052893515735820934,0.9957465223609872,-0.0015197859328406338
2026-05-22T02:38:45.804+00:00,1779417525804111000,1955,R,7752,7964,9234,10463,7752,7964,9234,10463,19190,23351,18441,22154,-63,-245,-30,-0.247059,-0.960784,-0.117647,0,61,e25740,2026-05-22 02:38:45.804000+00:00,60.304,65.13333333333334,60.304,8853.25,20784.0,-0.05080296915130818,-0.060106267881614696,0.9989919222626378,0.0017256139688099914
2026-05-22T02:38:45.804+00:00,1779417525804176000,1956,R,7748,7965,9227,10459,7748,7965,9227,10459,19193,23351,18444,22160,-62,-246,-29,-0.243137,-0.964706,-0.113725,0,61,f25740,2026-05-22 02:38:45.804000+00:00,60.304,65.16666666666667,60.304,8849.75,20787.0,-0.09031638960232564,-0.045680763590027165,1.001352406912771,0.003846626821748189
2026-05-22T02:38:45.952+00:00,1779417525952188000,1957,R,7751,7964,9226,10460,7751,7964,9226,10460,19193,23349,18443,22157,-64,-245,-30,-0.25098,-0.960784,-0.117647,0,61,025740,2026-05-22 02:38:45.952000+00:00,60.452,65.2,60.452,8850.25,20785.5,-0.0846716152521803,-0.052893515735820934,0.9999688353468822,0.0023943413615959974
2026-05-22T02:38:45.952+00:00,1779417525952221000,1958,R,7753,7964,9226,10460,7753,7964,9226,10460,19195,23351,18441,22159,-63,-246,-31,-0.247059,-0.964706,-0.121569,0,61,125740,2026-05-22 02:38:45.952000+00:00,60.452,65.23333333333333,60.452,8850.75,20786.5,-0.07902684090203495,-0.04808501430529175,1.003232195295785,0.005657701310498808
2026-05-22T02:38:45.952+00:00,1779417525952236000,1959,R,7753,7969,9227,10462,7753,7969,9227,10462,19193,23344,18446,22159,-63,-247,-32,-0.247059,-0.968627,-0.12549,0,61,225740,2026-05-22 02:38:45.952000+00:00,60.452,65.26666666666667,60.452,8852.75,20785.5,-0.056447743501453526,-0.051692011780970125,1.0074840716904658,0.00990957770517964
2026-05-22T02:38:45.952+00:00,1779417525952250000,1960,R,7763,7966,9230,10466,7763,7966,9230,10466,19214,23348,18441,22172,-65,-243,-30,-0.254902,-0.952941,-0.117647,0,61,925800,2026-05-22 02:38:45.952000+00:00,60.452,65.3,60.452,8856.25,20793.75,-0.01693432305043606,-0.009617349698856737,0.9934346459098354,-0.004718516274706319
2026-05-22T02:38:45.952+00:00,1779417525952263000,1961,R,7771,7970,9236,10466,7771,7970,9236,10466,19213,23350,18441,22169,-66,-243,-31,-0.258824,-0.952941,-0.121569,0,62,a25800,2026-05-22 02:38:45.952000+00:00,60.452,65.33333333333333,60.452,8860.75,20793.25,0.03386864610087212,-0.009617580937954581,0.9949198129588133,-0.003287320032130614
2026-05-22T02:38:46.102+00:00,1779417526102491000,1962,R,7770,7964,9230,10467,7770,7964,9230,10467,19216,23349,18439,22175,-67,-244,-31,-0.262745,-0.956863,-0.121569,0,62,b25800,2026-05-22 02:38:46.102000+00:00,60.602,65.36666666666666,60.602,8857.75,20794.75,0.014113927623779145,0.0,0.9997003338776076,0.0015471716930658408
2026-05-22T02:38:46.102+00:00,1779417526102537000,1963,R,7767,7965,9231,10471,7767,7965,9231,10471,19221,23346,18437,22172,-67,-244,-30,-0.262745,-0.956863,-0.117647,0,62,c25800,2026-05-22 02:38:46.102000+00:00,60.602,65.4,60.602,8858.5,20794.0,0.025405786873676783,0.0,0.999230980506009,0.0011323067502525541
2026-05-22T02:38:46.102+00:00,1779417526102554000,1964,R,7773,7963,9233,10471,7773,7963,9233,10471,19226,23348,18436,22175,-67,-244,-31,-0.262745,-0.956863,-0.121569,0,62,d25800,2026-05-22 02:38:46.102000+00:00,60.602,65.43333333333334,60.602,8860.0,20796.25,0.04234297812279464,0.012022843402464683,0.9997003338776076,0.0021258398923214017
2026-05-22T02:38:46.102+00:00,1779417526102567000,1965,R,7776,7967,9236,10475,7776,7967,9236,10475,19235,23354,18435,22181,-67,-245,-30,-0.262745,-0.960784,-0.117647,0,62,325850,2026-05-22 02:38:46.102000+00:00,60.602,65.46666666666667,60.602,8863.5,20801.25,0.08186309103740297,0.03847402402221875,1.0029863639601488,0.005411869974862649
2026-05-22T02:38:46.102+00:00,1779417526102580000,1966,R,7776,7966,9239,10475,7776,7966,9239,10475,19234,23357,18434,22181,-66,-244,-30,-0.258824,-0.956863,-0.117647,0,62,425850,2026-05-22 02:38:46.102000+00:00,60.602,65.5,60.602,8864.0,20801.5,0.09033423667570009,0.04448772980317185,0.9982071329909439,0.0006326390056576869
2026-05-22T02:38:46.102+00:00,1779417526102593000,1967,R,7775,7968,9237,10478,7775,7968,9237,10478,19234,23358,18438,22185,-65,-245,-30,-0.254902,-0.960784,-0.117647,0,62,525850,2026-05-22 02:38:46.102000+00:00,60.602,65.53333333333333,60.602,8864.5,20803.75,0.10728402032749859,0.0649342840995178,1.0009604092415443,0.0033859152562580874
2026-05-22T02:38:46.252+00:00,1779417526252978000,1968,R,7770,7966,9233,10473,7770,7966,9233,10473,19231,23356,18436,22183,-66,-245,-28,-0.258824,-0.960784,-0.109804,0,62,625850,2026-05-22 02:38:46.252000+00:00,60.752,65.56666666666666,60.752,8860.5,20801.5,0.062111801242236024,0.061331248872587334,1.0010757593948623,0.003501265409576071
2026-05-22T02:38:46.253+00:00,1779417526253112000,1969,R,7778,7967,9242,10480,7778,7967,9242,10480,19234,23362,18439,22184,-65,-244,-28,-0.254902,-0.956863,-0.109804,0,62,725850,2026-05-22 02:38:46.253000+00:00,60.753,65.6,60.753,8866.75,20804.75,0.13269339356295878,0.07696470446756058,0.996302538784781,-0.0012032413062418312
2026-05-22T02:38:46.253+00:00,1779417526253188000,1970,R,7774,7980,9252,10495,7774,7980,9252,10495,19229,23386,18454,22189,-62,-244,-26,-0.243137,-0.956863,-0.101961,0,62,125940,2026-05-22 02:38:46.253000+00:00,60.753,65.63333333333334,60.753,8875.25,20814.5,0.22868435911914173,0.12386507125248031,0.9925212577365787,-0.004984522354444132
2026-05-22T02:38:46.253+00:00,1779417526253256000,1971,R,7777,7981,9254,10492,7777,7981,9254,10492,19230,23389,18458,22192,-64,-243,-27,-0.25098,-0.952941,-0.105882,0,62,225940,2026-05-22 02:38:46.253000+00:00,60.753,65.66666666666667,60.753,8876.0,20817.25,0.23715415019762845,0.13709337983284228,0.9911097355010695,-0.0063960445899533536
2026-05-22T02:38:46.253+00:00,1779417526253322000,1972,R,7772,7979,9252,10490,7772,7979,9252,10490,19225,23389,18456,22183,-64,-244,-27,-0.25098,-0.956863,-0.105882,0,62,325940,2026-05-22 02:38:46.253000+00:00,60.753,65.7,60.753,8873.25,20813.25,0.20609824957651043,0.11785220371595213,0.9948812788936175,-0.0026245011974053156
2026-05-22T02:38:46.402+00:00,1779417526402968000,1973,R,7771,7981,9255,10488,7771,7981,9255,10488,19223,23390,18455,22184,-64,-244,-28,-0.25098,-0.956863,-0.109804,0,62,425940,2026-05-22 02:38:46.402000+00:00,60.902,65.73333333333333,60.902,8873.75,20813.0,0.21174477696216826,0.11664963020864651,0.9953063244976392,-0.002268169487646965
2026-05-22T02:38:46.403+00:00,1779417526403140000,1974,R,7768,7981,9249,10483,7768,7981,9249,10483,19219,23393,18458,22181,-64,-245,-28,-0.25098,-0.960784,-0.109804,0,62,525940,2026-05-22 02:38:46.403000+00:00,60.903,65.76666666666667,60.903,8870.25,20812.75,0.17221908526256352,0.11544705670134087,0.9990764602731864,0.001501966287900225
2026-05-22T02:38:46.403+00:00,1779417526403218000,1975,R,7757,7971,9239,10464,7757,7971,9239,10464,19200,23378,18451,22160,-63,-244,-30,-0.247059,-0.956863,-0.117647,0,62,c26000,2026-05-22 02:38:46.403000+00:00,60.903,65.8,60.903,8857.75,20797.25,0.031055900621118012,0.04209057892584843,0.9952214662370381,-0.002353027748248082
2026-05-22T02:38:46.403+00:00,1779417526403287000,1976,R,7751,7972,9238,10463,7751,7972,9238,10463,19194,23377,18451,22159,-65,-244,-29,-0.254902,-0.956863,-0.113725,0,62,d26000,2026-05-22 02:38:46.403000+00:00,60.903,65.83333333333333,60.903,8856.0,20795.25,0.01129305477131564,0.03246987517136878,0.996742296683551,-0.0008321973017352269
2026-05-22T02:38:46.403+00:00,1779417526403353000,1977,R,7758,7971,9246,10459,7758,7971,9246,10459,19197,23371,18448,22153,-64,-244,-30,-0.25098,-0.956863,-0.117647,0,62,e26000,2026-05-22 02:38:46.403000+00:00,60.903,65.86666666666666,60.903,8858.5,20792.25,0.0508244861079738,0.019241638906593868,0.9962020767786022,-0.001372417206684018
2026-05-22T02:38:46.554+00:00,1779417526554320000,1978,R,7754,7969,9236,10461,7754,7969,9236,10461,19190,23368,18444,22152,-64,-243,-31,-0.25098,-0.952941,-0.121569,0,62,f26000,2026-05-22 02:38:46.554000+00:00,61.054,65.9,61.054,8855.0,20788.5,0.01694245213757271,0.003607894072230039,0.9929081184288907,-0.0051210955894164245
2026-05-22T02:38:46.554+00:00,1779417526554477000,1979,R,7750,7966,9237,10460,7750,7966,9237,10460,19187,23370,18444,22150,-64,-242,-31,-0.25098,-0.94902,-0.121569,0,62,026000,2026-05-22 02:38:46.554000+00:00,61.054,65.93333333333334,61.054,8853.25,20787.75,0.0,0.0036080242459229327,0.9891455618669074,-0.008953111888849064
2026-05-22T02:38:46.554+00:00,1779417526554553000,1980,R,7743,7964,9229,10452,7743,7964,9229,10452,19180,23358,18439,22143,-64,-243,-29,-0.25098,-0.952941,-0.113725,0,62,926080,2026-05-22 02:38:46.554000+00:00,61.054,65.96666666666667,61.054,8847.0,20780.0,-0.07059554400926213,-0.032472608753172094,0.9919782686662042,-0.00612040508955225
2026-05-22T02:38:46.554+00:00,1779417526554621000,1981,R,7743,7963,9228,10450,7743,7963,9228,10450,19180,23356,18436,22140,-64,-243,-30,-0.25098,-0.952941,-0.117647,0,62,a26080,2026-05-22 02:38:46.554000+00:00,61.054,66.0,61.054,8846.0,20778.0,-0.08189083105074407,-0.04209412245781568,0.9924355528143881,-0.00559366120391902
2026-05-22T02:38:46.554+00:00,1779417526554686000,1982,R,7740,7960,9227,10449,7740,7960,9227,10449,19180,23359,18440,22141,-63,-244,-29,-0.247059,-0.956863,-0.113725,0,62,b26080,2026-05-22 02:38:46.554000+00:00,61.054,66.03333333333333,61.054,8844.0,20780.0,-0.10448140513370796,-0.03127029562456402,0.9947654627473754,-0.002809031237910764
2026-05-22T02:38:46.704+00:00,1779417526704486000,1983,R,7742,7963,9228,10448,7742,7963,9228,10448,19174,23358,18438,22143,-65,-245,-30,-0.254902,-0.960784,-0.117647,0,62,c26080,2026-05-22 02:38:46.704000+00:00,61.204,66.06666666666666,61.204,8845.25,20778.25,-0.09036229633185554,-0.03968922136963895,1.0009604092415443,0.0033859152562580874
2026-05-22T02:38:46.704+00:00,1779417526704635000,1984,R,7742,7962,9227,10451,7742,7962,9227,10451,19180,23355,18440,22142,-64,-244,-29,-0.25098,-0.956863,-0.113725,0,62,d26080,2026-05-22 02:38:46.704000+00:00,61.204,66.1,61.204,8845.5,20779.25,-0.08753847457148504,-0.030069038512424526,0.9957465223609872,-0.0018279716242990407
2026-05-22T02:38:46.704+00:00,1779417526704711000,1985,R,7741,7964,9228,10450,7741,7964,9228,10450,19178,23354,18436,22137,-64,-244,-29,-0.25098,-0.956863,-0.113725,0,62,e26080,2026-05-22 02:38:46.704000+00:00,61.204,66.13333333333334,61.204,8845.75,20776.25,-0.08471465281111457,-0.0445021769983883,0.9957465223609872,-0.0018279716242990407
2026-05-22T02:38:46.704+00:00,1779417526704779000,1986,R,7740,7960,9226,10448,7740,7960,9226,10448,19173,23354,18434,22138,-62,-245,-29,-0.243137,-0.960784,-0.113725,0,62,526140,2026-05-22 02:38:46.704000+00:00,61.204,66.16666666666667,61.204,8843.5,20774.75,-0.11012904865444893,-0.051718746241370184,0.9975744939852862,0.0
2026-05-22T02:38:46.704+00:00,1779417526704843000,1987,R,7741,7962,9226,10450,7741,7962,9226,10450,19172,23356,18437,22136,-62,-245,-29,-0.243137,-0.960784,-0.113725,0,62,626140,2026-05-22 02:38:46.704000+00:00,61.204,66.2,61.204,8844.75,20775.25,-0.09600993985259651,-0.04931322316037622,0.9975744939852862,0.0
2026-05-22T02:38:46.853+00:00,1779417526853647000,1988,R,7741,7961,9229,10449,7741,7961,9229,10449,19175,23355,18436,22139,-62,-246,-29,-0.243137,-0.964706,-0.113725,0,62,726140,2026-05-22 02:38:46.853000+00:00,61.353,66.23333333333333,61.353,8845.0,20776.25,-0.09318611809222602,-0.04329993625287163,1.001352406912771,0.003777912927484861
2026-05-22T02:38:46.853+00:00,1779417526853803000,1989,R,7741,7959,9230,10451,7741,7959,9230,10451,19174,23354,18437,22141,-62,-246,-29,-0.243137,-0.964706,-0.113725,0,62,826140,2026-05-22 02:38:46.853000+00:00,61.353,66.26666666666667,61.353,8845.25,20776.5,-0.09036229633185554,-0.04089487611258119,1.001352406912771,0.003777912927484861
2026-05-22T02:38:46.853+00:00,1779417526853881000,1990,R,7740,7962,9229,10449,7740,7962,9229,10449,19174,23355,18436,22139,-63,-246,-28,-0.247059,-0.964706,-0.109804,0,62,926140,2026-05-22 02:38:46.853000+00:00,61.353,66.3,61.353,8845.0,20776.0,-0.09318611809222602,-0.03969351792823893,1.0018746100850147,0.004300116099728468
2026-05-22T02:38:46.853+00:00,1779417526853948000,1991,R,7742,7964,9231,10457,7742,7964,9231,10457,19175,23359,18438,22147,-63,-246,-28,-0.247059,-0.964706,-0.109804,0,62,026200,2026-05-22 02:38:46.853000+00:00,61.353,66.33333333333333,61.353,8848.5,20779.75,-0.01694915254237288,-0.014435048297265761,1.0018746100850147,0.004300116099728468
2026-05-22T02:38:46.854+00:00,1779417526854013000,1992,R,7743,7966,9231,10456,7743,7966,9231,10456,19172,23355,18437,22146,-62,-244,-28,-0.243137,-0.956863,-0.109804,0,62,126200,2026-05-22 02:38:46.854000+00:00,61.354,66.36666666666666,61.354,8849.0,20777.5,-0.011299435028248588,-0.020450635774176863,0.9933575992330255,-0.004216894752260725
2026-05-22T02:38:46.854+00:00,1779417526854076000,1993,R,7743,7964,9230,10457,7743,7964,9230,10457,19172,23358,18440,22147,-63,-245,-28,-0.247059,-0.960784,-0.109804,0,62,226200,2026-05-22 02:38:46.854000+00:00,61.354,66.4,61.354,8848.5,20779.25,-0.014124692787931863,-0.003609239653512993,0.9980986737557564,0.0005241797704702567
2026-05-22T02:38:47.004+00:00,1779417527004459000,1994,R,7742,7966,9234,10458,7742,7966,9234,10458,19177,23359,18440,22151,-62,-245,-28,-0.243137,-0.960784,-0.109804,0,62,326200,2026-05-22 02:38:47.004000+00:00,61.504,66.43333333333334,61.504,8850.0,20781.75,0.011300711944852526,0.008421559191530318,0.9971351031033858,-0.00043939088190037
2026-05-22T02:38:47.004+00:00,1779417527004619000,1995,R,7743,7965,9231,10460,7743,7965,9231,10460,19179,23360,18440,22152,-62,-245,-28,-0.243137,-0.960784,-0.109804,0,62,426200,2026-05-22 02:38:47.004000+00:00,61.504,66.46666666666667,61.504,8849.75,20782.75,0.014126688139232638,0.014437132304286626,0.9971351031033858,-0.00029317024613173537
2026-05-22T02:38:47.004+00:00,1779417527004695000,1996,R,7747,7968,9235,10464,7747,7968,9235,10464,19177,23361,18444,22155,-62,-245,-29,-0.243137,-0.960784,-0.113725,0,62,b26260,2026-05-22 02:38:47.004000+00:00,61.504,66.5,61.504,8853.5,20784.25,0.05650675255693055,0.02406246616215696,0.9975744939852862,0.00043939088190037
2026-05-22T02:38:47.004+00:00,1779417527004979000,1997,R,7747,7968,9235,10466,7747,7968,9235,10466,19182,23361,18443,22155,-63,-245,-29,-0.247059,-0.960784,-0.113725,0,62,c26260,2026-05-22 02:38:47.004000+00:00,61.504,66.53333333333333,61.504,8854.0,20785.25,0.06781193490054249,0.02887495939458835,0.9985376406335417,0.0014025375301558451
2026-05-22T02:38:47.005+00:00,1779417527005052000,1998,R,7750,7972,9235,10469,7750,7972,9235,10469,19186,23364,18445,22160,-64,-244,-30,-0.25098,-0.956863,-0.117647,0,62,d26260,2026-05-22 02:38:47.005000+00:00,61.505,66.56666666666666,61.505,8856.5,20788.75,0.10172365074879909,0.0505336108671327,0.9962020767786022,-0.0009330263247836479
2026-05-22T02:38:47.153+00:00,1779417527153607000,1999,R,7748,7971,9237,10466,7748,7971,9237,10466,19182,23362,18442,22154,-62,-244,-30,-0.243137,-0.956863,-0.117647,0,62,e26260,2026-05-22 02:38:47.153000+00:00,61.653,66.6,61.653,8855.5,20785.0,0.09607776647451113,0.033689479256906345,0.9942551071767246,-0.0028799959266612163
2026-05-22T02:38:47.153+00:00,1779417527153759000,2000,R,7751,7970,9238,10469,7751,7970,9238,10469,19180,23364,18443,22160,-62,-245,-30,-0.243137,-0.960784,-0.117647,0,62,f26260,2026-05-22 02:38:47.153000+00:00,61.653,66.63333333333334,61.653,8857.0,20786.75,0.11303266644060134,0.044519311755504755,0.9980292140183071,0.0008941109149213089
2026-05-22T02:38:47.153+00:00,1779417527153830000,2001,R,7760,7972,9240,10476,7760,7972,9240,10476,19195,23362,18441,22164,-42,-251,-37,-0.164706,-0.984314,-0.145098,0,62,826340,2026-05-22 02:38:47.153000+00:00,61.653,66.66666666666667,61.653,8862.0,20790.5,0.18087271082975356,0.06377167334464379,1.0084917186749727,0.011356615571586848
2026-05-22T02:38:47.153+00:00,1779417527153895000,2002,R,7761,7971,9240,10477,7761,7971,9240,10477,19199,23363,18434,22164,-31,-246,-45,-0.121569,-0.964706,-0.176471,0,62,926340,2026-05-22 02:38:47.153000+00:00,61.653,66.7,61.653,8862.25,20790.0,0.18369884693646846,0.06377320803301767,0.9882199664234679,-0.008915136679917945
2026-05-22T02:38:47.153+00:00,1779417527153968000,2003,R,7763,7966,9239,10475,7763,7966,9239,10475,19198,23364,18426,22165,-23,-256,-47,-0.090196,-1.003922,-0.184314,0,62,a26340,2026-05-22 02:38:47.153000+00:00,61.653,66.73333333333333,61.653,8860.75,20788.25,0.16674203029617907,0.05655428007604746,1.0246786574804805,0.02754355437709466
2026-05-22T02:38:47.304+00:00,1779417527304421000,2004,R,7767,7964,9240,10474,7767,7964,9240,10474,19208,23358,18426,22169,-23,-261,-47,-0.090196,-1.023529,-0.184314,0,62,b26340,2026-05-22 02:38:47.304000+00:00,61.804,66.76666666666667,61.804,8861.25,20790.25,0.17522539072435916,0.06738463389687745,1.0438958678206365,0.04646759447111892
2026-05-22T02:38:47.304+00:00,1779417527304576000,2005,R,7765,7963,9241,10476,7765,7963,9241,10476,19206,23356,18419,22165,-29,-264,-45,-0.113725,-1.035294,-0.176471,0,62,c26340,2026-05-22 02:38:47.304000+00:00,61.804,66.8,61.804,8861.25,20786.5,0.17522539072435916,0.04933517838878527,1.0563659668419842,0.05893769349246669
2026-05-22T02:38:47.304+00:00,1779417527304651000,2006,R,7765,7962,9239,10473,7765,7962,9239,10473,19210,23355,18421,22168,-37,-262,-44,-0.145098,-1.027451,-0.172549,0,62,d26340,2026-05-22 02:38:47.304000+00:00,61.804,66.83333333333333,61.804,8859.75,20788.5,0.15826809484780827,0.060165575664227956,1.05189455004102,0.054320056055733756
2026-05-22T02:38:47.304+00:00,1779417527304718000,2007,R,7755,7959,9236,10450,7755,7959,9236,10450,19191,23359,18416,22141,-88,-247,-32,-0.345098,-0.968627,-0.12549,0,62,426400,2026-05-22 02:38:47.304000+00:00,61.804,66.86666666666666,61.804,8850.0,20776.75,0.050873325419704934,0.007220129721663999,1.0358950887194127,0.03832059473412652
2026-05-22T02:38:47.304+00:00,1779417527304782000,2008,R,7752,7956,9233,10451,7752,7956,9233,10451,19187,23365,18419,22138,-94,-244,-31,-0.368627,-0.956863,-0.121569,0,62,526400,2026-05-22 02:38:47.304000+00:00,61.804,66.9,61.804,8848.0,20777.25,0.03109013312229728,0.012033839155705845,1.0325946385968698,0.03502014461158365
2026-05-22T02:38:47.453+00:00,1779417527453278000,2009,R,7750,7954,9237,10449,7750,7954,9237,10449,19182,23362,18418,22132,-94,-238,-31,-0.368627,-0.933333,-0.121569,0,62,626400,2026-05-22 02:38:47.453000+00:00,61.953,66.93333333333334,61.953,8847.5,20773.5,0.025437381645515955,-0.002406854722248965,1.0108290536876152,0.013254559702329027
2026-05-22T02:38:47.453+00:00,1779417527453378000,2010,R,7750,7955,9237,10446,7750,7955,9237,10446,19185,23367,18415,22129,-92,-232,-31,-0.360784,-0.909804,-0.121569,0,62,726400,2026-05-22 02:38:47.453000+00:00,61.953,66.96666666666667,61.953,8847.0,20774.0,0.01978463016873463,0.0024069126531398176,0.9862491748199336,-0.01132531916535262
2026-05-22T02:38:47.453+00:00,1779417527453407000,2011,R,7746,7951,9233,10443,7746,7951,9233,10443,19182,23363,18412,22126,-85,-229,-33,-0.333333,-0.898039,-0.129412,0,62,826400,2026-05-22 02:38:47.453000+00:00,61.953,67.0,61.953,8843.25,20770.75,-0.01978518937252685,-0.008424599831508003,0.9666087109859915,-0.030965782999294644
2026-05-22T02:38:47.453+00:00,1779417527453438000,2012,R,7746,7948,9231,10434,7746,7948,9231,10434,19173,23358,18404,22118,-91,-228,-32,-0.356863,-0.894118,-0.12549,0,62,e26450,2026-05-22 02:38:47.453000+00:00,61.953,67.03333333333333,61.953,8839.75,20763.25,-0.059355568117580554,-0.0361084698434096,0.9708480513411972,-0.027181162677109905
2026-05-22T02:38:47.453+00:00,1779417527453463000,2013,R,7742,7945,9229,10433,7742,7945,9229,10433,19179,23355,18399,22111,-85,-224,-34,-0.333333,-0.878431,-0.133333,0,62,f26450,2026-05-22 02:38:47.453000+00:00,61.953,67.06666666666666,61.953,8837.25,20761.0,-0.08762012436404748,-0.04573794564406249,0.9489623804656325,-0.049066833552674605
2026-05-22T02:38:47.603+00:00,1779417527603426000,2014,R,7743,7942,9228,10431,7743,7942,9228,10431,19175,23355,18396,22110,-83,-227,-34,-0.32549,-0.890196,-0.133333,0,62,026450,2026-05-22 02:38:47.603000+00:00,62.103,67.1,62.103,8836.0,20759.0,-0.09892874303965629,-0.043335901386748844,0.9571678783813213,-0.04040661560396486
2026-05-22T02:38:47.603+00:00,1779417527603564000,2015,R,7744,7942,9228,10431,7744,7942,9228,10431,19173,23355,18394,22110,-82,-228,-35,-0.321569,-0.894118,-0.137255,0,62,126450,2026-05-22 02:38:47.603000+00:00,62.103,67.13333333333334,62.103,8836.25,20758.0,-0.09327830855333823,-0.04574455278680631,0.9600482043678848,-0.03798100965042228
2026-05-22T02:38:47.603+00:00,1779417527603641000,2016,R,7744,7941,9226,10431,7744,7941,9226,10431,19177,23352,18393,22108,-79,-229,-36,-0.309804,-0.898039,-0.141176,0,62,226450,2026-05-22 02:38:47.603000+00:00,62.103,67.16666666666667,62.103,8835.5,20757.5,-0.1017581547854599,-0.04333903161341584,0.9604078440501203,-0.03762136996818688
2026-05-22T02:38:47.603+00:00,1779417527603710000,2017,R,7747,7936,9222,10432,7747,7936,9222,10432,19176,23338,18383,22114,-69,-250,-39,-0.270588,-0.980392,-0.152941,0,62,c26540,2026-05-22 02:38:47.603000+00:00,62.103,67.2,62.103,8834.25,20752.75,-0.11589123183899598,-0.06380622170856207,1.028483003694762,0.030453789676454956
2026-05-22T02:38:47.603+00:00,1779417527603787000,2018,R,7745,7936,9223,10432,7745,7936,9223,10432,19179,23341,18383,22115,-69,-251,-38,-0.270588,-0.984314,-0.14902,0,62,d26540,2026-05-22 02:38:47.603000+00:00,62.103,67.23333333333333,62.103,8834.0,20754.5,-0.11307100859339665,-0.04936250135445888,1.031648620771627,0.03354994701587044
2026-05-22T02:38:47.603+00:00,1779417527603852000,2019,R,7745,7936,9224,10432,7745,7936,9224,10432,19178,23337,18386,22112,-69,-250,-37,-0.270588,-0.980392,-0.145098,0,62,e26540,2026-05-22 02:38:47.603000+00:00,62.103,67.26666666666667,62.103,8834.25,20753.25,-0.11024423337856173,-0.05177229820843768,1.027345983109877,0.029247309354120565
2026-05-22T02:38:47.753+00:00,1779417527753267000,2020,R,7746,7939,9224,10433,7746,7939,9224,10433,19180,23339,18382,22110,-71,-247,-37,-0.278431,-0.968627,-0.145098,0,62,f26540,2026-05-22 02:38:47.753000+00:00,62.253,67.3,62.253,8835.5,20752.75,-0.08763746360218246,-0.054180312078597574,1.0182413841982656,0.020212170179958466
2026-05-22T02:38:47.753+00:00,1779417527753404000,2021,R,7744,7934,9224,10432,7744,7934,9224,10432,19180,23338,18384,22114,-71,-243,-37,-0.278431,-0.952941,-0.145098,0,62,026540,2026-05-22 02:38:47.753000+00:00,62.253,67.33333333333333,62.253,8833.5,20754.0,-0.11025358324145534,-0.046956835831677805,1.0033313514716862,0.00575685748639998
2026-05-22T02:38:47.753+00:00,1779417527753476000,2022,R,7751,7936,9230,10433,7751,7936,9230,10433,19185,23348,18377,22115,-72,-237,-39,-0.282353,-0.929412,-0.152941,0,62,826610,2026-05-22 02:38:47.753000+00:00,62.253,67.36666666666666,62.253,8837.5,20756.25,-0.05371935876049648,-0.033713411917691116,0.9833213268479435,-0.014214853558060625
2026-05-22T02:38:47.753+00:00,1779417527753541000,2023,R,7750,7938,9228,10438,7750,7938,9228,10438,19184,23345,18382,22115,-71,-241,-41,-0.278431,-0.945098,-0.160784,0,62,926610,2026-05-22 02:38:47.753000+00:00,62.253,67.4,62.253,8838.5,20756.5,-0.039583804569102016,-0.031305688002697105,0.9982913132052187,0.0007168192199324963
2026-05-22T02:38:47.753+00:00,1779417527753604000,2024,R,7750,7937,9229,10438,7750,7937,9229,10438,19185,23344,18378,22118,-69,-241,-43,-0.270588,-0.945098,-0.168627,0,62,a26610,2026-05-22 02:38:47.753000+00:00,62.253,67.43333333333334,62.253,8838.5,20756.25,-0.014140671399078028,-0.02287943740667598,0.9974282733495176,-0.00014622063576863464
2026-05-22T02:38:47.904+00:00,1779417527904034000,2025,R,7750,7937,9229,10438,7750,7937,9229,10438,19188,23344,18379,22116,-70,-240,-44,-0.27451,-0.941176,-0.172549,0,62,b26610,2026-05-22 02:38:47.904000+00:00,62.404,67.46666666666667,62.404,8838.5,20756.75,-0.005656748500961648,-0.010838672383062768,0.995460275690095,-0.0025689383282121447
2026-05-22T02:38:47.904+00:00,1779417527904350000,2026,R,7751,7937,9230,10438,7751,7937,9230,10438,19184,23347,18379,22121,-70,-240,-45,-0.27451,-0.941176,-0.176471,0,62,c26610,2026-05-22 02:38:47.904000+00:00,62.404,67.5,62.404,8839.0,20757.75,0.005657068507099621,-0.0012043549474901243,0.9961475879190794,-0.002143725286139264
2026-05-22T02:38:47.904+00:00,1779417527904430000,2027,R,7754,7939,9234,10446,7754,7939,9234,10446,19186,23355,18386,22129,-79,-240,-44,-0.309804,-0.941176,-0.172549,0,62,426680,2026-05-22 02:38:47.904000+00:00,62.404,67.53333333333333,62.404,8843.25,20764.0,0.0537421508174464,0.03010923630933025,1.005765349767529,0.007227709133987292
2026-05-22T02:38:47.904+00:00,1779417527904498000,2028,R,7755,7943,9238,10442,7755,7943,9238,10442,19185,23353,18389,22128,-79,-239,-44,-0.309804,-0.937255,-0.172549,0,62,526680,2026-05-22 02:38:47.904000+00:00,62.404,67.56666666666666,62.404,8844.5,20763.75,0.06788482208519545,0.030109598940142118,1.002097106493178,0.0030199279098616083
2026-05-22T02:38:47.904+00:00,1779417527904561000,2029,R,7755,7944,9234,10448,7755,7944,9234,10448,19186,23354,18385,22127,-75,-236,-46,-0.294118,-0.92549,-0.180392,0,62,626680,2026-05-22 02:38:47.904000+00:00,62.404,67.6,62.404,8845.25,20763.0,0.07637042484584489,0.02649644706732506,0.9877137296241255,-0.011363448959190947
2026-05-22T02:38:48.053+00:00,1779417528053275000,2030,R,7757,7940,9233,10446,7757,7940,9233,10446,19187,23356,18387,22129,-73,-236,-46,-0.286275,-0.92549,-0.180392,0,62,726680,2026-05-22 02:38:48.053000+00:00,62.553,67.63333333333334,62.553,8844.0,20764.75,0.06222775357809583,0.034927134770564854,0.985406712677055,-0.01367046590626142
2026-05-22T02:38:48.053+00:00,1779417528053411000,2031,R,7755,7939,9237,10447,7755,7939,9237,10447,19190,23356,18383,22127,-70,-236,-47,-0.27451,-0.92549,-0.184314,0,62,826680,2026-05-22 02:38:48.053000+00:00,62.553,67.66666666666667,62.553,8844.5,20764.0,0.06788482208519545,0.031313982897747804,0.9827813239963406,-0.01629585458697591
2026-05-22T02:38:48.053+00:00,1779417528053488000,2032,R,7757,7942,9236,10451,7757,7942,9236,10451,19190,23358,18385,22133,-71,-237,-46,-0.278431,-0.929412,-0.180392,0,62,926680,2026-05-22 02:38:48.053000+00:00,62.553,67.7,62.553,8846.5,20766.5,0.09051309611359394,0.043357822473804646,0.9868494115968252,-0.011441901608393534
2026-05-22T02:38:48.053+00:00,1779417528053566000,2033,R,7757,7944,9239,10454,7757,7944,9239,10454,19196,23363,18391,22140,-73,-242,-52,-0.286275,-0.94902,-0.203922,0,62,026740,2026-05-22 02:38:48.053000+00:00,62.553,67.73333333333333,62.553,8848.5,20772.5,0.12163729456026703,0.07226303745634108,1.0120160661318574,0.013724752926638661
2026-05-22T02:38:48.053+00:00,1779417528053640000,2034,R,7755,7942,9231,10448,7755,7942,9231,10448,19195,23361,18387,22139,-74,-245,-51,-0.290196,-0.960784,-0.2,0,62,126740,2026-05-22 02:38:48.053000+00:00,62.553,67.76666666666667,62.553,8844.0,20770.5,0.07355021216407355,0.06624351114697628,1.0233863459476094,0.025095032742390666
2026-05-22T02:38:48.204+00:00,1779417528204558000,2035,R,7758,7943,9237,10452,7758,7943,9237,10452,19194,23356,18384,22136,-77,-246,-51,-0.301961,-0.964706,-0.2,0,62,226740,2026-05-22 02:38:48.204000+00:00,62.704,67.8,62.704,8847.5,20767.5,0.1159863079577923,0.052995447209307926,1.0304552935266043,0.032163980321385566
2026-05-22T02:38:48.204+00:00,1779417528204725000,2036,R,7758,7944,9236,10450,7758,7944,9236,10450,19193,23360,18386,22133,-77,-243,-51,-0.301961,-0.952941,-0.2,0,62,326740,2026-05-22 02:38:48.204000+00:00,62.704,67.83333333333333,62.704,8847.0,20768.0,0.12165794313198472,0.05660945498343872,1.01944935872362,0.02115804551840128
2026-05-22T02:38:48.204+00:00,1779417528204800000,2037,R,7753,7940,9233,10442,7753,7940,9233,10442,19189,23362,18382,22131,-77,-241,-52,-0.301961,-0.945098,-0.203922,0,62,426740,2026-05-22 02:38:48.204000+00:00,62.704,67.86666666666666,62.704,8842.0,20766.0,0.06790402897238569,0.04697380307136405,1.0129041698053178,0.01536798939931372
2026-05-22T02:38:48.204+00:00,1779417528204867000,2038,R,7747,7934,9227,10428,7747,7934,9227,10428,19177,23352,18371,22111,-83,-237,-44,-0.32549,-0.929412,-0.172549,0,62,c26810,2026-05-22 02:38:48.204000+00:00,62.704,67.9,62.704,8834.0,20752.75,-0.016976967913530643,-0.008431906333566214,0.999761753241741,0.0022255728357368776
2026-05-22T02:38:48.204+00:00,1779417528204931000,2039,R,7751,7941,9241,10436,7751,7941,9241,10436,19174,23355,18370,22107,-85,-235,-43,-0.333333,-0.921569,-0.168627,0,62,d26810,2026-05-22 02:38:48.204000+00:00,62.704,67.93333333333334,62.704,8842.25,20751.5,0.0763963556108879,-0.012045870675532427,0.9944020191949531,-0.0030262541545644783
2026-05-22T02:38:48.204+00:00,1779417528204993000,2040,R,7741,7928,9228,10425,7741,7928,9228,10425,19174,23355,18372,22107,-88,-233,-42,-0.345098,-0.913725,-0.164706,0,62,e26810,2026-05-22 02:38:48.204000+00:00,62.704,67.96666666666667,62.704,8830.5,20752.0,-0.04244842516342644,-0.006023153000132509,0.9905120249976777,-0.00672387475423164
2026-05-22T02:38:48.353+00:00,1779417528354017000,2041,R,7742,7928,9224,10423,7742,7928,9224,10423,19172,23355,18370,22103,-90,-232,-42,-0.352941,-0.909804,-0.164706,0,62,f26810,2026-05-22 02:38:48.353000+00:00,62.853,68.0,62.853,8829.25,20750.0,-0.05659790021790192,-0.013251255857657419,0.9896659710897409,-0.007569928662168435
2026-05-22T02:38:48.354+00:00,1779417528354131000,2042,R,7737,7929,9226,10421,7737,7929,9226,10421,19172,23356,18371,22102,-94,-235,-41,-0.368627,-0.921569,-0.160784,0,62,026810,2026-05-22 02:38:48.354000+00:00,62.854,68.03333333333333,62.854,8828.25,20750.25,-0.06508942721304052,-0.012046596234234017,1.0054982752575958,0.008262375505686537
2026-05-22T02:38:48.354+00:00,1779417528354185000,2043,R,7737,7928,9221,10419,7737,7928,9221,10419,19162,23343,18369,22096,-90,-234,-43,-0.352941,-0.917647,-0.168627,0,62,826880,2026-05-22 02:38:48.354000+00:00,62.854,68.06666666666666,62.854,8826.25,20742.5,-0.08772922798279376,-0.04939104456035947,0.9975361804060041,0.00030028065409481997
2026-05-22T02:38:48.354+00:00,1779417528354239000,2044,R,7730,7926,9224,10416,7730,7926,9224,10416,19161,23342,18369,22096,-88,-234,-44,-0.345098,-0.917647,-0.172549,0,62,926880,2026-05-22 02:38:48.354000+00:00,62.854,68.1,62.854,8824.0,20742.0,-0.10754514065772344,-0.04818812644564379,0.9954605987250323,-0.001967674624485216
2026-05-22T02:38:48.354+00:00,1779417528354285000,2045,R,7735,7927,9220,10416,7735,7927,9220,10416,19162,23342,18370,22099,-88,-235,-44,-0.345098,-0.921569,-0.172549,0,62,a26880,2026-05-22 02:38:48.354000+00:00,62.854,68.13333333333334,62.854,8824.5,20743.25,-0.06794632240529981,-0.042164610639938316,0.9990771785833165,0.0015409981773123471
2026-05-22T02:38:48.503+00:00,1779417528503338000,2046,R,7733,7925,9218,10419,7733,7925,9218,10419,19160,23338,18367,22101,-83,-233,-47,-0.32549,-0.913725,-0.184314,0,62,b26880,2026-05-22 02:38:48.503000+00:00,63.003,68.16666666666667,63.003,8823.75,20741.5,-0.062292946739530536,-0.048189287521383996,0.9873240432203604,-0.010967269984858308
2026-05-22T02:38:48.503+00:00,1779417528503475000,2047,R,7735,7927,9218,10417,7735,7927,9218,10417,19162,23341,18364,22097,-80,-235,-47,-0.313725,-0.921569,-0.184314,0,62,c26880,2026-05-22 02:38:48.503000+00:00,63.003,68.2,63.003,8824.25,20741.0,-0.050969842842984565,-0.04578202934869039,0.9907999030995108,-0.007491410105707863
2026-05-22T02:38:48.503+00:00,1779417528503552000,2048,R,7737,7924,9218,10422,7737,7924,9218,10422,19161,23333,18366,22105,-70,-244,-50,-0.27451,-0.956863,-0.196078,0,62,226930,2026-05-22 02:38:48.503000+00:00,63.003,68.23333333333333,63.003,8825.25,20741.25,-0.03398181972644635,-0.04337297140998301,1.0145881543527897,0.017051973946785592
2026-05-22T02:38:48.503+00:00,1779417528503622000,2049,R,7735,7924,9211,10421,7735,7924,9211,10421,19165,23324,18366,22109,-68,-241,-49,-0.266667,-0.945098,-0.192157,0,62,326930,2026-05-22 02:38:48.503000+00:00,63.003,68.26666666666667,63.003,8822.75,20741.0,-0.04248569648218433,-0.043373493975903614,1.0006227216798547,0.0031944483303371074
2026-05-22T02:38:48.503+00:00,1779417528503688000,2050,R,7736,7924,9208,10423,7736,7924,9208,10423,19165,23319,18369,22107,-67,-236,-48,-0.262745,-0.92549,-0.188235,0,62,426930,2026-05-22 02:38:48.503000+00:00,63.003,68.3,63.003,8822.75,20740.0,-0.03965443988103668,-0.046988517933951014,0.9803056106898501,-0.01693028906205918
2026-05-22T02:38:48.653+00:00,1779417528653055000,2051,R,7736,7921,9196,10420,7736,7921,9196,10420,19171,23305,18366,22112,-70,-235,-49,-0.27451,-0.921569,-0.192157,0,62,526930,2026-05-22 02:38:48.653000+00:00,63.153,68.33333333333333,63.153,8818.25,20738.5,-0.08780874688420576,-0.05301332562230415,0.9805964891381164,-0.015867510192014933
2026-05-22T02:38:48.653+00:00,1779417528653202000,2052,R,7741,7921,9197,10426,7741,7921,9197,10426,19170,23295,18364,22121,-67,-233,-50,-0.262745,-0.913725,-0.196078,0,62,626930,2026-05-22 02:38:48.653000+00:00,63.153,68.36666666666666,63.153,8821.25,20737.5,-0.05098716822932895,-0.05783271886069544,0.9707599562888861,-0.025704043041245184
2026-05-22T02:38:48.653+00:00,1779417528653279000,2053,R,7759,7918,9162,10451,7759,7918,9162,10451,19200,23213,18358,22187,-71,-244,-49,-0.278431,-0.956863,-0.192157,0,62,f27010,2026-05-22 02:38:48.653000+00:00,63.153,68.4,63.153,8822.5,20739.5,-0.03399240836213246,-0.04458099885535273,1.0149063676906358,0.018442368360504502
2026-05-22T02:38:48.653+00:00,1779417528653344000,2054,R,7758,7919,9164,10451,7758,7919,9164,10451,19202,23218,18362,22186,-70,-246,-46,-0.27451,-0.964706,-0.180392,0,62,027010,2026-05-22 02:38:48.653000+00:00,63.153,68.43333333333334,63.153,8823.0,20742.0,-0.02549502846944846,-0.03253208024579794,1.019095030014375,0.02263103068424377
2026-05-22T02:38:48.653+00:00,1779417528653408000,2055,R,7755,7925,9168,10458,7755,7925,9168,10458,19203,23226,18362,22186,-73,-247,-49,-0.286275,-0.968627,-0.192157,0,62,127010,2026-05-22 02:38:48.653000+00:00,63.153,68.46666666666667,63.153,8826.5,20744.25,0.014163904705249144,-0.021688053497198625,1.0281614432583046,0.03169744392817331
2026-05-22T02:38:48.803+00:00,1779417528803058000,2056,R,7758,7921,9171,10452,7758,7921,9171,10452,19203,23234,18363,22185,-68,-247,-43,-0.266667,-0.968627,-0.168627,0,62,227010,2026-05-22 02:38:48.803000+00:00,63.303,68.5,63.303,8825.5,20746.25,0.002832780941049829,-0.012048918609554793,1.0187171438367963,0.021519948201951133
2026-05-22T02:38:48.803+00:00,1779417528803176000,2057,R,7757,7922,9175,10450,7757,7922,9175,10450,19203,23244,18366,22177,-72,-250,-44,-0.282353,-0.980392,-0.172549,0,62,327010,2026-05-22 02:38:48.803000+00:00,63.303,68.53333333333333,63.303,8826.0,20747.5,0.008498342823149485,-0.006024459304777396,1.0347293596269511,0.037532163992105905
2026-05-22T02:38:48.803+00:00,1779417528803248000,2058,R,7760,7923,9182,10450,7760,7923,9182,10450,19198,23253,18368,22176,-71,-244,-43,-0.278431,-0.956863,-0.168627,0,62,427010,2026-05-22 02:38:48.803000+00:00,63.303,68.56666666666666,63.303,8828.75,20748.75,0.039658933174697604,0.0,1.0107154335711908,0.014251434241059457
2026-05-22T02:38:48.803+00:00,1779417528803314000,2059,R,7752,7939,9222,10449,7752,7939,9222,10449,19192,23341,18380,22146,-77,-235,-39,-0.301961,-0.921569,-0.152941,0,62,c27080,2026-05-22 02:38:48.803000+00:00,63.303,68.6,63.303,8840.5,20764.75,0.17279963740403956,0.07711307910115067,0.9817641349952645,-0.01426819348860553
2026-05-22T02:38:48.803+00:00,1779417528803378000,2060,R,7747,7936,9226,10450,7747,7936,9226,10450,19191,23340,18383,22142,-77,-235,-43,-0.301961,-0.921569,-0.168627,0,62,d27080,2026-05-22 02:38:48.803000+00:00,63.303,68.63333333333334,63.303,8839.75,20764.0,0.16997648658602227,0.07349840351828424,0.9843296868483649,-0.01213431248176644
2026-05-22T02:38:48.954+00:00,1779417528954050000,2061,R,7751,7936,9226,10448,7751,7936,9226,10448,19192,23342,18386,22147,-76,-234,-43,-0.298039,-0.917647,-0.168627,0,62,e27080,2026-05-22 02:38:48.954000+00:00,63.454,68.66666666666667,63.454,8840.25,20766.75,0.175642369472223,0.0867522139887945,0.9794581804543775,-0.01773901518046772
2026-05-22T02:38:48.954+00:00,1779417528954189000,2062,R,7753,7933,9226,10445,7753,7933,9226,10445,19190,23345,18383,22144,-76,-233,-43,-0.298039,-0.913725,-0.168627,0,62,f27080,2026-05-22 02:38:48.954000+00:00,63.454,68.7,63.454,8839.25,20765.5,0.16714828035582752,0.0807277546840171,0.9757846515881462,-0.021451248163763093
2026-05-22T02:38:48.954+00:00,1779417528954273000,2063,R,7753,7933,9226,10439,7753,7933,9226,10439,19186,23345,18379,22142,-76,-234,-44,-0.298039,-0.917647,-0.172549,0,62,027080,2026-05-22 02:38:48.954000+00:00,63.454,68.73333333333333,63.454,8837.75,20763.0,0.15298750602034167,0.06867883607446232,0.9801410202266814,-0.017395160179322744
2026-05-22T02:38:48.954+00:00,1779417528954341000,2064,R,7739,7923,9216,10425,7739,7923,9216,10425,19174,23342,18371,22121,-79,-242,-43,-0.309804,-0.94902,-0.168627,0,62,827150,2026-05-22 02:38:48.954000+00:00,63.454,68.76666666666667,63.454,8825.75,20752.0,0.016998611780037965,0.01566359419242123,1.0124487858380788,0.014912605432074733
2026-05-22T02:38:48.954+00:00,1779417528954406000,2065,R,7737,7922,9217,10423,7737,7922,9217,10423,19173,23336,18371,22118,-82,-241,-42,-0.321569,-0.945098,-0.164706,0,62,927150,2026-05-22 02:38:48.954000+00:00,63.454,68.8,63.454,8824.75,20749.5,0.008499546690843155,0.0036146755828664378,1.0118028057882624,0.014566906036353133
2026-05-22T02:38:48.954+00:00,1779417528954469000,2066,R,7736,7923,9216,10422,7736,7923,9216,10422,19173,23339,18373,22117,-83,-240,-42,-0.32549,-0.941176,-0.164706,0,62,a27150,2026-05-22 02:38:48.954000+00:00,63.454,68.83333333333333,63.454,8824.25,20750.5,0.005666525003541578,0.012049354154617312,1.0093978747312677,0.012200679096422529
2026-05-22T02:38:49.104+00:00,1779417529104184000,2067,R,7737,7922,9214,10420,7737,7922,9214,10420,19171,23342,18370,22116,-81,-237,-44,-0.317647,-0.929412,-0.172549,0,62,b27150,2026-05-22 02:38:49.104000+00:00,63.604,68.86666666666666,63.604,8823.25,20749.75,-0.0028333427778092593,0.010844680081937582,0.9972358997519093,0.0007719004217779935
2026-05-22T02:38:49.104+00:00,1779417529104321000,2068,R,7736,7921,9215,10419,7736,7921,9215,10419,19170,23335,18369,22114,-81,-238,-42,-0.317647,-0.933333,-0.164706,0,62,c27150,2026-05-22 02:38:49.104000+00:00,63.604,68.9,63.604,8822.75,20747.0,-0.0056668461167936985,-0.0024099289070972406,0.9995689930835189,0.003104993753387575
2026-05-22T02:38:49.104+00:00,1779417529104396000,2069,R,7731,7916,9208,10413,7731,7916,9208,10413,19164,23321,18365,22112,-81,-235,-42,-0.317647,-0.921569,-0.164706,0,62,427220,2026-05-22 02:38:49.104000+00:00,63.604,68.93333333333334,63.604,8817.0,20740.5,-0.07083557645992124,-0.03132983081891358,0.9885934982620511,-0.007438830221818904
2026-05-22T02:38:49.104+00:00,1779417529104461000,2070,R,7731,7919,9206,10413,7731,7919,9206,10413,19164,23322,18366,22108,-84,-234,-41,-0.329412,-0.917647,-0.160784,0,62,527220,2026-05-22 02:38:49.104000+00:00,63.604,68.96666666666667,63.604,8817.25,20740.0,-0.06517057690128074,-0.030125926372235948,0.9881496733840476,-0.008314325946083723
2026-05-22T02:38:49.104+00:00,1779417529104524000,2071,R,7730,7916,9207,10413,7730,7916,9207,10413,19162,23320,18366,22112,-86,-234,-40,-0.337255,-0.917647,-0.156863,0,62,627220,2026-05-22 02:38:49.104000+00:00,63.604,69.0,63.604,8816.5,20740.0,-0.07083959083052337,-0.027716520251135773,0.9901630938401007,-0.007034101794744507
2026-05-22T02:38:49.397+00:00,1779417529397314000,2072,R,7728,7914,9204,10413,7728,7914,9204,10413,19164,23324,18365,22111,-86,-235,-42,-0.337255,-0.921569,-0.164706,0,62,727220,2026-05-22 02:38:49.397000+00:00,63.897,69.03333333333333,63.897,8814.75,20741.0,-0.09067467626306991,-0.01566699205804018,0.9950670445864439,-0.0021688551654653887
2026-05-22T02:38:49.397+00:00,1779417529397451000,2073,R,7728,7916,9204,10410,7728,7916,9204,10410,19162,23317,18368,22111,-85,-235,-42,-0.333333,-0.921569,-0.164706,0,62,827220,2026-05-22 02:38:49.397000+00:00,63.897,69.06666666666666,63.897,8814.5,20739.5,-0.09350825989629084,-0.018078170007110747,0.9937446236765258,-0.003491276075383465
2026-05-22T02:38:49.397+00:00,1779417529397524000,2074,R,7729,7917,9200,10415,7729,7917,9200,10415,19163,23314,18365,22115,-80,-241,-42,-0.313725,-0.945098,-0.164706,0,62,f27280,2026-05-22 02:38:49.397000+00:00,63.897,69.1,63.897,8815.25,20739.25,-0.0821762538962879,-0.01928338134091813,1.0093372437718724,0.0121013440199631
2026-05-22T02:38:49.397+00:00,1779417529397591000,2075,R,7731,7916,9202,10416,7731,7916,9202,10416,19168,23315,18368,22117,-78,-240,-43,-0.305882,-0.941176,-0.168627,0,62,027280,2026-05-22 02:38:49.397000+00:00,63.897,69.13333333333334,63.897,8816.25,20742.0,-0.06800986142990734,-0.006026056669036915,1.0038979659452447,0.006076161897046961
2026-05-22T02:38:49.397+00:00,1779417529397655000,2076,R,7731,7917,9201,10413,7731,7917,9201,10413,19162,23316,18367,22118,-77,-239,-42,-0.301961,-0.937255,-0.164706,0,62,127280,2026-05-22 02:38:49.397000+00:00,63.897,69.16666666666667,63.897,8815.5,20740.75,-0.07084762093688894,-0.01687214529327404,0.9983764054613871,0.000554601413189304
2026-05-22T02:38:49.402+00:00,1779417529402837000,2077,R,7733,7918,9202,10417,7733,7918,9202,10417,19168,23318,18369,22118,-79,-238,-41,-0.309804,-0.933333,-0.160784,0,62,227280,2026-05-22 02:38:49.402000+00:00,63.902,69.2,63.902,8817.5,20743.25,-0.04817638223708448,-0.00482061294093544,0.9964639993301313,-0.0013578047180664576
2026-05-22T02:38:49.402+00:00,1779417529402918000,2078,R,7731,7917,9203,10418,7731,7917,9203,10418,19165,23317,18367,22120,-79,-236,-40,-0.309804,-0.92549,-0.156863,0,62,327280,2026-05-22 02:38:49.402000+00:00,63.902,69.23333333333333,63.902,8817.25,20742.25,-0.04534504747059657,-0.00964122588187088,0.9884919115931097,-0.00963763160556752
2026-05-22T02:38:49.402+00:00,1779417529402984000,2079,R,7734,7920,9207,10421,7734,7920,9207,10421,19173,23321,18372,22126,-78,-236,-40,-0.305882,-0.92549,-0.156863,0,62,b27350,2026-05-22 02:38:49.402000+00:00,63.902,69.26666666666667,63.902,8820.5,20748.0,0.0,0.0180772985285079,0.9872697396319813,-0.010552064416216478
2026-05-22T02:38:49.403+00:00,1779417529403046000,2080,R,7735,7919,9204,10424,7735,7919,9204,10424,19170,23321,18371,22128,-77,-238,-41,-0.301961,-0.933333,-0.160784,0,62,c27350,2026-05-22 02:38:49.403000+00:00,63.903,69.3,63.903,8820.5,20747.5,0.0,0.00843546268512828,0.9940535343058743,-0.0037682697423234712
2026-05-22T02:38:49.403+00:00,1779417529403110000,2081,R,7733,7920,9205,10424,7733,7920,9205,10424,19170,23316,18370,22127,-76,-239,-40,-0.298039,-0.937255,-0.156863,0,62,d27350,2026-05-22 02:38:49.403000+00:00,63.903,69.33333333333333,63.903,8820.5,20745.75,0.0,-0.0024100741097788756,0.9959318155953247,-0.001889988452873026
2026-05-22T02:38:49.703+00:00,1779417529703506000,2082,R,7737,7921,9206,10425,7737,7921,9206,10425,19174,23319,18374,22131,-76,-239,-42,-0.298039,-0.937255,-0.164706,0,62,e27350,2026-05-22 02:38:49.703000+00:00,64.203,69.36666666666666,64.203,8822.25,20749.5,0.019840145116489995,0.013255088146336172,0.9971971956348452,-0.0009323475638319811
2026-05-22T02:38:49.703+00:00,1779417529703652000,2083,R,7740,7920,9206,10427,7740,7920,9206,10427,19176,23316,18373,22130,-75,-239,-42,-0.294118,-0.937255,-0.164706,0,62,f27350,2026-05-22 02:38:49.703000+00:00,64.203,69.4,64.203,8823.25,20748.75,0.034012641365040674,0.009640064106426307,0.99603232848387,-0.0023050360507846923
2026-05-22T02:38:49.703+00:00,1779417529703727000,2084,R,7738,7921,9208,10427,7738,7921,9208,10427,19176,23319,18374,22137,-76,-241,-42,-0.298039,-0.945098,-0.164706,0,62,027350,2026-05-22 02:38:49.703000+00:00,64.203,69.43333333333334,64.203,8823.5,20751.5,0.05102619344596893,0.021689882874632478,1.0045723177357615,0.006442774537084306
2026-05-22T02:38:49.703+00:00,1779417529703794000,2085,R,7742,7925,9211,10432,7742,7925,9211,10432,19182,23334,18382,22140,-79,-240,-42,-0.309804,-0.941176,-0.164706,0,62,727410,2026-05-22 02:38:49.703000+00:00,64.203,69.46666666666667,64.203,8827.5,20759.5,0.09638280984238576,0.057838293770333775,1.0044495247786223,0.006627720730424502
2026-05-22T02:38:49.703+00:00,1779417529703860000,2086,R,7743,7929,9213,10433,7743,7929,9213,10433,19179,23331,18381,22143,-79,-239,-43,-0.309804,-0.937255,-0.168627,0,62,827410,2026-05-22 02:38:49.703000+00:00,64.203,69.5,64.203,8829.5,20758.5,0.11906111804059417,0.053018435956139295,1.0014292379244776,0.0036074338762798197
2026-05-22T02:38:49.854+00:00,1779417529854423000,2087,R,7742,7928,9214,10434,7742,7928,9214,10434,19182,23332,18383,22140,-78,-236,-44,-0.305882,-0.92549,-0.172549,0,62,927410,2026-05-22 02:38:49.854000+00:00,64.354,69.53333333333333,64.354,8829.5,20759.25,0.11906111804059417,0.054222093695777906,0.9898831726143242,-0.007938631433873522
2026-05-22T02:38:49.854+00:00,1779417529854584000,2088,R,7742,7928,9216,10436,7742,7928,9216,10436,19184,23338,18381,22144,-78,-237,-43,-0.305882,-0.929412,-0.168627,0,62,a27410,2026-05-22 02:38:49.854000+00:00,64.354,69.56666666666666,64.354,8830.5,20761.75,0.13040027213969838,0.06265437676968492,0.9928773986736731,-0.004944405374524674
2026-05-22T02:38:49.854+00:00,1779417529854661000,2089,R,7743,7930,9215,10436,7743,7930,9215,10436,19188,23337,18384,22140,-81,-237,-42,-0.317647,-0.929412,-0.164706,0,62,b27410,2026-05-22 02:38:49.854000+00:00,64.354,69.6,64.354,8831.0,20762.25,0.13606984918925047,0.06506416049159588,0.9959088054581102,-0.0019129985900875335
2026-05-22T02:38:49.854+00:00,1779417529854728000,2090,R,7740,7921,9212,10426,7740,7921,9212,10426,19182,23337,18373,22132,-75,-240,-48,-0.294118,-0.941176,-0.188235,0,62,327480,2026-05-22 02:38:49.854000+00:00,64.354,69.63333333333334,64.354,8824.75,20756.0,0.07087373136020865,0.034941863967708896,1.0038675590559742,0.005738015857297052
2026-05-22T02:38:49.854+00:00,1779417529854791000,2091,R,7739,7918,9211,10419,7739,7918,9211,10419,19184,23329,18369,22131,-77,-238,-47,-0.301961,-0.933333,-0.184314,0,62,427480,2026-05-22 02:38:49.854000+00:00,64.354,69.66666666666667,64.354,8821.75,20753.25,0.04252665003402132,0.025303643724696356,0.9981295431986772,0.0
2026-05-22T02:38:49.854+00:00,1779417529854854000,2092,R,7738,7919,9210,10420,7738,7919,9210,10420,19182,23332,18370,22131,-78,-239,-47,-0.305882,-0.937255,-0.184314,0,62,527480,2026-05-22 02:38:49.854000+00:00,64.354,69.7,64.354,8821.75,20753.75,0.04819960306209243,0.03012411133871551,1.0029867314900032,0.004857188291325976
2026-05-22T02:38:50.003+00:00,1779417530003399000,2093,R,7737,7916,9207,10421,7737,7916,9207,10421,19178,23331,18370,22124,-78,-238,-47,-0.305882,-0.933333,-0.184314,0,62,627480,2026-05-22 02:38:50.003000+00:00,64.503,69.73333333333333,64.503,8820.25,20750.75,0.034024213898891376,0.018074902395527063,0.9993227393635151,0.0011931961648379286
2026-05-22T02:38:50.003+00:00,1779417530003437000,2094,R,7734,7915,9208,10415,7734,7915,9208,10415,19178,23330,18369,22121,-79,-238,-46,-0.309804,-0.933333,-0.180392,0,62,727480,2026-05-22 02:38:50.003000+00:00,64.503,69.76666666666667,64.503,8818.0,20749.5,0.008506053474722844,0.013255088146336172,0.9998151233948204,0.0016855801961431771
2026-05-22T02:38:50.003+00:00,1779417530003453000,2095,R,7727,7911,9201,10409,7727,7911,9201,10409,19167,23324,18367,22114,-78,-235,-43,-0.305882,-0.921569,-0.168627,0,62,e27540,2026-05-22 02:38:50.003000+00:00,64.503,69.8,64.503,8812.0,20743.0,-0.059542374323059914,-0.01807512019954933,0.9855395906882686,-0.01248970191641241
2026-05-22T02:38:50.003+00:00,1779417530003467000,2096,R,7724,7908,9201,10405,7724,7908,9201,10405,19161,23326,18364,22113,-80,-232,-42,-0.313725,-0.909804,-0.164706,0,62,f27540,2026-05-22 02:38:50.003000+00:00,64.503,69.83333333333333,64.503,8809.5,20741.0,-0.08506294658046955,-0.0228962558596339,0.9763681480246065,-0.02166114458007451
2026-05-22T02:38:50.003+00:00,1779417530003480000,2097,R,7726,7909,9203,10405,7726,7909,9203,10405,19158,23323,18365,22112,-79,-235,-47,-0.309804,-0.921569,-0.184314,0,62,027540,2026-05-22 02:38:50.003000+00:00,64.503,69.86666666666666,64.503,8810.75,20739.5,-0.06805228684038903,-0.02289791146944334,0.9895653544728615,-0.008463938131819448
2026-05-22T02:38:50.153+00:00,1779417530153486000,2098,R,7723,7910,9199,10404,7723,7910,9199,10404,19158,23324,18366,22112,-82,-237,-43,-0.321569,-0.929412,-0.168627,0,62,127540,2026-05-22 02:38:50.153000+00:00,64.653,69.9,64.653,8809.0,20740.0,-0.0850677706572903,-0.02048760499897562,0.9978218040481978,-0.00020748855648322628
2026-05-22T02:38:50.153+00:00,1779417530153526000,2099,R,7725,7911,9200,10405,7725,7911,9200,10405,19156,23324,18366,22113,-77,-236,-45,-0.301961,-0.92549,-0.176471,0,62,227540,2026-05-22 02:38:50.153000+00:00,64.653,69.93333333333334,64.653,8810.25,20739.75,-0.06805614632071459,-0.016872958673303365,0.9893706077411033,-0.008658684863577681
2026-05-22T02:38:50.153+00:00,1779417530153542000,2100,R,7726,7906,9178,10411,7726,7906,9178,10411,19162,23274,18363,22131,-74,-242,-50,-0.290196,-0.94902,-0.196078,0,62,b27620,2026-05-22 02:38:50.153000+00:00,64.653,69.96666666666667,64.653,8805.25,20732.5,-0.12193738656987296,-0.05182408735371748,1.0115825526866307,0.013453009487953471
2026-05-22T02:38:50.153+00:00,1779417530153720000,2101,R,7727,7905,9175,10410,7727,7905,9175,10410,19166,23273,18363,22135,-77,-241,-49,-0.301961,-0.945098,-0.192157,0,62,c27620,2026-05-22 02:38:50.153000+00:00,64.653,70.0,64.653,8804.25,20734.25,-0.1332803992740472,-0.043387608017065794,1.0106013001050413,0.012471756906364151
2026-05-22T02:38:50.153+00:00,1779417530153748000,2102,R,7724,7906,9175,10411,7724,7906,9175,10411,19162,23271,18363,22137,-73,-240,-46,-0.286275,-0.941176,-0.180392,0,62,d27620,2026-05-22 02:38:50.153000+00:00,64.653,70.03333333333333,64.653,8804.0,20733.25,-0.13045204469400487,-0.04820845335229532,1.0001534443599143,0.002023901161237074
2026-05-22T02:38:50.302+00:00,1779417530302906000,2103,R,7728,7906,9177,10413,7728,7906,9177,10413,19164,23270,18364,22139,-78,-241,-50,-0.305882,-0.945098,-0.196078,0,62,e27620,2026-05-22 02:38:50.302000+00:00,64.802,70.06666666666666,64.802,8806.0,20734.25,-0.10776473257330837,-0.043387608017065794,1.012531782025631,0.014402238826953795
2026-05-22T02:38:50.302+00:00,1779417530302947000,2104,R,7727,7911,9176,10414,7727,7911,9176,10414,19166,23274,18362,22138,-72,-240,-45,-0.282353,-0.941176,-0.176471,0,62,f27620,2026-05-22 02:38:50.302000+00:00,64.802,70.1,64.802,8807.0,20735.0,-0.09642107651296013,-0.03977197401564364,0.9983373645346547,0.0002078213359775205
2026-05-22T02:38:50.302+00:00,1779417530302963000,2105,R,7727,7910,9184,10418,7727,7910,9184,10418,19162,23294,18368,22143,-76,-241,-46,-0.298039,-0.945098,-0.180392,0,62,727690,2026-05-22 02:38:50.302000+00:00,64.802,70.13333333333334,64.802,8809.75,20741.75,-0.06522602234700244,-0.0072312680028442985,1.0072629988185806,0.009133455619903419
2026-05-22T02:38:50.302+00:00,1779417530302976000,2106,R,7730,7913,9187,10421,7730,7913,9187,10421,19165,23299,18368,22145,-80,-237,-48,-0.313725,-0.929412,-0.188235,0,62,827690,2026-05-22 02:38:50.302000+00:00,64.802,70.16666666666667,64.802,8812.75,20744.25,-0.011345908381789817,0.004820845335229532,0.998830544483898,0.0007010012852207703
2026-05-22T02:38:50.302+00:00,1779417530302989000,2107,R,7725,7912,9189,10422,7725,7912,9189,10422,19164,23298,18367,22141,-74,-238,-45,-0.290196,-0.933333,-0.176471,0,62,927690,2026-05-22 02:38:50.302000+00:00,64.802,70.2,64.802,8812.0,20742.5,-0.008510396868173953,-0.00843607264663702,0.993210058923086,-0.004819233681594981
2026-05-22T02:38:50.452+00:00,1779417530452907000,2108,R,7727,7913,9188,10419,7727,7913,9188,10419,19164,23299,18372,22142,-77,-241,-46,-0.301961,-0.945098,-0.180392,0,62,a27690,2026-05-22 02:38:50.452000+00:00,64.952,70.23333333333333,64.952,8811.75,20744.25,-0.002837040399455288,0.0,1.008430438249957,0.010401145645275944
2026-05-22T02:38:50.452+00:00,1779417530452950000,2109,R,7728,7912,9192,10423,7728,7912,9192,10423,19167,23299,18375,22146,-77,-238,-45,-0.301961,-0.933333,-0.176471,0,62,b27690,2026-05-22 02:38:50.452000+00:00,64.952,70.26666666666667,64.952,8813.75,20746.75,0.019859282796187018,0.0120515323523386,0.9967110655806927,-0.001418477617984526
2026-05-22T02:38:50.452+00:00,1779417530452966000,2110,R,7732,7916,9194,10422,7732,7916,9194,10422,19165,23302,18373,22147,-76,-239,-45,-0.298039,-0.937255,-0.176471,0,62,c27690,2026-05-22 02:38:50.452000+00:00,64.952,70.3,64.952,8816.0,20746.75,0.04823105512525889,0.0120515323523386,0.9992077833899213,0.0008704188552666192
2026-05-22T02:38:50.452+00:00,1779417530452981000,2111,R,7733,7915,9195,10424,7733,7915,9195,10424,19174,23306,18375,22144,-77,-237,-42,-0.301961,-0.929412,-0.164706,0,62,227740,2026-05-22 02:38:50.452000+00:00,64.952,70.33333333333333,64.952,8816.75,20749.75,0.06809862951508101,0.02651337117514492,0.991017243896896,-0.0077899881619232225
2026-05-22T02:38:50.452+00:00,1779417530452994000,2112,R,7735,7917,9197,10427,7735,7917,9197,10427,19176,23307,18378,22145,-75,-241,-44,-0.294118,-0.945098,-0.172549,0,62,327740,2026-05-22 02:38:50.452000+00:00,64.952,70.36666666666666,64.952,8819.0,20751.5,0.09363561558323638,0.03494944382178194,1.0047331909163746,0.0059026464324766215
2026-05-22T02:38:50.602+00:00,1779417530602965000,2113,R,7734,7912,9198,10420,7734,7912,9198,10420,19179,23312,18376,22148,-80,-239,-43,-0.313725,-0.937255,-0.168627,0,62,427740,2026-05-22 02:38:50.602000+00:00,65.102,70.4,65.102,8816.0,20753.75,0.05958630082569588,0.04579582293888668,1.0026491788153022,0.003441395425380911
2026-05-22T02:38:50.603+00:00,1779417530603109000,2114,R,7734,7916,9198,10426,7734,7916,9198,10426,19173,23309,18379,22147,-79,-233,-44,-0.309804,-0.913725,-0.172549,0,62,527740,2026-05-22 02:38:50.603000+00:00,65.103,70.43333333333334,65.103,8818.5,20752.0,0.08796072979031297,0.03735975029224966,0.9801250182716489,-0.019197721091866238
2026-05-22T02:38:50.603+00:00,1779417530603184000,2115,R,7736,7917,9199,10424,7736,7917,9199,10424,19177,23314,18376,22143,-77,-235,-42,-0.301961,-0.921569,-0.164706,0,62,627740,2026-05-22 02:38:50.603000+00:00,65.103,70.46666666666667,65.103,8819.0,20752.5,0.09363561558323638,0.03977005676271738,0.9836655598921821,-0.01554222349773926
2026-05-22T02:38:50.603+00:00,1779417530603252000,2116,R,7738,7922,9205,10430,7738,7922,9205,10430,19181,23322,18385,22153,-72,-240,-49,-0.282353,-0.941176,-0.192157,0,62,f27820,2026-05-22 02:38:50.603000+00:00,65.103,70.5,65.103,8823.75,20760.25,0.14754703061600885,0.07712980705496704,1.001229140723541,0.0023985962396430027
2026-05-22T02:38:50.603+00:00,1779417530603316000,2117,R,7741,7924,9203,10434,7741,7924,9203,10434,19182,23323,18384,22151,-70,-240,-50,-0.27451,-0.941176,-0.196078,0,61,027820,2026-05-22 02:38:50.603000+00:00,65.103,70.53333333333333,65.103,8825.5,20760.0,0.16740913089124082,0.07592465381973318,0.9998072740083461,0.001000041949526853
2026-05-22T02:38:50.603+00:00,1779417530603382000,2118,R,7738,7919,9204,10431,7738,7919,9204,10431,19182,23321,18383,22151,-70,-242,-50,-0.27451,-0.94902,-0.196078,0,61,127820,2026-05-22 02:38:50.603000+00:00,65.103,70.56666666666666,65.103,8823.0,20759.25,0.13903470192662373,0.0723091941140316,1.0071947590133696,0.008387526954550362
2026-05-22T02:38:50.754+00:00,1779417530754044000,2119,R,7735,7916,9204,10425,7735,7916,9204,10425,19178,23323,18381,22148,-70,-241,-50,-0.27451,-0.945098,-0.196078,0,61,227820,2026-05-22 02:38:50.754000+00:00,65.254,70.6,65.254,8820.0,20757.5,0.10498538716908322,0.06387312146739457,1.0035001503677017,0.00469291830888241
2026-05-22T02:38:50.754+00:00,1779417530754171000,2120,R,7733,7916,9199,10421,7733,7916,9199,10421,19179,23317,18381,22142,-69,-243,-50,-0.270588,-0.952941,-0.196078,0,61,327820,2026-05-22 02:38:50.754000+00:00,65.254,70.63333333333334,65.254,8817.25,20754.75,0.07377351530800443,0.05061643587982212,1.009832162940456,0.011001618456558115
2026-05-22T02:38:50.754+00:00,1779417530754255000,2121,R,7724,7903,9194,10403,7724,7903,9194,10403,19165,23309,18365,22121,-74,-237,-50,-0.290196,-0.929412,-0.196078,0,61,b27890,2026-05-22 02:38:50.754000+00:00,65.254,70.66666666666667,65.254,8806.0,20740.0,-0.05391141503277246,-0.02048760499897562,0.9932104340188941,-0.005596798039925188
2026-05-22T02:38:50.754+00:00,1779417530754333000,2122,R,7723,7896,9195,10403,7723,7896,9195,10403,19165,23311,18360,22117,-74,-237,-50,-0.290196,-0.929412,-0.196078,0,61,c27890,2026-05-22 02:38:50.754000+00:00,65.254,70.7,65.254,8804.25,20738.25,-0.06810249425385205,-0.028923677645612638,0.9932104340188941,-0.00562011046500388
2026-05-22T02:38:50.754+00:00,1779417530754398000,2123,R,7726,7901,9195,10397,7726,7901,9195,10397,19163,23310,18359,22113,-74,-238,-50,-0.290196,-0.933333,-0.196078,0,61,d27890,2026-05-22 02:38:50.754000+00:00,65.254,70.73333333333333,65.254,8804.75,20736.25,-0.05959137343927355,-0.03856490352748352,0.9968805291452932,-0.001950015338604727
2026-05-22T02:38:50.903+00:00,1779417530903325000,2124,R,7723,7900,9188,10396,7723,7900,9188,10396,19164,23308,18359,22113,-75,-237,-50,-0.294118,-0.929412,-0.196078,0,61,e27890,2026-05-22 02:38:50.903000+00:00,65.403,70.76666666666667,65.403,8801.75,20736.0,-0.0908084792417492,-0.03977005676271738,0.9943634374573515,-0.004443794601467821
2026-05-22T02:38:50.903+00:00,1779417530903451000,2125,R,7720,7896,9189,10394,7720,7896,9189,10394,19162,23306,18358,22115,-75,-238,-50,-0.294118,-0.933333,-0.196078,0,61,f27890,2026-05-22 02:38:50.903000+00:00,65.403,70.8,65.403,8799.75,20735.25,-0.1106759747999319,-0.04338551646841896,0.998029292604681,-0.0007779394541382878
2026-05-22T02:38:50.903+00:00,1779417530903533000,2126,R,7717,7893,9190,10391,7717,7893,9190,10391,19161,23308,18355,22114,-76,-239,-50,-0.298039,-0.937255,-0.196078,0,61,527940,2026-05-22 02:38:50.903000+00:00,65.403,70.83333333333333,65.403,8797.75,20734.5,-0.12771029628788738,-0.05061460592913955,1.0028563020842018,0.004025757600303881
2026-05-22T02:38:50.903+00:00,1779417530903600000,2127,R,7716,7894,9189,10392,7716,7894,9189,10392,19158,23307,18355,22106,-75,-238,-51,-0.294118,-0.933333,-0.2,0,61,627940,2026-05-22 02:38:50.903000+00:00,65.403,70.86666666666666,65.403,8797.75,20731.5,-0.12771029628788738,-0.0686887675789017,0.9988072320588193,-0.00028526812021822945
2026-05-22T02:38:50.903+00:00,1779417530903664000,2128,R,7718,7893,9191,10390,7718,7893,9191,10390,19156,23308,18354,22107,-75,-238,-50,-0.294118,-0.933333,-0.196078,0,61,727940,2026-05-22 02:38:50.903000+00:00,65.403,70.9,65.403,8798.0,20731.25,-0.11069796486049217,-0.06989383367677716,0.998029292604681,-0.0011784907852403492
2026-05-22T02:38:51.052+00:00,1779417531052548000,2129,R,7718,7891,9188,10386,7718,7891,9188,10386,19154,23308,18357,22105,-76,-239,-49,-0.298039,-0.937255,-0.192157,0,61,827940,2026-05-22 02:38:51.052000+00:00,65.552,70.93333333333334,65.552,8795.75,20731.0,-0.1362436490590673,-0.07109889977465264,1.0020970477927773,0.0028892644028559733
2026-05-22T02:38:51.052+00:00,1779417531052634000,2130,R,7718,7892,9188,10390,7718,7892,9188,10390,19158,23307,18355,22107,-77,-238,-51,-0.301961,-0.933333,-0.2,0,61,927940,2026-05-22 02:38:51.052000+00:00,65.552,70.96666666666667,65.552,8797.0,20731.75,-0.11354604292040422,-0.06748370148102624,1.0011448119078479,0.0019370285179265423
2026-05-22T02:38:51.052+00:00,1779417531052673000,2131,R,7719,7892,9189,10391,7719,7892,9189,10391,19157,23309,18354,22107,-76,-237,-49,-0.298039,-0.929412,-0.192157,0,61,a27940,2026-05-22 02:38:51.052000+00:00,65.552,71.0,65.552,8797.75,20731.75,-0.10503008970137391,-0.06748370148102624,0.9947654114986105,-0.0043270886804269715
2026-05-22T02:38:51.052+00:00,1779417531052709000,2132,R,7718,7895,9193,10393,7718,7895,9193,10393,19160,23313,18360,22117,-76,-237,-51,-0.298039,-0.929412,-0.2,0,61,228010,2026-05-22 02:38:51.052000+00:00,65.552,71.03333333333333,65.552,8799.75,20737.5,-0.08232088111729306,-0.03976718122989046,0.9963101481290854,-0.0027823520499521415
2026-05-22T02:38:51.052+00:00,1779417531052742000,2133,R,7720,7896,9193,10393,7720,7896,9193,10393,19161,23314,18360,22113,-77,-237,-51,-0.301961,-0.929412,-0.2,0,61,328010,2026-05-22 02:38:51.052000+00:00,65.552,71.06666666666666,65.552,8800.5,20737.0,-0.07380492789826275,-0.0421773134256414,0.9974904066029908,-0.001340137880907144
2026-05-22T02:38:51.202+00:00,1779417531202968000,2134,R,7720,7896,9191,10399,7720,7896,9191,10399,19158,23314,18356,22110,-77,-237,-50,-0.301961,-0.929412,-0.196078,0,61,428010,2026-05-22 02:38:51.202000+00:00,65.702,71.1,65.702,8801.5,20734.5,-0.062450323606222324,-0.054227974404396084,0.9967114393589551,-0.002119105124942844
2026-05-22T02:38:51.203+00:00,1779417531203132000,2135,R,7719,7897,9194,10399,7719,7897,9194,10399,19158,23313,18359,22115,-77,-239,-50,-0.301961,-0.937255,-0.196078,0,61,528010,2026-05-22 02:38:51.203000+00:00,65.703,71.13333333333334,65.703,8802.25,20736.25,-0.053934370387192,-0.0457925117192678,1.0040288654366467,0.00493636525760921
2026-05-22T02:38:51.203+00:00,1779417531203210000,2136,R,7720,7896,9191,10396,7720,7896,9191,10396,19163,23313,18360,22116,-76,-240,-50,-0.298039,-0.941176,-0.196078,0,61,628010,2026-05-22 02:38:51.203000+00:00,65.703,71.16666666666667,65.703,8800.75,20738.0,-0.05961844197138315,-0.03735704903413952,1.006521778493143,0.0074292783141055585
2026-05-22T02:38:51.203+00:00,1779417531203277000,2137,R,7726,7899,9197,10406,7726,7899,9197,10406,19170,23312,18365,22130,-74,-237,-50,-0.290196,-0.929412,-0.196078,0,61,f28090,2026-05-22 02:38:51.203000+00:00,65.703,71.2,65.703,8807.0,20744.25,0.02555438825633891,-0.009640296439115502,0.9932104340188941,-0.00599734937102725
2026-05-22T02:38:51.203+00:00,1779417531203340000,2138,R,7728,7897,9197,10409,7728,7897,9197,10409,19168,23313,18365,22134,-75,-238,-50,-0.294118,-0.933333,-0.196078,0,61,028090,2026-05-22 02:38:51.203000+00:00,65.703,71.23333333333333,65.703,8807.75,20745.0,0.03407251767511854,-0.00843505609312302,0.998029292604681,-0.0011784907852403492
2026-05-22T02:38:51.352+00:00,1779417531352803000,2139,R,7727,7903,9194,10407,7727,7903,9194,10407,19168,23314,18367,22134,-76,-239,-51,-0.298039,-0.937255,-0.2,0,61,128090,2026-05-22 02:38:51.352000+00:00,65.852,71.26666666666667,65.852,8807.75,20745.75,0.03407251767511854,-0.004820032053213154,1.0036305000078465,0.004537999828808981
2026-05-22T02:38:51.352+00:00,1779417531352932000,2140,R,7727,7903,9197,10409,7727,7903,9197,10409,19174,23317,18367,22135,-73,-239,-51,-0.286275,-0.937255,-0.2,0,61,228090,2026-05-22 02:38:51.352000+00:00,65.852,71.3,65.852,8809.0,20748.25,0.04826940003975127,0.0,1.0002001352979313,0.0011076351188937794
2026-05-22T02:38:51.353+00:00,1779417531353015000,2141,R,7729,7904,9197,10410,7729,7904,9197,10410,19173,23319,18370,22139,-73,-239,-51,-0.286275,-0.937255,-0.2,0,61,328090,2026-05-22 02:38:51.353000+00:00,65.853,71.33333333333333,65.853,8810.0,20750.25,0.06246805610767221,0.009639367175544925,1.0002001352979313,0.0013929032391120089
2026-05-22T02:38:51.353+00:00,1779417531353085000,2142,R,7734,7909,9200,10421,7734,7909,9200,10421,19182,23326,18378,22151,-74,-239,-50,-0.290196,-0.937255,-0.196078,0,61,b28160,2026-05-22 02:38:51.353000+00:00,65.853,71.36666666666666,65.853,8816.0,20759.25,0.1334582729931567,0.05301651946549709,1.0005534646009677,0.0017462325421484515
2026-05-22T02:38:51.353+00:00,1779417531353151000,2143,R,7734,7908,9198,10417,7734,7908,9198,10417,19180,23324,18377,22153,-75,-240,-49,-0.294118,-0.941176,-0.192157,0,61,c28160,2026-05-22 02:38:51.353000+00:00,65.853,71.4,65.853,8814.25,20758.5,0.11358150893034615,0.049401756774667745,1.0046103590691269,0.005803127010307607
2026-05-22T02:38:51.353+00:00,1779417531353214000,2144,R,7737,7914,9201,10424,7737,7914,9201,10424,19183,23324,18381,22155,-73,-239,-51,-0.286275,-0.937255,-0.2,0,61,d28160,2026-05-22 02:38:51.353000+00:00,65.853,71.43333333333334,65.853,8819.0,20760.75,0.16753272567226055,0.06024604484715578,1.0002001352979313,0.0013929032391120089
2026-05-22T02:38:51.502+00:00,1779417531502958000,2145,R,7732,7911,9201,10425,7732,7911,9201,10425,19181,23331,18381,22153,-73,-238,-52,-0.286275,-0.933333,-0.203922,0,61,e28160,2026-05-22 02:38:51.502000+00:00,66.002,71.46666666666667,66.002,8817.25,20761.5,0.14765596160945,0.06386080753798513,0.997320433260043,-0.0014867987987762232
2026-05-22T02:38:51.503+00:00,1779417531503106000,2146,R,7735,7914,9203,10429,7735,7914,9203,10429,19182,23328,18384,22156,-74,-238,-51,-0.290196,-0.933333,-0.2,0,61,f28160,2026-05-22 02:38:51.503000+00:00,66.003,71.5,66.003,8820.25,20762.5,0.18173041428855383,0.0686804911257576,0.9976593643649119,-0.0011478676939074006
2026-05-22T02:38:51.503+00:00,1779417531503181000,2147,R,7744,7915,9181,10444,7744,7915,9181,10444,19190,23283,18388,22197,-70,-238,-49,-0.27451,-0.933333,-0.192157,0,61,728230,2026-05-22 02:38:51.503000+00:00,66.003,71.53333333333333,66.003,8821.0,20764.5,0.19024902745832978,0.07831985830130252,0.9916604971652344,-0.007077870221339988
2026-05-22T02:38:51.503+00:00,1779417531503405000,2148,R,7744,7917,9168,10451,7744,7917,9168,10451,19198,23269,18386,22210,-70,-236,-47,-0.27451,-0.92549,-0.184314,0,61,828230,2026-05-22 02:38:51.503000+00:00,66.003,71.56666666666666,66.003,8820.0,20765.75,0.17889087656529518,0.08434446278601809,0.9827813239963406,-0.01595704339023385
2026-05-22T02:38:51.503+00:00,1779417531503480000,2149,R,7751,7916,9165,10455,7751,7916,9165,10455,19198,23253,18385,22220,-70,-237,-52,-0.27451,-0.929412,-0.203922,0,61,928230,2026-05-22 02:38:51.503000+00:00,66.003,71.6,66.003,8821.75,20764.0,0.19876764062810576,0.07591001650741629,0.9903265057181899,-0.007702786886491064
2026-05-22T02:38:51.654+00:00,1779417531654060000,2150,R,7753,7911,9160,10459,7753,7911,9160,10459,19205,23236,18384,22234,-77,-238,-53,-0.301961,-0.933333,-0.207843,0,61,a28230,2026-05-22 02:38:51.654000+00:00,66.154,71.63333333333334,66.154,8820.75,20764.75,0.18740948973507113,0.07952477919824563,1.002741066805883,0.004711774201201946
2026-05-22T02:38:51.654+00:00,1779417531654189000,2151,R,7755,7911,9152,10461,7755,7911,9152,10461,19209,23227,18380,22250,-70,-239,-47,-0.27451,-0.937255,-0.184314,0,61,b28230,2026-05-22 02:38:51.654000+00:00,66.154,71.66666666666667,66.154,8819.75,20766.5,0.17605133884203653,0.08795922547684744,0.9938683643828291,-0.004160928221851878
2026-05-22T02:38:51.654+00:00,1779417531654265000,2152,R,7757,7888,9112,10458,7757,7888,9112,10458,19217,23150,18357,22282,-81,-236,-52,-0.317647,-0.92549,-0.203922,0,61,328300,2026-05-22 02:38:51.654000+00:00,66.154,71.7,66.154,8803.75,20751.5,-0.005679075446517307,0.01204877343486433,0.9995076481913484,0.0014783555866674236
2026-05-22T02:38:51.654+00:00,1779417531654333000,2153,R,7758,7889,9115,10456,7758,7889,9115,10456,19219,23155,18355,22281,-78,-237,-52,-0.305882,-0.929412,-0.203922,0,61,428300,2026-05-22 02:38:51.654000+00:00,66.154,71.73333333333333,66.154,8804.5,20752.5,0.0,0.012048192771084338,0.9994771862088699,0.0014478936041889545
2026-05-22T02:38:51.654+00:00,1779417531654397000,2154,R,7753,7892,9120,10452,7753,7892,9120,10452,19213,23160,18355,22268,-77,-236,-53,-0.301961,-0.92549,-0.207843,0,61,528300,2026-05-22 02:38:51.654000+00:00,66.154,71.76666666666667,66.154,8804.25,20749.0,-0.0028394570958032825,-0.006024023806942085,0.9954450754662459,-0.002584217138435041
2026-05-22T02:38:51.947+00:00,1779417531947804000,2155,R,7751,7891,9128,10442,7751,7891,9128,10442,19210,23179,18358,22253,-77,-237,-53,-0.301961,-0.929412,-0.207843,0,61,628300,2026-05-22 02:38:51.947000+00:00,66.447,71.8,66.447,8803.0,20750.0,-0.022714366837024418,-0.004819044865307696,0.9990925001790375,0.0010632075743565172
2026-05-22T02:38:51.947+00:00,1779417531947862000,2156,R,7743,7889,9141,10436,7743,7889,9141,10436,19204,23203,18357,22229,-78,-237,-54,-0.305882,-0.929412,-0.211765,0,61,728300,2026-05-22 02:38:51.947000+00:00,66.447,71.83333333333333,66.447,8802.25,20748.25,-0.0369087502129351,-0.014456960424070839,1.0011068269135917,0.0024224605254919984
2026-05-22T02:38:51.947+00:00,1779417531947891000,2157,R,7744,7891,9148,10429,7744,7891,9148,10429,19201,23229,18362,22214,-81,-237,-54,-0.317647,-0.929412,-0.211765,0,61,828300,2026-05-22 02:38:51.947000+00:00,66.447,71.86666666666666,66.447,8803.0,20751.5,-0.034067681126504656,0.0,1.0047640009365384,0.006079634548438739
2026-05-22T02:38:51.947+00:00,1779417531947915000,2158,R,7751,7877,9103,10439,7751,7877,9103,10439,19211,23140,18342,22248,-75,-239,-53,-0.294118,-0.937255,-0.207843,0,61,e28350,2026-05-22 02:38:51.947000+00:00,66.447,71.9,66.447,8792.5,20735.25,-0.16464176223458613,-0.07830759222224899,1.00406725153149,0.006037958926808917
2026-05-22T02:38:51.947+00:00,1779417531947939000,2159,R,7755,7873,9094,10447,7755,7873,9094,10447,19214,23121,18340,22274,-75,-236,-53,-0.294118,-0.92549,-0.207843,0,61,f28350,2026-05-22 02:38:51.947000+00:00,66.447,71.93333333333334,66.447,8792.25,20737.25,-0.1759813800346286,-0.07348512227442477,0.9930940794672981,-0.004935213137382877
2026-05-22T02:38:51.952+00:00,1779417531952949000,2160,R,7758,7873,9087,10454,7758,7873,9087,10454,19219,23097,18335,22294,-76,-234,-55,-0.298039,-0.917647,-0.215686,0,61,028350,2026-05-22 02:38:51.952000+00:00,66.452,71.96666666666667,66.452,8793.0,20736.25,-0.1674661519684369,-0.0807112224738592,0.9886474157787497,-0.009266720765071401
2026-05-22T02:38:51.953+00:00,1779417531953053000,2161,R,7755,7872,9078,10463,7755,7872,9078,10463,19224,23087,18336,22311,-76,-237,-54,-0.298039,-0.929412,-0.211765,0,61,128350,2026-05-22 02:38:51.953000+00:00,66.453,72.0,66.453,8792.0,20739.5,-0.1929844477239187,-0.06505083602370741,0.9987383673865744,0.000824230842753293
2026-05-22T02:38:51.953+00:00,1779417531953125000,2162,R,7760,7870,9074,10466,7760,7870,9074,10466,19231,23078,18333,22320,-77,-238,-54,-0.301961,-0.933333,-0.211765,0,61,228350,2026-05-22 02:38:51.953000+00:00,66.453,72.03333333333333,66.453,8792.5,20740.5,-0.19863791146424517,-0.0614361606013516,1.0035613332701694,0.0055320406654884025
2026-05-22T02:38:51.953+00:00,1779417531953191000,2163,R,7744,7883,9125,10432,7744,7883,9125,10432,19204,23175,18348,22238,-76,-237,-53,-0.298039,-0.929412,-0.207843,0,61,a28420,2026-05-22 02:38:51.953000+00:00,66.453,72.06666666666666,66.453,8796.0,20741.25,-0.18440239439416722,-0.08309848977527277,0.9979141365438211,-0.0003078481850267156
2026-05-22T02:38:51.953+00:00,1779417531953256000,2164,R,7740,7888,9140,10427,7740,7888,9140,10427,19198,23204,18357,22216,-75,-238,-54,-0.294118,-0.933333,-0.211765,0,61,b28420,2026-05-22 02:38:51.953000+00:00,66.453,72.1,66.453,8798.75,20743.75,-0.15319583534284661,-0.07105523038755208,1.0012293953125826,0.003007410583734771
2026-05-22T02:38:51.953+00:00,1779417531953319000,2165,R,7737,7888,9145,10419,7737,7888,9145,10419,19196,23224,18362,22201,-73,-241,-52,-0.286275,-0.945098,-0.203922,0,61,c28420,2026-05-22 02:38:51.953000+00:00,66.453,72.13333333333334,66.453,8797.25,20745.75,-0.17021759482538512,-0.061420622877375534,1.008339123168887,0.010117138440039142
2026-05-22T02:38:52.102+00:00,1779417532102763000,2166,R,7736,7891,9154,10419,7736,7891,9154,10419,19187,23233,18361,22190,-69,-241,-54,-0.270588,-0.945098,-0.211765,0,61,d28420,2026-05-22 02:38:52.102000+00:00,66.602,72.16666666666667,66.602,8800.0,20742.75,-0.1390110357740645,-0.07587253414264036,1.005620460498393,0.0075911678937119476
2026-05-22T02:38:52.102+00:00,1779417532102887000,2167,R,7736,7890,9156,10420,7736,7890,9156,10420,19186,23244,18366,22189,-68,-242,-55,-0.266667,-0.94902,-0.215686,0,61,e28420,2026-05-22 02:38:52.102000+00:00,66.602,72.2,66.602,8800.5,20746.25,-0.13333711594655168,-0.059011970999831395,1.0090939995287853,0.011179862984964206
2026-05-22T02:38:52.102+00:00,1779417532102961000,2168,R,7732,7901,9162,10429,7732,7901,9162,10429,19183,23261,18376,22192,-79,-235,-49,-0.309804,-0.921569,-0.192157,0,61,628490,2026-05-22 02:38:52.102000+00:00,66.602,72.23333333333333,66.602,8806.0,20753.0,-0.07092399784391047,-0.026495170652985525,0.9910561300077811,-0.006858006536039962
2026-05-22T02:38:52.103+00:00,1779417532103027000,2169,R,7732,7902,9157,10429,7732,7902,9157,10429,19185,23255,18375,22198,-79,-235,-49,-0.309804,-0.921569,-0.192157,0,61,728490,2026-05-22 02:38:52.103000+00:00,66.603,72.26666666666667,66.603,8805.0,20753.25,-0.08227183749893614,-0.025290844714213456,0.9910561300077811,-0.006850201143595025
2026-05-22T02:38:52.103+00:00,1779417532103090000,2170,R,7735,7900,9155,10432,7735,7900,9155,10432,19189,23242,18376,22205,-77,-235,-49,-0.301961,-0.921569,-0.192157,0,61,828490,2026-05-22 02:38:52.103000+00:00,66.603,72.3,66.603,8805.5,20753.0,-0.07659791767142331,-0.026495170652985525,0.9886324797066905,-0.009273851444685621
2026-05-22T02:38:52.253+00:00,1779417532253032000,2171,R,7736,7899,9146,10432,7736,7899,9146,10432,19188,23229,18377,22211,-78,-237,-50,-0.305882,-0.929412,-0.196078,0,61,928490,2026-05-22 02:38:52.253000+00:00,66.753,72.33333333333333,66.753,8803.25,20751.25,-0.10213055689523107,-0.03492545222439001,0.9979063311513762,0.0
2026-05-22T02:38:52.253+00:00,1779417532253151000,2172,R,7740,7895,9139,10438,7740,7895,9139,10438,19192,23217,18372,22223,-77,-236,-50,-0.301961,-0.92549,-0.196078,0,61,a28490,2026-05-22 02:38:52.253000+00:00,66.753,72.36666666666666,66.753,8803.0,20751.0,-0.10496751680898748,-0.036129778163162075,0.9930552692096246,-0.0048510619417515555
2026-05-22T02:38:52.253+00:00,1779417532253225000,2173,R,7743,7903,9159,10444,7743,7903,9159,10444,19199,23241,18378,22230,-74,-239,-51,-0.290196,-0.937255,-0.2,0,61,228560,2026-05-22 02:38:52.253000+00:00,66.753,72.4,66.753,8812.25,20762.0,0.07097433568021803,0.039751852074926215,1.00132944301114,0.003423111859763739
2026-05-22T02:38:52.253+00:00,1779417532253290000,2174,R,7739,7907,9172,10440,7739,7907,9172,10440,19195,23267,18381,22206,-74,-239,-53,-0.290196,-0.937255,-0.207843,0,61,328560,2026-05-22 02:38:52.253000+00:00,66.753,72.43333333333334,66.753,8814.5,20762.25,0.10220884674351258,0.043366701600954065,1.0029254040505704,0.005019072899194232
2026-05-22T02:38:52.253+00:00,1779417532253354000,2175,R,7739,7912,9184,10434,7739,7912,9184,10434,19189,23293,18391,22200,-75,-237,-51,-0.294118,-0.929412,-0.2,0,61,428560,2026-05-22 02:38:52.253000+00:00,66.753,72.46666666666667,66.753,8817.25,20768.25,0.13628233156355582,0.07348335180455838,0.995144242644251,-0.0027620885071251156
2026-05-22T02:38:52.402+00:00,1779417532402416000,2176,R,7736,7913,9193,10434,7736,7913,9193,10434,19182,23314,18392,22188,-75,-236,-52,-0.294118,-0.92549,-0.203922,0,61,528560,2026-05-22 02:38:52.402000+00:00,66.902,72.5,66.902,8819.0,20769.0,0.15615683824990773,0.07709728713920878,0.9922808675511183,-0.005633268992702778
2026-05-22T02:38:52.402+00:00,1779417532402459000,2177,R,7734,7915,9200,10432,7734,7915,9200,10432,19183,23323,18394,22179,-77,-237,-51,-0.301961,-0.929412,-0.2,0,61,628560,2026-05-22 02:38:52.402000+00:00,66.902,72.53333333333333,66.902,8820.25,20769.75,0.17319704713231118,0.08312251535959522,0.9974904066029908,-0.00042372994083028637
2026-05-22T02:38:52.402+00:00,1779417532402475000,2178,R,7737,7923,9206,10437,7737,7923,9206,10437,19179,23343,18402,22175,-81,-237,-54,-0.317647,-0.929412,-0.211765,0,61,d28620,2026-05-22 02:38:52.402000+00:00,66.902,72.56666666666666,66.902,8825.75,20774.75,0.241353853143279,0.10721599807252138,1.0047640009365384,0.006849864392717286
2026-05-22T02:38:52.402+00:00,1779417532402489000,2179,R,7735,7921,9205,10440,7735,7921,9205,10440,19182,23335,18406,22184,-76,-237,-51,-0.298039,-0.929412,-0.2,0,61,e28620,2026-05-22 02:38:52.402000+00:00,66.902,72.6,66.902,8825.25,20776.75,0.23567493895167244,0.11805948752544905,0.9963101481290854,-0.001911836599762462
2026-05-22T02:38:52.402+00:00,1779417532402503000,2180,R,7738,7923,9201,10442,7738,7923,9201,10442,19185,23329,18403,22186,-78,-237,-51,-0.305882,-0.929412,-0.2,0,61,f28620,2026-05-22 02:38:52.402000+00:00,66.902,72.63333333333334,66.902,8826.0,20775.75,0.24703978192350284,0.1168590222393562,0.9986843663880997,0.0
2026-05-22T02:38:52.701+00:00,1779417532701907000,2181,R,7734,7920,9199,10442,7734,7920,9199,10442,19185,23324,18404,22191,-74,-238,-51,-0.290196,-0.933333,-0.2,0,61,028620,2026-05-22 02:38:52.701000+00:00,67.201,72.66666666666667,67.201,8823.75,20776.0,0.22717591935254863,0.1180637544273908,0.9976593643649119,-0.001025002023187782
2026-05-22T02:38:52.702+00:00,1779417532702055000,2182,R,7738,7925,9201,10447,7738,7925,9201,10447,19181,23321,18405,22192,-77,-239,-55,-0.301961,-0.937255,-0.215686,0,61,128620,2026-05-22 02:38:52.702000+00:00,67.202,72.7,67.202,8827.75,20774.75,0.27261110322305837,0.11204009348721779,1.008041582050066,0.009357215661966456
2026-05-22T02:38:52.702+00:00,1779417532702132000,2183,R,7739,7924,9203,10448,7739,7924,9203,10448,19185,23322,18406,22194,-75,-235,-54,-0.294118,-0.921569,-0.211765,0,61,228620,2026-05-22 02:38:52.702000+00:00,67.202,72.73333333333333,67.202,8828.5,20776.75,0.2754351591560894,0.12167795099149459,0.990272303414571,-0.0084120629735287
2026-05-22T02:38:52.702+00:00,1779417532702196000,2184,R,7740,7930,9220,10451,7740,7930,9220,10451,19186,23358,18411,22192,-82,-235,-47,-0.321569,-0.921569,-0.184314,0,61,a28690,2026-05-22 02:38:52.702000+00:00,67.202,72.76666666666667,67.202,8835.25,20786.75,0.35210267768407305,0.16986723851287858,0.9933114789017592,-0.005372887486340461
2026-05-22T02:38:52.702+00:00,1779417532702259000,2185,R,7740,7930,9217,10448,7740,7930,9217,10448,19184,23363,18414,22189,-84,-235,-45,-0.329412,-0.921569,-0.176471,0,61,b28690,2026-05-22 02:38:52.702000+00:00,67.202,72.8,67.202,8833.75,20787.5,0.33221648020898403,0.16986109939886038,0.9944564853959171,-0.00422788099218252
2026-05-22T02:38:52.849+00:00,1779417532849707000,2186,R,7736,7927,9219,10442,7736,7927,9219,10442,19183,23361,18411,22184,-82,-237,-48,-0.321569,-0.929412,-0.188235,0,61,c28690,2026-05-22 02:38:52.849000+00:00,67.349,72.83333333333333,67.349,8831.0,20784.75,0.29528676888131744,0.15540296349837368,1.0013219775526752,0.0030999928238273355
2026-05-22T02:38:52.849+00:00,1779417532849773000,2187,R,7737,7924,9216,10439,7737,7924,9216,10439,19185,23364,18408,22184,-83,-238,-44,-0.32549,-0.933333,-0.172549,0,61,d28690,2026-05-22 02:38:52.849000+00:00,67.349,72.86666666666666,67.349,8829.0,20785.25,0.26972544788620423,0.1553992193899677,1.0034078863503115,0.005185901621463707
2026-05-22T02:38:52.849+00:00,1779417532849802000,2188,R,7733,7922,9216,10434,7733,7922,9216,10434,19185,23363,18407,22176,-82,-235,-46,-0.321569,-0.921569,-0.180392,0,61,e28690,2026-05-22 02:38:52.849000+00:00,67.349,72.9,67.349,8826.25,20782.75,0.2384940802362227,0.14335276827446633,0.9925912135345547,-0.005630771194293116
2026-05-22T02:38:52.849+00:00,1779417532849826000,2189,R,7726,7916,9211,10421,7726,7916,9211,10421,19171,23357,18398,22154,-83,-235,-48,-0.32549,-0.921569,-0.188235,0,61,628760,2026-05-22 02:38:52.849000+00:00,67.349,72.93333333333334,67.349,8818.5,20770.0,0.1476350008517404,0.08071025020177562,0.9953218459804848,-0.0026225919863792635
2026-05-22T02:38:52.849+00:00,1779417532849849000,2190,R,7726,7912,9213,10418,7726,7912,9213,10418,19170,23359,18399,22156,-83,-235,-46,-0.32549,-0.921569,-0.180392,0,61,728760,2026-05-22 02:38:52.849000+00:00,67.349,72.96666666666667,67.349,8817.25,20771.0,0.1334393276929192,0.08311750888393664,0.9938684196235434,-0.004076018343320609
2026-05-22T02:38:52.849+00:00,1779417532849872000,2191,R,7724,7913,9211,10415,7724,7913,9211,10415,19171,23359,18397,22155,-83,-236,-47,-0.32549,-0.92549,-0.184314,0,61,828760,2026-05-22 02:38:52.849000+00:00,67.349,73.0,67.349,8815.75,20770.5,0.11071996366114013,0.07227000072270001,0.9982219847288478,0.0
2026-05-22T02:38:53.000+00:00,1779417533000161000,2192,R,7725,7911,9210,10414,7725,7911,9210,10414,19168,23359,18394,22151,-86,-235,-48,-0.337255,-0.921569,-0.188235,0,61,928760,2026-05-22 02:38:53+00:00,67.5,73.03333333333333,67.5,8815.0,20768.0,0.10220304337951397,0.05540433117336738,0.9992310903945093,0.0010091056656614805
2026-05-22T02:38:53.000+00:00,1779417533000209000,2193,R,7723,7911,9210,10417,7723,7911,9210,10417,19165,23358,18395,22149,-87,-235,-48,-0.341176,-0.921569,-0.188235,0,61,a28760,2026-05-22 02:38:53+00:00,67.5,73.06666666666666,67.5,8815.25,20766.75,0.10504201680672269,0.03733320487499398,1.0005612924563891,0.002616854489525089
2026-05-22T02:38:53.000+00:00,1779417533000226000,2194,R,7720,7902,9190,10409,7720,7902,9190,10409,19165,23322,18384,22144,-85,-232,-48,-0.333333,-0.909804,-0.188235,0,61,028810,2026-05-22 02:38:53+00:00,67.5,73.1,67.5,8805.25,20753.75,-0.008516920281626164,-0.025290235560479792,0.9870595840829468,-0.011162400645901016
2026-05-22T02:38:53.000+00:00,1779417533000240000,2195,R,7720,7905,9187,10409,7720,7905,9187,10409,19166,23313,18385,22145,-83,-230,-49,-0.32549,-0.901961,-0.192157,0,61,128810,2026-05-22 02:38:53+00:00,67.5,73.13333333333334,67.5,8805.25,20752.25,-0.008516920281626164,-0.0325160171491883,0.9779579225457504,-0.019986515421113626
2026-05-22T02:38:53.000+00:00,1779417533000254000,2196,R,7721,7906,9184,10407,7721,7906,9184,10407,19164,23310,18389,22147,-83,-233,-49,-0.32549,-0.913725,-0.192157,0,61,228810,2026-05-22 02:38:53+00:00,67.5,73.16666666666667,67.5,8804.5,20752.5,-0.017033840563252328,-0.031311720217736885,0.9888181978371959,-0.009126240129668117
2026-05-22T02:38:53.151+00:00,1779417533151870000,2197,R,7714,7903,9183,10401,7714,7903,9183,10401,19161,23309,18389,22146,-84,-234,-49,-0.329412,-0.917647,-0.192157,0,61,328810,2026-05-22 02:38:53.151000+00:00,67.651,73.2,67.651,8800.25,20751.25,-0.06529638882580059,-0.03733320487499398,0.9937366829306443,-0.0041696482207318475
2026-05-22T02:38:53.152+00:00,1779417533152019000,2198,R,7715,7907,9180,10410,7715,7907,9180,10410,19156,23301,18392,22150,-84,-233,-48,-0.329412,-0.913725,-0.188235,0,61,428810,2026-05-22 02:38:53.152000+00:00,67.652,73.23333333333333,67.652,8803.0,20749.75,-0.034067681126504656,-0.04455898646370249,0.9893624495572894,-0.008458698159073741
2026-05-22T02:38:53.152+00:00,1779417533152101000,2199,R,7715,7901,9143,10425,7715,7901,9143,10425,19153,23236,18385,22192,-74,-235,-56,-0.290196,-0.921569,-0.219608,0,61,e28900,2026-05-22 02:38:53.152000+00:00,67.652,73.26666666666667,67.652,8796.0,20741.5,-0.10788711600704105,-0.08430078520159931,0.9908233010184005,-0.006997846697962551
2026-05-22T02:38:53.152+00:00,1779417533152169000,2200,R,7714,7898,9142,10428,7714,7898,9142,10428,19155,23228,18385,22198,-81,-236,-52,-0.317647,-0.92549,-0.203922,0,61,f28900,2026-05-22 02:38:53.152000+00:00,67.652,73.3,67.652,8795.5,20741.5,-0.11356538527056953,-0.08430078520159931,0.9995076481913484,0.0016865004749853085
2026-05-22T02:38:53.152+00:00,1779417533152236000,2201,R,7715,7900,9136,10428,7715,7900,9136,10428,19158,23221,18383,22200,-79,-237,-53,-0.309804,-0.929412,-0.207843,0,61,028900,2026-05-22 02:38:53.152000+00:00,67.652,73.33333333333333,67.652,8794.75,20740.5,-0.12775380422439245,-0.08911797292740498,1.0014908371068605,0.003669689390497388
2026-05-22T02:38:53.300+00:00,1779417533300584000,2202,R,7718,7900,9135,10428,7718,7900,9135,10428,19161,23208,18384,22204,-82,-237,-54,-0.321569,-0.929412,-0.211765,0,61,128900,2026-05-22 02:38:53.300000+00:00,67.8,73.36666666666666,67.8,8795.25,20739.25,-0.12207585736997502,-0.09513945758466208,1.006010786587301,0.008189638870937821
2026-05-22T02:38:53.300+00:00,1779417533300716000,2203,R,7722,7899,9134,10429,7722,7899,9134,10429,19171,23208,18382,22204,-84,-236,-55,-0.329412,-0.92549,-0.215686,0,61,228900,2026-05-22 02:38:53.300000+00:00,67.8,73.4,67.8,8796.0,20741.25,-0.11355893708834885,-0.08550508213305072,1.005765607107342,0.007821169140477924
2026-05-22T02:38:53.300+00:00,1779417533300788000,2204,R,7729,7887,9096,10439,7729,7887,9096,10439,19192,23136,18366,22235,-78,-236,-56,-0.305882,-0.92549,-0.219608,0,61,a28970,2026-05-22 02:38:53.300000+00:00,67.8,73.43333333333334,67.8,8787.75,20732.25,-0.2015785588552609,-0.12284568414206742,0.9991612540966549,0.0012168161297908542
2026-05-22T02:38:53.300+00:00,1779417533300853000,2205,R,7733,7880,9091,10445,7733,7880,9091,10445,19193,23122,18361,22251,-76,-237,-55,-0.298039,-0.929412,-0.215686,0,61,b28970,2026-05-22 02:38:53.300000+00:00,67.8,73.46666666666667,67.8,8787.25,20731.75,-0.2072568281187894,-0.11923975622094284,0.9995770915047023,0.0016326535378382578
2026-05-22T02:38:53.300+00:00,1779417533300916000,2206,R,7737,7885,9088,10447,7737,7885,9088,10447,19194,23112,18362,22261,-76,-237,-55,-0.298039,-0.929412,-0.215686,0,61,c28970,2026-05-22 02:38:53.300000+00:00,67.8,73.5,67.8,8789.25,20732.25,-0.1845437510646755,-0.11683087225688339,0.9995770915047023,0.0013551067758544866
2026-05-22T02:38:53.601+00:00,1779417533601265000,2207,R,7741,7887,9086,10453,7741,7887,9086,10453,19204,23106,18363,22270,-74,-237,-55,-0.290196,-0.929412,-0.215686,0,61,d28970,2026-05-22 02:38:53.601000+00:00,68.101,73.53333333333333,68.101,8791.75,20735.75,-0.1561524047470331,-0.09996868450846723,0.9972666818639836,-0.00101766169951234
2026-05-22T02:38:53.601+00:00,1779417533601322000,2208,R,7742,7887,9081,10456,7742,7887,9081,10456,19205,23101,18365,22278,-74,-237,-55,-0.290196,-0.929412,-0.215686,0,61,e28970,2026-05-22 02:38:53.601000+00:00,68.101,73.56666666666666,68.101,8791.5,20737.25,-0.15899153937879734,-0.09274203261628887,0.9972666818639836,-0.001194596510896595
2026-05-22T02:38:53.601+00:00,1779417533601350000,2209,R,7740,7888,9079,10460,7740,7888,9079,10460,19205,23096,18364,22288,-77,-239,-53,-0.301961,-0.937255,-0.207843,0,61,f28970,2026-05-22 02:38:53.601000+00:00,68.101,73.6,68.101,8791.75,20738.25,-0.1561524047470331,-0.08792426468816997,1.006392613841636,0.008108270278139984
2026-05-22T02:38:53.601+00:00,1779417533601375000,2210,R,7727,7903,9104,10471,7727,7903,9104,10471,19171,23146,18390,22290,-79,-240,-53,-0.309804,-0.941176,-0.207843,0,61,629030,2026-05-22 02:38:53.601000+00:00,68.101,73.63333333333334,68.101,8801.25,20749.25,-0.04826528873999205,-0.03492881747886204,1.0124176480292113,0.013956369654331113
2026-05-22T02:38:53.601+00:00,1779417533601399000,2211,R,7724,7903,9105,10464,7724,7903,9105,10464,19168,23157,18393,22288,-81,-236,-52,-0.317647,-0.92549,-0.203922,0,61,729030,2026-05-22 02:38:53.601000+00:00,68.101,73.66666666666667,68.101,8799.0,20751.5,-0.0738175004258702,-0.024088839640594512,0.9995076481913484,0.0012233046278524728
2026-05-22T02:38:53.750+00:00,1779417533750914000,2212,R,7725,7911,9116,10472,7725,7911,9116,10472,19168,23171,18395,22288,-83,-234,-52,-0.32549,-0.917647,-0.203922,0,61,829030,2026-05-22 02:38:53.750000+00:00,68.25,73.7,68.25,8806.0,20755.5,0.0056782692635284765,-0.004817767928118903,0.9947883889516403,-0.0036728894232398446
2026-05-22T02:38:53.751+00:00,1779417533751029000,2213,R,7721,7912,9116,10473,7721,7912,9116,10473,19163,23181,18400,22282,-88,-234,-52,-0.345098,-0.917647,-0.203922,0,61,929030,2026-05-22 02:38:53.751000+00:00,68.251,73.73333333333333,68.251,8805.5,20756.5,0.0,0.0,1.0013754681921263,0.0029141898172461156
2026-05-22T02:38:53.751+00:00,1779417533751100000,2214,R,7723,7914,9122,10474,7723,7914,9122,10474,19165,23189,18402,22284,-88,-234,-51,-0.345098,-0.917647,-0.2,0,61,a29030,2026-05-22 02:38:53.751000+00:00,68.251,73.76666666666667,68.251,8808.25,20760.0,0.03123048094940662,0.01686218774841616,1.0005841524894346,0.0014686880199868968
2026-05-22T02:38:53.751+00:00,1779417533751163000,2215,R,7726,7921,9136,10484,7726,7921,9136,10484,19167,23212,18414,22294,-98,-230,-46,-0.384314,-0.901961,-0.180392,0,61,229100,2026-05-22 02:38:53.751000+00:00,68.251,73.8,68.251,8816.75,20771.75,0.12776105842939073,0.07347096090381326,0.9968812215008366,-0.0022800325958183265
2026-05-22T02:38:53.751+00:00,1779417533751227000,2216,R,7726,7924,9130,10488,7726,7924,9130,10488,19169,23215,18416,22299,-101,-229,-46,-0.396078,-0.898039,-0.180392,0,61,329100,2026-05-22 02:38:53.751000+00:00,68.251,73.83333333333333,68.251,8817.0,20774.75,0.13060019306115497,0.08792426468816997,0.997944437966864,-0.0012173028123753094
2026-05-22T02:38:53.751+00:00,1779417533751289000,2217,R,7727,7926,9132,10489,7727,7926,9132,10489,19165,23212,18421,22299,-101,-230,-44,-0.396078,-0.901961,-0.172549,0,61,429100,2026-05-22 02:38:53.751000+00:00,68.251,73.86666666666666,68.251,8818.5,20774.25,0.1476350008517404,0.08551538072411052,1.00009228824444,0.0009305474652007151
2026-05-22T02:38:53.901+00:00,1779417533901744000,2218,R,7729,7926,9133,10492,7729,7926,9133,10492,19170,23208,18423,22302,-99,-230,-47,-0.388235,-0.901961,-0.184314,0,61,529100,2026-05-22 02:38:53.901000+00:00,68.401,73.9,68.401,8820.0,20775.75,0.16466980864232583,0.09274203261628887,0.9991154644694477,-4.627630979170405e-05
2026-05-22T02:38:53.901+00:00,1779417533901867000,2219,R,7728,7926,9129,10489,7728,7926,9129,10489,19174,23203,18424,22304,-97,-228,-49,-0.380392,-0.894118,-0.192157,0,61,629100,2026-05-22 02:38:53.901000+00:00,68.401,73.93333333333334,68.401,8818.0,20776.25,0.14195673158821193,0.09515091658034833,0.9904894669995234,-0.008672273779715911
2026-05-22T02:38:53.901+00:00,1779417533901939000,2220,R,7722,7917,9122,10474,7722,7917,9122,10474,19165,23195,18415,22287,-99,-229,-50,-0.388235,-0.898039,-0.196078,0,61,e29170,2026-05-22 02:38:53.901000+00:00,68.401,73.96666666666667,68.401,8808.75,20765.5,0.0369087502129351,0.04335991135307012,0.9978211477163631,-0.0014099426781462032
2026-05-22T02:38:53.902+00:00,1779417533902018000,2221,R,7726,7913,9131,10471,7726,7913,9131,10471,19164,23196,18408,22278,-101,-230,-51,-0.396078,-0.901961,-0.2,0,61,f29170,2026-05-22 02:38:53.902000+00:00,68.402,74.0,68.402,8810.25,20761.5,0.05394355800352053,0.024088839640594512,1.0051922341547412,0.005961143760231935
2026-05-22T02:38:53.902+00:00,1779417533902209000,2222,R,7720,7912,9125,10465,7720,7912,9125,10465,19161,23198,18408,22273,-101,-231,-52,-0.396078,-0.905882,-0.203922,0,61,029170,2026-05-22 02:38:53.902000+00:00,68.402,74.03333333333333,68.402,8805.5,20760.0,0.0,0.01686218774841616,1.0094969846869282,0.009989446353674714
2026-05-22T02:38:54.049+00:00,1779417534049564000,2223,R,7720,7914,9125,10460,7720,7914,9125,10460,19160,23200,18409,22267,-100,-228,-51,-0.392157,-0.894118,-0.2,0,61,129170,2026-05-22 02:38:54.049000+00:00,68.549,74.06666666666666,68.549,8804.75,20759.0,-0.008517403895292715,0.012044419820297256,0.996611313689043,-0.0028962246442104655
2026-05-22T02:38:54.049+00:00,1779417534049644000,2224,R,7718,7911,9130,10457,7718,7911,9130,10457,19159,23209,18405,22258,-103,-228,-50,-0.403922,-0.894118,-0.196078,0,61,229170,2026-05-22 02:38:54.049000+00:00,68.549,74.1,68.549,8804.0,20757.75,-0.01703480779058543,0.006022209910148628,1.0005231442060698,0.0010156058728163497
2026-05-22T02:38:54.049+00:00,1779417534049686000,2225,R,7710,7910,9161,10429,7710,7910,9161,10429,19143,23276,18401,22194,-102,-228,-48,-0.4,-0.894118,-0.188235,0,61,a29240,2026-05-22 02:38:54.049000+00:00,68.549,74.13333333333334,68.549,8802.5,20753.5,-0.03406961558117086,-0.014453303784356707,0.9974364206048424,-0.0020712275865060192
2026-05-22T02:38:54.049+00:00,1779417534049734000,2226,R,7710,7911,9162,10428,7710,7911,9162,10428,19144,23278,18399,22194,-102,-230,-47,-0.4,-0.901961,-0.184314,0,61,b29240,2026-05-22 02:38:54.049000+00:00,68.549,74.16666666666667,68.549,8802.75,20753.75,-0.03690665455371338,-0.01806575936408527,1.003745633174561,0.004237984983212484
2026-05-22T02:38:54.049+00:00,1779417534049764000,2227,R,7706,7908,9165,10427,7706,7908,9165,10427,19142,23284,18397,22189,-101,-228,-47,-0.396078,-0.894118,-0.184314,0,61,c29240,2026-05-22 02:38:54.049000+00:00,68.549,74.2,68.549,8801.5,20753.0,-0.062450323606222324,-0.02288301959509099,0.9951363879408691,-0.004440703563833193
2026-05-22T02:38:54.200+00:00,1779417534200064000,2228,R,7710,7908,9167,10423,7710,7908,9167,10423,19142,23285,18398,22185,-102,-227,-47,-0.4,-0.890196,-0.184314,0,61,d29240,2026-05-22 02:38:54.200000+00:00,68.7,74.23333333333333,68.7,8802.0,20752.5,-0.059609980413863575,-0.02529175849983741,0.9931870765429844,-0.006390014961717871
2026-05-22T02:38:54.200+00:00,1779417534200100000,2229,R,7707,7909,9171,10425,7707,7909,9171,10425,19144,23290,18397,22184,-102,-227,-47,-0.4,-0.890196,-0.184314,0,61,e29240,2026-05-22 02:38:54.200000+00:00,68.7,74.26666666666667,68.7,8803.0,20753.75,-0.05960321289699997,-0.020474034107332114,0.9931870765429844,-0.006390014961717871
2026-05-22T02:38:54.200+00:00,1779417534200116000,2230,R,7707,7909,9174,10424,7707,7909,9174,10424,19143,23300,18397,22178,-103,-228,-46,-0.403922,-0.894118,-0.180392,0,61,629310,2026-05-22 02:38:54.200000+00:00,68.7,74.3,68.7,8803.5,20754.5,-0.05676335357892944,-0.018065106644346223,0.9975676687182679,-0.002009422786434456
2026-05-22T02:38:54.200+00:00,1779417534200130000,2231,R,7713,7911,9176,10429,7713,7911,9176,10429,19142,23299,18398,22179,-103,-228,-46,-0.403922,-0.894118,-0.180392,0,61,729310,2026-05-22 02:38:54.200000+00:00,68.7,74.33333333333333,68.7,8807.25,20754.5,-0.017028522775649212,-0.021677344766125536,0.9975676687182679,-0.002132378798986201
2026-05-22T02:38:54.200+00:00,1779417534200143000,2232,R,7710,7909,9177,10424,7710,7909,9177,10424,19144,23298,18399,22180,-104,-228,-46,-0.407843,-0.894118,-0.180392,0,61,829310,2026-05-22 02:38:54.200000+00:00,68.7,74.36666666666666,68.7,8805.0,20755.25,-0.05958968247212054,-0.019268518853041414,0.9991617407792394,-0.0004153507254629485
2026-05-22T02:38:54.501+00:00,1779417534501389000,2233,R,7709,7910,9173,10423,7709,7910,9173,10423,19142,23299,18395,22181,-103,-228,-47,-0.403922,-0.894118,-0.184314,0,61,929310,2026-05-22 02:38:54.501000+00:00,69.001,74.4,69.001,8803.75,20754.25,-0.07377770210833971,-0.026493575307987814,0.9982843435634959,-0.0012927479412063736
2026-05-22T02:38:54.501+00:00,1779417534501446000,2234,R,7710,7910,9176,10425,7710,7910,9176,10425,19146,23298,18399,22180,-104,-228,-45,-0.407843,-0.894118,-0.176471,0,61,a29310,2026-05-22 02:38:54.501000+00:00,69.001,74.43333333333334,69.001,8805.25,20755.75,-0.056752078544876704,-0.020472061657032754,0.9984612783748802,-0.0011158131298221186
2026-05-22T02:38:54.501+00:00,1779417534501495000,2235,R,7709,7908,9174,10424,7709,7908,9174,10424,19149,23297,18396,22184,-104,-230,-46,-0.407843,-0.901961,-0.180392,0,61,b29310,2026-05-22 02:38:54.501000+00:00,69.001,74.46666666666667,69.001,8803.75,20756.5,-0.07661313205833949,-0.016859344894026976,1.0061862808814281,0.006486233364174088
2026-05-22T02:38:54.501+00:00,1779417534501515000,2236,R,7714,7911,9174,10429,7714,7911,9174,10429,19148,23295,18392,22182,-103,-229,-46,-0.403922,-0.898039,-0.180392,0,61,129360,2026-05-22 02:38:54.501000+00:00,69.001,74.5,69.001,8807.0,20754.25,-0.039725327733953805,-0.027697495183044315,1.0010835635794846,0.0009912753350445058
2026-05-22T02:38:54.501+00:00,1779417534501528000,2237,R,7714,7911,9178,10431,7714,7911,9178,10431,19154,23298,18399,22186,-104,-230,-46,-0.407843,-0.901961,-0.180392,0,61,229360,2026-05-22 02:38:54.501000+00:00,69.001,74.53333333333333,69.001,8808.5,20759.25,-0.02553698606815538,-0.007225172500993461,1.0061862808814281,0.0057560123549305064
2026-05-22T02:38:54.651+00:00,1779417534651807000,2238,R,7723,7909,9185,10435,7723,7909,9185,10435,19151,23300,18394,22187,-103,-229,-46,-0.403922,-0.898039,-0.180392,0,61,329360,2026-05-22 02:38:54.651000+00:00,69.151,74.56666666666666,69.151,8813.0,20758.0,0.02553698606815538,-0.01685812682127977,1.0010835635794846,0.0005604193734147778
2026-05-22T02:38:54.651+00:00,1779417534651928000,2239,R,7717,7910,9180,10435,7717,7910,9180,10435,19153,23290,18398,22190,-101,-229,-46,-0.396078,-0.898039,-0.180392,0,61,429360,2026-05-22 02:38:54.651000+00:00,69.151,74.6,69.151,8810.5,20757.75,-0.005674724775848372,-0.01926619865859092,0.997944437966864,-0.002639714522570502
2026-05-22T02:38:54.651+00:00,1779417534652002000,2240,R,7718,7912,9176,10435,7718,7912,9176,10435,19156,23298,18396,22189,-103,-229,-44,-0.403922,-0.898039,-0.172549,0,61,529360,2026-05-22 02:38:54.651000+00:00,69.151,74.63333333333334,69.151,8810.25,20759.75,-0.031203903324634064,-0.00963309932929546,0.999700047517254,-0.0008230966888157498
2026-05-22T02:38:54.652+00:00,1779417534652067000,2241,R,7721,7912,9171,10439,7721,7912,9171,10439,19161,23283,18400,22203,-103,-228,-46,-0.403922,-0.894118,-0.180392,0,62,d29430,2026-05-22 02:38:54.652000+00:00,69.152,74.66666666666667,69.152,8810.75,20761.75,-0.025530466356518778,0.0,0.9975676687182679,-0.0029554754878019507
2026-05-22T02:38:54.652+00:00,1779417534652128000,2242,R,7720,7911,9170,10441,7720,7911,9170,10441,19155,23280,18398,22200,-104,-228,-46,-0.407843,-0.894118,-0.180392,0,62,e29430,2026-05-22 02:38:54.652000+00:00,69.152,74.7,69.152,8810.5,20758.25,-0.02836718484057642,-0.016857923826267055,0.9991617407792394,-0.0013614034268304431
2026-05-22T02:38:54.652+00:00,1779417534652190000,2243,R,7718,7912,9170,10441,7718,7912,9170,10441,19154,23284,18393,22199,-105,-228,-46,-0.411765,-0.894118,-0.180392,0,62,f29430,2026-05-22 02:38:54.652000+00:00,69.152,74.73333333333333,69.152,8810.25,20757.5,-0.031203903324634064,-0.020470336074752852,1.0007690476893258,0.00018489519989128844
2026-05-22T02:38:54.801+00:00,1779417534801798000,2244,R,7717,7913,9169,10445,7717,7913,9169,10445,19155,23286,18397,22202,-104,-229,-46,-0.407843,-0.898039,-0.180392,0,62,029430,2026-05-22 02:38:54.801000+00:00,69.301,74.76666666666667,69.301,8811.0,20760.0,-0.02269374787246114,-0.008428961913133528,1.0026720460020815,0.0020878935126469322
2026-05-22T02:38:54.801+00:00,1779417534801930000,2245,R,7718,7913,9169,10443,7718,7913,9169,10443,19157,23284,18398,22204,-103,-229,-46,-0.403922,-0.898039,-0.180392,0,62,129430,2026-05-22 02:38:54.801000+00:00,69.301,74.8,69.301,8810.75,20760.75,-0.03970842669540801,-0.00481654966464773,1.0010835635794846,0.0005604193734147778
2026-05-22T02:38:54.801+00:00,1779417534802004000,2246,R,7726,7917,9176,10449,7726,7917,9176,10449,19157,23289,18400,22205,-102,-231,-46,-0.4,-0.905882,-0.180392,0,62,929500,2026-05-22 02:38:54.801000+00:00,69.301,74.83333333333333,69.301,8817.0,20762.75,0.031199478117820575,0.006020759579028491,1.0065602175667385,0.006037073360668721
2026-05-22T02:38:54.802+00:00,1779417534802070000,2247,R,7727,7919,9180,10450,7727,7919,9180,10450,19161,23294,18399,22208,-102,-229,-46,-0.4,-0.898039,-0.180392,0,62,a29500,2026-05-22 02:38:54.802000+00:00,69.302,74.86666666666666,69.302,8819.0,20765.5,0.05389000765805372,0.01926643065289117,0.9995075383332535,-0.0012615093560723878
2026-05-22T02:38:54.802+00:00,1779417534802134000,2248,R,7726,7919,9179,10450,7726,7919,9179,10450,19165,23291,18399,22206,-102,-231,-46,-0.4,-0.905882,-0.180392,0,62,b29500,2026-05-22 02:38:54.802000+00:00,69.302,74.9,69.302,8818.5,20765.25,0.04821737527299543,0.01806227873708547,1.0065602175667385,0.005791169877412683
2026-05-22T02:38:54.951+00:00,1779417534951242000,2249,R,7725,7920,9180,10450,7725,7920,9180,10450,19166,23292,18404,22212,-101,-231,-47,-0.396078,-0.905882,-0.184314,0,62,c29500,2026-05-22 02:38:54.951000+00:00,69.451,74.93333333333334,69.451,8818.75,20768.5,0.051053691465524575,0.03371625364255954,1.005719459195257,0.004950411505931118
2026-05-22T02:38:54.951+00:00,1779417534951312000,2250,R,7729,7922,9186,10454,7729,7922,9186,10454,19165,23296,18402,22209,-100,-231,-46,-0.392157,-0.905882,-0.180392,0,62,d29500,2026-05-22 02:38:54.951000+00:00,69.451,74.96666666666667,69.451,8822.75,20768.0,0.09643475054599086,0.03130794981094815,1.0034692741868083,0.002700226497482472
2026-05-22T02:38:54.951+00:00,1779417534951459000,2251,R,7733,7924,9173,10461,7733,7924,9173,10461,19176,23278,18412,22218,-99,-229,-44,-0.388235,-0.898039,-0.172549,0,62,529570,2026-05-22 02:38:54.951000+00:00,69.451,75.0,69.451,8822.75,20771.0,0.09643475054599086,0.04575777280061653,0.9934654589601996,-0.007303588729126287
2026-05-22T02:38:54.951+00:00,1779417534951489000,2252,R,7732,7923,9171,10460,7732,7923,9171,10460,19177,23274,18410,22225,-99,-232,-46,-0.388235,-0.909804,-0.180392,0,62,629570,2026-05-22 02:38:54.951000+00:00,69.451,75.03333333333333,69.451,8821.5,20771.5,0.07941460094163026,0.046961359230315365,1.005490431234927,0.004967287028857292
2026-05-22T02:38:54.951+00:00,1779417534951514000,2253,R,7734,7925,9171,10461,7734,7925,9171,10461,19177,23273,18414,22228,-97,-231,-43,-0.380392,-0.905882,-0.168627,0,62,729570,2026-05-22 02:38:54.951000+00:00,69.451,75.06666666666666,69.451,8822.75,20773.0,0.08791832104367556,0.05177666197064384,0.9968727786016628,-0.0035574899248348446
2026-05-22T02:38:55.099+00:00,1779417535099929000,2254,R,7731,7926,9170,10460,7731,7926,9170,10460,19172,23271,18410,22224,-98,-231,-46,-0.384314,-0.905882,-0.180392,0,62,829570,2026-05-22 02:38:55.099000+00:00,69.599,75.1,69.599,8821.75,20769.25,0.07657402155416904,0.03130606494804397,1.0004302685264976,0.0
2026-05-22T02:38:55.100+00:00,1779417535100067000,2255,R,7730,7920,9170,10456,7730,7920,9170,10456,19174,23272,18408,22221,-99,-231,-47,-0.388235,-0.905882,-0.184314,0,62,929570,2026-05-22 02:38:55.100000+00:00,69.6,75.13333333333334,69.6,8819.0,20768.75,0.04253991662176342,0.028897906105886745,1.002656603102478,0.0029565555852238967
2026-05-22T02:38:55.100+00:00,1779417535100140000,2256,R,7730,7921,9174,10452,7730,7921,9174,10452,19172,23277,18408,22214,-99,-231,-47,-0.388235,-0.905882,-0.184314,0,62,a29570,2026-05-22 02:38:55.100000+00:00,69.6,75.16666666666667,69.6,8819.25,20767.75,0.045375911063214314,0.02408158842157229,1.002656603102478,0.0029565555852238967
2026-05-22T02:38:55.100+00:00,1779417535100204000,2257,R,7725,7917,9181,10438,7725,7917,9181,10438,19162,23301,18402,22191,-102,-230,-46,-0.4,-0.901961,-0.180392,0,62,029620,2026-05-22 02:38:55.100000+00:00,69.6,75.2,69.6,8815.25,20764.0,0.0,0.006020397105393072,1.0030328604711811,0.0035253221379276667
2026-05-22T02:38:55.100+00:00,1779417535100265000,2258,R,7723,7916,9181,10437,7723,7916,9181,10437,19162,23301,18399,22194,-102,-230,-46,-0.4,-0.901961,-0.180392,0,62,129620,2026-05-22 02:38:55.100000+00:00,69.6,75.23333333333333,69.6,8814.25,20764.0,-0.011343977765803578,0.006020397105393072,1.0030328604711811,0.0033328129539270668
2026-05-22T02:38:55.251+00:00,1779417535251217000,2259,R,7726,7917,9186,10436,7726,7917,9186,10436,19164,23309,18395,22191,-99,-229,-48,-0.388235,-0.898039,-0.188235,0,62,229620,2026-05-22 02:38:55.251000+00:00,69.751,75.26666666666667,69.751,8816.25,20764.75,0.011343977765803578,0.009632635368628914,0.9963096285648353,-0.004120639961662342
2026-05-22T02:38:55.251+00:00,1779417535251340000,2260,R,7725,7915,9188,10435,7725,7915,9188,10435,19164,23312,18397,22186,-98,-230,-46,-0.384314,-0.901961,-0.180392,0,62,329620,2026-05-22 02:38:55.251000+00:00,69.751,75.3,69.751,8815.75,20764.75,0.005671988882901789,0.009632635368628914,0.9968812215008366,-0.003887826188489263
2026-05-22T02:38:55.251+00:00,1779417535251412000,2261,R,7723,7912,9188,10434,7723,7912,9188,10434,19168,23312,18393,22183,-97,-232,-48,-0.380392,-0.909804,-0.188235,0,62,429620,2026-05-22 02:38:55.251000+00:00,69.751,75.33333333333333,69.751,8814.25,20764.0,-0.011343977765803578,0.006020397105393072,1.003929184407446,0.0028456208279614703
2026-05-22T02:38:55.251+00:00,1779417535251477000,2262,R,7722,7917,9205,10430,7722,7917,9205,10430,19158,23344,18398,22171,-92,-229,-45,-0.360784,-0.898039,-0.176471,0,62,d29700,2026-05-22 02:38:55.251000+00:00,69.751,75.36666666666666,69.751,8818.5,20767.75,0.03686792773886163,0.02408158842157229,0.9837586868831198,-0.017324876696364733
2026-05-22T02:38:55.251+00:00,1779417535251539000,2263,R,7719,7914,9203,10430,7719,7914,9203,10430,19159,23345,18400,22169,-97,-231,-51,-0.380392,-0.905882,-0.2,0,62,e29700,2026-05-22 02:38:55.251000+00:00,69.751,75.4,69.751,8816.5,20768.25,0.014179972207254473,0.026489747263729515,1.0026566070135876,0.0015730434341030275
2026-05-22T02:38:55.548+00:00,1779417535548159000,2264,R,7722,7914,9203,10427,7722,7914,9203,10427,19155,23347,18397,22165,-96,-233,-50,-0.376471,-0.913725,-0.196078,0,62,f29700,2026-05-22 02:38:55.548000+00:00,70.048,75.43333333333334,70.048,8816.5,20766.0,0.014179972207254473,0.015653032474021986,1.007507008189025,0.006423444609540363
2026-05-22T02:38:55.548+00:00,1779417535548233000,2265,R,7718,7915,9203,10424,7718,7915,9203,10424,19152,23347,18395,22167,-100,-230,-52,-0.392157,-0.901961,-0.203922,0,62,029700,2026-05-22 02:38:55.548000+00:00,70.048,75.46666666666667,70.048,8815.0,20765.25,-0.0028359944414508946,0.012040794210786144,1.004442601771749,0.003359038192264352
2026-05-22T02:38:55.548+00:00,1779417535548263000,2266,R,7717,7915,9207,10427,7717,7915,9207,10427,19154,23352,18395,22162,-99,-234,-46,-0.388235,-0.917647,-0.180392,0,62,129700,2026-05-22 02:38:55.548000+00:00,70.048,75.5,70.048,8816.5,20765.75,0.014179972207254473,0.014448953052943372,1.0125925663849207,0.011509002805436097
2026-05-22T02:38:55.548+00:00,1779417535548288000,2267,R,7719,7917,9205,10430,7719,7917,9205,10430,19151,23349,18398,22164,-94,-236,-53,-0.368627,-0.92549,-0.207843,0,63,929770,2026-05-22 02:38:55.548000+00:00,70.048,75.53333333333333,70.048,8817.75,20765.5,0.028359944414508946,0.013244873631864757,1.017652356101041,0.016276887908914794
2026-05-22T02:38:55.548+00:00,1779417535548314000,2268,R,7716,7916,9203,10431,7716,7916,9203,10431,19150,23346,18398,22166,-95,-232,-57,-0.372549,-0.909804,-0.223529,0,63,a29770,2026-05-22 02:38:55.548000+00:00,70.048,75.56666666666666,70.048,8816.5,20765.0,0.014179972207254473,0.01083671478970753,1.0082168862194285,0.007133322639943929
2026-05-22T02:38:55.548+00:00,1779417535548338000,2269,R,7718,7916,9201,10429,7718,7916,9201,10429,19151,23339,18394,22165,-92,-235,-56,-0.360784,-0.921569,-0.219608,0,63,b29770,2026-05-22 02:38:55.548000+00:00,70.048,75.6,70.048,8816.0,20762.25,0.008507983324352684,-0.0024081588421572286,1.013746610391867,0.012663046812382506
2026-05-22T02:38:55.555+00:00,1779417535555104000,2270,R,7716,7915,9194,10433,7716,7915,9194,10433,19149,23324,18394,22168,-92,-231,-51,-0.360784,-0.905882,-0.2,0,63,c29770,2026-05-22 02:38:55.555000+00:00,70.055,75.63333333333334,70.055,8814.5,20758.75,-0.008507983324352684,-0.01926527073725783,0.9953829878895861,-0.005700575689898457
2026-05-22T02:38:55.555+00:00,1779417535555159000,2271,R,7722,7914,9184,10432,7722,7914,9184,10432,19154,23307,18395,22176,-93,-233,-57,-0.364706,-0.913725,-0.223529,0,63,d29770,2026-05-22 02:38:55.555000+00:00,70.055,75.66666666666667,70.055,8813.0,20758.0,-0.02552394997305805,-0.022877509000493672,1.0088949677255805,0.007811404146095935
2026-05-22T02:38:55.555+00:00,1779417535555188000,2272,R,7735,7908,9153,10446,7735,7908,9153,10446,19176,23230,18383,22211,-87,-232,-52,-0.341176,-0.909804,-0.203922,0,63,529840,2026-05-22 02:38:55.555000+00:00,70.055,75.7,70.055,8810.5,20750.0,-0.053883894387567,-0.06140805047500933,0.9928386391937009,-0.008244924385783725
2026-05-22T02:38:55.555+00:00,1779417535555214000,2273,R,7735,7906,9157,10445,7735,7906,9157,10445,19176,23237,18383,22209,-89,-235,-50,-0.34902,-0.921569,-0.196078,0,63,629840,2026-05-22 02:38:55.555000+00:00,70.055,75.73333333333333,70.055,8810.75,20751.25,-0.0510478999461161,-0.05538765336961626,1.0047641336378403,0.003388665445714034
2026-05-22T02:38:55.555+00:00,1779417535555238000,2274,R,7737,7908,9163,10444,7737,7908,9163,10444,19177,23248,18385,22204,-85,-236,-50,-0.333333,-0.92549,-0.196078,0,63,729840,2026-05-22 02:38:55.555000+00:00,70.055,75.76666666666667,70.055,8813.0,20753.5,-0.02552394997305805,-0.04455093857990873,1.0030399847827605,0.0016645165906341575
2026-05-22T02:38:55.851+00:00,1779417535851858000,2275,R,7737,7910,9168,10445,7737,7910,9168,10445,19173,23254,18386,22198,-84,-235,-49,-0.329412,-0.921569,-0.192157,0,63,829840,2026-05-22 02:38:55.851000+00:00,70.351,75.8,70.351,8815.0,20752.75,-0.0028359944414508946,-0.04816317684314458,0.9973595139938256,-0.003724049585658973
2026-05-22T02:38:55.851+00:00,1779417535852002000,2276,R,7737,7911,9171,10443,7737,7911,9171,10443,19175,23265,18384,22196,-84,-235,-49,-0.329412,-0.921569,-0.192157,0,63,929840,2026-05-22 02:38:55.851000+00:00,70.351,75.83333333333333,70.351,8815.5,20755.0,0.0,-0.037326462053437044,0.9973595139938256,-0.0030707545326720265
2026-05-22T02:38:55.852+00:00,1779417535852077000,2277,R,7737,7919,9188,10447,7737,7919,9188,10447,19175,23294,18396,22195,-84,-237,-48,-0.329412,-0.929412,-0.188235,0,63,f29890,2026-05-22 02:38:55.852000+00:00,70.352,75.86666666666666,70.352,8822.75,20765.0,0.08507983324352685,0.013245192597141447,1.0038681919022039,0.004360653568950434
2026-05-22T02:38:55.852+00:00,1779417535852143000,2278,R,7738,7920,9188,10445,7738,7920,9188,10445,19173,23301,18397,22193,-85,-235,-46,-0.333333,-0.921569,-0.180392,0,63,029890,2026-05-22 02:38:55.852000+00:00,70.352,75.9,70.352,8822.75,20766.0,0.08507983324352685,0.021674734484502564,0.9964645424268743,-0.002435696588514058
2026-05-22T02:38:55.852+00:00,1779417535852206000,2279,R,7735,7922,9189,10451,7735,7922,9189,10451,19177,23299,18400,22197,-84,-236,-46,-0.329412,-0.92549,-0.180392,0,63,129890,2026-05-22 02:38:55.852000+00:00,70.352,75.93333333333334,70.352,8824.25,20768.25,0.1020957998922322,0.032512101726753846,0.998791910013292,-0.00010832900209634122
2026-05-22T02:38:56.148+00:00,1779417536148811000,2280,R,7739,7921,9194,10452,7739,7921,9194,10452,19176,23305,18401,22200,-84,-234,-48,-0.329412,-0.917647,-0.188235,0,63,229890,2026-05-22 02:38:56.148000+00:00,70.648,75.96666666666667,70.648,8826.5,20770.5,0.12761974986529026,0.04334946896900513,0.9929857489299632,-0.005914490085425217
2026-05-22T02:38:56.148+00:00,1779417536148997000,2281,R,7737,7925,9190,10457,7737,7925,9190,10457,19178,23303,18400,22203,-85,-235,-48,-0.333333,-0.921569,-0.188235,0,63,329890,2026-05-22 02:38:56.148000+00:00,70.648,76.0,70.648,8827.25,20771.0,0.13612773318964294,0.04575777280061653,0.9979141876308804,-0.0009860513845080243
2026-05-22T02:38:56.149+00:00,1779417536149042000,2282,R,7738,7924,9191,10455,7738,7924,9191,10455,19179,23308,18402,22203,-86,-233,-46,-0.337255,-0.913725,-0.180392,0,63,429890,2026-05-22 02:38:56.149000+00:00,70.649,76.03333333333333,70.649,8827.0,20773.0,0.13329173874819206,0.05539098812706211,0.9905430754459899,-0.009887193080507783
2026-05-22T02:38:56.149+00:00,1779417536149072000,2283,R,7735,7916,9183,10443,7735,7916,9183,10443,19179,23300,18392,22191,-85,-233,-48,-0.333333,-0.913725,-0.188235,0,63,d29970,2026-05-22 02:38:56.149000+00:00,70.649,76.06666666666666,70.649,8819.25,20765.5,0.045375911063214314,0.01926643065289117,0.9906748607585639,-0.00975540776793371
2026-05-22T02:38:56.149+00:00,1779417536149099000,2284,R,7736,7916,9183,10444,7736,7916,9183,10444,19178,23300,18392,22192,-85,-233,-49,-0.333333,-0.913725,-0.192157,0,63,e29970,2026-05-22 02:38:56.149000+00:00,70.649,76.1,70.649,8819.75,20765.5,0.05388542257515598,0.01926643065289117,0.9914275450899072,-0.009002723436590476
2026-05-22T02:38:56.155+00:00,1779417536155064000,2285,R,7734,7913,9184,10435,7734,7913,9184,10435,19173,23300,18388,22185,-84,-233,-49,-0.329412,-0.913725,-0.192157,0,63,f29970,2026-05-22 02:38:56.155000+00:00,70.655,76.13333333333334,70.655,8816.5,20761.5,0.017016449234259785,0.002408361832281682,0.9901161315815433,-0.009583719798359591
2026-05-22T02:38:56.155+00:00,1779417536155110000,2286,R,7731,7912,9181,10434,7731,7912,9181,10434,19173,23294,18390,22187,-85,-235,-49,-0.333333,-0.921569,-0.192157,0,63,029970,2026-05-22 02:38:56.155000+00:00,70.655,76.16666666666667,70.655,8814.5,20761.0,-0.005672149744753261,0.0036126732577883213,0.9986614157455969,-0.0010384356343060563
2026-05-22T02:38:56.155+00:00,1779417536155138000,2287,R,7730,7909,9182,10432,7730,7909,9182,10432,19170,23300,18384,22183,-85,-234,-50,-0.333333,-0.917647,-0.196078,0,63,129970,2026-05-22 02:38:56.155000+00:00,70.655,76.2,70.655,8813.25,20759.25,-0.014181178739576833,0.0,0.9958079571794956,-0.0038918942004073642
2026-05-22T02:38:56.155+00:00,1779417536155163000,2288,R,7723,7903,9174,10422,7723,7903,9174,10422,19161,23284,18379,22170,-90,-237,-52,-0.352941,-0.929412,-0.203922,0,63,930040,2026-05-22 02:38:56.155000+00:00,70.655,76.23333333333333,70.655,8805.5,20748.5,-0.1021044869249532,-0.049376768832420065,1.0148685615925837,0.015168710212680736
2026-05-22T02:38:56.155+00:00,1779417536155189000,2289,R,7722,7902,9173,10420,7722,7902,9173,10420,19159,23284,18379,22169,-90,-237,-52,-0.352941,-0.929412,-0.203922,0,63,a30040,2026-05-22 02:38:56.155000+00:00,70.655,76.26666666666667,70.655,8804.25,20747.75,-0.11628566566453004,-0.05298970313723129,1.0148685615925837,0.015168710212680736
2026-05-22T02:38:56.155+00:00,1779417536155214000,2290,R,7721,7903,9175,10420,7721,7903,9175,10420,19159,23281,18380,22171,-89,-236,-52,-0.34902,-0.92549,-0.203922,0,63,b30040,2026-05-22 02:38:56.155000+00:00,70.655,76.3,70.655,8804.75,20747.75,-0.1106131941686993,-0.05178601536719898,1.0099162750366983,0.010216423656795426
2026-05-22T02:38:56.451+00:00,1779417536451327000,2291,R,7721,7902,9170,10420,7721,7902,9170,10420,19157,23281,18379,22166,-88,-234,-52,-0.345098,-0.917647,-0.203922,0,63,c30040,2026-05-22 02:38:56.451000+00:00,70.951,76.33333333333333,70.951,8803.25,20745.75,-0.1247979124712823,-0.05901339242701609,1.0013754681921263,0.0009145432760153671
2026-05-22T02:38:56.451+00:00,1779417536451479000,2292,R,7725,7904,9172,10419,7725,7904,9172,10419,19158,23279,18376,22168,-89,-233,-51,-0.34902,-0.913725,-0.2,0,63,d30040,2026-05-22 02:38:56.451000+00:00,70.951,76.36666666666666,70.951,8805.0,20745.25,-0.1049436991235783,-0.0469766321368345,0.9983528113973537,-0.002108113518757282
2026-05-22T02:38:56.451+00:00,1779417536451553000,2293,R,7726,7900,9163,10418,7726,7900,9163,10418,19161,23256,18375,22171,-86,-237,-50,-0.337255,-0.929412,-0.196078,0,63,430100,2026-05-22 02:38:56.451000+00:00,70.951,76.4,70.951,8801.75,20740.75,-0.13048534876464415,-0.0674544381406666,1.0079653678837384,0.007504442967627423
2026-05-22T02:38:56.451+00:00,1779417536451622000,2294,R,7725,7898,9161,10421,7725,7898,9161,10421,19163,23259,18375,22172,-84,-235,-51,-0.329412,-0.921569,-0.2,0,63,530100,2026-05-22 02:38:56.451000+00:00,70.951,76.43333333333334,70.951,8801.25,20742.25,-0.13332576875070917,-0.05661559217500241,0.9989002390153884,-0.0015606859007225582
2026-05-22T02:38:56.451+00:00,1779417536451684000,2295,R,7726,7897,9159,10421,7726,7897,9159,10421,19162,23253,18370,22175,-85,-236,-50,-0.333333,-0.92549,-0.196078,0,63,630100,2026-05-22 02:38:56.451000+00:00,70.951,76.46666666666667,70.951,8800.75,20740.0,-0.13899920571882446,-0.06504926879803406,1.0030399847827605,0.0025790598666495246
2026-05-22T02:38:56.747+00:00,1779417536747602000,2296,R,7724,7897,9162,10418,7724,7897,9162,10418,19166,23261,18375,22175,-85,-236,-50,-0.333333,-0.92549,-0.196078,0,63,730100,2026-05-22 02:38:56.747000+00:00,71.247,76.5,71.247,8800.25,20744.25,-0.1418399478028992,-0.040958427196395655,1.0030399847827605,0.0025790598666495246
2026-05-22T02:38:56.748+00:00,1779417536748158000,2297,R,7725,7899,9163,10421,7725,7899,9163,10421,19167,23259,18371,22170,-85,-236,-49,-0.333333,-0.92549,-0.192157,0,63,830100,2026-05-22 02:38:56.748000+00:00,71.248,76.53333333333333,71.248,8802.0,20741.75,-0.09931050137615981,-0.045780374676224325,1.0022808696358523,0.0018199447197413399
2026-05-22T02:38:56.748+00:00,1779417536748246000,2298,R,7728,7901,9162,10425,7728,7901,9162,10425,19169,23261,18376,22176,-87,-233,-47,-0.341176,-0.913725,-0.184314,0,63,f30160,2026-05-22 02:38:56.748000+00:00,71.248,76.56666666666666,71.248,8804.0,20745.5,-0.07377560864877135,-0.021686746987951807,0.9926057068126296,-0.007094144567273308
2026-05-22T02:38:56.748+00:00,1779417536748315000,2299,R,7730,7901,9163,10428,7730,7901,9163,10428,19166,23259,18375,22178,-87,-234,-47,-0.341176,-0.917647,-0.184314,0,63,030160,2026-05-22 02:38:56.748000+00:00,71.248,76.6,71.248,8805.5,20744.5,-0.04824200459717926,-0.019278502060389908,0.9962172103417005,-0.0034826410382023942
2026-05-22T02:38:56.748+00:00,1779417536748380000,2300,R,7730,7899,9165,10422,7730,7899,9165,10422,19169,23262,18377,22179,-85,-234,-46,-0.333333,-0.917647,-0.180392,0,63,130160,2026-05-22 02:38:56.748000+00:00,71.248,76.63333333333334,71.248,8804.0,20746.75,-0.039738858927050806,-0.004819799737320914,0.9928384456506506,-0.006861405729252312
2026-05-22T02:38:56.753+00:00,1779417536753256000,2301,R,7728,7909,9167,10435,7728,7909,9167,10435,19171,23262,18376,22179,-86,-234,-47,-0.337255,-0.917647,-0.184314,0,63,230160,2026-05-22 02:38:56.753000+00:00,71.253,76.66666666666667,71.253,8809.75,20747.0,0.04826528873999205,-0.003614849802990686,0.9948812000585799,-0.004818651321322975
2026-05-22T02:38:56.753+00:00,1779417536753373000,2302,R,7733,7903,9167,10427,7733,7903,9167,10427,19169,23259,18378,22180,-85,-235,-47,-0.333333,-0.921569,-0.184314,0,63,330160,2026-05-22 02:38:56.753000+00:00,71.253,76.7,71.253,8807.5,20746.5,0.022713077054113906,-0.002409986986070275,0.997182010089432,-0.001718228925956411
2026-05-22T02:38:56.753+00:00,1779417536753446000,2303,R,7737,7908,9175,10438,7737,7908,9175,10438,19179,23274,18377,22186,-88,-235,-48,-0.345098,-0.921569,-0.188235,0,63,d30250,2026-05-22 02:38:56.753000+00:00,71.253,76.73333333333333,71.253,8814.5,20754.0,0.10789324247586599,0.03494523238579537,1.001905417986149,0.0030051789707606913
2026-05-22T02:38:56.753+00:00,1779417536753522000,2304,R,7733,7907,9176,10435,7733,7907,9176,10435,19180,23278,18376,22185,-87,-234,-48,-0.341176,-0.917647,-0.188235,0,63,e30250,2026-05-22 02:38:56.753000+00:00,71.253,76.76666666666667,71.253,8812.75,20754.75,0.09086004713364945,0.039765743619405686,0.9969500964491652,-0.0018418135641268263
2026-05-22T02:38:56.753+00:00,1779417536753585000,2305,R,7737,7907,9178,10438,7737,7907,9178,10438,19183,23283,18381,22187,-87,-232,-48,-0.341176,-0.909804,-0.188235,0,63,f30250,2026-05-22 02:38:56.753000+00:00,71.253,76.8,71.253,8815.0,20758.5,0.11641443538998836,0.06145837099164889,0.9897357205926236,-0.009056189420668437
2026-05-22T02:38:57.050+00:00,1779417537050273000,2306,R,7739,7909,9180,10439,7739,7909,9180,10439,19183,23280,18379,22193,-88,-232,-47,-0.345098,-0.909804,-0.184314,0,63,030250,2026-05-22 02:38:57.050000+00:00,71.55,76.83333333333333,71.55,8816.75,20758.75,0.13629007070047416,0.06386927285435395,0.9903573085588857,-0.008434601454406332
2026-05-22T02:38:57.050+00:00,1779417537050315000,2307,R,7737,7906,9179,10435,7737,7906,9179,10435,19186,23285,18383,22192,-89,-232,-48,-0.34902,-0.909804,-0.188235,0,63,130250,2026-05-22 02:38:57.050000+00:00,71.55,76.86666666666666,71.55,8814.25,20761.5,0.10789630597120872,0.07712515967318213,0.9924669737784728,-0.006433265236915564
2026-05-22T02:38:57.050+00:00,1779417537050334000,2308,R,7740,7911,9180,10441,7740,7911,9180,10441,19185,23285,18382,22189,-90,-233,-48,-0.352941,-0.913725,-0.188235,0,63,230250,2026-05-22 02:38:57.050000+00:00,71.55,76.9,71.55,8818.0,20760.25,0.1504869530651069,0.07109975657371478,0.9974433018126895,-0.0014569372026989047
2026-05-22T02:38:57.050+00:00,1779417537050350000,2309,R,7745,7914,9184,10450,7745,7914,9184,10450,19190,23292,18384,22203,-88,-236,-48,-0.345098,-0.92549,-0.188235,0,63,930310,2026-05-22 02:38:57.050000+00:00,71.55,76.93333333333334,71.55,8823.25,20767.25,0.21011385899656435,0.10484201393073196,1.0055131948060156,0.005813343426112727
2026-05-22T02:38:57.050+00:00,1779417537050366000,2310,R,7750,7917,9186,10447,7750,7917,9186,10447,19192,23287,18384,22196,-88,-235,-49,-0.345098,-0.921569,-0.192157,0,63,a30310,2026-05-22 02:38:57.050000+00:00,71.55,76.96666666666667,71.55,8825.0,20764.75,0.23568163103046824,0.09399742109639556,1.0026496716271343,0.0029498202472313384
2026-05-22T02:38:57.347+00:00,1779417537347825000,2311,R,7746,7912,9184,10452,7746,7912,9184,10452,19195,23291,18385,22203,-87,-237,-48,-0.341176,-0.929412,-0.188235,0,63,b30310,2026-05-22 02:38:57.347000+00:00,71.847,77.0,71.847,8823.5,20768.5,0.22149023171285778,0.11328030850807423,1.0077897320101055,0.00808988063020255
2026-05-22T02:38:57.347+00:00,1779417537347980000,2312,R,7744,7913,9183,10447,7744,7913,9183,10447,19190,23288,18382,22203,-88,-238,-49,-0.345098,-0.933333,-0.192157,0,63,c30310,2026-05-22 02:38:57.347000+00:00,71.847,77.03333333333333,71.847,8821.75,20765.75,0.20161290322580644,0.10002410219329959,1.013472955308626,0.013773103928722996
2026-05-22T02:38:57.348+00:00,1779417537348057000,2313,R,7745,7911,9182,10446,7745,7911,9182,10446,19193,23287,18382,22194,-87,-237,-48,-0.341176,-0.929412,-0.188235,0,63,d30310,2026-05-22 02:38:57.348000+00:00,71.848,77.06666666666666,71.848,8821.0,20764.0,0.20163007980007383,0.09279456247966353,1.0077897320101055,0.00808988063020255
2026-05-22T02:38:57.348+00:00,1779417537348127000,2314,R,7730,7894,9163,10422,7730,7894,9163,10422,19176,23264,18366,22173,-84,-235,-49,-0.329412,-0.921569,-0.192157,0,63,530380,2026-05-22 02:38:57.348000+00:00,71.848,77.1,71.848,8802.25,20744.75,-0.008519822787686017,0.0,0.9973595139938256,-0.002340337386077307
2026-05-22T02:38:57.348+00:00,1779417537348192000,2315,R,7731,7892,9167,10422,7731,7892,9167,10422,19177,23258,18370,22175,-83,-236,-49,-0.32549,-0.92549,-0.192157,0,63,630380,2026-05-22 02:38:57.348000+00:00,71.848,77.13333333333334,71.848,8803.0,20745.0,0.008520548723337783,0.0024102774229313793,0.9996998513799029,0.0
2026-05-22T02:38:57.348+00:00,1779417537348257000,2316,R,7728,7893,9159,10419,7728,7893,9159,10419,19172,23253,18367,22176,-84,-236,-50,-0.329412,-0.92549,-0.196078,0,63,730380,2026-05-22 02:38:57.348000+00:00,71.848,77.16666666666667,71.848,8799.75,20742.0,-0.02840182907779261,-0.01084637911710474,1.0017437735908319,0.0020439222109289723
2026-05-22T02:38:57.353+00:00,1779417537353087000,2317,R,7729,7889,9156,10420,7729,7889,9156,10420,19170,23245,18362,22176,-83,-236,-49,-0.32549,-0.92549,-0.192157,0,63,830380,2026-05-22 02:38:57.353000+00:00,71.853,77.2,71.853,8798.5,20738.25,-0.039763690070438534,-0.019284311007725777,0.9996998513799029,-0.0005768584329368664
2026-05-22T02:38:57.353+00:00,1779417537353177000,2318,R,7729,7889,9154,10420,7729,7889,9154,10420,19173,23244,18363,22177,-83,-236,-50,-0.32549,-0.92549,-0.196078,0,63,930380,2026-05-22 02:38:57.353000+00:00,71.853,77.23333333333333,71.853,8798.0,20739.25,-0.042605163745846,-0.01325812361392344,1.000460924916111,0.00018421510327115698
2026-05-22T02:38:57.353+00:00,1779417537353242000,2319,R,7722,7885,9154,10415,7722,7885,9154,10415,19163,23242,18356,22171,-89,-235,-48,-0.34902,-0.921569,-0.188235,0,63,130450,2026-05-22 02:38:57.353000+00:00,71.853,77.26666666666667,71.853,8794.0,20733.0,-0.08237466268995881,-0.04218544722600552,1.0032630748642153,0.0035632234843123722
2026-05-22T02:38:57.353+00:00,1779417537353306000,2320,R,7722,7885,9154,10418,7722,7885,9154,10418,19168,23244,18355,22171,-93,-238,-50,-0.364706,-0.933333,-0.196078,0,63,230450,2026-05-22 02:38:57.353000+00:00,71.853,77.3,71.853,8794.75,20734.5,-0.06817600772661421,-0.030133915118787893,1.02106196550895,0.021362114129046983
2026-05-22T02:38:57.353+00:00,1779417537353370000,2321,R,7728,7886,9157,10415,7728,7886,9157,10415,19166,23241,18356,22171,-89,-235,-51,-0.34902,-0.921569,-0.2,0,63,330450,2026-05-22 02:38:57.353000+00:00,71.853,77.33333333333333,71.853,8796.5,20733.5,-0.04261242578335843,-0.0313404050144648,1.0055368626564618,0.00583701127655889
2026-05-22T02:38:57.652+00:00,1779417537652107000,2322,R,7726,7885,9156,10413,7726,7885,9156,10413,19169,23246,18353,22172,-85,-236,-49,-0.333333,-0.92549,-0.192157,0,63,430450,2026-05-22 02:38:57.652000+00:00,72.152,77.36666666666666,72.152,8795.0,20735.0,-0.056818181818181816,-0.022902879735773093,1.0022808696358523,0.0025810182559493633
2026-05-22T02:38:57.652+00:00,1779417537652266000,2323,R,7725,7884,9155,10413,7725,7884,9155,10413,19167,23242,18352,22171,-83,-236,-49,-0.32549,-0.92549,-0.192157,0,63,530450,2026-05-22 02:38:57.652000+00:00,72.152,77.4,72.152,8794.25,20733.0,-0.06250177561862554,-0.030136094603228178,0.9996998513799029,0.0
2026-05-22T02:38:57.652+00:00,1779417537652342000,2324,R,7725,7882,9136,10416,7725,7882,9136,10416,19163,23206,18352,22181,-82,-238,-51,-0.321569,-0.933333,-0.2,0,64,d30520,2026-05-22 02:38:57.652000+00:00,72.152,77.43333333333334,72.152,8789.75,20725.5,-0.09944876967664942,-0.06148059744674695,1.007232401509205,0.007817013148089136
2026-05-22T02:38:57.652+00:00,1779417537652408000,2325,R,7728,7879,9121,10424,7728,7879,9121,10424,19168,23176,18346,22195,-81,-239,-50,-0.317647,-0.937255,-0.196078,0,64,e30520,2026-05-22 02:38:57.652000+00:00,72.152,77.46666666666667,72.152,8788.0,20721.25,-0.11933852361197932,-0.08197412992899594,1.008857340617592,0.00944195225647626
2026-05-22T02:38:57.652+00:00,1779417537652718000,2326,R,7731,7876,9107,10431,7731,7876,9107,10431,19175,23151,18341,22219,-79,-238,-51,-0.309804,-0.933333,-0.2,0,64,f30520,2026-05-22 02:38:57.652000+00:00,72.152,77.5,72.152,8786.25,20721.5,-0.13355308024551035,-0.07595028270383006,1.0035382440669611,0.004122855705845363
2026-05-22T02:38:57.948+00:00,1779417537948641000,2327,R,7732,7877,9097,10443,7732,7877,9097,10443,19179,23130,18342,22237,-80,-237,-53,-0.313725,-0.929412,-0.207843,0,64,030520,2026-05-22 02:38:57.948000+00:00,72.448,77.53333333333333,72.448,8787.25,20722.0,-0.10515545955777866,-0.06269592476489028,1.0027107030534779,0.0032953146923621057
2026-05-22T02:38:57.948+00:00,1779417537948797000,2328,R,7735,7874,9088,10444,7735,7874,9088,10444,19181,23116,18338,22257,-79,-235,-54,-0.309804,-0.921569,-0.211765,0,64,130520,2026-05-22 02:38:57.948000+00:00,72.448,77.56666666666666,72.448,8785.25,20723.0,-0.12221464301955434,-0.05787316132143718,0.9950438962186543,-0.004363906441000709
2026-05-22T02:38:57.948+00:00,1779417537948873000,2329,R,7739,7879,9096,10460,7739,7879,9096,10460,19180,23115,18342,22286,-78,-237,-51,-0.305882,-0.929412,-0.2,0,64,830580,2026-05-22 02:38:57.948000+00:00,72.448,77.6,72.448,8793.5,20730.75,-0.017055144968732235,-0.02049674463467567,0.9986843663880997,-0.0007310219730161105
2026-05-22T02:38:57.948+00:00,1779417537948940000,2330,R,7737,7883,9110,10450,7737,7883,9110,10450,19177,23144,18347,22263,-81,-236,-49,-0.317647,-0.92549,-0.192157,0,64,930580,2026-05-22 02:38:57.948000+00:00,72.448,77.63333333333334,72.448,8795.0,20732.75,0.0,-0.00844003954761388,0.9971738410919132,-0.0022415472692025595
2026-05-22T02:38:57.949+00:00,1779417537949016000,2331,R,7731,7885,9127,10441,7731,7885,9127,10441,19169,23178,18354,22239,-82,-233,-47,-0.321569,-0.913725,-0.184314,0,64,a30580,2026-05-22 02:38:57.949000+00:00,72.449,77.66666666666667,72.449,8796.0,20735.0,0.01137009664582149,0.007234668531603444,0.9860383602994358,-0.013661491080467103
2026-05-22T02:38:57.955+00:00,1779417537955060000,2332,R,7724,7891,9143,10436,7724,7891,9143,10436,19165,23211,18360,22213,-84,-233,-48,-0.329412,-0.913725,-0.188235,0,64,b30580,2026-05-22 02:38:57.955000+00:00,72.455,77.7,72.455,8798.5,20737.25,0.042639074447823985,0.01929268204454198,0.9893624495572894,-0.010337401822613557
2026-05-22T02:38:57.955+00:00,1779417537955137000,2333,R,7722,7893,9158,10427,7722,7893,9158,10427,19160,23238,18367,22194,-77,-232,-47,-0.301961,-0.909804,-0.184314,0,64,c30580,2026-05-22 02:38:57.955000+00:00,72.455,77.73333333333333,72.455,8800.0,20739.75,0.06538363135002985,0.031350608322380714,0.9761636207793241,-0.023536230600578856
2026-05-22T02:38:57.955+00:00,1779417537955201000,2334,R,7726,7892,9166,10425,7726,7892,9166,10425,19158,23253,18363,22179,-76,-234,-56,-0.298039,-0.917647,-0.219608,0,64,d30580,2026-05-22 02:38:57.955000+00:00,72.455,77.76666666666667,72.455,8802.25,20738.25,0.09381396406640892,0.024115852555677473,0.9895104525946151,-0.010189398785287795
2026-05-22T02:38:57.955+00:00,1779417537955264000,2335,R,7722,7900,9172,10429,7722,7900,9172,10429,19154,23272,18374,22179,-83,-236,-57,-0.32549,-0.92549,-0.223529,0,64,430640,2026-05-22 02:38:57.955000+00:00,72.455,77.8,72.455,8805.75,20744.75,0.13930744299766873,0.05546646087805819,1.0062011200754053,0.006501268695502382
2026-05-22T02:38:57.955+00:00,1779417537955326000,2336,R,7724,7905,9172,10434,7724,7905,9172,10434,19155,23273,18372,22180,-78,-233,-51,-0.305882,-0.913725,-0.2,0,64,530640,2026-05-22 02:38:57.955000+00:00,72.455,77.83333333333333,72.455,8808.75,20745.0,0.18766527339418237,0.05667225350584207,0.9841022170227034,-0.015597634357199519
2026-05-22T02:38:58.250+00:00,1779417538250977000,2337,R,7725,7902,9173,10431,7725,7902,9173,10431,19159,23274,18374,22179,-84,-234,-57,-0.329412,-0.917647,-0.223529,0,64,630640,2026-05-22 02:38:58.250000+00:00,72.75,77.86666666666666,72.75,8807.75,20746.5,0.17914012738853502,0.06511358703516133,1.0002767098128398,0.0005768584329368664
2026-05-22T02:38:58.251+00:00,1779417538251133000,2338,R,7726,7903,9174,10432,7726,7903,9174,10432,19159,23274,18374,22180,-83,-237,-56,-0.32549,-0.929412,-0.219608,0,64,730640,2026-05-22 02:38:58.251000+00:00,72.751,77.9,72.751,8808.75,20746.75,0.20191104538732796,0.06631939420247913,1.0089489974760866,0.009249146096183658
2026-05-22T02:38:58.251+00:00,1779417538251208000,2339,R,7727,7904,9179,10431,7727,7904,9179,10431,19159,23281,18376,22175,-88,-237,-58,-0.345098,-0.929412,-0.227451,0,64,830640,2026-05-22 02:38:58.251000+00:00,72.751,77.93333333333334,72.751,8810.25,20747.75,0.2218240764439894,0.07234930243214238,1.0171692350582573,0.017469383678354378
2026-05-22T02:38:58.251+00:00,1779417538251275000,2340,R,7713,7888,9174,10405,7713,7888,9174,10405,19148,23286,18359,22147,-84,-232,-55,-0.329412,-0.909804,-0.215686,0,64,030710,2026-05-22 02:38:58.251000+00:00,72.751,77.96666666666667,72.751,8795.0,20735.0,0.051191627324953075,0.016882521766394133,0.9913506114165663,-0.008349239963336585
2026-05-22T02:38:58.251+00:00,1779417538251338000,2341,R,7712,7885,9171,10401,7712,7885,9171,10401,19144,23287,18358,22144,-89,-230,-57,-0.34902,-0.901961,-0.223529,0,64,130710,2026-05-22 02:38:58.251000+00:00,72.751,78.0,72.751,8792.25,20733.25,0.025597269624573378,0.00964727163099186,0.9926297495854131,-0.007070101794489858
2026-05-22T02:38:58.251+00:00,1779417538251400000,2342,R,7710,7884,9171,10399,7710,7884,9171,10399,19143,23286,18356,22141,-90,-232,-55,-0.352941,-0.909804,-0.215686,0,64,230710,2026-05-22 02:38:58.251000+00:00,72.751,78.03333333333333,72.751,8791.0,20731.5,0.014221109815409994,0.0036178141167106832,0.9994153883611158,-0.0002844630187871511
2026-05-22T02:38:58.546+00:00,1779417538546792000,2343,R,7708,7884,9173,10403,7708,7884,9173,10403,19138,23283,18354,22139,-86,-233,-55,-0.337255,-0.913725,-0.215686,0,64,330710,2026-05-22 02:38:58.546000+00:00,73.046,78.06666666666666,73.046,8792.0,20728.5,0.028443028613686784,-0.008441769877353143,0.9975744389497959,-0.0021254124301069988
2026-05-22T02:38:58.546+00:00,1779417538546833000,2344,R,7710,7882,9172,10396,7710,7882,9172,10396,19138,23281,18358,22144,-90,-231,-59,-0.352941,-0.905882,-0.231373,0,64,430710,2026-05-22 02:38:58.546000+00:00,73.046,78.1,73.046,8790.0,20730.25,0.00853315129277242,0.008442482572303832,0.9993613022996237,-0.0003385490802791935
2026-05-22T02:38:58.546+00:00,1779417538546853000,2345,R,7702,7876,9163,10388,7702,7876,9163,10388,19131,23275,18345,22127,-82,-236,-58,-0.321569,-0.92549,-0.227451,0,64,a30760,2026-05-22 02:38:58.546000+00:00,73.046,78.13333333333334,73.046,8782.25,20719.5,-0.07111566251351198,-0.02894984439458638,1.0058192279241833,0.006119376544280408
2026-05-22T02:38:58.546+00:00,1779417538546870000,2346,R,7700,7873,9162,10385,7700,7873,9162,10385,19131,23272,18346,22123,-82,-237,-58,-0.321569,-0.929412,-0.227451,0,64,b30760,2026-05-22 02:38:58.546000+00:00,73.046,78.16666666666667,73.046,8780.0,20718.0,-0.09103322712790168,-0.024127780726728755,1.00942916784983,0.00972931646992703
2026-05-22T02:38:58.546+00:00,1779417538546886000,2347,R,7698,7874,9163,10385,7698,7874,9163,10385,19127,23269,18346,22125,-84,-237,-58,-0.329412,-0.929412,-0.227451,0,64,c30760,2026-05-22 02:38:58.546000+00:00,73.046,78.2,73.046,8780.0,20716.75,-0.08250590343964266,-0.025335392336647042,1.0119549836277304,0.012255132247827483
2026-05-22T02:38:58.552+00:00,1779417538552659000,2348,R,7699,7874,9164,10386,7699,7874,9164,10386,19127,23273,18344,22119,-83,-232,-59,-0.32549,-0.909804,-0.231373,0,64,d30760,2026-05-22 02:38:58.552000+00:00,73.052,78.23333333333333,73.052,8780.75,20715.75,-0.06259780907668232,-0.027748956397944165,0.9935897159517101,-0.0066869938611296975
2026-05-22T02:38:58.552+00:00,1779417538552678000,2349,R,7698,7869,9164,10383,7698,7869,9164,10383,19126,23271,18342,22118,-82,-230,-59,-0.321569,-0.901961,-0.231373,0,64,e30760,2026-05-22 02:38:58.552000+00:00,73.052,78.26666666666667,73.052,8778.5,20714.25,-0.07683332859053527,-0.03378174579236291,0.9851262520159536,-0.014573599363949308
2026-05-22T02:38:58.552+00:00,1779417538552695000,2350,R,7695,7871,9164,10381,7695,7871,9164,10381,19121,23270,18341,22112,-82,-236,-57,-0.321569,-0.92549,-0.223529,0,64,830850,2026-05-22 02:38:58.552000+00:00,73.052,78.3,73.052,8777.75,20711.0,-0.05123971647356885,-0.04343629343629344,1.0049395880857714,0.005239736705868525
2026-05-22T02:38:58.552+00:00,1779417538552711000,2351,R,7698,7870,9163,10378,7698,7870,9163,10378,19122,23272,18341,22114,-84,-234,-56,-0.329412,-0.917647,-0.219608,0,64,930850,2026-05-22 02:38:58.552000+00:00,73.052,78.33333333333333,73.052,8777.25,20712.25,-0.048397198656266016,-0.03499119187239074,0.999407802659655,-0.00029204872024790607
2026-05-22T02:38:58.552+00:00,1779417538552726000,2352,R,7697,7869,9164,10382,7697,7869,9164,10382,19120,23274,18341,22118,-85,-233,-58,-0.333333,-0.913725,-0.227451,0,64,a30850,2026-05-22 02:38:58.552000+00:00,73.052,78.36666666666666,73.052,8778.0,20713.25,-0.0341646737273659,-0.024133312417795906,0.9988684707783102,-0.0008313806015927128
2026-05-22T02:38:58.851+00:00,1779417538851962000,2353,R,7695,7873,9162,10383,7695,7873,9162,10383,19122,23272,18342,22115,-84,-233,-56,-0.329412,-0.913725,-0.219608,0,64,b30850,2026-05-22 02:38:58.851000+00:00,73.351,78.4,73.351,8778.25,20712.75,-0.028471372035418385,-0.025340283811178685,0.9958078705418029,-0.003891980838100051
2026-05-22T02:38:58.852+00:00,1779417538852103000,2354,R,7697,7870,9163,10381,7697,7870,9163,10381,19117,23276,18341,22116,-82,-231,-59,-0.321569,-0.905882,-0.231373,0,64,c30850,2026-05-22 02:38:58.852000+00:00,73.352,78.43333333333334,73.352,8777.75,20712.5,-0.034165646442502064,-0.026546963992663385,0.988717494946863,-0.011559214865976775
2026-05-22T02:38:58.852+00:00,1779417538852176000,2355,R,7698,7874,9164,10387,7698,7874,9164,10387,19129,23271,18348,22124,-84,-231,-60,-0.329412,-0.905882,-0.235294,0,64,230900,2026-05-22 02:38:58.852000+00:00,73.352,78.46666666666667,73.352,8780.75,20718.0,0.008542141230068337,0.0012066947424310072,0.9922185898802742,-0.008058119932565555
2026-05-22T02:38:58.852+00:00,1779417538852255000,2356,R,7704,7873,9159,10390,7704,7873,9159,10390,19137,23260,18346,22128,-86,-235,-58,-0.337255,-0.921569,-0.227451,0,64,330900,2026-05-22 02:38:58.852000+00:00,73.352,78.5,73.352,8781.5,20717.75,0.017084282460136675,0.002413447730755771,1.007355108284561,0.007939719923445332
2026-05-22T02:38:58.852+00:00,1779417538852320000,2357,R,7705,7876,9152,10391,7705,7876,9152,10391,19138,23250,18347,22134,-87,-238,-58,-0.341176,-0.933333,-0.227451,0,64,430900,2026-05-22 02:38:58.852000+00:00,73.352,78.53333333333333,73.352,8781.0,20717.25,0.01993336560640146,0.0,1.0194339160857853,0.0200185277246695
2026-05-22T02:38:59.147+00:00,1779417539147421000,2358,R,7706,7872,9143,10396,7706,7872,9143,10396,19148,23233,18348,22144,-81,-234,-60,-0.317647,-0.917647,-0.235294,0,64,530900,2026-05-22 02:38:59.147000+00:00,73.647,78.56666666666666,73.647,8779.25,20718.25,0.008543600842968617,0.0072405179383831925,0.9991691046334449,-0.0002386980262101268
2026-05-22T02:38:59.147+00:00,1779417539147573000,2359,R,7711,7873,9132,10398,7711,7873,9132,10398,19150,23209,18346,22155,-84,-238,-58,-0.329412,-0.933333,-0.227451,0,64,630900,2026-05-22 02:38:59.147000+00:00,73.647,78.6,73.647,8778.5,20715.0,0.0,-0.0036204337279606095,1.0155573405938239,0.016149537934168845
2026-05-22T02:38:59.147+00:00,1779417539147648000,2360,R,7714,7871,9116,10403,7714,7871,9116,10403,19155,23180,18347,22163,-86,-232,-60,-0.337255,-0.909804,-0.235294,0,64,730900,2026-05-22 02:38:59.147000+00:00,73.647,78.63333333333334,73.647,8776.0,20711.25,-0.025631532480847548,-0.018102824040550327,0.9984225157101576,-0.0009852869494973993
2026-05-22T02:38:59.147+00:00,1779417539147716000,2361,R,7750,7872,9080,10452,7750,7872,9080,10452,19221,23085,18341,22278,-81,-236,-58,-0.317647,-0.92549,-0.227451,0,64,030980,2026-05-22 02:38:59.147000+00:00,73.647,78.66666666666667,73.647,8788.5,20731.25,0.11961722488038277,0.08206910701570175,1.0045722045278778,0.005164401868222757
2026-05-22T02:38:59.147+00:00,1779417539147780000,2362,R,7750,7871,9084,10452,7750,7871,9084,10452,19222,23092,18344,22275,-82,-237,-57,-0.321569,-0.929412,-0.223529,0,64,130980,2026-05-22 02:38:59.147000+00:00,73.647,78.7,73.647,8789.25,20733.25,0.1281613123718387,0.09172429607637254,1.0085526765350434,0.009144873875388426
2026-05-22T02:38:59.452+00:00,1779417539452154000,2363,R,7748,7871,9090,10449,7748,7871,9090,10449,19220,23104,18341,22273,-82,-235,-59,-0.321569,-0.921569,-0.231373,0,64,230980,2026-05-22 02:38:59.452000+00:00,73.952,78.73333333333333,73.952,8789.5,20734.5,0.13100934153565733,0.0977587892392918,1.0031099185288719,0.003694530167756116
2026-05-22T02:38:59.452+00:00,1779417539452311000,2364,R,7751,7871,9094,10446,7751,7871,9094,10446,19222,23116,18345,22270,-80,-234,-58,-0.313725,-0.917647,-0.227451,0,64,330980,2026-05-22 02:38:59.452000+00:00,73.952,78.76666666666667,73.952,8790.5,20738.25,0.14240145819093186,0.11586226872804953,0.9961091052866649,-0.004167604526174928
2026-05-22T02:38:59.452+00:00,1779417539452386000,2365,R,7751,7869,9098,10445,7751,7869,9098,10445,19223,23122,18342,22263,-80,-237,-58,-0.313725,-0.929412,-0.227451,0,64,430980,2026-05-22 02:38:59.452000+00:00,73.952,78.8,73.952,8790.75,20737.5,0.14524948735475052,0.11224157283029798,1.0069577939367667,0.0066810841239268726
2026-05-22T02:38:59.452+00:00,1779417539452453000,2366,R,7729,7858,9088,10423,7729,7858,9088,10423,19186,23126,18326,22242,-75,-232,-56,-0.294118,-0.909804,-0.219608,0,64,c31050,2026-05-22 02:38:59.452000+00:00,73.952,78.83333333333333,73.952,8774.5,20720.0,-0.03987240829346093,0.027758668549428534,0.9810588106754865,-0.01835657768562926
2026-05-22T02:38:59.452+00:00,1779417539452518000,2367,R,7723,7851,9089,10418,7723,7851,9089,10418,19182,23127,18322,22238,-78,-232,-58,-0.305882,-0.909804,-0.227451,0,64,d31050,2026-05-22 02:38:59.452000+00:00,73.952,78.86666666666666,73.952,8770.25,20717.25,-0.08828890407837776,0.014482783591006191,0.9864284432947987,-0.013848266518041052
2026-05-22T02:38:59.452+00:00,1779417539452581000,2368,R,7722,7852,9094,10411,7722,7852,9094,10411,19174,23138,18322,22216,-76,-234,-59,-0.298039,-0.917647,-0.231373,0,64,e31050,2026-05-22 02:38:59.452000+00:00,73.952,78.9,73.952,8769.75,20712.5,-0.09398496240601503,-0.008448290428086945,0.9921878487761276,-0.008088861036712136
2026-05-22T02:38:59.748+00:00,1779417539748615000,2369,R,7717,7852,9100,10406,7717,7852,9100,10406,19172,23150,18321,22206,-76,-234,-60,-0.298039,-0.917647,-0.235294,0,64,f31050,2026-05-22 02:38:59.748000+00:00,74.248,78.93333333333334,74.248,8768.75,20712.25,-0.10253197003787987,-0.009655189060670795,0.9931095249598606,-0.006890322099127655
2026-05-22T02:38:59.748+00:00,1779417539748794000,2370,R,7715,7853,9110,10401,7715,7853,9110,10401,19163,23161,18319,22192,-78,-236,-58,-0.305882,-0.92549,-0.227451,0,64,031050,2026-05-22 02:38:59.748000+00:00,74.248,78.96666666666667,74.248,8769.75,20708.75,-0.09113952892255989,-0.026551769916844683,1.000914329713088,0.0014989413519722605
2026-05-22T02:38:59.748+00:00,1779417539748875000,2371,R,7712,7848,9154,10377,7712,7848,9154,10377,19153,23252,18310,22138,-67,-239,-61,-0.262745,-0.937255,-0.239216,0,64,731110,2026-05-22 02:38:59.748000+00:00,74.248,79.0,74.248,8772.75,20713.25,-0.05126890540886952,-0.004827594530335397,1.0023503203501258,0.002350473291137578
2026-05-22T02:38:59.749+00:00,1779417539749116000,2372,R,7711,7846,9154,10374,7711,7846,9154,10374,19155,23254,18307,22130,-70,-240,-60,-0.27451,-0.941176,-0.235294,0,64,831110,2026-05-22 02:38:59.749000+00:00,74.249,79.03333333333333,74.249,8771.25,20711.5,-0.05412488605287147,-0.013275884958422341,1.008231753870111,0.007955044057271321
2026-05-22T02:38:59.749+00:00,1779417539749189000,2373,R,7709,7847,9154,10370,7709,7847,9154,10370,19155,23260,18310,22129,-74,-240,-59,-0.290196,-0.941176,-0.231373,0,64,931110,2026-05-22 02:38:59.749000+00:00,74.249,79.06666666666666,74.249,8770.0,20713.5,-0.05413259637026696,0.0,1.011711147769461,0.011388070316481258
2026-05-22T02:38:59.754+00:00,1779417539754237000,2374,R,7709,7846,9157,10372,7709,7846,9157,10372,19150,23258,18311,22124,-74,-238,-57,-0.290196,-0.933333,-0.223529,0,64,a31110,2026-05-22 02:38:59.754000+00:00,74.254,79.1,74.254,8771.0,20710.75,-0.03988831272437176,-0.012069568995691164,1.0026412225447345,0.002133683753047233
2026-05-22T02:38:59.754+00:00,1779417539754336000,2375,R,7707,7844,9159,10370,7707,7844,9159,10370,19156,23265,18312,22124,-77,-231,-58,-0.301961,-0.905882,-0.227451,0,64,b31110,2026-05-22 02:38:59.754000+00:00,74.254,79.13333333333334,74.254,8770.0,20714.25,-0.03134706904904391,0.0048278275982764655,0.9815990020604136,-0.019315327652674186
2026-05-22T02:38:59.754+00:00,1779417539754417000,2376,R,7695,7847,9163,10360,7695,7847,9163,10360,19128,23270,18315,22102,-69,-234,-60,-0.270588,-0.917647,-0.235294,0,64,231170,2026-05-22 02:38:59.754000+00:00,74.254,79.16666666666667,74.254,8766.25,20703.75,-0.06839750349112257,-0.04345149726617663,0.9852193404460755,-0.015694989267012294
2026-05-22T02:38:59.754+00:00,1779417539754481000,2377,R,7693,7845,9161,10360,7693,7845,9161,10360,19132,23274,18315,22096,-74,-238,-62,-0.290196,-0.933333,-0.243137,0,64,331170,2026-05-22 02:38:59.754000+00:00,74.254,79.2,74.254,8764.75,20704.25,-0.07980163593353663,-0.039831019915509955,1.0071940270245847,0.006686488232897414
2026-05-22T02:38:59.754+00:00,1779417539754562000,2378,R,7693,7846,9162,10359,7693,7846,9162,10359,19127,23271,18319,22096,-72,-237,-63,-0.282353,-0.929412,-0.247059,0,64,431170,2026-05-22 02:38:59.754000+00:00,74.254,79.23333333333333,74.254,8765.0,20703.25,-0.07125552230297848,-0.04465902232951117,1.0022814134932365,0.0019583360402568584
2026-05-22T02:39:00.051+00:00,1779417540051905000,2379,R,7698,7850,9162,10361,7698,7850,9162,10361,19126,23274,18320,22102,-67,-237,-61,-0.262745,-0.929412,-0.239216,0,64,531170,2026-05-22 02:39:00.051000+00:00,74.551,79.26666666666667,74.551,8767.75,20705.5,-0.039903092489667946,-0.03258940964887928,0.9950205502526066,-0.005302527200373053
2026-05-22T02:39:00.052+00:00,1779417540052038000,2380,R,7693,7847,9160,10362,7693,7847,9160,10362,19126,23269,18316,22099,-64,-239,-62,-0.25098,-0.937255,-0.243137,0,64,631170,2026-05-22 02:39:00.052000+00:00,74.552,79.3,74.552,8765.5,20702.5,-0.06270664690457188,-0.04707359171504786,1.0002767098128398,-4.636764013987715e-05
2026-05-22T02:39:00.052+00:00,1779417540052114000,2381,R,7694,7847,9160,10361,7694,7847,9160,10361,19126,23264,18317,22100,-68,-241,-62,-0.266667,-0.945098,-0.243137,0,64,731170,2026-05-22 02:39:00.052000+00:00,74.552,79.33333333333333,74.552,8765.5,20701.75,-0.054160371711182695,-0.05069463723159,1.0116506903383202,0.011373980525480443
2026-05-22T02:39:00.052+00:00,1779417540052181000,2382,R,7705,7841,9123,10377,7705,7841,9123,10377,19148,23195,18311,22147,-57,-241,-64,-0.223529,-0.945098,-0.25098,0,64,031250,2026-05-22 02:39:00.052000+00:00,74.552,79.36666666666666,74.552,8761.5,20700.25,-0.09976910578375758,-0.05431764961494822,1.0030784634538816,0.0028017536410418487
2026-05-22T02:39:00.052+00:00,1779417540052246000,2383,R,7711,7837,9131,10377,7711,7837,9131,10377,19150,23189,18307,22147,-58,-241,-64,-0.227451,-0.945098,-0.25098,0,64,131250,2026-05-22 02:39:00.052000+00:00,74.552,79.4,74.552,8764.0,20698.25,-0.06841505131128849,-0.06397412065760567,1.003959733955999,0.0036830241431591304
2026-05-22T02:39:00.347+00:00,1779417540347053000,2384,R,7709,7838,9120,10378,7709,7838,9120,10378,19154,23182,18307,22144,-58,-242,-64,-0.227451,-0.94902,-0.25098,0,64,231250,2026-05-22 02:39:00.347000+00:00,74.847,79.43333333333334,74.847,8761.25,20696.75,-0.09977194982896237,-0.07121647393959878,1.007652657516964,0.007375947704124197
2026-05-22T02:39:00.347+00:00,1779417540347086000,2385,R,7707,7842,9121,10378,7707,7842,9121,10378,19152,23183,18304,22148,-61,-239,-65,-0.239216,-0.937255,-0.254902,0,64,331250,2026-05-22 02:39:00.347000+00:00,74.847,79.46666666666667,74.847,8762.0,20696.75,-0.09122006841505131,-0.07121647393959878,1.0003230774529797,4.636764013987715e-05
2026-05-22T02:39:00.347+00:00,1779417540347102000,2386,R,7707,7841,9121,10378,7707,7841,9121,10378,19156,23186,18304,22147,-63,-237,-65,-0.247059,-0.929412,-0.254902,0,64,431250,2026-05-22 02:39:00.347000+00:00,74.847,79.5,74.847,8761.75,20698.25,-0.09407069555302167,-0.06397412065760567,0.9948969016079002,-0.005426175845079428
2026-05-22T02:39:00.347+00:00,1779417540347115000,2387,R,7713,7846,9135,10380,7713,7846,9135,10380,19158,23208,18312,22144,-61,-240,-62,-0.239216,-0.941176,-0.243137,0,64,a31300,2026-05-22 02:39:00.347000+00:00,74.847,79.53333333333333,74.847,8768.5,20705.5,-0.01710376282782212,-0.028969413127972382,1.0010755008494614,0.0007987910366216155
2026-05-22T02:39:00.347+00:00,1779417540347129000,2388,R,7711,7846,9136,10381,7711,7846,9136,10381,19159,23218,18313,22148,-61,-238,-61,-0.239216,-0.933333,-0.239216,0,64,b31300,2026-05-22 02:39:00.347000+00:00,74.847,79.56666666666666,74.847,8768.5,20709.5,-0.01710376282782212,-0.00965647104265746,0.9927532816369835,-0.007246565422004747
2026-05-22T02:39:00.353+00:00,1779417540353922000,2389,R,7712,7848,9139,10382,7712,7848,9139,10382,19159,23217,18315,22142,-64,-238,-61,-0.25098,-0.933333,-0.239216,0,64,c31300,2026-05-22 02:39:00.353000+00:00,74.853,79.6,74.853,8770.25,20708.25,0.0028506271379703536,-0.015691765444318374,0.9956534256180711,-0.004346421440917125
2026-05-22T02:39:00.353+00:00,1779417540353938000,2390,R,7708,7846,9136,10378,7708,7846,9136,10378,19154,23221,18314,22142,-65,-237,-61,-0.254902,-0.929412,-0.239216,0,64,d31300,2026-05-22 02:39:00.353000+00:00,74.853,79.63333333333334,74.853,8767.0,20707.75,-0.03420752565564424,-0.01810588320498274,0.9929783431696786,-0.00681379278159
2026-05-22T02:39:00.353+00:00,1779417540353950000,2391,R,7710,7849,9145,10383,7710,7849,9145,10383,19154,23229,18318,22143,-65,-237,-60,-0.254902,-0.929412,-0.235294,0,64,e31300,2026-05-22 02:39:00.353000+00:00,74.853,79.66666666666667,74.853,8771.75,20711.0,0.019954389965792473,-0.0060350758609035715,0.9920408065115064,-0.007959040547481866
2026-05-22T02:39:00.353+00:00,1779417540353963000,2392,R,7713,7857,9165,10390,7713,7857,9165,10390,19156,23266,18330,22141,-65,-238,-62,-0.254902,-0.933333,-0.243137,0,64,831390,2026-05-22 02:39:00.353000+00:00,74.853,79.7,74.853,8781.25,20723.25,0.12827822120866592,0.05310866757595143,0.9975976740460053,-0.0024021730129829555
2026-05-22T02:39:00.353+00:00,1779417540353976000,2393,R,7716,7859,9167,10397,7716,7859,9167,10397,19159,23271,18331,22146,-66,-239,-61,-0.258824,-0.937255,-0.239216,0,64,931390,2026-05-22 02:39:00.353000+00:00,74.853,79.73333333333333,74.853,8784.75,20726.75,0.16818700114025084,0.07000687998648143,1.0013296623275474,0.0015375263762787972
2026-05-22T02:39:00.353+00:00,1779417540353988000,2394,R,7714,7860,9164,10394,7714,7860,9164,10394,19158,23266,18334,22149,-66,-239,-61,-0.258824,-0.937255,-0.239216,0,64,a31390,2026-05-22 02:39:00.353000+00:00,74.853,79.76666666666667,74.853,8783.0,20726.75,0.14823261117445838,0.07000687998648143,1.0013296623275474,0.002030145420329088
2026-05-22T02:39:00.651+00:00,1779417540651425000,2395,R,7711,7861,9165,10394,7711,7861,9165,10394,19161,23272,18337,22148,-66,-237,-60,-0.258824,-0.929412,-0.235294,0,64,b31390,2026-05-22 02:39:00.651000+00:00,75.151,79.8,75.151,8782.75,20729.5,0.14538198403648803,0.08328404688046928,0.993055786527625,-0.006243730379593249
2026-05-22T02:39:00.651+00:00,1779417540651578000,2396,R,7715,7862,9165,10398,7715,7862,9165,10398,19160,23275,18336,22155,-65,-237,-60,-0.254902,-0.929412,-0.235294,0,63,c31390,2026-05-22 02:39:00.651000+00:00,75.151,79.83333333333333,75.151,8785.0,20731.5,0.17103762827822122,0.092940168257915,0.9920408065115064,-0.0069127858735452685
2026-05-22T02:39:00.651+00:00,1779417540651653000,2397,R,7709,7857,9161,10386,7709,7857,9161,10386,19158,23276,18328,22145,-68,-239,-60,-0.266667,-0.937255,-0.235294,0,63,431460,2026-05-22 02:39:00.651000+00:00,75.151,79.86666666666666,75.151,8778.25,20726.75,0.09407069555302167,0.07000687998648143,1.0024577249689883,0.0031582080617700292
2026-05-22T02:39:00.651+00:00,1779417540651721000,2398,R,7712,7852,9169,10380,7712,7852,9169,10380,19153,23278,18328,22146,-71,-238,-59,-0.278431,-0.933333,-0.231373,0,63,531460,2026-05-22 02:39:00.651000+00:00,75.151,79.9,75.151,8778.25,20726.25,0.09407069555302167,0.06759284964212,1.001083301118843,0.0012911651675743263
2026-05-22T02:39:00.651+00:00,1779417540651784000,2399,R,7707,7853,9161,10378,7707,7853,9161,10378,19156,23272,18326,22139,-70,-238,-59,-0.27451,-0.933333,-0.231373,0,63,631460,2026-05-22 02:39:00.651000+00:00,75.151,79.93333333333334,75.151,8774.75,20723.25,0.05416191562143672,0.05310866757595143,0.9999998470589883,0.0
2026-05-22T02:39:00.947+00:00,1779417540948003000,2400,R,7705,7848,9159,10377,7705,7848,9159,10377,19150,23271,18323,22134,-69,-237,-59,-0.270588,-0.929412,-0.231373,0,63,731460,2026-05-22 02:39:00.947000+00:00,75.447,79.96666666666667,75.447,8772.25,20719.5,0.022804367036287448,0.03017392248922791,0.9952678014569747,-0.004816506254130104
2026-05-22T02:39:00.948+00:00,1779417540948133000,2401,R,7705,7849,9156,10375,7705,7849,9156,10375,19153,23271,18326,22132,-70,-238,-60,-0.27451,-0.933333,-0.235294,0,63,831460,2026-05-22 02:39:00.948000+00:00,75.448,80.0,75.448,8771.25,20720.5,0.008551393877201984,0.03379438530427016,1.0009143297130878,0.0008300220019830107
2026-05-22T02:39:00.948+00:00,1779417540948166000,2402,R,7698,7841,9149,10363,7698,7841,9149,10363,19141,23255,18313,22120,-66,-239,-61,-0.258824,-0.937255,-0.239216,0,63,031530,2026-05-22 02:39:00.948000+00:00,75.448,80.03333333333333,75.448,8762.75,20707.25,-0.08836440339775384,-0.03379316171234778,1.0013296623275474,0.0012453546164425955
2026-05-22T02:39:00.948+00:00,1779417540948189000,2403,R,7689,7834,9141,10354,7689,7834,9141,10354,19137,23251,18314,22117,-67,-240,-60,-0.262745,-0.941176,-0.235294,0,63,131530,2026-05-22 02:39:00.948000+00:00,75.448,80.06666666666666,75.448,8754.5,20704.75,-0.18242973604697565,-0.05913018294154559,1.0050922666287907,0.005092419569802442
2026-05-22T02:39:00.948+00:00,1779417540948210000,2404,R,7695,7839,9148,10359,7695,7839,9148,10359,19139,23256,18312,22120,-67,-239,-59,-0.262745,-0.937255,-0.231373,0,63,231530,2026-05-22 02:39:00.948000+00:00,75.448,80.1,75.448,8760.25,20706.75,-0.11971610181569421,-0.06153623398248027,1.0005075387916873,0.0007154028404187107
2026-05-22T02:39:00.954+00:00,1779417540954229000,2405,R,7694,7837,9148,10357,7694,7837,9148,10357,19137,23255,18313,22118,-68,-239,-59,-0.266667,-0.937255,-0.231373,0,63,331530,2026-05-22 02:39:00.954000+00:00,75.454,80.13333333333334,75.454,8759.0,20705.75,-0.13396801869851496,-0.06756838282315182,1.0015446515472988,0.0022451346400804706
2026-05-22T02:39:00.954+00:00,1779417540954262000,2406,R,7697,7839,9148,10360,7697,7839,9148,10360,19138,23255,18316,22118,-70,-239,-58,-0.27451,-0.937255,-0.227451,0,63,431530,2026-05-22 02:39:00.954000+00:00,75.454,80.16666666666667,75.454,8761.0,20706.75,-0.1125885387717873,-0.0645507688780835,1.0027644950465688,0.0032186686173254486
2026-05-22T02:39:00.954+00:00,1779417540954288000,2407,R,7694,7843,9147,10360,7694,7843,9147,10360,19139,23258,18316,22117,-69,-236,-58,-0.270588,-0.92549,-0.227451,0,63,531530,2026-05-22 02:39:00.954000+00:00,75.454,80.2,75.454,8761.0,20707.5,-0.11401208528103979,-0.06273979875003016,0.9906985228842324,-0.009093613067036155
2026-05-22T02:39:00.954+00:00,1779417540954316000,2408,R,7695,7838,9148,10362,7695,7838,9148,10362,19140,23258,18315,22120,-70,-238,-57,-0.27451,-0.933333,-0.223529,0,63,b31580,2026-05-22 02:39:00.954000+00:00,75.454,80.23333333333333,75.454,8760.75,20708.25,-0.1182858527269877,-0.06454609616765095,0.9982141267433555,-0.001331699685887866
2026-05-22T02:39:00.954+00:00,1779417540954455000,2409,R,7694,7839,9148,10360,7694,7839,9148,10360,19139,23260,18318,22122,-71,-238,-57,-0.278431,-0.933333,-0.223529,0,63,c31580,2026-05-22 02:39:00.954000+00:00,75.454,80.26666666666667,75.454,8760.25,20709.75,-0.12540971925324212,-0.0627329866933684,0.9992995169072183,0.0
2026-05-22T02:39:01.252+00:00,1779417541252101000,2410,R,7700,7840,9148,10361,7700,7840,9148,10361,19141,23251,18316,22119,-70,-237,-57,-0.27451,-0.929412,-0.223529,0,63,d31580,2026-05-22 02:39:01.252000+00:00,75.752,80.3,75.752,8762.25,20706.75,-0.10545516730319786,-0.0778125622048099,0.994548952885176,-0.004996873544067415
2026-05-22T02:39:01.252+00:00,1779417541252247000,2411,R,7697,7840,9150,10364,7697,7840,9150,10364,19140,23261,18315,22120,-69,-238,-58,-0.270588,-0.933333,-0.227451,0,63,e31580,2026-05-22 02:39:01.252000+00:00,75.752,80.33333333333333,75.752,8762.75,20709.0,-0.10260210334311853,-0.06755778603484051,0.9980292140183071,-0.0012703028889111678
2026-05-22T02:39:01.252+00:00,1779417541252327000,2412,R,7696,7839,9150,10364,7696,7839,9150,10364,19144,23259,18317,22120,-68,-237,-57,-0.266667,-0.929412,-0.223529,0,63,f31580,2026-05-22 02:39:01.252000+00:00,75.752,80.36666666666666,75.752,8762.25,20710.0,-0.11114911080711354,-0.06333504237415931,0.9924128014460515,-0.006713753200083494
2026-05-22T02:39:01.252+00:00,1779417541252397000,2413,R,7700,7844,9150,10370,7700,7844,9150,10370,19148,23266,18325,22129,-71,-237,-56,-0.278431,-0.929412,-0.219608,0,63,731650,2026-05-22 02:39:01.252000+00:00,75.752,80.4,75.752,8766.0,20717.0,-0.07124739946991934,-0.030159362069173513,0.9947653799610238,-0.004188212424027893
2026-05-22T02:39:01.252+00:00,1779417541252465000,2414,R,7701,7847,9156,10371,7701,7847,9156,10371,19152,23265,18327,22135,-70,-238,-57,-0.27451,-0.933333,-0.223529,0,63,831650,2026-05-22 02:39:01.252000+00:00,75.752,80.43333333333334,75.752,8768.75,20719.75,-0.05414030888470964,-0.016889242758737166,0.9982141267433555,-0.0007394656416961354
2026-05-22T02:39:01.252+00:00,1779417541252529000,2415,R,7702,7849,9157,10376,7702,7849,9157,10376,19150,23274,18330,22138,-70,-238,-56,-0.27451,-0.933333,-0.219608,0,63,931650,2026-05-22 02:39:01.252000+00:00,75.752,80.46666666666667,75.752,8771.0,20723.0,-0.042736260292316024,-0.0012063744827669404,0.9973434226248248,-0.001610169760226876
2026-05-22T02:39:01.550+00:00,1779417541550482000,2416,R,7702,7848,9156,10376,7702,7848,9156,10376,19154,23271,18328,22138,-71,-239,-56,-0.278431,-0.937255,-0.219608,0,63,a31650,2026-05-22 02:39:01.550000+00:00,76.05,80.5,76.05,8770.5,20722.75,-0.06551773251673551,-0.002412748965533881,1.0020970164859289,0.003282119380304316
2026-05-22T02:39:01.550+00:00,1779417541550636000,2417,R,7703,7849,9156,10375,7703,7849,9156,10375,19153,23273,18329,22138,-71,-238,-55,-0.278431,-0.933333,-0.215686,0,63,b31650,2026-05-22 02:39:01.550000+00:00,76.05,80.53333333333333,76.05,8770.75,20723.25,-0.0797470878072399,0.0,0.9975744389497958,-0.0013791534352558532
2026-05-22T02:39:01.550+00:00,1779417541550712000,2418,R,7709,7856,9160,10386,7709,7856,9160,10386,19164,23279,18337,22152,-73,-238,-55,-0.286275,-0.933333,-0.215686,0,63,331720,2026-05-22 02:39:01.550000+00:00,76.05,80.56666666666666,76.05,8777.75,20733.0,-0.0028480291638186377,0.03980747656787175,0.9997921359512686,0.0009772388456440462
2026-05-22T02:39:01.550+00:00,1779417541550777000,2419,R,7712,7856,9164,10387,7712,7856,9164,10387,19166,23279,18337,22152,-73,-237,-55,-0.286275,-0.929412,-0.215686,0,63,431720,2026-05-22 02:39:01.550000+00:00,76.05,80.6,76.05,8779.75,20733.5,0.017087688320565033,0.03497979615222242,0.996132768241764,-0.002820824143287659
2026-05-22T02:39:01.550+00:00,1779417541550839000,2420,R,7713,7856,9163,10388,7713,7856,9163,10388,19166,23284,18336,22154,-72,-238,-55,-0.282353,-0.933333,-0.215686,0,63,531720,2026-05-22 02:39:01.550000+00:00,76.05,80.63333333333334,76.05,8780.0,20735.0,0.019935636373992538,0.04101030082261839,0.9986762018261974,-0.00027739055885422914
2026-05-22T02:39:01.851+00:00,1779417541851716000,2421,R,7715,7858,9165,10391,7715,7858,9165,10391,19166,23283,18340,22158,-74,-238,-54,-0.290196,-0.933333,-0.211765,0,63,631720,2026-05-22 02:39:01.851000+00:00,76.351,80.66666666666667,76.351,8782.25,20736.75,0.045567168854840086,0.04824683078630272,1.0000843077111048,0.0011307153260531333
2026-05-22T02:39:01.851+00:00,1779417541851832000,2422,R,7715,7857,9166,10391,7715,7857,9166,10391,19169,23283,18338,22158,-72,-239,-55,-0.282353,-0.937255,-0.215686,0,63,731720,2026-05-22 02:39:01.851000+00:00,76.351,80.7,76.351,8782.25,20737.0,0.0370201617496298,0.049453001555960295,1.0023425573275835,0.0032160026814485043
2026-05-22T02:39:01.851+00:00,1779417541851906000,2423,R,7721,7865,9173,10401,7721,7865,9173,10401,19181,23291,18351,22168,-73,-238,-53,-0.286275,-0.933333,-0.207843,0,63,f31790,2026-05-22 02:39:01.851000+00:00,76.351,80.73333333333333,76.351,8790.0,20747.75,0.13385355851109276,0.10131834465123572,0.9981295392698284,-0.0011699776373899073
2026-05-22T02:39:01.851+00:00,1779417541851972000,2424,R,7721,7865,9171,10403,7721,7865,9171,10403,19181,23295,18351,22170,-73,-238,-54,-0.286275,-0.933333,-0.211765,0,63,031790,2026-05-22 02:39:01.851000+00:00,76.351,80.76666666666667,76.351,8790.0,20749.25,0.13385355851109276,0.10855536926918113,0.9989535923850517,-0.00017296226108332036
2026-05-22T02:39:01.852+00:00,1779417541852048000,2425,R,7723,7864,9175,10402,7723,7864,9175,10402,19182,23294,18350,22172,-73,-237,-53,-0.286275,-0.929412,-0.207843,0,63,131790,2026-05-22 02:39:01.852000+00:00,76.352,80.8,76.352,8791.0,20749.5,0.14524535072480277,0.1097615400388387,0.9944640536580496,-0.004489538727002085
2026-05-22T02:39:02.146+00:00,1779417542146904000,2426,R,7725,7867,9176,10407,7725,7867,9176,10407,19185,23299,18353,22173,-73,-238,-54,-0.286275,-0.933333,-0.211765,0,63,231790,2026-05-22 02:39:02.146000+00:00,76.646,80.83333333333333,76.646,8793.75,20752.5,0.17942583732057416,0.12544327310447978,0.9989535923850517,-0.00017296226108332036
2026-05-22T02:39:02.146+00:00,1779417542146957000,2427,R,7725,7869,9175,10406,7725,7869,9175,10406,19182,23299,18355,22176,-75,-239,-52,-0.294118,-0.937255,-0.203922,0,63,331790,2026-05-22 02:39:02.146000+00:00,76.646,80.86666666666666,76.646,8793.75,20753.0,0.18227905784511977,0.12906338580302756,1.0032629341468766,0.003963417239658318
2026-05-22T02:39:02.146+00:00,1779417542146973000,2428,R,7726,7877,9181,10415,7726,7877,9181,10415,19186,23311,18364,22185,-69,-242,-54,-0.270588,-0.94902,-0.211765,0,63,b31860,2026-05-22 02:39:02.146000+00:00,76.646,80.9,76.646,8799.75,20761.5,0.26776812419883206,0.1773242138023378,1.0093073076962238,0.010180753050088809
2026-05-22T02:39:02.146+00:00,1779417542146988000,2429,R,7724,7874,9178,10417,7724,7874,9178,10417,19191,23311,18365,22188,-68,-242,-53,-0.266667,-0.94902,-0.207843,0,63,c31860,2026-05-22 02:39:02.146000+00:00,76.646,80.93333333333334,76.646,8798.25,20763.75,0.26781389783184706,0.19543266620824437,1.0074467538971972,0.00849316151214552
2026-05-22T02:39:02.146+00:00,1779417542147001000,2430,R,7726,7873,9177,10411,7726,7873,9177,10411,19189,23311,18366,22182,-70,-242,-52,-0.27451,-0.94902,-0.203922,0,63,d31860,2026-05-22 02:39:02.146000+00:00,76.646,80.96666666666667,76.646,8796.75,20762.0,0.24786324786324787,0.16342529775365597,1.0087511499790223,0.009797557593970607
2026-05-22T02:39:02.152+00:00,1779417542152728000,2431,R,7723,7874,9174,10408,7723,7874,9174,10408,19190,23305,18365,22178,-72,-242,-51,-0.282353,-0.94902,-0.2,0,63,e31860,2026-05-22 02:39:02.152000+00:00,76.652,81.0,76.652,8794.75,20759.5,0.19367149896043975,0.12781555973568706,1.0101297822601807,0.011176189875129028
2026-05-22T02:39:02.152+00:00,1779417542152744000,2432,R,7722,7872,9171,10404,7722,7872,9171,10404,19188,23305,18365,22176,-73,-240,-51,-0.286275,-0.941176,-0.2,0,63,f31860,2026-05-22 02:39:02.152000+00:00,76.652,81.03333333333333,76.652,8792.25,20758.5,0.1537804357112345,0.12178505540617125,1.0038753102855953,0.004921717900543632
2026-05-22T02:39:02.152+00:00,1779417542152757000,2433,R,7720,7871,9169,10399,7720,7871,9169,10399,19185,23303,18364,22169,-72,-238,-51,-0.282353,-0.933333,-0.2,0,63,031860,2026-05-22 02:39:02.152000+00:00,76.652,81.06666666666666,76.652,8789.75,20755.25,0.11389845952333495,0.10490269370824994,0.9954063017170426,-0.0035472906680090732
2026-05-22T02:39:02.152+00:00,1779417542152770000,2434,R,7701,7873,9155,10392,7701,7873,9155,10392,19161,23287,18374,22165,-92,-229,-45,-0.360784,-0.898039,-0.176471,0,63,731920,2026-05-22 02:39:02.152000+00:00,76.652,81.1,76.652,8780.25,20746.75,0.005694922976166747,0.0602867236577161,0.9837586868831198,-0.015056210222504696
2026-05-22T02:39:02.152+00:00,1779417542152783000,2435,R,7699,7874,9152,10394,7699,7874,9152,10394,19153,23284,18380,22165,-94,-228,-45,-0.368627,-0.894118,-0.176471,0,63,831920,2026-05-22 02:39:02.152000+00:00,76.652,81.13333333333334,76.652,8779.75,20745.5,0.0,0.05063901615625754,0.983094541178009,-0.015581660648188445
