14:51:11.940  14,0,71,785830
14:51:11.940 R,8674,8792,9523,11284,8674,8792,9523,11284,24212,25937,21343,24526,  11,-254,  15,0,71,885830
14:51:11.940 R,8673,8792,9522,11288,8673,8792,9522,11288,24214,25945,21345,24527,  10,-252,  15,0,71,985830
14:51:11.940 R,8676,8795,9523,11296,8676,8795,9523,11296,24221,25941,21347,24534,  11,-254,  16,0,71,085890
14:51:11.940 R,8677,8796,9527,11296,8677,8796,9527,11296,24212,25926,21346,24525,  12,-255,  15,0,71,185890
14:51:11.940 R,8679,8797,9526,11295,8679,8797,9526,11295,24218,25942,21354,24541,  12,-253,  16,0,71,285890
14:51:11.940 R,8680,8798,9528,11296,8680,8798,9528,11296,24225,25942,21353,24539,  14,-252,  16,0,71,385890
14:51:12.091 R,8679,8799,9529,11295,8679,8799,9529,11295,24225,25945,21353,24540,  12,-252,  16,0,71,485890
14:51:12.091 R,8685,8799,9528,11298,8685,8799,9528,11298,24233,25945,21356,24547,  14,-253,  16,0,71,c85960
14:51:12.091 R,8681,8796,9525,11292,8681,8796,9525,11292,24228,25942,21349,24543,  15,-255,  17,0,71,d85960
14:51:12.091 R,8678,8792,9527,11289,8678,8792,9527,11289,24229,25935,21347,24535,  15,-255,  16,0,71,e85960
14:51:12.091 R,8679,8788,9523,11289,8679,8788,9523,11289,24228,25940,21344,24529,  15,-254,  16,0,71,f85960
14:51:12.241 R,8677,8785,9522,11284,8677,8785,9522,11284,24224,25932,21341,24525,  15,-253,  15,0,71,085960
14:51:12.241 R,8670,8781,9516,11276,8670,8781,9516,11276,24216,25925,21332,24516,  14,-254,  14,0,71,886030
14:51:12.241 R,8670,8781,9517,11272,8670,8781,9517,11272,24213,25923,21333,24513,  12,-253,  14,0,71,986030
14:51:12.241 R,8669,8781,9517,11275,8669,8781,9517,11275,24211,25921,21334,24511,  13,-253,  15,0,71,a86030
14:51:12.241 R,8670,8778,9515,11274,8670,8778,9515,11274,24209,25924,21331,24513,  14,-253,  14,0,71,b86030
14:51:12.395 R,8670,8780,9518,11272,8670,8780,9518,11272,24210,25923,21328,24507,  14,-253,  14,0,71,c86030
14:51:12.395 R,8671,8780,9515,11274,8671,8780,9515,11274,24211,25921,21329,24507,  13,-254,  10,0,71,486100
14:51:12.395 R,8668,8781,9516,11273,8668,8781,9516,11273,24207,25921,21329,24509,  14,-255,  10,0,71,586100
14:51:12.395 R,8670,8781,9515,11271,8670,8781,9515,11271,24210,25921,21328,24509,  14,-254,  10,0,71,686100
14:51:12.395 R,8669,8778,9516,11274,8669,8778,9516,11274,24208,25919,21327,24509,  13,-254,  10,0,71,786100
14:51:12.541 R,8670,8782,9512,11272,8670,8782,9512,11272,24206,25917,21328,24508,  13,-253,  10,0,71,886100
14:51:12.541 R,8669,8780,9514,11271,8669,8780,9514,11271,24209,25920,21331,24509,  13,-254,  10,0,71,986100
14:51:12.541 R,8670,8783,9515,11277,8670,8783,9515,11277,24209,25919,21333,24511,  14,-255,  11,0,71,086160
14:51:12.541 R,8669,8781,9515,11277,8669,8781,9515,11277,24208,25921,21328,24511,  12,-255,  12,0,71,186160
14:51:12.541 R,8672,8789,9515,11275,8672,8789,9515,11275,24211,25921,21334,24513,  11,-253,  14,0,71,286160
14:51:12.692 R,8670,8785,9519,11280,8670,8785,9519,11280,24210,25923,21334,24514,  10,-254,  14,0,71,386160
14:51:12.692 R,8671,8785,9517,11278,8671,8785,9517,11278,24212,25921,21333,24515,  13,-254,  14,0,71,486160
14:51:12.692 R,8674,8791,9523,11285,8674,8791,9523,11285,24216,25928,21341,24519,  13,-254,  18,0,71,c86230
14:51:12.692 R,8675,8789,9520,11287,8675,8789,9520,11287,24219,25926,21343,24521,  13,-253,  19,0,71,d86230
14:51:12.692 R,8676,8791,9520,11288,8676,8791,9520,11288,24219,25929,21342,24522,  13,-254,  19,0,71,e86230
14:51:12.692 R,8678,8792,9525,11290,8678,8792,9525,11290,24222,25928,21344,24525,  13,-254,  19,0,71,f86230
14:51:13.020 R,8677,8791,9523,11288,8677,8791,9523,11288,24218,25929,21344,24524,  14,-253,  19,0,71,086230
14:51:13.020 R,8682,8795,9526,11297,8682,8795,9526,11297,24225,25933,21347,24535,   9,-253,  21,0,71,786290
14:51:13.020 R,8680,8799,9525,11297,8680,8799,9525,11297,24224,25933,21354,24536,  10,-252,  21,0,71,886290
14:51:13.020 R,8682,8798,9530,11298,8682,8798,9530,11298,24230,25941,21355,24543,  11,-250,  21,0,71,986290
14:51:13.020 R,8682,8800,9526,11297,8682,8800,9526,11297,24231,25938,21353,24536,  10,-251,  22,0,71,a86290
14:51:13.020 R,8683,8800,9530,11301,8683,8800,9530,11301,24230,25939,21354,24535,  10,-251,  21,0,71,b86290
14:51:13.023 R,8686,8796,9528,11295,8686,8796,9528,11295,24236,25936,21351,24535,  13,-252,  23,0,71,286350
14:51:13.023 R,8683,8792,9522,11287,8683,8792,9522,11287,24230,25932,21346,24530,  12,-252,  22,0,71,386350
14:51:13.023 R,8681,8789,9522,11288,8681,8789,9522,11288,24230,25931,21340,24527,  13,-252,  22,0,71,486350
14:51:13.023 R,8680,8787,9522,11282,8680,8787,9522,11282,24229,25921,21346,24520,  12,-251,  21,0,71,586350
14:51:13.142 R,8679,8786,9522,11281,8679,8786,9522,11281,24225,25925,21336,24519,  11,-251,  22,0,71,686350
14:51:13.142 R,8672,8784,9515,11274,8672,8784,9515,11274,24217,25919,21332,24510,   9,-254,  18,0,71,086440
14:51:13.142 R,8671,8782,9515,11273,8671,8782,9515,11273,24215,25917,21334,24507,   8,-254,  19,0,71,186440
14:51:13.142 R,8672,8784,9518,11276,8672,8784,9518,11276,24215,25920,21332,24509,  10,-254,  18,0,71,286440
14:51:13.142 R,8672,8783,9516,11262,8672,8783,9516,11262,24212,25917,21332,24508,   9,-253,  18,0,71,386440
14:51:13.291 R,8675,8784,9514,11277,8675,8784,9514,11277,24213,25914,21331,24507,  11,-254,  18,0,71,486440
14:51:13.291 R,8673,8785,9515,11277,8673,8785,9515,11277,24216,25915,21334,24511,   9,-255,  18,0,71,586440
14:51:13.291 R,8672,8782,9514,11276,8672,8782,9514,11276,24210,25915,21333,24507,   7,-254,  19,0,71,a86480
14:51:13.291 R,8672,8785,9516,11276,8672,8785,9516,11276,24205,25909,21327,24500,   8,-253,  19,0,71,b86480
14:51:13.291 R,8672,8785,9516,11278,8672,8785,9516,11278,24214,25918,21330,24509,   8,-254,  19,0,71,c86480
14:51:13.442 R,8669,8784,9515,11278,8669,8784,9515,11278,24212,25917,21331,24508,   9,-253,  18,0,71,d86480
14:51:13.442 R,8673,8785,9517,11280,8673,8785,9517,11280,24211,25916,21334,24513,  10,-255,  18,0,71,e86480
14:51:13.442 R,8673,8787,9518,11283,8673,8787,9518,11283,24213,25916,21337,24514,   9,-254,  20,0,71,986580
14:51:13.442 R,8689,8791,9543,11298,8689,8791,9543,11298,24214,25917,21340,24516,   8,-253,  19,0,71,a86580
14:51:13.442 R,8674,8790,9519,11283,8674,8790,9519,11283,24214,25922,21338,24516,   9,-254,  20,0,71,b86580
14:51:13.442 R,8676,8789,9523,11286,8676,8789,9523,11286,24215,25922,21337,24518,   9,-254,  20,0,71,c86580
14:51:13.771 R,8675,8791,9521,11284,8675,8791,9521,11284,24214,25919,21342,24523,  10,-253,  20,0,71,d86580
14:51:13.771 R,8680,8793,9523,11289,8680,8793,9523,11289,24226,25925,21345,24525,  11,-255,  20,0,71,486640
14:51:13.771 R,8679,8793,9524,11291,8679,8793,9524,11291,24224,25924,21347,24525,  11,-254,  22,0,71,586640
14:51:13.771 R,8680,8794,9524,11292,8680,8794,9524,11292,24218,25921,21347,24525,  10,-255,  21,0,71,686640
14:51:13.771 R,8680,8795,9522,11292,8680,8795,9522,11292,24226,25928,21347,24531,  10,-254,  21,0,71,786640
14:51:13.775 R,8680,8795,9523,11293,8680,8795,9523,11293,24224,25928,21349,24530,  10,-253,  21,0,71,886640
14:51:13.775 R,8685,8802,9529,11303,8685,8802,9529,11303,24234,25931,21357,24539,  10,-254,  21,0,71,f86700
14:51:13.775 R,8674,8801,9519,11301,8674,8801,9519,11301,24228,25928,21350,24525,  11,-254,  21,0,71,086700
14:51:13.775 R,8684,8796,9525,11296,8684,8796,9525,11296,24233,25928,21353,24533,  12,-255,  21,0,71,186700
14:51:13.775 R,8686,8797,9525,11296,8686,8797,9525,11296,24232,25930,21351,24532,  12,-253,  21,0,71,286700
14:51:13.891 R,8683,8794,9523,11293,8683,8794,9523,11293,24233,25931,21347,24532,  13,-253,  21,0,71,386700
14:51:13.891 R,8684,8790,9522,11276,8684,8790,9522,11276,24231,25925,21344,24527,  12,-254,  20,0,71,486700
14:51:13.891 R,8674,8783,9518,11277,8674,8783,9518,11277,24220,25914,21335,24510,   8,-253,  21,0,71,a86750
14:51:13.891 R,8675,8785,9515,11278,8675,8785,9515,11278,24211,25918,21328,24510,   7,-253,  21,0,71,b86750
14:51:13.891 R,8675,8785,9515,11276,8675,8785,9515,11276,24216,25915,21333,24506,   8,-253,  21,0,71,c86750
14:51:14.041 R,8673,8784,9515,11274,8673,8784,9515,11274,24214,25914,21333,24511,   7,-254,  21,0,71,d86750
14:51:14.041 R,8665,8785,9507,11278,8665,8785,9507,11278,24208,25907,21328,24496,   8,-254,  21,0,71,e86750
14:51:14.041 R,8673,8782,9515,11274,8673,8782,9515,11274,24209,25914,21331,24509,  10,-255,  21,0,71,886840
14:51:14.041 R,8672,8784,9515,11275,8672,8784,9515,11275,24210,25910,21331,24506,  11,-255,  21,0,71,986840
14:51:14.041 R,8672,8784,9518,11275,8672,8784,9518,11275,24208,25907,21331,24502,  10,-253,  21,0,71,a86840
14:51:14.368 R,8673,8783,9514,11274,8673,8783,9514,11274,24212,25915,21330,24507,   9,-255,  21,0,71,b86840
14:51:14.368 R,8664,8778,9506,11256,8664,8778,9506,11256,24209,25911,21328,24506,   9,-253,  21,0,71,c86840
14:51:14.368 R,8671,8787,9515,11277,8671,8787,9515,11277,24207,25909,21332,24504,   8,-253,  21,0,71,286890
14:51:14.368 R,8672,8781,9515,11277,8672,8781,9515,11277,24210,25910,21333,24507,   8,-253,  20,0,71,386890
14:51:14.368 R,8673,8786,9515,11279,8673,8786,9515,11279,24212,25912,21333,24508,   9,-253,  21,0,71,486890
14:51:14.368 R,8673,8785,9516,11278,8673,8785,9516,11278,24209,25910,21331,24508,  10,-253,  20,0,71,586890
14:51:14.371 R,8673,8785,9517,11279,8673,8785,9517,11279,24212,25910,21336,24510,   9,-255,  20,0,71,686890
14:51:14.371 R,8676,8790,9518,11287,8676,8790,9518,11287,24214,25917,21336,24515,  11,-252,  22,0,71,f86970
14:51:14.371 R,8688,8792,9544,11303,8688,8792,9544,11303,24216,25919,21340,24521,  11,-254,  22,0,71,086970
14:51:14.371 R,8677,8792,9521,11287,8677,8792,9521,11287,24214,25918,21335,24519,  11,-255,  22,0,71,186970
14:51:14.371 R,8675,8790,9521,11290,8675,8790,9521,11290,24219,25920,21342,24522,  10,-254,  22,0,71,286970
14:51:14.668 R,8679,8791,9522,11289,8679,8791,9522,11289,24217,25919,21342,24514,  10,-253,  22,0,71,386970
14:51:14.668 R,8683,8796,9526,11295,8683,8796,9526,11295,24222,25925,21345,24525,  11,-252,  21,0,71,a87030
14:51:14.668 R,8682,8795,9525,11295,8682,8795,9525,11295,24222,25924,21351,24528,  10,-253,  22,0,71,b87030
14:51:14.668 R,8673,8789,9504,11269,8673,8789,9504,11269,24224,25929,21352,24530,  10,-253,  21,0,71,c87030
14:51:14.668 R,8681,8798,9526,11298,8681,8798,9526,11298,24224,25928,21351,24531,  10,-252,  21,0,71,d87030
14:51:14.792 R,8685,8800,9529,11298,8685,8800,9529,11298,24226,25929,21350,24534,  10,-253,  22,0,71,e87030
14:51:14.792 R,8683,8799,9527,11298,8683,8799,9527,11298,24226,25926,21349,24531,   9,-253,  22,0,71,f87030
14:51:14.792 R,8676,8785,9517,11278,8676,8785,9517,11278,24218,25911,21334,24513,  12,-251,  22,0,71,787100
14:51:14.792 R,8676,8786,9515,11277,8676,8786,9515,11277,24223,25914,21331,24510,  12,-252,  22,0,71,887100
14:51:14.792 R,8677,8781,9514,11275,8677,8781,9514,11275,24215,25915,21329,24509,  13,-253,  22,0,71,987100
14:51:14.942 R,8676,8781,9515,11277,8676,8781,9515,11277,24217,25908,21328,24506,  11,-254,  21,0,71,a87100
14:51:14.942 R,8673,8780,9514,11274,8673,8780,9514,11274,24214,25908,21328,24504,  12,-254,  21,0,71,b87100
14:51:14.942 R,8669,8778,9513,11270,8669,8778,9513,11270,24209,25902,21324,24497,   9,-253,  22,0,71,287160
14:51:14.942 R,8672,8779,9510,11268,8672,8779,9510,11268,24208,25901,21323,24498,   8,-252,  21,0,71,387160
14:51:14.942 R,8660,8770,9508,11246,8660,8770,9508,11246,24206,25901,21321,24488,   9,-252,  21,0,71,487160
14:51:15.091 R,8668,8778,9511,11270,8668,8778,9511,11270,24205,25902,21322,24495,  10,-253,  21,0,71,587160
14:51:15.091 R,8670,8776,9511,11269,8670,8776,9511,11269,24204,25901,21326,24494,  10,-252,  20,0,71,687160
14:51:15.091 R,8669,8779,9513,11270,8669,8779,9513,11270,24203,25903,21326,24500,  10,-253,  21,0,71,d87220
14:51:15.091 R,8668,8779,9511,11269,8668,8779,9511,11269,24208,25901,21326,24500,   9,-254,  22,0,71,e87220
14:51:15.091 R,8668,8777,9511,11269,8668,8777,9511,11269,24203,25904,21323,24495,  10,-254,  21,0,71,f87220
14:51:15.091 R,8668,8778,9512,11271,8668,8778,9512,11271,24205,25900,21324,24498,  11,-255,  20,0,71,087220
14:51:15.241 R,8668,8778,9511,11271,8668,8778,9511,11271,24204,25900,21326,24498,  12,-254,  20,0,71,187220
14:51:15.241 R,8671,8779,9515,11273,8671,8779,9515,11273,24204,25906,21328,24503,   9,-253,  23,0,71,887280
14:51:15.241 R,8669,8782,9513,11273,8669,8782,9513,11273,24205,25906,21327,24501,  10,-252,  22,0,71,987280
14:51:15.241 R,8670,8781,9515,11276,8670,8781,9515,11276,24205,25909,21326,24502,  10,-253,  22,0,71,a87280
14:51:15.241 R,8669,8782,9515,11277,8669,8782,9515,11277,24205,25908,21328,24501,  11,-252,  23,0,71,b87280
14:51:15.392 R,8671,8784,9515,11276,8671,8784,9515,11276,24213,25910,21331,24501,  11,-253,  23,0,71,c87280
14:51:15.392 R,8672,8786,9516,11280,8672,8786,9516,11280,24213,25915,21335,24515,  10,-254,  22,0,71,487350
14:51:15.392 R,8676,8789,9518,11283,8676,8789,9518,11283,24209,25915,21334,24513,  10,-253,  23,0,71,587350
14:51:15.392 R,8675,8790,9524,11285,8675,8790,9524,11285,24214,25913,21339,24520,  10,-253,  23,0,71,687350
14:51:15.392 R,8676,8789,9520,11286,8676,8789,9520,11286,24214,25917,21339,24515,  10,-254,  22,0,71,787350
14:51:15.543 R,8673,8789,9519,11287,8673,8789,9519,11287,24208,25916,21337,24516,   9,-254,  23,0,71,887350
14:51:15.543 R,8676,8792,9521,11286,8676,8792,9521,11286,24208,25906,21339,24510,  10,-254,  22,0,71,987350
14:51:15.543 R,8679,8793,9524,11292,8679,8793,9524,11292,24215,25924,21348,24526,   9,-253,  21,0,71,f87400
14:51:15.543 R,8679,8795,9526,11295,8679,8795,9526,11295,24218,25926,21345,24525,   9,-253,  22,0,71,087400
14:51:15.543 R,8680,8797,9525,11295,8680,8797,9525,11295,24216,25928,21346,24526,   9,-253,  23,0,71,187400
14:51:15.692 R,8682,8798,9525,11293,8682,8798,9525,11293,24220,25927,21347,24530,   8,-253,  22,0,71,287400
14:51:15.692 R,8685,8801,9517,11297,8685,8801,9517,11297,24222,25933,21347,24535,  10,-254,  21,0,71,387400
14:51:15.692 R,8677,8787,9506,11276,8677,8787,9506,11276,24214,25923,21324,24508,   6,-249,  24,0,71,a87460
14:51:15.692 R,8671,8778,9515,11269,8671,8778,9515,11269,24210,25914,21323,24494,   8,-250,  23,0,71,b87460
14:51:15.692 R,8670,8779,9514,11267,8670,8779,9514,11267,24209,25913,21322,24496,   7,-250,  24,0,71,c87460
14:51:15.692 R,8673,8776,9517,11266,8673,8776,9517,11266,24207,25910,21318,24495,   8,-252,  23,0,71,d87460
14:51:16.021 R,8680,8776,9516,11266,8680,8776,9516,11266,24207,25916,21322,24497,   8,-254,  22,0,71,e87460
14:51:16.021 R,8668,8772,9510,11263,8668,8772,9510,11263,24199,25904,21317,24489,  10,-255,  22,0,71,587520
14:51:16.021 R,8667,8773,9513,11266,8667,8773,9513,11266,24200,25906,21316,24490,  12,-253,  22,0,71,687520
14:51:16.021 R,8666,8775,9507,11263,8666,8775,9507,11263,24199,25903,21315,24487,  11,-253,  22,0,71,787520
14:51:16.021 R,8667,8773,9509,11264,8667,8773,9509,11264,24196,25899,21314,24479,  12,-252,  22,0,71,887520
14:51:16.025 R,8667,8774,9509,11262,8667,8774,9509,11262,24203,25903,21319,24488,  13,-252,  23,0,71,987520
14:51:16.025 R,8667,8773,9509,11261,8667,8773,9509,11261,24203,25900,21314,24483,  11,-252,  19,0,71,187590
14:51:16.025 R,8665,8773,9507,11261,8665,8773,9507,11261,24201,25901,21311,24485,   5,-250,  19,0,71,287590
14:51:16.025 R,8664,8772,9511,11263,8664,8772,9511,11263,24202,25896,21316,24483,   1,-251,  17,0,71,387590
14:51:16.025 R,8666,8772,9509,11262,8666,8772,9509,11262,24202,25899,21315,24486,   1,-247,  15,0,71,487590
14:51:16.142 R,8666,8767,9510,11254,8666,8767,9510,11254,24197,25891,21318,24486,   4,-242,  12,0,71,587590
14:51:16.142 R,8663,8773,9511,11265,8663,8773,9511,11265,24199,25905,21314,24486,  11,-254, -17,0,71,d87660
14:51:16.142 R,8666,8776,9513,11266,8666,8776,9513,11266,24195,25910,21314,24490,  12,-258, -20,0,71,e87660
14:51:16.142 R,8665,8773,9513,11268,8665,8773,9513,11268,24196,25907,21314,24494,  13,-264, -24,0,71,f87660
14:51:16.142 R,8653,8772,9487,11256,8653,8772,9487,11256,24191,25904,21317,24497,  12,-267, -30,0,71,087660
14:51:16.292 R,8660,8776,9514,11275,8660,8776,9514,11275,24193,25906,21320,24505,   7,-268, -31,0,71,187660
14:51:16.292 R,8661,8778,9511,11274,8661,8778,9511,11274,24194,25912,21321,24502,   1,-268, -33,0,71,287660
14:51:16.292 R,8660,8787,9514,11286,8660,8787,9514,11286,24181,25910,21335,24515, -24,-258, -33,0,71,887710
14:51:16.292 R,8654,8788,9512,11288,8654,8788,9512,11288,24178,25916,21338,24521, -30,-257, -28,0,71,987710
14:51:16.292 R,8654,8788,9516,11292,8654,8788,9516,11292,24175,25916,21346,24522, -36,-254, -24,0,71,a87710
14:51:16.442 R,8655,8791,9515,11290,8655,8791,9515,11290,24169,25917,21347,24527, -41,-246, -23,0,71,b87710
14:51:16.442 R,8655,8794,9515,11293,8655,8794,9515,11293,24170,25919,21350,24525, -45,-246, -24,0,71,c87710
14:51:16.442 R,8654,8804,9521,11305,8654,8804,9521,11305,24169,25929,21367,24549, -45,-248, -14,0,71,387770
14:51:16.442 R,8653,8805,9520,11306,8653,8805,9520,11306,24170,25930,21366,24547, -47,-249, -15,0,71,487770
14:51:16.442 R,8654,8803,9522,11309,8654,8803,9522,11309,24171,25932,21372,24547, -44,-247, -17,0,71,587770
14:51:16.442 R,8656,8805,9519,11308,8656,8805,9519,11308,24168,25924,21370,24543, -46,-248, -17,0,71,687770
14:51:16.592 R,8654,8803,9519,11307,8654,8803,9519,11307,24172,25926,21366,24550, -49,-249, -14,0,71,787770
14:51:16.592 R,8643,8796,9508,11290,8643,8796,9508,11290,24151,25916,21357,24529, -58,-239,  -1,0,70,e87830
14:51:16.592 R,8644,8794,9509,11288,8644,8794,9509,11288,24149,25911,21361,24527, -61,-234,  -2,0,70,f87830
14:51:16.592 R,8644,8794,9510,11285,8644,8794,9510,11285,24151,25914,21361,24521, -62,-236,   0,0,70,087830
14:51:16.592 R,8642,8793,9509,11289,8642,8793,9509,11289,24148,25910,21357,24525, -64,-235,  -1,0,70,187830
14:51:16.742 R,8643,8792,9510,11285,8643,8792,9510,11285,24148,25916,21356,24522, -63,-237,   0,0,70,287830
14:51:16.742 R,8631,8797,9502,11293,8631,8797,9502,11293,24126,25899,21362,24525, -66,-248, -10,0,70,a87900
14:51:16.742 R,8630,8797,9500,11291,8630,8797,9500,11291,24122,25896,21363,24527, -65,-252, -12,0,70,b87900
14:51:16.742 R,8629,8799,9498,11292,8629,8799,9498,11292,24120,25894,21367,24530, -66,-252, -13,0,70,c87900
14:51:16.742 R,8628,8797,9495,11293,8628,8797,9495,11293,24114,25885,21368,24529, -68,-251, -13,0,70,d87900
14:51:16.892 R,8636,8803,9497,11303,8636,8803,9497,11303,24112,25875,21371,24529, -70,-250, -12,0,70,e87900
14:51:16.892 R,8623,8799,9490,11291,8623,8799,9490,11291,24107,25864,21369,24531, -72,-249, -12,0,70,f87900
14:51:16.892 R,8624,8801,9484,11295,8624,8801,9484,11295,24104,25857,21375,24533, -72,-249, -12,0,70,087900
14:51:16.892 R,8627,8800,9478,11294,8627,8800,9478,11294,24105,25848,21372,24535, -74,-248, -11,0,70,187900
14:51:16.892 R,8624,8799,9474,11293,8624,8799,9474,11293,24101,25832,21374,24538, -78,-244, -10,0,70,287900
14:51:17.041 R,8627,8798,9467,11295,8627,8798,9467,11295,24104,25816,21373,24541, -80,-243,  -7,0,70,387900
14:51:17.041 R,8627,8797,9459,11295,8627,8797,9459,11295,24107,25795,21370,24545, -84,-241,  -5,0,70,487900
14:51:17.041 R,8624,8806,9418,11308,8624,8806,9418,11308,24089,25688,21389,24571, -99,-236,   3,0,70,088010
14:51:17.041 R,8623,8805,9418,11309,8623,8805,9418,11309,24087,25691,21391,24573,-104,-236,   5,0,70,188010
14:51:17.041 R,8615,8797,9396,11287,8615,8797,9396,11287,24088,25690,21395,24575,-103,-234,   5,0,70,288010
14:51:17.192 R,8620,8808,9417,11310,8620,8808,9417,11310,24081,25687,21395,24577,-102,-229,   2,0,70,388010
14:51:17.192 R,8618,8808,9412,11309,8618,8808,9412,11309,24085,25685,21395,24575, -96,-236,   4,0,70,488010
14:51:17.192 R,8613,8803,9399,11302,8613,8803,9399,11302,24089,25650,21397,24592, -81,-242,   2,0,70,c88080
14:51:17.192 R,8626,8809,9400,11321,8626,8809,9400,11321,24085,25649,21401,24592, -76,-244,   2,0,70,d88080
14:51:17.192 R,8625,8811,9397,11323,8625,8811,9397,11323,24088,25639,21399,24598, -72,-246,   2,0,70,e88080
14:51:17.192 R,8626,8813,9402,11328,8626,8813,9402,11328,24089,25640,21400,24595, -69,-244,   2,0,70,f88080
14:51:17.342 R,8626,8812,9398,11326,8626,8812,9398,11326,24090,25633,21398,24602, -70,-242,   3,0,70,088080
14:51:17.342 R,8617,8797,9385,11308,8617,8797,9385,11308,24078,25616,21380,24578, -76,-239,   0,0,70,788140
14:51:17.342 R,8622,8795,9385,11303,8622,8795,9385,11303,24077,25612,21376,24571, -77,-237,  -2,0,70,888140
14:51:17.342 R,8614,8794,9381,11303,8614,8794,9381,11303,24077,25611,21375,24568, -77,-239,  -2,0,70,988140
14:51:17.342 R,8614,8791,9385,11301,8614,8791,9385,11301,24074,25609,21372,24571, -75,-241,  -3,0,70,a88140
14:51:17.493 R,8612,8790,9381,11298,8612,8790,9381,11298,24069,25606,21368,24567, -73,-244,  -4,0,70,b88140
14:51:17.493 R,8604,8781,9371,11292,8604,8781,9371,11292,24055,25588,21359,24560, -70,-247,  -7,0,70,288200
14:51:17.493 R,8606,8800,9373,11312,8606,8800,9373,11312,24053,25590,21357,24555, -71,-248,  -8,0,70,388200
14:51:17.493 R,8603,8783,9368,11291,8603,8783,9368,11291,24050,25581,21359,24553, -74,-246,  -8,0,70,488200
14:51:17.493 R,8603,8784,9365,11289,8603,8784,9365,11289,24050,25577,21358,24553, -74,-246,  -9,0,70,588200
14:51:17.641 R,8611,8789,9368,11301,8611,8789,9368,11301,24048,25576,21359,24555, -76,-244,  -9,0,70,688200
14:51:17.641 R,8601,8787,9363,11290,8601,8787,9363,11290,24043,25570,21360,24557, -81,-240, -12,0,70,788200
14:51:17.641 R,8597,8781,9354,11291,8597,8781,9354,11291,24039,25541,21355,24550, -72,-243, -10,0,70,d88250
14:51:17.641 R,8600,8786,9365,11308,8600,8786,9365,11308,24037,25540,21354,24553, -68,-243, -10,0,70,e88250
14:51:17.641 R,8597,8779,9355,11291,8597,8779,9355,11291,24039,25544,21353,24553, -68,-243,  -9,0,70,f88250
14:51:17.792 R,8599,8783,9353,11292,8599,8783,9353,11292,24036,25541,21357,24553, -75,-239,  -9,0,70,088250
14:51:17.792 R,8596,8779,9352,11292,8596,8779,9352,11292,24035,25542,21358,24554, -77,-241, -10,0,70,188250
14:51:17.792 R,8595,8781,9354,11294,8595,8781,9354,11294,24028,25545,21356,24562, -69,-250, -16,0,70,988320
14:51:17.792 R,8595,8781,9354,11296,8595,8781,9354,11296,24026,25546,21354,24556, -63,-247, -17,0,70,a88320
14:51:17.792 R,8595,8782,9358,11294,8595,8782,9358,11294,24029,25548,21353,24559, -63,-247, -16,0,70,b88320
14:51:17.942 R,8595,8781,9364,11295,8595,8781,9364,11295,24024,25550,21353,24561, -67,-243, -15,0,70,c88320
14:51:17.942 R,8594,8782,9356,11294,8594,8782,9356,11294,24025,25555,21353,24561, -73,-239, -13,0,70,d88320
14:51:17.942 R,8591,8782,9363,11294,8591,8782,9363,11294,24022,25565,21352,24556, -68,-243, -14,0,70,588390
14:51:17.942 R,8593,8784,9362,11297,8593,8784,9362,11297,24023,25567,21356,24561, -66,-245, -15,0,70,688390
14:51:17.942 R,8593,8782,9361,11298,8593,8782,9361,11298,24025,25568,21354,24563, -67,-248, -16,0,70,788390
14:51:17.942 R,8592,8784,9361,11300,8592,8784,9361,11300,24028,25564,21353,24563, -67,-246, -16,0,70,888390
14:51:18.276 R,8594,8786,9361,11301,8594,8786,9361,11301,24023,25564,21354,24562, -67,-247, -16,0,70,988390
14:51:18.276 R,8584,8776,9328,11291,8584,8776,9328,11291,24011,25491,21351,24561, -57,-250, -16,0,70,188460
14:51:18.276 R,8579,8775,9322,11292,8579,8775,9322,11292,24006,25483,21350,24562, -56,-249, -15,0,70,288460
14:51:18.276 R,8579,8775,9323,11290,8579,8775,9323,11290,24002,25479,21351,24562, -55,-247, -14,0,70,388460
14:51:18.276 R,8578,8774,9319,11290,8578,8774,9319,11290,23999,25473,21349,24566, -55,-248, -13,0,70,488460
14:51:18.279 R,8575,8773,9317,11289,8575,8773,9317,11289,23996,25463,21349,24572, -54,-246, -13,0,70,588460
14:51:18.279 R,8560,8760,9309,11265,8560,8760,9309,11265,23977,25472,21334,24559, -49,-248, -23,0,70,d88530
14:51:18.279 R,8566,8763,9322,11281,8566,8763,9322,11281,23979,25483,21332,24558, -48,-250, -23,0,70,e88530
14:51:18.279 R,8565,8761,9322,11278,8565,8761,9322,11278,23977,25487,21329,24555, -48,-252, -23,0,70,f88530
14:51:18.279 R,8565,8762,9325,11278,8565,8762,9325,11278,23975,25494,21329,24551, -45,-251, -26,0,70,088530
14:51:18.392 R,8565,8761,9329,11277,8565,8761,9329,11277,23978,25501,21324,24543, -47,-251, -27,0,70,188530
14:51:18.392 R,8563,8761,9333,11276,8563,8761,9333,11276,23975,25506,21323,24538, -51,-245, -28,0,70,288530
14:51:18.392 R,8566,8752,9333,11269,8566,8752,9333,11269,23978,25509,21311,24529, -54,-251, -23,0,70,988590
14:51:18.392 R,8567,8755,9330,11267,8567,8755,9330,11267,23978,25503,21311,24528, -52,-252, -23,0,70,a88590
14:51:18.392 R,8567,8751,9331,11269,8567,8751,9331,11269,23979,25504,21308,24526, -55,-248, -22,0,70,b88590
14:51:18.542 R,8567,8754,9330,11267,8567,8754,9330,11267,23980,25504,21306,24527, -59,-246, -22,0,70,c88590
14:51:18.542 R,8567,8752,9329,11265,8567,8752,9329,11265,23971,25489,21306,24521, -57,-247, -22,0,70,d88590
14:51:18.542 R,8573,8750,9321,11269,8573,8750,9321,11269,23986,25473,21300,24534, -31,-251, -27,0,70,888690
14:51:18.542 R,8574,8748,9322,11268,8574,8748,9322,11268,23987,25475,21301,24532, -27,-251, -28,0,70,988690
14:51:18.542 R,8573,8747,9321,11269,8573,8747,9321,11269,23987,25470,21301,24526, -26,-252, -28,0,70,a88690
14:51:18.691 R,8572,8749,9321,11269,8572,8749,9321,11269,23988,25472,21297,24531, -27,-250, -28,0,70,b88690
14:51:18.691 R,8574,8750,9322,11269,8574,8750,9322,11269,23993,25479,21289,24528, -28,-247, -29,0,70,c88690
14:51:18.691 R,8572,8753,9332,11271,8572,8753,9332,11271,23984,25493,21305,24531, -56,-245, -38,0,70,388750
14:51:18.691 R,8574,8753,9331,11267,8574,8753,9331,11267,23980,25494,21303,24525, -26,-261, -35,0,70,488750
14:51:18.691 R,8574,8750,9332,11267,8574,8750,9332,11267,23988,25502,21292,24524, -24,-246, -39,0,70,588750
14:51:18.691 R,8574,8750,9333,11259,8574,8750,9333,11259,23989,25507,21293,24515, -35,-250, -37,0,70,688750
14:51:18.994 R,8573,8741,9332,11240,8573,8741,9332,11240,23988,25505,21293,24513, -23,-248, -37,0,70,788750
14:51:18.994 R,8563,8733,9332,11228,8563,8733,9332,11228,23981,25522,21269,24467, -32,-251, -31,0,70,e88810
14:51:18.994 R,8564,8732,9333,11226,8564,8732,9333,11226,23981,25524,21260,24454, -35,-247, -30,0,70,f88810
14:51:18.994 R,8561,8729,9333,11222,8561,8729,9333,11222,23975,25527,21254,24448, -41,-244, -29,0,70,088810
14:51:18.994 R,8559,8726,9333,11218,8559,8726,9333,11218,23974,25531,21254,24443, -39,-244, -31,0,70,188810
14:51:18.994 R,8558,8730,9333,11214,8558,8730,9333,11214,23972,25526,21254,24439, -38,-249, -28,0,70,288810
14:51:18.997 R,8557,8720,9324,11207,8557,8720,9324,11207,23971,25517,21237,24427, -38,-251, -28,0,70,988870
14:51:18.997 R,8556,8720,9327,11207,8556,8720,9327,11207,23974,25518,21236,24427, -40,-249, -26,0,70,a88870
14:51:18.997 R,8556,8719,9324,11208,8556,8719,9324,11208,23973,25516,21237,24429, -40,-252, -27,0,70,b88870
14:51:18.997 R,8554,8719,9324,11206,8554,8719,9324,11206,23970,25519,21237,24430, -37,-254, -26,0,70,c88870
14:51:19.142 R,8557,8722,9325,11211,8557,8722,9325,11211,23968,25519,21235,24434, -30,-254, -25,0,70,d88870
14:51:19.142 R,8557,8721,9326,11211,8557,8721,9326,11211,23972,25519,21236,24437, -23,-256, -23,0,70,e88870
14:51:19.142 R,8553,8722,9331,11213,8553,8722,9331,11213,23968,25543,21237,24437, -61,-256, -23,0,69,588930
14:51:19.142 R,8549,8727,9337,11219,8549,8727,9337,11219,23963,25554,21246,24445, -78,-234, -35,0,69,688930
14:51:19.142 R,8546,8730,9336,11218,8546,8730,9336,11218,23951,25554,21251,24438, -48,-261, -24,0,69,788930
14:51:19.465 R,8550,8722,9342,11220,8550,8722,9342,11220,23955,25560,21243,24450, -32,-248, -29,0,69,888930
14:51:19.465 R,8550,8727,9347,11217,8550,8727,9347,11217,23967,25575,21244,24443, -53,-250, -26,0,69,988930
14:51:19.465 R,8565,8725,9397,11214,8565,8725,9397,11214,23998,25682,21238,24428, -40,-249, -17,0,69,088990
14:51:19.465 R,8566,8726,9401,11213,8566,8726,9401,11213,24000,25697,21237,24423, -48,-242, -14,0,69,188990
14:51:19.465 R,8566,8729,9406,11212,8566,8729,9406,11212,24005,25706,21242,24417, -53,-242, -13,0,69,288990
14:51:19.465 R,8567,8730,9410,11218,8567,8730,9410,11218,24005,25722,21240,24423, -49,-245, -13,0,69,388990
14:51:19.595 R,8568,8732,9416,11214,8568,8732,9416,11214,24012,25733,21241,24421, -42,-248, -14,0,69,488990
14:51:19.595 R,8587,8727,9427,11213,8587,8727,9427,11213,24047,25774,21242,24422, -13,-257, -15,0,69,c89060
14:51:19.595 R,8588,8731,9439,11224,8588,8731,9439,11224,24052,25781,21239,24427, -11,-258, -15,0,69,d89060
14:51:19.595 R,8588,8731,9439,11226,8588,8731,9439,11226,24056,25780,21242,24439, -11,-258, -14,0,69,e89060
14:51:19.595 R,8591,8733,9440,11226,8591,8733,9440,11226,24060,25780,21242,24436, -10,-257, -15,0,69,f89060
14:51:19.920 R,8594,8733,9443,11227,8594,8733,9443,11227,24063,25784,21241,24434,  -9,-255, -15,0,69,089060
14:51:19.920 R,8599,8742,9450,11239,8599,8742,9450,11239,24073,25803,21256,24451, -25,-254,  -9,0,69,789120
14:51:19.920 R,8601,8739,9449,11239,8601,8739,9449,11239,24078,25801,21250,24450, -18,-254, -11,0,69,889120
14:51:19.920 R,8600,8737,9450,11236,8600,8737,9450,11236,24081,25802,21248,24449, -19,-253, -10,0,69,989120
14:51:19.920 R,8603,8733,9450,11232,8603,8733,9450,11232,24083,25803,21244,24446, -19,-252, -10,0,69,a89120
14:51:19.923 R,8601,8735,9451,11232,8601,8735,9451,11232,24083,25805,21241,24444, -20,-251, -10,0,69,b89120
14:51:19.923 R,8594,8726,9454,11220,8594,8726,9454,11220,24078,25817,21231,24428, -14,-252,  -8,0,69,289180
14:51:19.923 R,8597,8724,9452,11217,8597,8724,9452,11217,24077,25811,21235,24434, -15,-252, -10,0,69,389180
14:51:19.923 R,8586,8728,9458,11220,8586,8728,9458,11220,24078,25819,21223,24418, -15,-253, -10,0,69,489180
14:51:19.923 R,8594,8723,9451,11214,8594,8723,9451,11214,24079,25816,21228,24424, -16,-252, -10,0,69,589180
14:51:20.041 R,8593,8724,9451,11216,8593,8724,9451,11216,24077,25817,21228,24422, -17,-253, -10,0,69,689180
14:51:20.041 R,8595,8723,9452,11214,8595,8723,9452,11214,24075,25815,21227,24418, -17,-253, -11,0,69,789180
14:51:20.041 R,8598,8724,9453,11212,8598,8724,9453,11212,24072,25801,21229,24405,  -3,-261, -10,0,69,d89230
14:51:20.041 R,8599,8724,9454,11213,8599,8724,9454,11213,24084,25819,21223,24416,  -7,-254, -11,0,69,e89230
14:51:20.041 R,8598,8724,9456,11214,8598,8724,9456,11214,24084,25825,21226,24415, -11,-255, -10,0,69,f89230
14:51:20.192 R,8599,8723,9458,11216,8599,8723,9458,11216,24083,25826,21225,24419,  -9,-259,  -9,0,69,089230
14:51:20.192 R,8598,8725,9459,11214,8598,8725,9459,11214,24081,25829,21227,24421, -15,-258,  -7,0,69,189230
14:51:20.192 R,8598,8730,9458,11218,8598,8730,9458,11218,24083,25837,21233,24425, -27,-250, -11,0,69,889290
14:51:20.192 R,8599,8729,9459,11222,8599,8729,9459,11222,24082,25835,21232,24424, -28,-244, -13,0,69,989290
14:51:20.192 R,8599,8729,9461,11222,8599,8729,9461,11222,24085,25838,21232,24425, -21,-246, -17,0,69,a89290
14:51:20.192 R,8602,8726,9459,11220,8602,8726,9459,11220,24084,25834,21230,24425, -12,-248, -18,0,69,b89290
14:51:20.344 R,8601,8726,9461,11223,8601,8726,9461,11223,24095,25835,21230,24434,  -4,-254, -17,0,69,c89290
14:51:20.344 R,8607,8726,9452,11227,8607,8726,9452,11227,24104,25808,21230,24439,  -8,-256, -22,0,69,489360
14:51:20.344 R,8607,8727,9451,11229,8607,8727,9451,11229,24103,25799,21233,24439, -15,-254, -22,0,69,589360
14:51:20.344 R,8607,8727,9448,11231,8607,8727,9448,11231,24099,25791,21233,24444, -15,-257, -21,0,69,689360
14:51:20.344 R,8595,8723,9442,11212,8595,8723,9442,11212,24095,25785,21235,24448, -11,-259, -23,0,69,789360
14:51:20.492 R,8609,8729,9447,11232,8609,8729,9447,11232,24100,25784,21235,24451, -17,-257, -23,0,69,889360
14:51:20.492 R,8613,8734,9448,11238,8613,8734,9448,11238,24104,25782,21241,24460, -17,-253, -22,0,69,f89420
14:51:20.492 R,8611,8732,9445,11238,8611,8732,9445,11238,24098,25770,21240,24446, -19,-251, -22,0,69,089420
14:51:20.492 R,8612,8734,9448,11236,8612,8734,9448,11236,24106,25783,21239,24453, -21,-250, -22,0,69,189420
14:51:20.492 R,8613,8736,9449,11239,8613,8736,9449,11239,24107,25784,21243,24454, -21,-251, -23,0,69,289420
14:51:20.642 R,8614,8735,9450,11241,8614,8735,9450,11241,24108,25787,21242,24457, -21,-253, -22,0,69,389420
14:51:20.642 R,8621,8730,9444,11233,8621,8730,9444,11233,24120,25783,21236,24451, -18,-251, -20,0,69,a89480
14:51:20.642 R,8618,8728,9444,11231,8618,8728,9444,11231,24114,25780,21233,24449, -17,-250, -21,0,69,b89480
14:51:20.642 R,8618,8726,9441,11229,8618,8726,9441,11229,24119,25779,21233,24446, -16,-252, -19,0,69,c89480
14:51:20.642 R,8617,8725,9445,11228,8617,8725,9445,11228,24118,25775,21233,24441, -15,-251, -19,0,69,d89480
14:51:20.791 R,8617,8725,9441,11225,8617,8725,9441,11225,24113,25773,21231,24440, -15,-251, -18,0,69,e89480
14:51:20.791 R,8615,8724,9442,11224,8615,8724,9442,11224,24112,25773,21230,24441, -15,-252, -18,0,69,f89480
14:51:20.791 R,8613,8725,9433,11231,8613,8725,9433,11231,24111,25760,21226,24452, -13,-252, -20,0,69,589530
14:51:20.791 R,8613,8722,9434,11232,8613,8722,9434,11232,24110,25757,21229,24453, -14,-251, -21,0,69,689530
14:51:20.791 R,8613,8723,9432,11232,8613,8723,9432,11232,24110,25755,21230,24458, -10,-249, -22,0,69,789530
14:51:20.942 R,8620,8732,9419,11231,8620,8732,9419,11231,24112,25759,21229,24463, -12,-250, -19,0,69,889530
14:51:20.942 R,8611,8724,9432,11235,8611,8724,9432,11235,24110,25750,21230,24461, -14,-255, -19,0,69,989530
14:51:20.942 R,8620,8727,9439,11242,8620,8727,9439,11242,24122,25761,21237,24476, -13,-254, -15,0,69,189600
14:51:20.942 R,8620,8729,9438,11245,8620,8729,9438,11245,24124,25766,21238,24477, -11,-256, -16,0,69,289600
14:51:20.942 R,8621,8730,9440,11246,8621,8730,9440,11246,24123,25765,21237,24477, -11,-255, -17,0,69,389600
14:51:20.942 R,8622,8730,9438,11248,8622,8730,9438,11248,24127,25766,21235,24478, -12,-255, -16,0,69,489600
14:51:21.092 R,8621,8728,9441,11247,8621,8728,9441,11247,24127,25768,21236,24478, -12,-254, -16,0,69,589600
14:51:21.092 R,8625,8734,9443,11256,8625,8734,9443,11256,24134,25771,21247,24494, -13,-254, -13,0,68,c89660
14:51:21.092 R,8630,8736,9445,11257,8630,8736,9445,11257,24136,25771,21243,24496, -11,-254, -15,0,68,d89660
14:51:21.092 R,8636,8740,9461,11276,8636,8740,9461,11276,24138,25776,21246,24493, -12,-253, -15,0,68,e89660
14:51:21.092 R,8629,8737,9445,11258,8629,8737,9445,11258,24140,25778,21247,24497, -12,-254, -13,0,68,f89660
14:51:21.242 R,8631,8738,9449,11262,8631,8738,9449,11262,24140,25776,21247,24499, -13,-251, -13,0,68,089660
14:51:21.242 R,8637,8741,9452,11268,8637,8741,9452,11268,24151,25785,21253,24511, -11,-253, -15,0,68,789720
14:51:21.242 R,8637,8741,9452,11273,8637,8741,9452,11273,24158,25786,21252,24510, -10,-255, -14,0,68,889720
14:51:21.242 R,8637,8740,9454,11271,8637,8740,9454,11271,24156,25785,21254,24511, -10,-255, -13,0,68,989720
14:51:21.242 R,8639,8743,9455,11273,8639,8743,9455,11273,24160,25787,21254,24515, -10,-254, -13,0,68,a89720
14:51:21.392 R,8640,8740,9454,11273,8640,8740,9454,11273,24162,25788,21252,24512,  -9,-253, -13,0,68,b89720
14:51:21.392 R,8643,8747,9461,11293,8643,8747,9461,11293,24164,25788,21258,24518, -11,-254, -15,0,68,c89720
14:51:21.392 R,8647,8749,9462,11281,8647,8749,9462,11281,24175,25800,21259,24526, -11,-252, -14,0,68,289770
14:51:21.392 R,8649,8747,9471,11282,8649,8747,9471,11282,24175,25802,21264,24531, -12,-254, -14,0,68,389770
14:51:21.392 R,8646,8752,9463,11284,8646,8752,9463,11284,24172,25801,21265,24531, -13,-254, -14,0,68,489770
14:51:21.542 R,8648,8750,9464,11284,8648,8750,9464,11284,24174,25802,21263,24529, -13,-253, -16,0,68,589770
14:51:21.542 R,8646,8746,9466,11285,8646,8746,9466,11285,24174,25803,21265,24529, -13,-255, -15,0,68,689770
14:51:21.542 R,8645,8737,9460,11266,8645,8737,9460,11266,24170,25798,21251,24508, -18,-252, -16,0,68,e89840
14:51:21.542 R,8645,8738,9458,11249,8645,8738,9458,11249,24169,25800,21250,24509, -16,-251, -17,0,68,f89840
14:51:21.542 R,8644,8736,9458,11264,8644,8736,9458,11264,24169,25797,21244,24506, -16,-251, -19,0,68,089840
14:51:21.691 R,8644,8736,9458,11261,8644,8736,9458,11261,24173,25798,21251,24507, -14,-252, -18,0,68,189840
14:51:21.691 R,8645,8735,9460,11263,8645,8735,9460,11263,24170,25793,21246,24504, -14,-254, -19,0,68,289840
14:51:21.691 R,8646,8736,9462,11266,8646,8736,9462,11266,24171,25796,21249,24506, -10,-255, -20,0,68,989900
14:51:21.691 R,8644,8736,9460,11266,8644,8736,9460,11266,24172,25796,21244,24507, -11,-253, -20,0,68,a89900
14:51:21.691 R,8646,8735,9460,11267,8646,8735,9460,11267,24173,25796,21245,24505, -12,-253, -20,0,68,b89900
14:51:21.691 R,8646,8738,9459,11266,8646,8738,9459,11266,24174,25797,21245,24507, -15,-254, -19,0,68,c89900
14:51:21.841 R,8645,8736,9460,11267,8645,8736,9460,11267,24172,25796,21248,24507, -15,-255, -19,0,68,d89900
14:51:21.841 R,8645,8740,9460,11269,8645,8740,9460,11269,24174,25803,21252,24507, -19,-253, -15,0,68,489960
14:51:21.841 R,8645,8742,9463,11268,8645,8742,9463,11268,24171,25799,21250,24510, -19,-252, -16,0,68,589960
14:51:21.841 R,8648,8741,9462,11270,8648,8741,9462,11270,24173,25799,21250,24510, -18,-252, -16,0,68,689960
14:51:21.841 R,8648,8740,9463,11269,8648,8740,9463,11269,24171,25801,21253,24510, -19,-251, -16,0,68,789960
14:51:21.992 R,8645,8742,9465,11272,8645,8742,9465,11272,24174,25803,21257,24511, -18,-252, -17,0,68,889960
14:51:21.992 R,8652,8745,9468,11276,8652,8745,9468,11276,24183,25800,21255,24520, -13,-253, -16,0,68,090030
14:51:21.992 R,8653,8747,9465,11277,8653,8747,9465,11277,24179,25801,21260,24518, -17,-252, -14,0,68,190030
14:51:21.992 R,8652,8744,9467,11275,8652,8744,9467,11275,24178,25807,21259,24519, -20,-251, -12,0,68,290030
14:51:21.992 R,8654,8747,9465,11278,8654,8747,9465,11278,24183,25808,21262,24518, -21,-249, -10,0,68,390030
14:51:22.468 R,8653,8749,9465,11280,8653,8749,9465,11280,24182,25810,21263,24520, -25,-247,  -9,0,68,490030
14:51:22.468 R,8652,8749,9467,11280,8652,8749,9467,11280,24182,25812,21264,24524, -25,-249,  -8,0,68,590030
14:51:22.468 R,8660,8754,9476,11293,8660,8754,9476,11293,24190,25820,21272,24539, -24,-252,  -5,0,68,d90100
14:51:22.468 R,8659,8757,9475,11288,8659,8757,9475,11288,24192,25822,21275,24536, -24,-252,  -6,0,68,e90100
14:51:22.468 R,8660,8754,9471,11289,8660,8754,9471,11289,24190,25816,21274,24536, -20,-252,  -6,0,68,f90100
14:51:22.473 R,8658,8751,9472,11285,8658,8751,9472,11285,24193,25815,21270,24531, -19,-253,  -7,0,68,090100
14:51:22.473 R,8659,8749,9472,11284,8659,8749,9472,11284,24194,25811,21266,24529, -18,-253,  -7,0,68,190100
14:51:22.473 R,8656,8738,9462,11268,8656,8738,9462,11268,24189,25796,21251,24510, -26,-252,  -4,0,68,890160
14:51:22.473 R,8651,8739,9462,11266,8651,8739,9462,11266,24184,25800,21256,24508, -28,-251,  -5,0,68,990160
14:51:22.473 R,8652,8740,9464,11266,8652,8740,9464,11266,24184,25798,21255,24509, -27,-251,  -4,0,68,a90160
14:51:22.475 R,8653,8740,9463,11265,8653,8740,9463,11265,24181,25799,21255,24508, -29,-250,  -5,0,68,b90160
14:51:22.475 R,8653,8742,9464,11265,8653,8742,9464,11265,24185,25798,21254,24508, -32,-249,  -4,0,68,c90160
14:51:22.475 R,8649,8744,9466,11278,8649,8744,9466,11278,24175,25815,21256,24520, -22,-255, -20,0,68,490230
14:51:22.475 R,8649,8744,9468,11277,8649,8744,9468,11277,24172,25816,21256,24529, -19,-257, -20,0,68,590230
14:51:22.475 R,8649,8745,9467,11279,8649,8745,9467,11279,24173,25816,21255,24530, -23,-256, -20,0,68,690230
14:51:22.475 R,8647,8744,9466,11278,8647,8744,9466,11278,24169,25821,21263,24527, -26,-256, -20,0,68,790230
14:51:22.592 R,8646,8748,9471,11280,8646,8748,9471,11280,24171,25820,21264,24530, -29,-256, -21,0,68,890230
14:51:22.592 R,8644,8754,9478,11292,8644,8754,9478,11292,24163,25838,21274,24543, -42,-255, -25,0,68,090300
14:51:22.592 R,8642,8755,9477,11292,8642,8755,9477,11292,24155,25841,21279,24546, -42,-253, -27,0,68,190300
14:51:22.592 R,8650,8754,9501,11293,8650,8754,9501,11293,24157,25836,21286,24553, -43,-251, -27,0,68,290300
14:51:22.592 R,8642,8757,9479,11296,8642,8757,9479,11296,24155,25839,21282,24548, -46,-251, -27,0,68,390300
14:51:22.743 R,8640,8759,9477,11297,8640,8759,9477,11297,24156,25842,21284,24554, -50,-249, -26,0,68,490300
14:51:22.743 R,8641,8777,9499,11332,8641,8777,9499,11332,24148,25859,21300,24570, -65,-245, -22,0,68,c90370
14:51:22.743 R,8638,8772,9485,11315,8638,8772,9485,11315,24151,25861,21306,24572, -66,-245, -22,0,68,d90370
14:51:22.743 R,8642,8773,9486,11316,8642,8773,9486,11316,24148,25863,21308,24581, -64,-246, -22,0,68,e90370
14:51:22.743 R,8639,8790,9480,11343,8639,8790,9480,11343,24149,25863,21309,24578, -63,-248, -22,0,68,f90370
14:51:22.892 R,8641,8777,9487,11320,8641,8777,9487,11320,24150,25869,21312,24585, -64,-248, -21,0,68,090370
14:51:22.892 R,8639,8776,9489,11323,8639,8776,9489,11323,24146,25870,21316,24588, -66,-246, -20,0,68,190370
14:51:22.892 R,8642,8783,9493,11334,8642,8783,9493,11334,24149,25878,21328,24603, -70,-243, -17,0,68,890430
14:51:22.892 R,8641,8784,9491,11334,8641,8784,9491,11334,24149,25879,21326,24602, -71,-244, -17,0,68,990430
14:51:22.892 R,8639,8782,9491,11331,8639,8782,9491,11331,24152,25882,21331,24608, -73,-243, -16,0,68,a90430
14:51:23.042 R,8642,8785,9491,11329,8642,8785,9491,11329,24147,25878,21324,24599, -74,-244, -16,0,68,b90430
14:51:23.042 R,8638,8779,9489,11325,8638,8779,9489,11325,24145,25876,21323,24595, -73,-244, -16,0,68,c90430
14:51:23.042 R,8632,8770,9486,11314,8632,8770,9486,11314,24136,25870,21316,24574, -77,-243, -14,0,68,490500
14:51:23.042 R,8632,8772,9486,11313,8632,8772,9486,11313,24131,25869,21314,24578, -77,-241, -14,0,68,590500
14:51:23.042 R,8633,8773,9485,11312,8633,8773,9485,11312,24134,25868,21316,24574, -78,-242, -14,0,68,690500
14:51:23.042 R,8624,8772,9470,11312,8624,8772,9470,11312,24132,25865,21313,24577, -78,-242, -14,0,68,790500
14:51:23.192 R,8631,8770,9484,11309,8631,8770,9484,11309,24131,25870,21311,24574, -79,-242, -15,0,68,890500
14:51:23.192 R,8629,8773,9488,11314,8629,8773,9488,11314,24131,25874,21318,24574, -84,-240, -10,0,68,090570
14:51:23.192 R,8628,8781,9486,11320,8628,8781,9486,11320,24130,25870,21317,24575, -84,-240, -10,0,68,190570
14:51:23.192 R,8630,8773,9488,11315,8630,8773,9488,11315,24131,25870,21317,24574, -85,-240, -12,0,68,290570
14:51:23.192 R,8630,8776,9487,11313,8630,8776,9487,11313,24126,25873,21316,24576, -84,-239, -11,0,68,390570
14:51:23.342 R,8630,8777,9486,11315,8630,8777,9486,11315,24129,25874,21319,24576, -84,-238, -12,0,68,490570
14:51:23.342 R,8630,8778,9499,11305,8630,8778,9499,11305,24133,25908,21315,24556, -90,-242, -10,0,68,c90640
14:51:23.342 R,8646,8778,9525,11316,8646,8778,9525,11316,24134,25917,21310,24538, -90,-242, -10,0,68,d90640
14:51:23.342 R,8628,8775,9501,11283,8628,8775,9501,11283,24128,25929,21307,24515, -89,-242,  -8,0,68,e90640
14:51:23.342 R,8625,8774,9505,11268,8625,8774,9505,11268,24128,25934,21296,24486, -88,-242,  -7,0,68,f90640
14:51:23.493 R,8626,8773,9511,11256,8626,8773,9511,11256,24130,25955,21293,24452, -89,-242,  -5,0,68,090640
14:51:23.493 R,8645,8774,9564,11207,8645,8774,9564,11207,24201,26108,21276,24334, -86,-233,  -4,0,68,690690
14:51:23.493 R,8658,8788,9576,11234,8658,8788,9576,11234,24203,26114,21274,24338, -85,-234,  -3,0,68,790690
14:51:23.493 R,8647,8776,9566,11216,8647,8776,9566,11216,24207,26111,21276,24352, -86,-238,  -4,0,68,890690
14:51:23.493 R,8649,8780,9564,11225,8649,8780,9564,11225,24205,26104,21279,24369, -87,-236,  -3,0,68,990690
14:51:23.641 R,8647,8776,9558,11248,8647,8776,9558,11248,24204,26092,21283,24391, -89,-236,  -2,0,68,a90690
14:51:23.641 R,8650,8780,9555,11250,8650,8780,9555,11250,24198,26075,21287,24413, -92,-236,  -1,0,68,b90690
14:51:23.641 R,8657,8786,9528,11313,8657,8786,9528,11313,24194,25972,21321,24545, -91,-239,  -4,0,68,190740
14:51:23.641 R,8656,8789,9523,11316,8656,8789,9523,11316,24192,25964,21326,24556, -90,-242,  -5,0,68,290740
14:51:23.641 R,8658,8790,9522,11320,8658,8790,9522,11320,24190,25965,21332,24566, -90,-241,  -6,0,68,390740
14:51:23.791 R,8659,8793,9521,11327,8659,8793,9521,11327,24192,25954,21333,24575, -89,-241,  -6,0,68,490740
14:51:23.791 R,8659,8793,9521,11327,8659,8793,9521,11327,24188,25948,21339,24579, -91,-241,  -6,0,68,590740
14:51:23.791 R,8651,8785,9508,11322,8651,8785,9508,11322,24177,25917,21333,24584, -92,-236,  -6,0,68,d90810
14:51:23.791 R,8646,8784,9505,11322,8646,8784,9505,11322,24175,25916,21334,24585, -93,-236,  -6,0,68,e90810
14:51:23.791 R,8648,8783,9501,11320,8648,8783,9501,11320,24172,25913,21336,24584, -95,-237,  -6,0,68,f90810
14:51:23.791 R,8645,8784,9500,11322,8645,8784,9500,11322,24164,25910,21336,24587, -96,-237,  -5,0,68,090810
14:51:24.117 R,8646,8786,9500,11324,8646,8786,9500,11324,24162,25907,21336,24590, -96,-236,  -6,0,68,190810
14:51:24.117 R,8639,8783,9498,11320,8639,8783,9498,11320,24157,25902,21336,24583, -96,-234,  -4,0,68,890870
14:51:24.117 R,8640,8786,9498,11320,8640,8786,9498,11320,24150,25902,21332,24582, -97,-237,  -4,0,68,990870
14:51:24.117 R,8640,8786,9500,11324,8640,8786,9500,11324,24153,25902,21338,24587, -95,-237,  -4,0,68,a90870
14:51:24.117 R,8638,8784,9497,11319,8638,8784,9497,11319,24159,25902,21337,24587, -95,-236,  -5,0,68,b90870
14:51:24.242 R,8638,8785,9499,11320,8638,8785,9499,11320,24156,25903,21337,24588, -96,-235,  -4,0,68,c90870
14:51:24.242 R,8640,8786,9497,11322,8640,8786,9497,11322,24149,25904,21337,24591, -98,-236,  -4,0,68,390930
14:51:24.242 R,8639,8786,9499,11325,8639,8786,9499,11325,24152,25901,21336,24591, -99,-235,  -4,0,68,490930
14:51:24.242 R,8638,8785,9497,11325,8638,8785,9497,11325,24145,25900,21339,24591, -99,-235,  -4,0,68,590930
14:51:24.242 R,8639,8787,9497,11327,8639,8787,9497,11327,24142,25902,21337,24593,-100,-234,  -4,0,68,690930
14:51:24.392 R,8637,8788,9496,11327,8637,8788,9496,11327,24149,25896,21341,24594,-100,-235,  -4,0,68,790930
14:51:24.392 R,8637,8793,9497,11335,8637,8793,9497,11335,24144,25896,21346,24601, -98,-235,  -4,0,68,f91000
14:51:24.392 R,8640,8791,9499,11337,8640,8791,9499,11337,24146,25901,21346,24603, -98,-235,  -4,0,68,091000
14:51:24.392 R,8628,8784,9475,11324,8628,8784,9475,11324,24141,25891,21347,24600, -99,-235,  -5,0,68,191000
14:51:24.392 R,8639,8795,9497,11336,8639,8795,9497,11336,24143,25899,21351,24605,-101,-236,  -4,0,68,291000
14:51:24.542 R,8637,8794,9498,11337,8637,8794,9498,11337,24146,25902,21349,24610,-100,-235,  -5,0,68,391000
14:51:24.542 R,8627,8794,9494,11342,8627,8794,9494,11342,24143,25899,21351,24604,-100,-236,  -4,0,68,491000
14:51:24.542 R,8642,8798,9500,11349,8642,8798,9500,11349,24145,25905,21356,24621,-100,-235,  -5,0,68,b91060
14:51:24.542 R,8639,8799,9501,11348,8639,8799,9501,11348,24149,25911,21359,24625, -98,-235,  -6,0,68,c91060
14:51:24.542 R,8638,8798,9502,11348,8638,8798,9502,11348,24145,25905,21357,24624, -99,-234,  -6,0,68,d91060
14:51:24.692 R,8641,8799,9503,11350,8641,8799,9503,11350,24151,25909,21360,24622, -99,-236,  -4,0,68,e91060
14:51:24.692 R,8641,8801,9502,11350,8641,8801,9502,11350,24145,25906,21359,24627,-100,-236,  -4,0,68,f91060
14:51:24.692 R,8638,8795,9500,11344,8638,8795,9500,11344,24143,25897,21354,24610, -97,-236,  -3,0,68,791130
14:51:24.692 R,8638,8791,9500,11340,8638,8791,9500,11340,24146,25904,21352,24619, -97,-236,  -4,0,68,891130
14:51:24.692 R,8636,8796,9498,11340,8636,8796,9498,11340,24145,25903,21348,24615, -97,-234,  -5,0,68,991130
14:51:24.692 R,8637,8794,9498,11343,8637,8794,9498,11343,24144,25901,21347,24616, -96,-233,  -5,0,68,a91130
14:51:24.842 R,8634,8789,9496,11336,8634,8789,9496,11336,24137,25896,21343,24606, -97,-233,  -4,0,68,b91130
14:51:24.842 R,8631,8790,9514,11335,8631,8790,9514,11335,24129,25894,21340,24603, -98,-235,  -4,0,68,391200
14:51:24.842 R,8631,8788,9492,11331,8631,8788,9492,11331,24128,25895,21342,24607,-100,-234,  -4,0,68,491200
14:51:24.842 R,8630,8789,9494,11334,8630,8789,9494,11334,24134,25896,21346,24606,-100,-236,  -3,0,68,591200
14:51:24.842 R,8630,8792,9495,11335,8630,8792,9495,11335,24130,25896,21346,24608,-100,-234,  -4,0,68,691200
14:51:24.992 R,8630,8789,9494,11334,8630,8789,9494,11334,24128,25896,21343,24608, -99,-233,  -4,0,68,791200
14:51:24.992 R,8632,8791,9495,11332,8632,8791,9495,11332,24130,25898,21345,24610, -98,-235,  -3,0,68,f91270
14:51:24.992 R,8632,8790,9496,11334,8632,8790,9496,11334,24129,25900,21348,24609, -98,-235,  -3,0,68,091270
14:51:24.992 R,8628,8791,9495,11338,8628,8791,9495,11338,24129,25903,21348,24616, -99,-234,  -3,0,68,191270
14:51:24.992 R,8629,8786,9486,11329,8629,8786,9486,11329,24125,25900,21350,24611, -99,-234,  -3,0,68,291270
14:51:25.143 R,8632,8792,9498,11338,8632,8792,9498,11338,24133,25900,21346,24611, -99,-235,  -2,0,68,391270
14:51:25.143 R,8630,8792,9497,11338,8630,8792,9497,11338,24125,25899,21352,24613, -98,-235,  -3,0,68,491270
14:51:25.143 R,8633,8799,9499,11341,8633,8799,9499,11341,24129,25909,21360,24623, -98,-235,  -3,0,68,b91330
14:51:25.143 R,8633,8799,9504,11344,8633,8799,9504,11344,24131,25908,21356,24616, -98,-235,  -2,0,68,c91330
14:51:25.143 R,8631,8798,9502,11344,8631,8798,9502,11344,24129,25909,21361,24621, -97,-235,  -3,0,68,d91330
14:51:25.291 R,8634,8800,9503,11344,8634,8800,9503,11344,24134,25913,21363,24623, -97,-236,  -2,0,68,e91330
14:51:25.291 R,8634,8799,9505,11344,8634,8799,9505,11344,24133,25916,21364,24620, -97,-235,  -2,0,68,f91330
14:51:25.291 R,8637,8808,9514,11353,8637,8808,9514,11353,24136,25930,21376,24627,-101,-235,  -4,0,68,691390
14:51:25.291 R,8637,8809,9514,11352,8637,8809,9514,11352,24130,25930,21372,24617,-101,-234,  -4,0,68,791390
14:51:25.291 R,8638,8813,9513,11352,8638,8813,9513,11352,24138,25937,21379,24626,-102,-235,  -4,0,68,891390
14:51:25.442 R,8637,8810,9514,11353,8637,8810,9514,11353,24137,25937,21379,24632,-101,-234,  -4,0,68,991390
14:51:25.442 R,8628,8812,9520,11348,8628,8812,9520,11348,24139,25939,21382,24635,-101,-234,  -4,0,68,a91390
14:51:25.442 R,8642,8809,9518,11345,8642,8809,9518,11345,24145,25954,21376,24615, -99,-235,  -4,0,68,191450
14:51:25.442 R,8639,8806,9516,11340,8639,8806,9516,11340,24140,25948,21379,24615,-100,-235,  -3,0,68,291450
14:51:25.442 R,8640,8806,9516,11340,8640,8806,9516,11340,24144,25949,21376,24613, -99,-235,  -4,0,68,391450
14:51:25.442 R,8637,8804,9518,11338,8637,8804,9518,11338,24138,25954,21376,24613, -99,-234,  -3,0,68,491450
14:51:25.592 R,8635,8799,9515,11315,8635,8799,9515,11315,24139,25951,21376,24606, -99,-235,  -3,0,68,591450
14:51:25.592 R,8634,8802,9517,11325,8634,8802,9517,11325,24134,25957,21372,24599,-100,-235,  -2,0,68,c91510
14:51:25.592 R,8632,8801,9517,11325,8632,8801,9517,11325,24129,25948,21364,24583,-101,-235,  -3,0,68,d91510
14:51:25.592 R,8631,8800,9518,11325,8631,8800,9518,11325,24134,25958,21374,24592, -99,-235,  -2,0,68,e91510
14:51:25.592 R,8633,8801,9517,11324,8633,8801,9517,11324,24137,25959,21375,24593,-100,-235,  -2,0,68,f91510
14:51:25.743 R,8633,8800,9521,11322,8633,8800,9521,11322,24133,25954,21374,24585, -99,-236,  -2,0,68,091510
14:51:25.743 R,8631,8803,9522,11326,8631,8803,9522,11326,24136,25969,21380,24591,-100,-235,  -3,0,68,891580
14:51:25.743 R,8632,8802,9519,11326,8632,8802,9519,11326,24135,25966,21381,24591, -99,-234,  -3,0,68,991580
14:51:25.743 R,8631,8804,9522,11324,8631,8804,9522,11324,24136,25966,21381,24590,-100,-233,  -3,0,68,a91580
14:51:25.743 R,8631,8802,9521,11324,8631,8802,9521,11324,24135,25963,21382,24589,-100,-233,  -3,0,68,b91580
14:51:25.893 R,8632,8805,9519,11327,8632,8805,9519,11327,24136,25966,21385,24594,-101,-234,  -3,0,68,c91580
14:51:25.893 R,8618,8795,9521,11305,8618,8795,9521,11305,24136,25968,21381,24591,-100,-234,  -3,0,68,d91580
14:51:25.893 R,8639,8807,9541,11347,8639,8807,9541,11347,24137,25965,21381,24594, -99,-235,  -5,0,68,391630
14:51:25.893 R,8633,8807,9522,11330,8633,8807,9522,11330,24138,25968,21388,24595, -99,-235,  -4,0,68,491630
14:51:25.893 R,8635,8808,9526,11329,8635,8808,9526,11329,24135,25970,21386,24598, -99,-235,  -4,0,68,591630
14:51:26.042 R,8634,8808,9522,11330,8634,8808,9522,11330,24136,25972,21386,24597, -99,-235,  -4,0,68,691630
14:51:26.042 R,8634,8809,9523,11332,8634,8809,9523,11332,24134,25970,21390,24596, -98,-235,  -4,0,68,791630
14:51:26.042 R,8636,8812,9526,11335,8636,8812,9526,11335,24138,25978,21392,24604, -97,-236,  -3,0,68,e91690
14:51:26.042 R,8636,8811,9527,11335,8636,8811,9527,11335,24138,25974,21391,24603, -98,-237,  -3,0,68,f91690
14:51:26.042 R,8639,8813,9525,11335,8639,8813,9525,11335,24140,25978,21395,24604, -97,-236,  -3,0,68,091690
14:51:26.193 R,8639,8813,9528,11337,8639,8813,9528,11337,24141,25974,21395,24604, -96,-236,  -3,0,68,191690
14:51:26.193 R,8638,8812,9527,11334,8638,8812,9527,11334,24143,25973,21392,24606, -99,-236,  -1,0,68,291690
14:51:26.193 R,8642,8820,9530,11345,8642,8820,9530,11345,24147,25978,21402,24617, -98,-235,  -2,0,68,a91760
14:51:26.193 R,8642,8822,9531,11348,8642,8822,9531,11348,24149,25980,21407,24617, -97,-233,  -1,0,68,b91760
14:51:26.193 R,8645,8820,9530,11347,8645,8820,9530,11347,24150,25977,21406,24620, -97,-233,  -2,0,68,c91760
14:51:26.193 R,8642,8819,9531,11346,8642,8819,9531,11346,24148,25975,21405,24622, -96,-233,  -2,0,68,d91760
14:51:26.341 R,8645,8821,9530,11348,8645,8821,9530,11348,24144,25965,21400,24611, -95,-235,  -4,0,68,e91760
14:51:26.341 R,8634,8806,9514,11329,8634,8806,9514,11329,24140,25949,21390,24606, -93,-237,  -6,0,68,591820
14:51:26.341 R,8635,8804,9509,11329,8635,8804,9509,11329,24138,25951,21389,24610, -93,-237,  -6,0,68,691820
14:51:26.341 R,8631,8805,9509,11325,8631,8805,9509,11325,24132,25941,21384,24605, -93,-238,  -6,0,68,791820
14:51:26.341 R,8630,8803,9510,11322,8630,8803,9510,11322,24130,25940,21383,24603, -93,-239,  -6,0,68,891820
14:51:26.492 R,8638,8818,9516,11344,8638,8818,9516,11344,24130,25940,21380,24606, -93,-237,  -6,0,68,991820
14:51:26.492 R,8624,8799,9498,11321,8624,8799,9498,11321,24119,25921,21371,24592, -93,-237,  -6,0,68,091880
14:51:26.492 R,8623,8798,9497,11322,8623,8798,9497,11322,24119,25921,21376,24602, -94,-237,  -6,0,68,191880
14:51:26.492 R,8625,8799,9499,11319,8625,8799,9499,11319,24120,25918,21376,24601, -93,-237,  -6,0,68,291880
14:51:26.492 R,8622,8796,9500,11324,8622,8796,9500,11324,24113,25915,21373,24596, -93,-236,  -7,0,68,391880
14:51:26.641 R,8624,8798,9498,11322,8624,8798,9498,11322,24116,25912,21372,24594, -95,-236,  -7,0,68,491880
14:51:26.641 R,8624,8799,9499,11321,8624,8799,9499,11321,24115,25910,21377,24600, -96,-237,  -6,0,68,591880
14:51:26.641 R,8623,8798,9497,11323,8623,8798,9497,11323,24111,25909,21374,24602, -95,-237,  -6,0,68,b91930
14:51:26.641 R,8621,8798,9495,11322,8621,8798,9495,11322,24113,25912,21376,24600, -94,-237,  -7,0,68,c91930
14:51:26.641 R,8625,8799,9494,11323,8625,8799,9494,11323,24107,25912,21374,24599, -95,-235,  -7,0,68,d91930
14:51:26.792 R,8624,8799,9496,11323,8624,8799,9496,11323,24112,25909,21373,24601, -96,-235,  -7,0,68,e91930
14:51:26.792 R,8622,8800,9497,11323,8622,8800,9497,11323,24113,25911,21374,24602, -95,-237,  -8,0,68,f91930
14:51:26.792 R,8624,8800,9496,11326,8624,8800,9496,11326,24113,25912,21381,24610, -95,-237,  -6,0,68,792000
14:51:26.792 R,8625,8804,9497,11327,8625,8804,9497,11327,24117,25908,21380,24608, -94,-237,  -6,0,68,892000
14:51:26.792 R,8623,8805,9499,11332,8623,8805,9499,11332,24118,25912,21380,24610, -94,-237,  -7,0,68,992000
14:51:26.792 R,8622,8804,9497,11330,8622,8804,9497,11330,24115,25912,21382,24610, -94,-238,  -6,0,68,a92000
14:51:26.942 R,8627,8803,9500,11333,8627,8803,9500,11333,24115,25915,21382,24613, -93,-237,  -7,0,68,b92000
14:51:26.942 R,8630,8807,9503,11337,8630,8807,9503,11337,24117,25913,21385,24614, -91,-238,  -6,0,68,392070
14:51:26.942 R,8630,8809,9503,11339,8630,8809,9503,11339,24123,25917,21390,24623, -92,-238,  -5,0,68,492070
14:51:26.942 R,8627,8808,9501,11340,8627,8808,9501,11340,24124,25919,21393,24621, -93,-239,  -5,0,68,592070
14:51:26.942 R,8631,8811,9504,11341,8631,8811,9504,11341,24115,25913,21383,24614, -93,-238,  -6,0,68,692070
14:51:27.092 R,8630,8811,9503,11340,8630,8811,9503,11340,24122,25920,21391,24627, -93,-238,  -6,0,68,792070
14:51:27.092 R,8633,8819,9506,11348,8633,8819,9506,11348,24129,25927,21402,24634, -93,-237,  -5,0,68,f92140
14:51:27.092 R,8635,8818,9504,11346,8635,8818,9504,11346,24131,25925,21399,24635, -94,-236,  -6,0,68,092140
14:51:27.092 R,8634,8818,9506,11350,8634,8818,9506,11350,24131,25927,21401,24633, -93,-238,  -6,0,68,192140
14:51:27.092 R,8633,8813,9504,11343,8633,8813,9504,11343,24128,25922,21396,24634, -92,-238,  -5,0,68,292140
14:51:27.242 R,8633,8812,9500,11341,8633,8812,9500,11341,24127,25920,21395,24628, -91,-238,  -5,0,68,392140
14:51:27.242 R,8625,8801,9495,11323,8625,8801,9495,11323,24117,25905,21378,24609, -92,-238,  -5,0,68,c92220
14:51:27.242 R,8624,8792,9493,11306,8624,8792,9493,11306,24117,25907,21378,24609, -93,-238,  -5,0,68,d92220
14:51:27.242 R,8625,8800,9493,11320,8625,8800,9493,11320,24114,25905,21378,24605, -93,-238,  -6,0,68,e92220
14:51:27.242 R,8624,8797,9493,11322,8624,8797,9493,11322,24115,25904,21379,24607, -92,-238,  -5,0,68,f92220
14:51:27.392 R,8621,8798,9492,11323,8621,8798,9492,11323,24113,25901,21378,24604, -92,-238,  -5,0,68,092220
14:51:27.392 R,8623,8800,9492,11320,8623,8800,9492,11320,24114,25901,21378,24604, -92,-238,  -5,0,68,192220
14:51:27.392 R,8624,8799,9491,11321,8624,8799,9491,11321,24113,25900,21374,24601, -92,-238,  -5,0,68,292220
14:51:27.392 R,8621,8801,9491,11321,8621,8801,9491,11321,24112,25903,21376,24603, -93,-238,  -5,0,68,392220
14:51:27.392 R,8622,8800,9491,11323,8622,8800,9491,11323,24113,25902,21379,24601, -91,-237,  -5,0,68,492220
14:51:27.541 R,8621,8800,9491,11323,8621,8800,9491,11323,24116,25903,21379,24605, -91,-236,  -6,0,68,592220
14:51:27.541 R,8624,8798,9492,11321,8624,8798,9492,11321,24112,25897,21378,24601, -92,-236,  -6,0,68,692220
14:51:27.541 R,8623,8801,9488,11325,8623,8801,9488,11325,24103,25889,21375,24604, -93,-238,  -7,0,68,392340
14:51:27.541 R,8623,8801,9490,11328,8623,8801,9490,11328,24112,25901,21379,24610, -93,-238,  -6,0,68,492340
14:51:27.541 R,8620,8802,9490,11327,8620,8802,9490,11327,24109,25898,21380,24609, -94,-238,  -6,0,68,592340
14:51:27.541 R,8618,8804,9481,11326,8618,8804,9481,11326,24107,25894,21378,24599, -95,-237,  -5,0,68,692340
14:51:27.692 R,8623,8805,9491,11326,8623,8805,9491,11326,24110,25901,21384,24613, -95,-236,  -5,0,68,792340
14:51:27.692 R,8621,8806,9494,11329,8621,8806,9494,11329,24113,25900,21388,24617, -99,-233,  -1,0,68,e92400
14:51:27.692 R,8623,8808,9493,11330,8623,8808,9493,11330,24112,25900,21390,24617,-100,-232,   0,0,68,f92400
14:51:27.692 R,8623,8810,9493,11334,8623,8810,9493,11334,24111,25908,21386,24619,-102,-231,   1,0,68,092400
14:51:27.692 R,8623,8810,9495,11338,8623,8810,9495,11338,24113,25906,21393,24619,-100,-232,   1,0,68,192400
14:51:27.842 R,8624,8808,9497,11334,8624,8808,9497,11334,24111,25908,21395,24621, -97,-232,   2,0,68,292400
14:51:27.842 R,8627,8812,9498,11348,8627,8812,9498,11348,24113,25906,21398,24636, -96,-240, -12,0,68,992460
14:51:27.842 R,8628,8814,9494,11342,8628,8814,9494,11342,24114,25910,21401,24635, -94,-237, -16,0,68,a92460
14:51:27.842 R,8628,8815,9497,11347,8628,8815,9497,11347,24106,25903,21393,24632, -92,-235, -21,0,68,b92460
14:51:27.842 R,8630,8815,9496,11345,8630,8815,9496,11345,24115,25906,21397,24635, -91,-234, -23,0,68,c92460
14:51:27.992 R,8627,8816,9496,11348,8627,8816,9496,11348,24115,25907,21397,24638, -91,-235, -26,0,68,d92460
14:51:27.992 R,8625,8810,9489,11341,8625,8810,9489,11341,24112,25897,21396,24635, -96,-237, -24,0,68,492520
14:51:27.992 R,8623,8808,9491,11336,8623,8808,9491,11336,24106,25894,21391,24632, -97,-235, -23,0,68,592520
14:51:27.992 R,8623,8807,9490,11336,8623,8807,9490,11336,24108,25894,21394,24624, -99,-233, -23,0,68,692520
14:51:27.992 R,8618,8807,9487,11335,8618,8807,9487,11335,24106,25894,21389,24623, -98,-232, -22,0,68,792520
14:51:28.143 R,8620,8807,9487,11331,8620,8807,9487,11331,24105,25891,21392,24622, -98,-231, -23,0,68,892520
14:51:28.143 R,8618,8806,9486,11332,8618,8806,9486,11332,24103,25892,21390,24625, -96,-233, -24,0,68,992520
14:51:28.143 R,8613,8801,9480,11327,8613,8801,9480,11327,24093,25883,21381,24619, -94,-239, -32,0,68,092580
14:51:28.143 R,8623,8810,9479,11333,8623,8810,9479,11333,24093,25879,21380,24621, -94,-240, -32,0,68,192580
14:51:28.143 R,8613,8799,9480,11330,8613,8799,9480,11330,24092,25874,21383,24621, -95,-240, -31,0,68,292580
14:51:28.620 R,8612,8798,9477,11328,8612,8798,9477,11328,24087,25880,21383,24620, -99,-241, -30,0,68,392580
14:51:28.620 R,8610,8801,9480,11328,8610,8801,9480,11328,24088,25875,21385,24623, -98,-239, -28,0,68,492580
14:51:28.620 R,8612,8803,9481,11333,8612,8803,9481,11333,24082,25866,21380,24615, -94,-232, -20,0,68,b92640
14:51:28.620 R,8611,8802,9479,11330,8611,8802,9479,11330,24087,25874,21382,24622, -92,-232, -22,0,68,c92640
14:51:28.620 R,8610,8800,9479,11330,8610,8800,9479,11330,24089,25874,21381,24624, -91,-232, -22,0,68,d92640
14:51:28.620 R,8612,8799,9479,11329,8612,8799,9479,11329,24088,25873,21381,24621, -90,-232, -22,0,68,e92640
14:51:28.623 R,8613,8800,9477,11332,8613,8800,9477,11332,24092,25872,21380,24618, -91,-233, -21,0,68,f92640
14:51:28.623 R,8611,8804,9475,11338,8611,8804,9475,11338,24081,25867,21384,24636, -92,-239, -19,0,68,692700
14:51:28.623 R,8611,8803,9476,11339,8611,8803,9476,11339,24088,25868,21390,24638, -92,-239, -20,0,68,792700
14:51:28.623 R,8612,8805,9477,11341,8612,8805,9477,11341,24086,25865,21389,24638, -90,-240, -21,0,68,892700
14:51:28.623 R,8602,8800,9463,11329,8602,8800,9463,11329,24080,25859,21388,24634, -89,-241, -21,0,68,992700
14:51:28.738 R,8610,8806,9473,11342,8610,8806,9473,11342,24089,25864,21388,24640, -90,-240, -20,0,68,a92700
14:51:28.738 R,8613,8812,9477,11350,8613,8812,9477,11350,24085,25865,21397,24651, -90,-237, -15,0,68,192760
14:51:28.738 R,8613,8810,9477,11349,8613,8810,9477,11349,24090,25869,21397,24653, -89,-237, -14,0,68,292760
14:51:28.738 R,8616,8810,9479,11352,8616,8810,9479,11352,24086,25867,21397,24652, -88,-238, -14,0,68,392760
14:51:28.738 R,8615,8812,9480,11354,8615,8812,9480,11354,24092,25868,21400,24656, -88,-238, -13,0,68,492760
14:51:28.742 R,8616,8814,9480,11353,8616,8814,9480,11353,24089,25873,21402,24656, -85,-237, -13,0,68,592760
14:51:28.742 R,8618,8814,9483,11352,8618,8814,9483,11352,24094,25874,21401,24658, -85,-237, -12,0,68,692760
14:51:28.742 R,8620,8818,9488,11363,8620,8818,9488,11363,24098,25883,21409,24667, -86,-240,  -9,0,68,d92820
14:51:28.742 R,8621,8818,9486,11365,8621,8818,9486,11365,24102,25883,21411,24666, -85,-240,  -9,0,68,e92820
14:51:28.742 R,8623,8819,9488,11361,8623,8819,9488,11361,24103,25883,21412,24672, -85,-239, -11,0,68,f92820
14:51:28.892 R,8624,8818,9485,11361,8624,8818,9485,11361,24103,25882,21411,24668, -84,-239, -11,0,68,092820
14:51:28.892 R,8622,8817,9479,11359,8622,8817,9479,11359,24102,25883,21409,24668, -85,-239, -11,0,68,192820
14:51:28.892 R,8615,8805,9476,11341,8615,8805,9476,11341,24093,25871,21392,24647, -85,-239, -11,0,68,892880
14:51:28.892 R,8616,8804,9478,11340,8616,8804,9478,11340,24093,25869,21390,24645, -85,-240, -11,0,68,992880
14:51:28.892 R,8614,8804,9477,11340,8614,8804,9477,11340,24089,25864,21387,24642, -86,-240, -11,0,68,a92880
14:51:29.217 R,8615,8803,9476,11338,8615,8803,9476,11338,24090,25866,21391,24643, -87,-241, -11,0,68,b92880
14:51:29.217 R,8613,8804,9477,11339,8613,8804,9477,11339,24088,25867,21388,24643, -86,-240, -11,0,68,c92880
14:51:29.217 R,8613,8804,9472,11334,8613,8804,9472,11334,24083,25860,21387,24635, -84,-241, -10,0,68,392940
14:51:29.217 R,8610,8815,9482,11359,8610,8815,9482,11359,24084,25863,21389,24640, -83,-239, -10,0,68,492940
14:51:29.217 R,8612,8803,9472,11335,8612,8803,9472,11335,24083,25863,21387,24634, -83,-238, -10,0,68,592940
14:51:29.217 R,8611,8804,9471,11337,8611,8804,9471,11337,24082,25864,21388,24637, -83,-240, -11,0,68,692940
14:51:29.217 R,8608,8803,9470,11334,8608,8803,9470,11334,24083,25863,21388,24638, -84,-242, -11,0,68,792940
14:51:29.220 R,8611,8802,9471,11334,8611,8802,9471,11334,24087,25860,21385,24638, -74,-243, -14,0,68,f93010
14:51:29.220 R,8614,8801,9471,11333,8614,8801,9471,11333,24090,25854,21383,24634, -74,-244, -14,0,68,093010
14:51:29.220 R,8611,8799,9471,11335,8611,8799,9471,11335,24090,25859,21383,24635, -77,-244, -13,0,68,193010
14:51:29.220 R,8612,8799,9471,11334,8612,8799,9471,11334,24091,25853,21384,24633, -77,-243, -13,0,68,293010
14:51:29.341 R,8612,8802,9472,11336,8612,8802,9472,11336,24088,25857,21381,24635, -80,-243, -12,0,68,393010
14:51:29.341 R,8613,8803,9470,11337,8613,8803,9470,11337,24089,25852,21388,24638, -89,-239, -11,0,68,b93080
14:51:29.341 R,8613,8805,9470,11338,8613,8805,9470,11338,24090,25855,21390,24637, -88,-238, -12,0,68,c93080
14:51:29.341 R,8611,8803,9468,11337,8611,8803,9468,11337,24092,25848,21393,24646, -86,-239, -13,0,68,d93080
14:51:29.341 R,8614,8801,9469,11340,8614,8801,9469,11340,24094,25850,21389,24640, -83,-238, -13,0,68,e93080
14:51:29.492 R,8614,8803,9469,11339,8614,8803,9469,11339,24096,25849,21389,24641, -81,-239, -15,0,68,f93080
14:51:29.492 R,8613,8801,9467,11342,8613,8801,9467,11342,24096,25850,21393,24641, -76,-240, -14,0,68,093080
14:51:29.492 R,8626,8817,9480,11366,8626,8817,9480,11366,24097,25845,21395,24648, -78,-243, -17,0,68,793140
14:51:29.492 R,8617,8808,9470,11345,8617,8808,9470,11345,24104,25847,21394,24644, -78,-243, -17,0,68,893140
14:51:29.492 R,8620,8807,9469,11349,8620,8807,9469,11349,24101,25843,21393,24650, -79,-242, -17,0,68,993140
14:51:29.644 R,8620,8810,9470,11347,8620,8810,9470,11347,24100,25843,21398,24651, -80,-241, -17,0,68,a93140
14:51:29.644 R,8623,8810,9470,11349,8623,8810,9470,11349,24100,25842,21398,24648, -80,-241, -17,0,68,b93140
14:51:29.644 R,8620,8805,9466,11340,8620,8805,9466,11340,24104,25838,21391,24644, -81,-242, -17,0,68,393210
14:51:29.644 R,8617,8804,9465,11336,8617,8804,9465,11336,24102,25838,21386,24641, -82,-243, -16,0,68,493210
14:51:29.644 R,8618,8799,9465,11334,8618,8799,9465,11334,24099,25832,21385,24634, -83,-242, -16,0,68,593210
14:51:29.791 R,8616,8802,9461,11329,8616,8802,9461,11329,24098,25829,21382,24630, -82,-240, -16,0,68,693210
14:51:29.791 R,8613,8796,9461,11329,8613,8796,9461,11329,24096,25828,21383,24630, -79,-240, -17,0,68,793210
14:51:29.791 R,8608,8791,9454,11321,8608,8791,9454,11321,24088,25813,21374,24616, -76,-242, -17,0,68,f93280
14:51:29.791 R,8607,8791,9453,11321,8607,8791,9453,11321,24085,25811,21372,24617, -76,-243, -17,0,68,093280
14:51:29.791 R,8608,8786,9451,11299,8608,8786,9451,11299,24084,25810,21371,24617, -74,-244, -17,0,68,193280
14:51:29.791 R,8607,8794,9451,11321,8607,8794,9451,11321,24085,25807,21372,24616, -76,-244, -16,0,68,293280
14:51:29.941 R,8606,8792,9451,11319,8606,8792,9451,11319,24081,25807,21373,24619, -77,-244, -16,0,68,393280
14:51:29.941 R,8608,8792,9448,11322,8608,8792,9448,11322,24083,25802,21370,24621, -72,-244, -17,0,68,a93340
14:51:29.941 R,8605,8789,9450,11322,8605,8789,9450,11322,24081,25799,21372,24620, -71,-244, -17,0,68,b93340
14:51:29.941 R,8608,8787,9450,11322,8608,8787,9450,11322,24081,25804,21371,24619, -70,-244, -18,0,70,c93340
14:51:29.941 R,8611,8800,9440,11323,8611,8800,9440,11323,24081,25802,21372,24621, -71,-244, -17,0,70,d93340
14:51:30.092 R,8609,8792,9450,11322,8609,8792,9450,11322,24081,25803,21374,24620, -69,-244, -17,0,70,e93340
14:51:30.092 R,8610,8788,9447,11322,8610,8788,9447,11322,24084,25798,21366,24619, -68,-244, -16,0,70,593400
14:51:30.092 R,8610,8790,9449,11322,8610,8790,9449,11322,24086,25798,21366,24620, -67,-244, -16,0,70,693400
14:51:30.092 R,8611,8790,9449,11322,8611,8790,9449,11322,24089,25800,21369,24619, -67,-244, -17,0,70,793400
14:51:30.092 R,8611,8793,9451,11325,8611,8793,9451,11325,24087,25800,21365,24619, -67,-245, -17,0,70,893400
14:51:30.241 R,8613,8791,9450,11325,8613,8791,9450,11325,24086,25803,21364,24620, -66,-246, -17,0,70,993400
14:51:30.241 R,8612,8793,9450,11323,8612,8793,9450,11323,24089,25804,21368,24624, -65,-246, -16,0,70,a93400
14:51:30.241 R,8614,8796,9451,11330,8614,8796,9451,11330,24094,25807,21368,24623, -63,-245, -17,0,70,093450
14:51:30.241 R,8615,8795,9457,11330,8615,8795,9457,11330,24090,25803,21371,24624, -63,-246, -16,0,70,193450
14:51:30.241 R,8614,8795,9452,11331,8614,8795,9452,11331,24098,25807,21372,24627, -62,-246, -16,0,70,293450
14:51:30.391 R,8618,8796,9454,11330,8618,8796,9454,11330,24097,25806,21374,24631, -63,-245, -16,0,70,393450
14:51:30.391 R,8617,8795,9453,11328,8617,8795,9453,11328,24096,25808,21374,24627, -63,-246, -16,0,70,493450
14:51:30.391 R,8621,8800,9457,11336,8621,8800,9457,11336,24105,25814,21379,24637, -61,-246, -15,0,70,c93520
14:51:30.391 R,8622,8802,9459,11337,8622,8802,9459,11337,24108,25817,21378,24640, -61,-247, -16,0,70,d93520
14:51:30.391 R,8622,8803,9459,11339,8622,8803,9459,11339,24107,25816,21380,24641, -61,-249, -16,0,70,e93520
14:51:30.391 R,8623,8802,9460,11342,8623,8802,9460,11342,24106,25811,21380,24643, -59,-248, -17,0,70,f93520
14:51:30.541 R,8623,8800,9459,11342,8623,8800,9459,11342,24109,25818,21379,24638, -58,-247, -16,0,70,093520
14:51:30.541 R,8620,8787,9453,11318,8620,8787,9453,11318,24104,25803,21363,24619, -58,-245, -17,0,70,793580
14:51:30.541 R,8618,8790,9451,11320,8618,8790,9451,11320,24099,25803,21360,24618, -58,-245, -17,0,70,893580
14:51:30.541 R,8614,8787,9449,11319,8614,8787,9449,11319,24100,25800,21358,24614, -59,-247, -17,0,70,993580
14:51:30.541 R,8608,8786,9436,11317,8608,8786,9436,11317,24105,25795,21363,24615, -59,-248, -17,0,70,a93580
14:51:30.692 R,8616,8788,9450,11315,8616,8788,9450,11315,24101,25802,21357,24613, -59,-247, -18,0,70,b93580
14:51:30.692 R,8610,8785,9449,11315,8610,8785,9449,11315,24092,25799,21358,24608, -58,-248, -17,0,70,293640
14:51:30.692 R,8614,8780,9449,11305,8614,8780,9449,11305,24095,25793,21356,24607, -58,-247, -17,0,70,393640
14:51:30.692 R,8615,8785,9451,11317,8615,8785,9451,11317,24093,25799,21358,24612, -56,-247, -18,0,70,493640
14:51:30.692 R,8614,8782,9450,11314,8614,8782,9450,11314,24096,25799,21355,24609, -58,-247, -17,0,70,593640
14:51:30.842 R,8613,8788,9449,11330,8613,8788,9449,11330,24094,25798,21358,24616, -57,-247, -18,0,70,693640
14:51:30.842 R,8613,8786,9450,11315,8613,8786,9450,11315,24095,25797,21358,24614, -56,-248, -17,0,70,d93700
14:51:30.842 R,8615,8787,9451,11316,8615,8787,9451,11316,24091,25795,21355,24601, -57,-247, -17,0,70,e93700
14:51:30.842 R,8611,8785,9449,11316,8611,8785,9449,11316,24095,25799,21358,24613, -58,-246, -17,0,70,f93700
14:51:30.842 R,8614,8786,9449,11317,8614,8786,9449,11317,24095,25801,21359,24613, -57,-247, -17,0,70,093700
14:51:30.993 R,8613,8786,9451,11318,8613,8786,9451,11318,24097,25808,21357,24619, -57,-248, -17,0,70,193700
14:51:30.993 R,8613,8786,9450,11317,8613,8786,9450,11317,24092,25800,21362,24613, -57,-247, -16,0,70,293700
14:51:30.993 R,8617,8792,9452,11322,8617,8792,9452,11322,24094,25801,21363,24617, -59,-246, -16,0,70,993760
14:51:30.993 R,8623,8794,9446,11329,8623,8794,9446,11329,24098,25810,21364,24626, -59,-247, -15,0,70,a93760
14:51:30.993 R,8618,8790,9450,11323,8618,8790,9450,11323,24097,25804,21364,24621, -59,-247, -15,0,70,b93760
14:51:31.142 R,8616,8792,9453,11326,8616,8792,9453,11326,24096,25804,21366,24622, -59,-247, -16,0,70,c93760
14:51:31.142 R,8617,8792,9455,11325,8617,8792,9455,11325,24100,25807,21365,24627, -57,-248, -16,0,70,d93760
14:51:31.142 R,8619,8797,9458,11333,8619,8797,9458,11333,24107,25810,21372,24631, -56,-247, -16,0,70,493820
14:51:31.142 R,8621,8798,9459,11335,8621,8798,9459,11335,24107,25812,21372,24636, -56,-248, -16,0,70,593820
14:51:31.142 R,8622,8799,9460,11334,8622,8799,9460,11334,24108,25816,21378,24639, -57,-247, -16,0,70,693820
14:51:31.142 R,8623,8798,9459,11336,8623,8798,9459,11336,24106,25811,21377,24635, -57,-247, -16,0,70,793820
14:51:31.292 R,8623,8799,9458,11336,8623,8799,9458,11336,24108,25818,21377,24635, -57,-246, -16,0,70,893820
14:51:31.292 R,8623,8795,9459,11332,8623,8795,9459,11332,24109,25814,21372,24633, -56,-249, -17,0,70,f93880
14:51:31.292 R,8621,8802,9463,11341,8621,8802,9463,11341,24106,25810,21371,24640, -56,-249, -17,0,70,093880
14:51:31.292 R,8620,8795,9453,11326,8620,8795,9453,11326,24104,25810,21365,24627, -56,-249, -18,0,70,193880
14:51:31.292 R,8620,8790,9452,11323,8620,8790,9452,11323,24105,25807,21362,24623, -55,-248, -17,0,70,293880
14:51:31.441 R,8616,8788,9452,11321,8616,8788,9452,11321,24107,25804,21360,24616, -55,-247, -17,0,70,393880
14:51:31.441 R,8613,8784,9447,11311,8613,8784,9447,11311,24095,25797,21357,24606, -56,-248, -17,0,70,b93950
14:51:31.441 R,8614,8782,9448,11311,8614,8782,9448,11311,24091,25794,21354,24602, -56,-248, -17,0,70,c93950
14:51:31.441 R,8613,8782,9447,11311,8613,8782,9447,11311,24090,25793,21354,24606, -56,-249, -16,0,70,d93950
14:51:31.441 R,8609,8778,9448,11310,8609,8778,9448,11310,24093,25795,21354,24607, -57,-248, -17,0,70,e93950
14:51:31.766 R,8609,8781,9446,11309,8609,8781,9446,11309,24091,25789,21351,24604, -56,-247, -16,0,70,f93950
14:51:31.766 R,8618,8780,9450,11316,8618,8780,9450,11316,24090,25798,21353,24608, -56,-245, -16,0,70,894030
14:51:31.766 R,8611,8783,9446,11310,8611,8783,9446,11310,24088,25793,21353,24607, -55,-246, -16,0,70,994030
14:51:31.766 R,8608,8782,9448,11309,8608,8782,9448,11309,24086,25794,21349,24605, -56,-248, -15,0,70,a94030
14:51:31.766 R,8612,8784,9446,11313,8612,8784,9446,11313,24091,25793,21354,24604, -56,-248, -15,0,70,b94030
14:51:31.892 R,8609,8785,9445,11311,8609,8785,9445,11311,24091,25793,21353,24605, -56,-247, -16,0,70,c94030
14:51:31.892 R,8610,8781,9447,11312,8610,8781,9447,11312,24088,25793,21353,24607, -54,-247, -16,0,70,d94030
14:51:31.892 R,8613,8783,9448,11316,8613,8783,9448,11316,24090,25796,21357,24612, -54,-248, -16,0,70,394080
14:51:31.892 R,8613,8785,9450,11316,8613,8785,9450,11316,24092,25794,21360,24611, -54,-248, -15,0,70,494080
14:51:31.892 R,8613,8788,9449,11316,8613,8788,9449,11316,24091,25799,21360,24615, -55,-248, -16,0,70,594080
14:51:32.042 R,8614,8784,9451,11314,8614,8784,9451,11314,24087,25793,21360,24612, -55,-248, -17,0,70,694080
14:51:32.042 R,8613,8788,9451,11319,8613,8788,9451,11319,24091,25800,21359,24616, -56,-248, -15,0,70,794080
14:51:32.042 R,8617,8792,9454,11323,8617,8792,9454,11323,24096,25805,21365,24623, -55,-248, -17,0,70,e94140
14:51:32.042 R,8612,8784,9433,11302,8612,8784,9433,11302,24099,25806,21370,24625, -55,-247, -16,0,70,f94140
14:51:32.042 R,8610,8792,9441,11326,8610,8792,9441,11326,24100,25811,21371,24627, -55,-248, -17,0,70,094140
14:51:32.042 R,8618,8794,9456,11329,8618,8794,9456,11329,24097,25804,21369,24625, -55,-248, -17,0,70,194140
14:51:32.192 R,8618,8794,9456,11330,8618,8794,9456,11330,24102,25807,21367,24628, -56,-248, -16,0,70,294140
14:51:32.192 R,8626,8799,9457,11336,8626,8799,9457,11336,24106,25813,21376,24633, -56,-247, -16,0,70,994200
14:51:32.192 R,8622,8798,9459,11335,8622,8798,9459,11335,24104,25818,21374,24637, -56,-247, -16,0,70,a94200
14:51:32.192 R,8622,8800,9460,11336,8622,8800,9460,11336,24105,25814,21377,24637, -55,-247, -16,0,70,b94200
14:51:32.192 R,8627,8798,9480,11331,8627,8798,9480,11331,24109,25818,21375,24634, -56,-247, -15,0,70,c94200
14:51:32.342 R,8625,8803,9463,11340,8625,8803,9463,11340,24110,25815,21379,24642, -55,-248, -16,0,70,d94200
14:51:32.342 R,8623,8793,9455,11323,8623,8793,9455,11323,24106,25808,21366,24628, -54,-248, -15,0,70,494260
14:51:32.342 R,8623,8793,9462,11333,8623,8793,9462,11333,24108,25807,21364,24620, -53,-247, -15,0,70,594260
14:51:32.342 R,8621,8787,9452,11318,8621,8787,9452,11318,24104,25805,21361,24616, -53,-246, -16,0,70,694260
14:51:32.342 R,8618,8788,9452,11316,8618,8788,9452,11316,24105,25801,21361,24615, -54,-246, -16,0,70,794260
14:51:32.492 R,8618,8784,9453,11312,8618,8784,9453,11312,24104,25800,21359,24609, -54,-247, -16,0,70,894260
14:51:32.492 R,8614,8785,9451,11316,8614,8785,9451,11316,24097,25796,21359,24610, -53,-246, -16,0,70,994260
14:51:32.492 R,8614,8781,9446,11307,8614,8781,9446,11307,24093,25794,21351,24608, -55,-249, -17,0,70,094320
14:51:32.492 R,8613,8781,9446,11309,8613,8781,9446,11309,24093,25792,21353,24605, -54,-249, -17,0,70,194320
14:51:32.492 R,8614,8782,9446,11308,8614,8782,9446,11308,24087,25780,21347,24596, -55,-248, -17,0,70,294320
14:51:32.642 R,8611,8783,9445,11311,8611,8783,9445,11311,24088,25791,21353,24604, -55,-248, -18,0,70,394320
14:51:32.642 R,8613,8781,9445,11310,8613,8781,9445,11310,24088,25790,21351,24606, -54,-248, -19,0,70,494320
14:51:32.642 R,8613,8785,9447,11311,8613,8785,9447,11311,24091,25788,21349,24604, -53,-247, -18,0,70,b94380
14:51:32.642 R,8609,8781,9445,11310,8609,8781,9445,11310,24091,25789,21354,24606, -53,-247, -18,0,70,c94380
14:51:32.642 R,8609,8780,9444,11309,8609,8780,9444,11309,24089,25789,21351,24606, -54,-247, -17,0,70,d94380
14:51:32.791 R,8611,8782,9446,11310,8611,8782,9446,11310,24086,25784,21352,24605, -53,-247, -19,0,70,e94380
14:51:32.791 R,8611,8783,9446,11310,8611,8783,9446,11310,24088,25786,21353,24608, -53,-248, -19,0,70,f94380
14:51:32.791 R,8613,8785,9445,11316,8613,8785,9445,11316,24090,25785,21357,24608, -53,-247, -18,0,70,694440
14:51:32.791 R,8614,8786,9449,11315,8614,8786,9449,11315,24093,25788,21357,24608, -54,-247, -18,0,70,794440
14:51:32.791 R,8612,8785,9447,11314,8612,8785,9447,11314,24091,25787,21355,24606, -55,-248, -18,0,70,894440
14:51:32.791 R,8613,8788,9448,11316,8613,8788,9448,11316,24088,25787,21356,24613, -55,-248, -19,0,70,994440
14:51:32.942 R,8613,8786,9446,11317,8613,8786,9446,11317,24090,25789,21361,24611, -55,-249, -18,0,70,a94440
14:51:32.942 R,8618,8792,9448,11321,8618,8792,9448,11321,24096,25791,21363,24620, -55,-247, -18,0,70,294510
14:51:32.942 R,8618,8792,9449,11319,8618,8792,9449,11319,24100,25785,21363,24614, -53,-249, -18,0,70,394510
14:51:32.942 R,8619,8790,9448,11321,8619,8790,9448,11321,24101,25788,21366,24615, -53,-248, -18,0,70,494510
14:51:32.942 R,8617,8791,9449,11319,8617,8791,9449,11319,24104,25790,21364,24617, -53,-248, -18,0,70,594510
14:51:33.272 R,8620,8793,9450,11325,8620,8793,9450,11325,24103,25785,21367,24619, -53,-248, -18,0,70,694510
14:51:33.272 R,8623,8797,9456,11334,8623,8797,9456,11334,24107,25796,21372,24633, -52,-248, -17,0,70,d94570
14:51:33.272 R,8621,8798,9453,11332,8621,8798,9453,11332,24107,25796,21376,24633, -53,-248, -17,0,70,e94570
14:51:33.272 R,8623,8799,9457,11335,8623,8799,9457,11335,24103,25798,21370,24622, -52,-250, -17,0,70,f94570
14:51:33.272 R,8624,8800,9459,11335,8624,8800,9459,11335,24109,25798,21377,24635, -52,-249, -17,0,70,094570
14:51:33.272 R,8623,8799,9456,11337,8623,8799,9456,11337,24109,25799,21377,24638, -52,-248, -17,0,70,194570
14:51:33.275 R,8623,8800,9456,11337,8623,8800,9456,11337,24110,25802,21380,24637, -52,-248, -17,0,70,294570
14:51:33.275 R,8627,8803,9465,11358,8627,8803,9465,11358,24113,25802,21379,24641, -52,-249, -16,0,70,894620
14:51:33.275 R,8624,8798,9454,11333,8624,8798,9454,11333,24108,25798,21378,24635, -53,-249, -16,0,70,994620
14:51:33.275 R,8622,8796,9452,11328,8622,8796,9452,11328,24106,25799,21372,24634, -52,-248, -17,0,70,a94620
14:51:33.391 R,8620,8791,9449,11326,8620,8791,9449,11326,24105,25794,21371,24625, -50,-248, -17,0,70,b94620
14:51:33.391 R,8626,8791,9469,11325,8626,8791,9469,11325,24100,25788,21369,24625, -52,-247, -17,0,70,c94620
14:51:33.391 R,8617,8785,9446,11315,8617,8785,9446,11315,24098,25783,21357,24614, -53,-248, -17,0,71,394680
14:51:33.391 R,8617,8783,9444,11315,8617,8783,9444,11315,24099,25783,21351,24613, -52,-249, -17,0,71,494680
14:51:33.391 R,8618,8783,9445,11311,8618,8783,9445,11311,24105,25777,21353,24608, -54,-251, -17,0,71,594680
14:51:33.542 R,8619,8782,9443,11311,8619,8782,9443,11311,24100,25776,21350,24603, -51,-249, -17,0,71,694680
14:51:33.542 R,8619,8780,9445,11309,8619,8780,9445,11309,24101,25779,21348,24606, -52,-248, -16,0,71,794680
14:51:33.542 R,8619,8788,9447,11318,8619,8788,9447,11318,24102,25785,21355,24614, -50,-250, -16,0,71,f94750
14:51:33.542 R,8618,8783,9449,11318,8618,8783,9449,11318,24102,25784,21355,24610, -50,-249, -16,0,71,094750
14:51:33.542 R,8616,8787,9445,11315,8616,8787,9445,11315,24094,25784,21355,24612, -50,-248, -16,0,71,194750
14:51:33.542 R,8618,8784,9447,11315,8618,8784,9447,11315,24098,25786,21352,24613, -49,-248, -16,0,71,294750
14:51:33.692 R,8617,8785,9445,11315,8617,8785,9445,11315,24094,25784,21354,24613, -49,-249, -16,0,71,394750
14:51:33.692 R,8620,8787,9447,11322,8620,8787,9447,11322,24096,25783,21357,24621, -49,-250, -18,0,71,b94820
14:51:33.692 R,8619,8779,9448,11300,8619,8779,9448,11300,24097,25791,21353,24620, -48,-250, -17,0,71,c94820
14:51:33.692 R,8617,8785,9452,11321,8617,8785,9452,11321,24101,25792,21352,24621, -50,-250, -18,0,71,d94820
14:51:33.692 R,8617,8787,9448,11325,8617,8787,9448,11325,24101,25792,21356,24626, -50,-249, -18,0,71,e94820
14:51:34.019 R,8619,8784,9451,11323,8619,8784,9451,11323,24100,25794,21354,24624, -50,-249, -19,0,71,f94820
14:51:34.019 R,8624,8790,9455,11329,8624,8790,9455,11329,24104,25802,21359,24629, -51,-249, -18,0,71,694880
14:51:34.019 R,8623,8793,9456,11334,8623,8793,9456,11334,24104,25802,21359,24630, -50,-249, -19,0,71,794880
14:51:34.019 R,8623,8790,9456,11330,8623,8790,9456,11330,24104,25802,21357,24631, -50,-249, -18,0,71,894880
14:51:34.019 R,8622,8790,9456,11333,8622,8790,9456,11333,24105,25800,21356,24632, -50,-250, -18,0,71,994880
14:51:34.022 R,8623,8790,9456,11333,8623,8790,9456,11333,24102,25809,21361,24633, -50,-248, -17,0,71,a94880
14:51:34.022 R,8622,8794,9457,11333,8622,8794,9457,11333,24105,25806,21361,24635, -50,-250, -18,0,71,b94880
14:51:34.022 R,8627,8795,9459,11340,8627,8795,9459,11340,24112,25813,21365,24639, -48,-248, -17,0,71,194930
14:51:34.022 R,8628,8796,9461,11339,8628,8796,9461,11339,24107,25812,21365,24637, -47,-247, -18,0,71,294930
14:51:34.022 R,8630,8798,9462,11342,8630,8798,9462,11342,24109,25816,21367,24641, -46,-247, -17,0,71,394930
14:51:34.144 R,8630,8798,9462,11342,8630,8798,9462,11342,24117,25818,21366,24643, -46,-250, -17,0,71,494930
14:51:34.144 R,8627,8799,9464,11342,8627,8799,9464,11342,24113,25814,21367,24642, -46,-253, -17,0,71,594930
14:51:34.144 R,8625,8784,9456,11321,8625,8784,9456,11321,24105,25797,21347,24612, -50,-248, -15,0,71,d95000
14:51:34.144 R,8624,8783,9453,11318,8624,8783,9453,11318,24111,25802,21346,24612, -50,-247, -16,0,71,e95000
14:51:34.144 R,8623,8781,9454,11317,8623,8781,9454,11317,24105,25804,21348,24615, -52,-248, -15,0,71,f95000
14:51:34.144 R,8623,8782,9454,11318,8623,8782,9454,11318,24105,25798,21345,24614, -51,-249, -15,0,71,095000
14:51:34.291 R,8622,8782,9450,11314,8622,8782,9450,11314,24105,25801,21344,24609, -53,-248, -14,0,71,195000
14:51:34.291 R,8617,8779,9449,11312,8617,8779,9449,11312,24099,25793,21339,24601, -53,-248, -16,0,71,895060
14:51:34.291 R,8619,8780,9451,11311,8619,8780,9451,11311,24100,25795,21338,24602, -53,-250, -16,0,71,995060
14:51:34.291 R,8617,8781,9452,11312,8617,8781,9452,11312,24094,25794,21342,24604, -52,-248, -15,0,71,a95060
14:51:34.291 R,8619,8782,9451,11312,8619,8782,9451,11312,24099,25795,21340,24604, -52,-247, -16,0,71,b95060
14:51:34.443 R,8617,8781,9449,11313,8617,8781,9449,11313,24101,25796,21339,24606, -51,-248, -17,0,71,c95060
14:51:34.443 R,8616,8784,9448,11312,8616,8784,9448,11312,24095,25789,21343,24604, -51,-248, -16,0,71,395120
14:51:34.443 R,8618,8780,9449,11315,8618,8780,9449,11315,24091,25788,21345,24604, -53,-247, -16,0,71,495120
14:51:34.443 R,8614,8780,9451,11311,8614,8780,9451,11311,24096,25795,21342,24607, -52,-248, -16,0,71,595120
14:51:34.443 R,8616,8780,9448,11316,8616,8780,9448,11316,24091,25794,21340,24603, -51,-249, -17,0,71,695120
14:51:34.768 R,8613,8781,9449,11316,8613,8781,9449,11316,24093,25792,21347,24607, -52,-249, -17,0,71,795120
14:51:34.768 R,8617,8779,9443,11310,8617,8779,9443,11310,24094,25791,21348,24612, -49,-249, -16,0,71,f95190
14:51:34.768 R,8617,8785,9448,11325,8617,8785,9448,11325,24095,25793,21348,24612, -50,-250, -16,0,71,095190
14:51:34.768 R,8618,8786,9453,11320,8618,8786,9453,11320,24096,25795,21346,24614, -50,-249, -15,0,71,195190
14:51:34.768 R,8610,8787,9448,11324,8610,8787,9448,11324,24093,25791,21347,24609, -50,-248, -16,0,71,295190
14:51:34.892 R,8617,8785,9452,11322,8617,8785,9452,11322,24092,25793,21350,24618, -48,-248, -15,0,71,395190
14:51:34.892 R,8618,8786,9451,11327,8618,8786,9451,11327,24097,25799,21350,24618, -49,-249, -16,0,71,495190
14:51:34.892 R,8623,8793,9455,11329,8623,8793,9455,11329,24099,25804,21354,24624, -49,-249, -15,0,71,a95240
14:51:34.892 R,8623,8788,9456,11330,8623,8788,9456,11330,24101,25802,21351,24623, -49,-249, -15,0,71,b95240
14:51:34.892 R,8625,8792,9456,11333,8625,8792,9456,11333,24102,25804,21355,24628, -49,-249, -16,0,71,c95240
14:51:35.043 R,8623,8792,9456,11332,8623,8792,9456,11332,24103,25799,21357,24624, -48,-249, -15,0,71,d95240
14:51:35.043 R,8623,8792,9461,11333,8623,8792,9461,11333,24102,25806,21357,24626, -49,-250, -15,0,71,e95240
14:51:35.043 R,8630,8789,9465,11333,8630,8789,9465,11333,24115,25824,21350,24626, -48,-250, -15,0,71,a95350
14:51:35.043 R,8628,8789,9459,11326,8628,8789,9459,11326,24113,25820,21348,24621, -49,-250, -15,0,71,b95350
14:51:35.043 R,8630,8785,9461,11322,8630,8785,9461,11322,24113,25821,21342,24615, -49,-249, -15,0,71,c95350
14:51:35.043 R,8625,8784,9460,11319,8625,8784,9460,11319,24114,25822,21340,24610, -47,-249, -14,0,71,d95350
14:51:35.192 R,8624,8779,9460,11313,8624,8779,9460,11313,24110,25821,21335,24602, -47,-248, -14,0,71,e95350
14:51:35.192 R,8622,8772,9458,11301,8622,8772,9458,11301,24103,25825,21318,24582, -48,-249, -14,0,71,595410
14:51:35.192 R,8620,8773,9460,11303,8620,8773,9460,11303,24106,25825,21320,24582, -48,-250, -13,0,71,695410
14:51:35.192 R,8622,8770,9460,11303,8622,8770,9460,11303,24106,25823,21319,24580, -48,-250, -14,0,71,795410
14:51:35.192 R,8623,8772,9457,11301,8623,8772,9457,11301,24106,25824,21317,24580, -48,-250, -14,0,71,895410
14:51:35.343 R,8611,8759,9436,11289,8611,8759,9436,11289,24100,25818,21317,24570, -47,-250, -14,0,71,995410
14:51:35.343 R,8620,8769,9458,11301,8620,8769,9458,11301,24108,25823,21314,24577, -49,-250, -14,0,71,195480
14:51:35.343 R,8620,8771,9458,11300,8620,8771,9458,11300,24109,25816,21314,24578, -49,-250, -15,0,71,295480
14:51:35.343 R,8623,8770,9458,11301,8623,8770,9458,11301,24108,25818,21312,24575, -48,-249, -14,0,71,395480
14:51:35.343 R,8621,8769,9457,11301,8621,8769,9457,11301,24106,25814,21314,24578, -48,-248, -14,0,71,495480
14:51:35.492 R,8620,8770,9460,11304,8620,8770,9460,11304,24106,25817,21314,24577, -48,-249, -14,0,71,595480
14:51:35.492 R,8620,8772,9456,11306,8620,8772,9456,11306,24109,25814,21320,24585, -47,-250, -15,0,71,b95530
14:51:35.492 R,8619,8773,9455,11306,8619,8773,9455,11306,24106,25808,21320,24589, -47,-249, -15,0,71,c95530
14:51:35.492 R,8621,8775,9455,11309,8621,8775,9455,11309,24104,25811,21322,24589, -47,-251, -15,0,71,d95530
14:51:35.492 R,8622,8775,9455,11311,8622,8775,9455,11311,24103,25808,21320,24591, -47,-251, -16,0,71,e95530
14:51:35.644 R,8618,8775,9456,11312,8618,8775,9456,11312,24108,25807,21323,24592, -48,-250, -15,0,71,f95530
14:51:35.644 R,8635,8778,9479,11330,8635,8778,9479,11330,24105,25807,21324,24594, -48,-250, -15,0,71,095530
14:51:35.644 R,8623,8780,9457,11319,8623,8780,9457,11319,24107,25809,21329,24604, -48,-249, -14,0,71,895600
14:51:35.644 R,8623,8779,9458,11319,8623,8779,9458,11319,24109,25810,21332,24605, -49,-250, -15,0,71,995600
14:51:35.644 R,8627,8780,9459,11320,8627,8780,9459,11320,24107,25812,21330,24608, -48,-251, -15,0,71,a95600
14:51:35.792 R,8625,8781,9460,11319,8625,8781,9460,11319,24113,25808,21335,24606, -48,-249, -14,0,71,b95600
14:51:35.792 R,8624,8784,9458,11321,8624,8784,9458,11321,24111,25811,21335,24609, -48,-250, -14,0,71,c95600
14:51:35.792 R,8629,8786,9463,11333,8629,8786,9463,11333,24116,25815,21342,24619, -50,-250, -15,0,71,395660
14:51:35.792 R,8630,8787,9463,11336,8630,8787,9463,11336,24115,25815,21344,24620, -48,-249, -14,0,71,495660
14:51:35.792 R,8629,8790,9462,11331,8629,8790,9462,11331,24115,25815,21343,24618, -49,-250, -14,0,71,595660
14:51:35.792 R,8628,8787,9465,11332,8628,8787,9465,11332,24115,25816,21344,24623, -48,-250, -14,0,71,695660
14:51:35.942 R,8628,8790,9465,11333,8628,8790,9465,11333,24117,25815,21343,24624, -48,-250, -14,0,71,795660
14:51:35.942 R,8632,8787,9463,11327,8632,8787,9463,11327,24123,25815,21341,24620, -48,-251, -14,0,71,095740
14:51:35.942 R,8619,8771,9437,11316,8619,8771,9437,11316,24116,25803,21336,24611, -46,-250, -13,0,71,195740
14:51:35.942 R,8629,8781,9457,11319,8629,8781,9457,11319,24117,25804,21336,24613, -46,-250, -14,0,71,295740
14:51:35.942 R,8628,8779,9456,11318,8628,8779,9456,11318,24115,25803,21334,24610, -45,-248, -14,0,71,395740
14:51:36.092 R,8628,8778,9453,11315,8628,8778,9453,11315,24113,25799,21332,24608, -46,-248, -14,0,71,495740
14:51:36.092 R,8623,8775,9447,11312,8623,8775,9447,11312,24106,25785,21326,24598, -48,-251, -14,0,71,b95800
14:51:36.092 R,8620,8778,9429,11299,8620,8778,9429,11299,24105,25783,21324,24601, -48,-250, -14,0,71,c95800
14:51:36.092 R,8620,8775,9444,11309,8620,8775,9444,11309,24103,25781,21325,24598, -48,-251, -14,0,71,d95800
14:51:36.092 R,8620,8772,9447,11307,8620,8772,9447,11307,24104,25782,21327,24597, -48,-250, -13,0,71,e95800
14:51:36.241 R,8616,8769,9434,11291,8616,8769,9434,11291,24099,25781,21323,24597, -47,-249, -13,0,71,f95800
14:51:36.241 R,8619,8773,9446,11310,8619,8773,9446,11310,24104,25779,21326,24597, -47,-249, -13,0,71,095800
14:51:36.241 R,8620,8775,9445,11319,8620,8775,9445,11319,24098,25774,21328,24593, -48,-250, -13,0,71,795860
14:51:36.241 R,8619,8774,9444,11311,8619,8774,9444,11311,24099,25776,21326,24600, -49,-250, -13,0,71,895860
14:51:36.241 R,8618,8775,9444,11309,8618,8775,9444,11309,24097,25773,21326,24595, -48,-249, -14,0,71,995860
14:51:36.393 R,8618,8774,9444,11311,8618,8774,9444,11311,24098,25772,21326,24596, -49,-250, -13,0,71,a95860
14:51:36.393 R,8616,8774,9443,11310,8616,8774,9443,11310,24097,25773,21327,24597, -49,-250, -13,0,71,b95860
14:51:36.393 R,8619,8775,9446,11314,8619,8775,9446,11314,24094,25778,21327,24597, -49,-249, -14,0,71,395930
14:51:36.393 R,8616,8773,9437,11296,8616,8773,9437,11296,24095,25779,21326,24588, -49,-250, -13,0,71,495930
14:51:36.393 R,8617,8777,9448,11312,8617,8777,9448,11312,24096,25780,21330,24600, -49,-251, -14,0,71,595930
14:51:36.542 R,8620,8776,9447,11313,8620,8776,9447,11313,24098,25781,21331,24598, -49,-249, -14,0,71,695930
14:51:36.542 R,8622,8779,9450,11313,8622,8779,9450,11313,24094,25777,21330,24597, -49,-250, -13,0,71,795930
14:51:36.542 R,8623,8783,9451,11321,8623,8783,9451,11321,24101,25781,21339,24607, -50,-250, -13,0,71,096010
14:51:36.542 R,8624,8785,9453,11322,8624,8785,9453,11322,24101,25790,21338,24616, -50,-249, -13,0,71,196010
14:51:36.542 R,8622,8783,9453,11325,8622,8783,9453,11325,24100,25787,21340,24608, -50,-248, -13,0,71,296010
14:51:36.542 R,8622,8785,9453,11322,8622,8785,9453,11322,24103,25788,21340,24610, -50,-249, -13,0,71,396010
14:51:36.870 R,8628,8791,9463,11345,8628,8791,9463,11345,24103,25788,21339,24613, -49,-248, -14,0,71,496010
14:51:36.870 R,8627,8790,9459,11331,8627,8790,9459,11331,24107,25797,21349,24621, -50,-250, -14,0,71,b96070
14:51:36.870 R,8630,8792,9478,11333,8630,8792,9478,11333,24105,25796,21342,24614, -50,-249, -14,0,71,c96070
14:51:36.870 R,8628,8790,9458,11333,8628,8790,9458,11333,24105,25797,21347,24625, -51,-249, -14,0,71,d96070
14:51:36.870 R,8628,8791,9458,11333,8628,8791,9458,11333,24109,25798,21351,24626, -50,-250, -13,0,71,e96070
14:51:36.870 R,8630,8791,9458,11333,8630,8791,9458,11333,24111,25799,21353,24627, -50,-249, -14,0,71,f96070
14:51:36.873 R,8621,8779,9449,11314,8621,8779,9449,11314,24101,25786,21335,24602, -49,-249, -14,0,72,796140
14:51:36.873 R,8622,8777,9451,11311,8622,8777,9451,11311,24098,25785,21333,24601, -49,-249, -14,0,72,896140
14:51:36.873 R,8624,8777,9451,11312,8624,8777,9451,11312,24099,25787,21333,24602, -51,-249, -14,0,72,996140
14:51:36.873 R,8617,8774,9448,11313,8617,8774,9448,11313,24096,25785,21332,24600, -50,-249, -14,0,72,a96140
14:51:37.175 R,8619,8777,9447,11311,8619,8777,9447,11311,24094,25780,21331,24602, -51,-250, -14,0,72,b96140
14:51:37.175 R,8617,8775,9444,11310,8617,8775,9444,11310,24092,25779,21331,24598, -51,-250, -14,0,72,c96140
14:51:37.175 R,8611,8776,9441,11311,8611,8776,9441,11311,24081,25769,21333,24601, -52,-249, -13,0,72,196180
14:51:37.175 R,8601,8767,9415,11302,8601,8767,9415,11302,24078,25761,21336,24602, -52,-249, -13,0,72,296180
14:51:37.175 R,8607,8777,9435,11316,8607,8777,9435,11316,24074,25765,21336,24609, -52,-249, -13,0,72,396180
14:51:37.178 R,8609,8778,9439,11317,8609,8778,9439,11317,24073,25766,21337,24617, -51,-247, -13,0,72,496180
14:51:37.178 R,8609,8777,9435,11318,8609,8777,9435,11318,24071,25761,21337,24612, -51,-249, -13,0,72,596180
14:51:37.178 R,8609,8779,9439,11318,8609,8779,9439,11318,24071,25762,21338,24612, -50,-247, -13,0,72,c96240
14:51:37.178 R,8595,8782,9415,11312,8595,8782,9415,11312,24073,25765,21335,24616, -52,-249, -13,0,72,d96240
14:51:37.178 R,8616,8777,9445,11327,8616,8777,9445,11327,24076,25770,21338,24612, -50,-249, -13,0,72,e96240
14:51:37.292 R,8611,8778,9443,11318,8611,8778,9443,11318,24075,25767,21335,24610, -50,-249, -13,0,72,f96240
14:51:37.292 R,8610,8780,9441,11319,8610,8780,9441,11319,24074,25767,21333,24610, -50,-250, -13,0,72,096240
14:51:37.292 R,8610,8779,9444,11323,8610,8779,9444,11323,24083,25777,21337,24616, -50,-249, -13,0,72,796300
14:51:37.292 R,8614,8781,9443,11324,8614,8781,9443,11324,24082,25776,21334,24619, -51,-249, -13,0,72,896300
14:51:37.292 R,8614,8778,9443,11326,8614,8778,9443,11326,24080,25774,21337,24617, -50,-249, -13,0,72,996300
14:51:37.292 R,8614,8781,9446,11327,8614,8781,9446,11327,24083,25776,21339,24620, -50,-248, -13,0,72,a96300
14:51:37.442 R,8614,8781,9444,11325,8614,8781,9444,11325,24080,25781,21339,24624, -51,-249, -13,0,72,b96300
14:51:37.442 R,8613,8782,9444,11326,8613,8782,9444,11326,24078,25776,21341,24619, -50,-249, -13,0,72,c96300
14:51:37.442 R,8617,8783,9465,11329,8617,8783,9465,11329,24081,25776,21333,24622, -50,-249, -13,0,72,d96300
14:51:37.442 R,8616,8782,9448,11327,8616,8782,9448,11327,24084,25781,21340,24625, -48,-250, -13,0,72,e96300
14:51:37.442 R,8614,8783,9445,11328,8614,8783,9445,11328,24085,25780,21342,24625, -50,-248, -14,0,72,f96300
14:51:37.592 R,8616,8781,9449,11330,8616,8781,9449,11330,24088,25776,21343,24626, -50,-250, -14,0,72,096300
14:51:37.592 R,8622,8794,9456,11343,8622,8794,9456,11343,24096,25791,21354,24644, -51,-249, -13,0,72,e96430
14:51:37.592 R,8623,8794,9456,11345,8623,8794,9456,11345,24101,25794,21356,24642, -51,-248, -13,0,72,f96430
14:51:37.592 R,8625,8793,9460,11348,8625,8793,9460,11348,24100,25795,21359,24646, -51,-249, -14,0,72,096430
14:51:37.592 R,8626,8794,9457,11347,8626,8794,9457,11347,24095,25790,21357,24649, -52,-249, -13,0,72,196430
14:51:37.741 R,8625,8796,9458,11347,8625,8796,9458,11347,24103,25800,21357,24648, -50,-249, -13,0,72,296430
14:51:37.741 R,8623,8793,9457,11346,8623,8793,9457,11346,24106,25798,21355,24647, -50,-248, -14,0,72,396430
14:51:37.741 R,8622,8779,9449,11326,8622,8779,9449,11326,24097,25787,21339,24623, -49,-247, -14,0,72,a96490
14:51:37.741 R,8620,8779,9455,11324,8620,8779,9455,11324,24096,25786,21337,24620, -49,-248, -13,0,72,b96490
14:51:37.741 R,8618,8780,9451,11320,8618,8780,9451,11320,24101,25789,21336,24616, -50,-250, -14,0,72,c96490
14:51:37.892 R,8618,8778,9449,11318,8618,8778,9449,11318,24095,25780,21334,24613, -51,-249, -14,0,72,d96490
14:51:37.892 R,8609,8767,9434,11309,8609,8767,9434,11309,24092,25778,21337,24609, -50,-250, -14,0,72,e96490
14:51:37.892 R,8614,8773,9448,11316,8614,8773,9448,11316,24092,25778,21332,24602, -49,-249, -13,0,72,696560
14:51:37.892 R,8617,8776,9447,11317,8617,8776,9447,11317,24087,25782,21333,24605, -48,-249, -13,0,72,796560
14:51:37.892 R,8617,8776,9445,11314,8617,8776,9445,11314,24090,25781,21330,24614, -49,-248, -14,0,72,896560
14:51:37.892 R,8615,8776,9448,11316,8615,8776,9448,11316,24090,25784,21331,24607, -48,-249, -13,0,72,996560
14:51:38.042 R,8615,8773,9446,11313,8615,8773,9446,11313,24089,25785,21331,24610, -49,-250, -13,0,72,a96560
14:51:38.042 R,8616,8778,9449,11317,8616,8778,9449,11317,24089,25783,21334,24606, -50,-249, -13,0,72,296630
14:51:38.042 R,8617,8780,9448,11315,8617,8780,9448,11315,24092,25782,21333,24609, -49,-250, -13,0,72,396630
14:51:38.042 R,8618,8777,9449,11315,8618,8777,9449,11315,24093,25783,21336,24610, -48,-249, -14,0,72,496630
14:51:38.042 R,8624,8764,9469,11316,8624,8764,9469,11316,24089,25787,21335,24610, -49,-251, -14,0,72,596630
14:51:38.191 R,8616,8776,9451,11317,8616,8776,9451,11317,24093,25787,21333,24604, -48,-250, -14,0,72,696630
14:51:38.191 R,8613,8779,9438,11322,8613,8779,9438,11322,24095,25785,21346,24617, -49,-249, -14,0,72,e96700
14:51:38.191 R,8621,8780,9452,11321,8621,8780,9452,11321,24096,25785,21340,24615, -48,-249, -14,0,72,f96700
14:51:38.191 R,8618,8783,9451,11322,8618,8783,9451,11322,24092,25786,21341,24617, -48,-250, -14,0,72,096700
14:51:38.191 R,8619,8783,9452,11324,8619,8783,9452,11324,24091,25790,21343,24617, -49,-248, -13,0,72,196700
14:51:38.519 R,8619,8783,9454,11324,8619,8783,9454,11324,24093,25789,21345,24620, -49,-249, -13,0,72,296700
14:51:38.519 R,8622,8790,9455,11332,8622,8790,9455,11332,24102,25792,21351,24625, -47,-249, -14,0,72,a96770
14:51:38.519 R,8621,8787,9455,11332,8621,8787,9455,11332,24102,25792,21358,24626, -48,-249, -14,0,72,b96770
14:51:38.519 R,8623,8790,9456,11333,8623,8790,9456,11333,24101,25792,21353,24631, -48,-250, -14,0,72,c96770
14:51:38.519 R,8621,8792,9455,11331,8621,8792,9455,11331,24100,25795,21356,24626, -48,-250, -13,0,72,d96770
14:51:38.521 R,8628,8785,9477,11323,8628,8785,9477,11323,24101,25795,21349,24626, -47,-249, -14,0,72,e96770
14:51:38.521 R,8628,8792,9458,11333,8628,8792,9458,11333,24104,25794,21355,24632, -47,-249, -14,0,72,f96770
14:51:38.519 R,8628,8797,9457,11341,8628,8797,9457,11341,24103,25796,21364,24643, -48,-249, -13,0,72,696830
14:51:38.521 R,8629,8799,9461,11343,8629,8799,9461,11343,24108,25795,21364,24641, -47,-251, -13,0,72,796830
14:51:38.521 R,8627,8798,9459,11341,8627,8798,9459,11341,24112,25797,21368,24643, -49,-250, -13,0,72,896830
14:51:38.642 R,8626,8798,9460,11344,8626,8798,9460,11344,24109,25797,21369,24646, -49,-250, -13,0,72,996830
14:51:38.642 R,8626,8797,9456,11343,8626,8797,9456,11343,24109,25794,21368,24644, -47,-249, -13,0,72,a96830
14:51:38.642 R,8614,8787,9441,11327,8614,8787,9441,11327,24089,25764,21355,24626, -48,-247, -14,0,72,196890
14:51:38.642 R,8615,8786,9441,11326,8615,8786,9441,11326,24083,25761,21354,24629, -49,-249, -14,0,72,296890
14:51:38.642 R,8611,8787,9438,11327,8611,8787,9438,11327,24085,25770,21353,24631, -50,-250, -14,0,72,396890
14:51:38.642 R,8614,8786,9439,11326,8614,8786,9439,11326,24078,25759,21353,24631, -48,-249, -13,0,72,496890
14:51:38.792 R,8610,8785,9439,11326,8610,8785,9439,11326,24076,25752,21352,24625, -50,-250, -14,0,72,596890
14:51:38.792 R,8610,8781,9438,11321,8610,8781,9438,11321,24074,25759,21347,24617, -47,-249, -13,0,72,c96950
14:51:38.792 R,8610,8783,9437,11320,8610,8783,9437,11320,24076,25758,21346,24615, -47,-248, -13,0,72,d96950
14:51:38.792 R,8611,8783,9441,11319,8611,8783,9441,11319,24078,25762,21348,24614, -47,-248, -14,0,72,e96950
14:51:38.792 R,8613,8782,9440,11320,8613,8782,9440,11320,24080,25761,21347,24617, -47,-250, -14,0,72,f96950
14:51:38.941 R,8612,8782,9441,11319,8612,8782,9441,11319,24079,25760,21347,24615, -48,-250, -13,0,72,096950
14:51:38.941 R,8613,8780,9442,11318,8613,8780,9442,11318,24085,25764,21344,24615, -45,-250, -12,0,72,797010
14:51:38.941 R,8615,8778,9444,11318,8615,8778,9444,11318,24084,25766,21344,24613, -46,-249, -13,0,72,897010
14:51:38.941 R,8605,8769,9420,11309,8605,8769,9420,11309,24082,25761,21341,24602, -45,-250, -13,0,72,997010
14:51:38.941 R,8617,8781,9441,11318,8617,8781,9441,11318,24085,25765,21344,24613, -47,-250, -12,0,72,a97010
14:51:39.092 R,8617,8782,9442,11320,8617,8782,9442,11320,24085,25766,21343,24616, -46,-250, -13,0,72,b97010
14:51:39.092 R,8618,8772,9445,11301,8618,8772,9445,11301,24090,25771,21342,24617, -45,-249, -13,0,72,397080
14:51:39.092 R,8621,8784,9446,11322,8621,8784,9446,11322,24094,25769,21347,24617, -46,-251, -12,0,72,497080
14:51:39.092 R,8619,8786,9446,11324,8619,8786,9446,11324,24091,25772,21347,24616, -45,-249, -12,0,72,597080
14:51:39.092 R,8619,8783,9446,11325,8619,8783,9446,11325,24093,25773,21344,24618, -45,-250, -12,0,72,697080
14:51:39.242 R,8619,8785,9447,11323,8619,8785,9447,11323,24094,25776,21348,24623, -44,-250, -11,0,72,797080
14:51:39.242 R,8622,8786,9449,11324,8622,8786,9449,11324,24095,25773,21350,24623, -45,-251, -11,0,72,897080
14:51:39.242 R,8624,8787,9451,11330,8624,8787,9451,11330,24098,25779,21353,24630, -45,-249, -12,0,72,e97130
14:51:39.242 R,8625,8790,9452,11332,8625,8790,9452,11332,24099,25779,21355,24629, -45,-251, -12,0,72,f97130
14:51:39.242 R,8622,8790,9449,11331,8622,8790,9449,11331,24100,25779,21353,24631, -45,-251, -12,0,72,097130
14:51:39.391 R,8623,8790,9453,11331,8623,8790,9453,11331,24105,25787,21353,24633, -46,-251, -12,0,72,197130
14:51:39.391 R,8623,8791,9452,11335,8623,8791,9452,11335,24107,25783,21355,24631, -46,-250, -12,0,72,297130
14:51:39.391 R,8627,8795,9456,11339,8627,8795,9456,11339,24106,25790,21365,24638, -47,-249, -12,0,72,997190
14:51:39.391 R,8628,8795,9459,11343,8628,8795,9459,11343,24108,25793,21364,24641, -47,-250, -13,0,72,a97190
14:51:39.391 R,8628,8797,9457,11343,8628,8797,9457,11343,24105,25793,21366,24641, -48,-251, -12,0,71,b97190
14:51:39.391 R,8629,8797,9459,11343,8629,8797,9459,11343,24108,25791,21365,24642, -48,-251, -13,0,71,c97190
14:51:39.542 R,8619,8797,9443,11343,8619,8797,9443,11343,24110,25786,21369,24646, -48,-250, -14,0,71,d97190
14:51:39.542 R,8625,8786,9440,11325,8625,8786,9440,11325,24102,25781,21349,24626, -46,-249, -14,0,71,497250
14:51:39.542 R,8623,8783,9449,11324,8623,8783,9449,11324,24102,25778,21345,24623, -47,-249, -14,0,71,597250
14:51:39.542 R,8621,8781,9451,11325,8621,8781,9451,11325,24102,25781,21347,24624, -48,-249, -13,0,71,697250
14:51:39.542 R,8620,8784,9448,11321,8620,8784,9448,11321,24098,25778,21346,24616, -47,-250, -14,0,71,797250
14:51:39.692 R,8620,8784,9444,11321,8620,8784,9444,11321,24095,25777,21342,24617, -47,-250, -13,0,71,897250
14:51:39.692 R,8619,8779,9447,11318,8619,8779,9447,11318,24094,25776,21344,24609, -45,-251, -13,0,71,097320
14:51:39.692 R,8617,8782,9446,11318,8617,8782,9446,11318,24089,25777,21342,24610, -45,-250, -13,0,71,197320
14:51:39.692 R,8621,8782,9445,11319,8621,8782,9445,11319,24090,25773,21344,24615, -44,-250, -13,0,71,297320
14:51:39.692 R,8619,8780,9447,11321,8619,8780,9447,11321,24096,25771,21343,24610, -44,-249, -14,0,71,397320
14:51:40.018 R,8617,8782,9446,11319,8617,8782,9446,11319,24092,25779,21344,24617, -46,-250, -14,0,71,497320
14:51:40.018 R,8618,8780,9444,11320,8618,8780,9444,11320,24093,25777,21342,24618, -45,-250, -13,0,71,597320
14:51:40.018 R,8617,8782,9447,11318,8617,8782,9447,11318,24092,25771,21346,24614, -44,-250, -13,0,71,b97370
14:51:40.018 R,8611,8785,9426,11309,8611,8785,9426,11309,24092,25772,21350,24619, -44,-249, -13,0,71,c97370
14:51:40.018 R,8616,8782,9447,11320,8616,8782,9447,11320,24094,25776,21345,24615, -45,-249, -13,0,71,d97370
14:51:40.142 R,8618,8780,9447,11327,8618,8780,9447,11327,24092,25775,21345,24613, -45,-249, -13,0,71,e97370
14:51:40.142 R,8619,8782,9446,11321,8619,8782,9446,11321,24092,25773,21347,24615, -44,-250, -13,0,71,f97370
14:51:40.142 R,8618,8785,9449,11323,8618,8785,9449,11323,24087,25775,21342,24617, -45,-250, -13,0,71,697430
14:51:40.142 R,8623,8787,9445,11323,8623,8787,9445,11323,24092,25774,21346,24621, -45,-250, -14,0,71,797430
14:51:40.142 R,8621,8788,9448,11325,8621,8788,9448,11325,24097,25776,21350,24624, -45,-250, -14,0,71,897430
14:51:40.294 R,8619,8787,9450,11329,8619,8787,9450,11329,24095,25775,21347,24620, -45,-249, -13,0,71,997430
14:51:40.294 R,8621,8786,9451,11328,8621,8786,9451,11328,24096,25781,21350,24625, -46,-250, -14,0,71,a97430
14:51:40.294 R,8623,8792,9452,11333,8623,8792,9452,11333,24099,25784,21354,24633, -43,-250, -14,0,71,297500
14:51:40.294 R,8623,8791,9452,11333,8623,8791,9452,11333,24101,25778,21358,24633, -43,-250, -13,0,71,397500
14:51:40.294 R,8621,8795,9448,11338,8621,8795,9448,11338,24096,25784,21353,24624, -44,-249, -14,0,71,497500
14:51:40.294 R,8625,8796,9453,11337,8625,8796,9453,11337,24105,25782,21358,24633, -43,-250, -14,0,71,597500
14:51:40.441 R,8627,8796,9456,11338,8627,8796,9456,11338,24107,25786,21359,24639, -44,-250, -14,0,71,697500
14:51:40.441 R,8631,8796,9458,11346,8631,8796,9458,11346,24108,25792,21364,24645, -42,-251, -14,0,71,f97580
14:51:40.441 R,8635,8803,9449,11355,8635,8803,9449,11355,24108,25791,21362,24647, -43,-252, -13,0,71,097580
14:51:40.441 R,8631,8797,9457,11340,8631,8797,9457,11340,24111,25790,21359,24644, -43,-251, -13,0,71,197580
14:51:40.441 R,8630,8792,9453,11333,8630,8792,9453,11333,24111,25785,21360,24638, -43,-250, -14,0,71,297580
14:51:40.771 R,8619,8794,9427,11327,8619,8794,9427,11327,24109,25786,21356,24638, -43,-252, -13,0,71,397580
14:51:40.771 R,8624,8782,9445,11319,8624,8782,9445,11319,24101,25774,21346,24615, -44,-251, -14,0,71,a97640
14:51:40.771 R,8623,8783,9448,11319,8623,8783,9448,11319,24097,25774,21345,24615, -43,-251, -14,0,71,b97640
14:51:40.771 R,8623,8782,9446,11318,8623,8782,9446,11318,24095,25779,21337,24612, -44,-251, -14,0,71,c97640
14:51:40.771 R,8617,8782,9443,11318,8617,8782,9443,11318,24093,25773,21344,24611, -44,-251, -14,0,71,d97640
14:51:40.774 R,8622,8782,9444,11318,8622,8782,9444,11318,24097,25770,21344,24610, -43,-251, -14,0,71,e97640
14:51:40.774 R,8621,8778,9445,11314,8621,8778,9445,11314,24097,25770,21340,24612, -44,-251, -15,0,71,f97640
14:51:40.774 R,8617,8781,9445,11315,8617,8781,9445,11315,24090,25767,21342,24611, -44,-251, -14,0,71,797710
14:51:40.774 R,8606,8785,9418,11310,8606,8785,9418,11310,24090,25770,21341,24614, -44,-251, -13,0,71,897710
14:51:40.774 R,8618,8780,9444,11315,8618,8780,9444,11315,24094,25768,21340,24611, -43,-251, -13,0,71,997710
14:51:40.892 R,8616,8780,9442,11315,8616,8780,9442,11315,24091,25767,21342,24607, -42,-250, -13,0,71,a97710
14:51:40.892 R,8617,8780,9442,11315,8617,8780,9442,11315,24087,25767,21342,24612, -42,-249, -13,0,71,b97710
14:51:40.892 R,8617,8779,9444,11316,8617,8779,9444,11316,24093,25766,21342,24610, -42,-252, -14,0,71,297770
14:51:40.892 R,8619,8782,9445,11317,8619,8782,9445,11317,24088,25767,21342,24607, -42,-251, -14,0,71,397770
14:51:40.892 R,8618,8781,9444,11316,8618,8781,9444,11316,24094,25763,21347,24619, -43,-251, -14,0,71,497770
14:51:41.042 R,8618,8782,9444,11320,8618,8782,9444,11320,24093,25767,21343,24609, -43,-251, -14,0,71,597770
14:51:41.042 R,8620,8782,9443,11319,8620,8782,9443,11319,24090,25771,21343,24616, -43,-251, -14,0,71,697770
14:51:41.042 R,8621,8785,9447,11322,8621,8785,9447,11322,24092,25761,21347,24614, -42,-250, -14,0,71,d97830
14:51:41.042 R,8628,8787,9446,11324,8628,8787,9446,11324,24097,25776,21353,24624, -42,-250, -13,0,71,e97830
14:51:41.042 R,8622,8784,9448,11323,8622,8784,9448,11323,24097,25769,21351,24618, -40,-251, -13,0,71,f97830
14:51:41.042 R,8622,8786,9447,11325,8622,8786,9447,11325,24097,25768,21350,24617, -42,-250, -14,0,71,097830
14:51:41.192 R,8628,8795,9437,11328,8628,8795,9437,11328,24097,25771,21354,24627, -42,-251, -13,0,71,197830
14:51:41.192 R,8627,8792,9449,11331,8627,8792,9449,11331,24098,25773,21356,24625, -41,-252, -15,0,71,897890
14:51:41.192 R,8623,8792,9453,11349,8623,8792,9453,11349,24099,25773,21355,24629, -41,-248, -15,0,71,997890
14:51:41.192 R,8626,8791,9451,11333,8626,8791,9451,11333,24101,25772,21358,24632, -41,-250, -15,0,71,a97890
14:51:41.192 R,8625,8792,9452,11334,8625,8792,9452,11334,24103,25772,21357,24628, -42,-253, -15,0,71,b97890
14:51:41.342 R,8630,8793,9451,11333,8630,8793,9451,11333,24102,25766,21360,24626, -42,-253, -15,0,71,c97890
14:51:41.342 R,8632,8808,9460,11359,8632,8808,9460,11359,24108,25770,21360,24635, -39,-249, -15,0,71,397950
14:51:41.342 R,8631,8794,9452,11333,8631,8794,9452,11333,24111,25773,21355,24631, -40,-252, -14,0,71,497950
14:51:41.342 R,8629,8792,9450,11333,8629,8792,9450,11333,24109,25775,21355,24630, -41,-252, -14,0,71,597950
14:51:41.342 R,8632,8788,9447,11325,8632,8788,9447,11325,24109,25769,21349,24622, -39,-250, -15,0,71,697950
14:51:41.492 R,8628,8784,9445,11320,8628,8784,9445,11320,24107,25766,21351,24619, -39,-250, -14,0,71,797950
14:51:41.492 R,8626,8782,9443,11322,8626,8782,9443,11322,24104,25761,21344,24617, -39,-250, -13,0,71,897950
14:51:41.492 R,8623,8775,9441,11309,8623,8775,9441,11309,24095,25754,21332,24596, -41,-251, -12,0,71,f98010
14:51:41.492 R,8620,8774,9439,11306,8620,8774,9439,11306,24097,25753,21334,24599, -40,-252, -12,0,71,098010
14:51:41.492 R,8621,8779,9435,11322,8621,8779,9435,11322,24094,25754,21328,24594, -40,-251, -14,0,71,198010
14:51:41.642 R,8620,8771,9440,11304,8620,8771,9440,11304,24098,25751,21330,24594, -40,-251, -13,0,71,298010
14:51:41.642 R,8619,8774,9435,11302,8619,8774,9435,11302,24093,25749,21329,24593, -41,-252, -14,0,71,398010
14:51:41.642 R,8620,8773,9437,11306,8620,8773,9437,11306,24089,25752,21325,24592, -39,-253, -15,0,71,a98070
14:51:41.642 R,8619,8772,9438,11306,8619,8772,9438,11306,24091,25750,21326,24593, -39,-253, -15,0,71,b98070
14:51:41.642 R,8621,8774,9441,11305,8621,8774,9441,11305,24094,25753,21326,24590, -41,-250, -13,0,71,c98070
14:51:41.642 R,8619,8774,9438,11303,8619,8774,9438,11303,24093,25755,21327,24591, -42,-251, -14,0,71,d98070
14:51:41.791 R,8617,8771,9439,11306,8617,8771,9439,11306,24083,25735,21322,24580, -40,-252, -14,0,71,e98070
14:51:41.791 R,8621,8773,9440,11307,8621,8773,9440,11307,24093,25758,21324,24592, -40,-249, -14,0,71,598130
14:51:41.791 R,8619,8773,9441,11306,8619,8773,9441,11306,24094,25754,21330,24592, -40,-251, -14,0,71,698130
14:51:41.791 R,8619,8775,9441,11307,8619,8775,9441,11307,24094,25757,21326,24596, -39,-252, -14,0,71,798130
14:51:41.791 R,8621,8777,9442,11306,8621,8777,9442,11306,24099,25756,21326,24594, -39,-253, -14,0,71,898130
14:51:41.942 R,8621,8774,9441,11310,8621,8774,9441,11310,24095,25754,21332,24597, -41,-253, -12,0,71,998130
14:51:41.942 R,8621,8779,9446,11313,8621,8779,9446,11313,24096,25765,21336,24606, -39,-251, -12,0,71,098190
14:51:41.942 R,8624,8780,9445,11316,8624,8780,9445,11316,24100,25762,21337,24606, -39,-251, -13,0,71,198190
14:51:41.942 R,8625,8781,9449,11319,8625,8781,9449,11319,24100,25765,21336,24608, -40,-251, -13,0,71,298190
14:51:41.942 R,8627,8781,9445,11317,8627,8781,9445,11317,24098,25764,21336,24607, -40,-252, -12,0,71,398190
14:51:42.092 R,8629,8784,9449,11320,8629,8784,9449,11320,24103,25768,21343,24606, -40,-252, -12,0,71,498190
14:51:42.092 R,8629,8787,9452,11327,8629,8787,9452,11327,24105,25776,21346,24618, -41,-250, -11,0,71,c98260
14:51:42.092 R,8628,8788,9451,11327,8628,8788,9451,11327,24104,25778,21349,24619, -41,-250, -12,0,71,d98260
14:51:42.092 R,8631,8791,9453,11329,8631,8791,9453,11329,24106,25777,21348,24626, -41,-251, -11,0,71,e98260
14:51:42.092 R,8631,8791,9456,11331,8631,8791,9456,11331,24109,25777,21347,24622, -42,-251, -11,0,71,f98260
14:51:42.242 R,8630,8791,9453,11334,8630,8791,9453,11334,24108,25779,21351,24626, -42,-250, -11,0,71,098260
14:51:42.242 R,8632,8790,9453,11332,8632,8790,9453,11332,24108,25778,21355,24627, -42,-249, -11,0,71,198260
14:51:42.242 R,8635,8794,9453,11334,8635,8794,9453,11334,24113,25778,21352,24630, -42,-251, -10,0,70,798310
14:51:42.242 R,8634,8790,9452,11332,8634,8790,9452,11332,24116,25776,21351,24626, -43,-252, -10,0,70,898310
14:51:42.242 R,8636,8792,9444,11334,8636,8792,9444,11334,24109,25778,21348,24625, -43,-251, -11,0,70,998310
14:51:42.392 R,8632,8785,9449,11321,8632,8785,9449,11321,24109,25769,21345,24617, -43,-251, -11,0,70,a98310
14:51:42.392 R,8630,8783,9447,11323,8630,8783,9447,11323,24108,25773,21341,24613, -42,-250,  -9,0,70,b98310
14:51:42.392 R,8623,8781,9445,11315,8623,8781,9445,11315,24104,25763,21334,24602, -40,-252, -10,0,70,298370
14:51:42.392 R,8625,8779,9445,11314,8625,8779,9445,11314,24100,25759,21337,24603, -40,-253, -10,0,70,398370
14:51:42.392 R,8625,8777,9446,11312,8625,8777,9446,11312,24100,25763,21336,24602, -39,-252, -10,0,70,498370
14:51:42.392 R,8625,8778,9444,11310,8625,8778,9444,11310,24095,25759,21334,24601, -40,-252,  -9,0,70,598370
14:51:42.543 R,8615,8768,9420,11288,8615,8768,9420,11288,24098,25761,21334,24600, -40,-251,  -9,0,70,698370
14:51:42.543 R,8623,8780,9444,11314,8623,8780,9444,11314,24099,25760,21336,24600, -39,-252,  -9,0,70,e98440
14:51:42.543 R,8624,8782,9445,11313,8624,8782,9445,11313,24098,25764,21333,24597, -38,-252,  -9,0,70,f98440
14:51:42.543 R,8623,8778,9445,11313,8623,8778,9445,11313,24097,25764,21334,24600, -39,-251,  -9,0,70,098440
14:51:42.543 R,8625,8779,9444,11311,8625,8779,9444,11311,24098,25759,21333,24601, -38,-252,  -9,0,70,198440
14:51:42.692 R,8625,8779,9443,11309,8625,8779,9443,11309,24095,25757,21335,24600, -38,-252,  -9,0,70,298440
14:51:42.692 R,8627,8780,9443,11310,8627,8780,9443,11310,24099,25756,21331,24595, -36,-250, -11,0,70,a98510
14:51:42.692 R,8628,8779,9443,11314,8628,8779,9443,11314,24097,25744,21330,24592, -36,-252, -11,0,70,b98510
14:51:42.692 R,8627,8780,9440,11313,8627,8780,9440,11313,24105,25751,21334,24593, -36,-252, -11,0,70,c98510
14:51:42.692 R,8628,8779,9441,11310,8628,8779,9441,11310,24105,25752,21334,24595, -36,-252, -11,0,70,d98510
14:51:42.842 R,8625,8777,9441,11313,8625,8777,9441,11313,24104,25747,21336,24597, -34,-252, -11,0,70,e98510
14:51:42.842 R,8631,8784,9443,11321,8631,8784,9443,11321,24104,25757,21340,24612, -30,-253, -13,0,70,698580
14:51:42.842 R,8629,8787,9447,11323,8629,8787,9447,11323,24105,25758,21344,24613, -31,-253, -13,0,70,798580
14:51:42.842 R,8630,8787,9447,11327,8630,8787,9447,11327,24109,25755,21340,24611, -30,-252, -14,0,70,898580
14:51:42.842 R,8632,8784,9448,11323,8632,8784,9448,11323,24108,25760,21345,24613, -30,-253, -14,0,70,998580
14:51:42.991 R,8630,8789,9446,11324,8630,8789,9446,11324,24105,25759,21344,24614, -31,-252, -13,0,70,a98580
14:51:42.991 R,8629,8789,9448,11342,8629,8789,9448,11342,24107,25761,21340,24615, -32,-253, -12,0,70,b98580
14:51:42.991 R,8634,8792,9451,11332,8634,8792,9451,11332,24107,25765,21352,24624, -33,-251, -13,0,70,298640
14:51:42.991 R,8634,8790,9452,11330,8634,8790,9452,11330,24111,25767,21349,24620, -32,-252, -13,0,70,398640
14:51:42.991 R,8631,8789,9449,11327,8631,8789,9449,11327,24108,25765,21345,24617, -31,-252, -13,0,70,498640
14:51:43.142 R,8632,8787,9449,11325,8632,8787,9449,11325,24110,25763,21342,24616, -31,-254, -13,0,69,598640
14:51:43.142 R,8627,8783,9447,11320,8627,8783,9447,11320,24105,25761,21341,24611, -32,-253, -13,0,69,698640
14:51:43.142 R,8625,8772,9442,11305,8625,8772,9442,11305,24099,25757,21326,24592, -31,-253, -13,0,69,e98710
14:51:43.142 R,8629,8777,9432,11318,8629,8777,9432,11318,24098,25755,21323,24593, -31,-252, -12,0,69,f98710
14:51:43.142 R,8626,8774,9443,11304,8626,8774,9443,11304,24098,25754,21323,24590, -32,-253, -13,0,69,098710
14:51:43.142 R,8623,8772,9441,11303,8623,8772,9441,11303,24094,25752,21321,24588, -31,-252, -13,0,69,198710
14:51:43.291 R,8619,8769,9438,11302,8619,8769,9438,11302,24094,25752,21320,24586, -32,-252, -13,0,69,298710
14:51:43.291 R,8612,8771,9429,11305,8612,8771,9429,11305,24090,25738,21316,24578, -30,-252, -12,0,69,998770
14:51:43.291 R,8622,8771,9438,11302,8622,8771,9438,11302,24095,25746,21320,24584, -32,-252, -13,0,69,a98770
14:51:43.291 R,8621,8770,9442,11303,8621,8770,9442,11303,24094,25752,21321,24589, -31,-253, -12,0,69,b98770
14:51:43.291 R,8622,8772,9441,11302,8622,8772,9441,11302,24091,25746,21323,24583, -31,-253, -12,0,69,c98770
14:51:43.443 R,8621,8772,9440,11304,8621,8772,9440,11304,24093,25748,21321,24588, -32,-252, -12,0,69,d98770
14:51:43.443 R,8626,8778,9432,11317,8626,8778,9432,11317,24097,25747,21322,24588, -31,-252, -13,0,69,498830
14:51:43.443 R,8623,8772,9439,11304,8623,8772,9439,11304,24095,25754,21324,24590, -31,-253, -13,0,69,598830
14:51:43.443 R,8623,8772,9441,11304,8623,8772,9441,11304,24095,25750,21322,24587, -30,-253, -14,0,69,698830
14:51:43.443 R,8620,8779,9441,11317,8620,8779,9441,11317,24094,25751,21323,24590, -30,-252, -13,0,69,798830
14:51:43.592 R,8623,8775,9441,11306,8623,8775,9441,11306,24094,25754,21325,24590, -30,-252, -13,0,69,898830
14:51:43.592 R,8624,8775,9443,11307,8624,8775,9443,11307,24095,25752,21325,24590, -31,-252, -13,0,69,998830
14:51:43.592 R,8626,8780,9442,11315,8626,8780,9442,11315,24096,25756,21325,24599, -32,-252, -13,0,69,098890
14:51:43.592 R,8626,8777,9443,11314,8626,8777,9443,11314,24098,25756,21328,24599, -30,-252, -13,0,69,198890
14:51:43.592 R,8625,8776,9444,11313,8625,8776,9444,11313,24096,25755,21330,24599, -31,-252, -14,0,69,298890
14:51:43.742 R,8640,8780,9466,11332,8640,8780,9466,11332,24101,25757,21331,24601, -30,-252, -13,0,69,398890
14:51:43.742 R,8629,8781,9445,11316,8629,8781,9445,11316,24101,25758,21333,24602, -32,-253, -13,0,69,498890
14:51:43.742 R,8631,8783,9447,11321,8631,8783,9447,11321,24106,25768,21336,24609, -32,-253, -12,0,69,b98950
14:51:43.742 R,8617,8785,9424,11306,8617,8785,9424,11306,24110,25762,21341,24613, -32,-252, -13,0,69,c98950
14:51:43.742 R,8631,8787,9450,11326,8631,8787,9450,11326,24107,25766,21339,24613, -33,-253, -12,0,69,d98950
14:51:43.892 R,8632,8787,9451,11327,8632,8787,9451,11327,24107,25766,21342,24615, -32,-252, -13,0,69,e98950
14:51:43.892 R,8621,8776,9428,11312,8621,8776,9428,11312,24102,25762,21342,24606, -32,-252, -13,0,69,f98950
14:51:43.892 R,8624,8770,9444,11304,8624,8770,9444,11304,24097,25749,21323,24592, -31,-251, -13,0,69,699010
14:51:43.892 R,8624,8770,9441,11304,8624,8770,9441,11304,24099,25752,21324,24590, -32,-251, -14,0,69,799010
14:51:43.892 R,8623,8772,9441,11301,8623,8772,9441,11301,24097,25753,21319,24596, -33,-252, -13,0,69,899010
14:51:43.892 R,8625,8768,9440,11302,8625,8768,9440,11302,24098,25749,21322,24585, -33,-251, -13,0,69,999010
14:51:44.042 R,8622,8769,9438,11298,8622,8769,9438,11298,24094,25746,21321,24587, -34,-253, -13,0,69,a99010
14:51:44.042 R,8619,8767,9435,11294,8619,8767,9435,11294,24086,25740,21314,24577, -33,-251, -13,0,69,199070
14:51:44.042 R,8618,8766,9437,11295,8618,8766,9437,11295,24080,25741,21315,24577, -33,-252, -13,0,69,299070
14:51:44.042 R,8619,8766,9435,11297,8619,8766,9435,11297,24085,25745,21314,24581, -32,-251, -13,0,69,399070
14:51:44.042 R,8618,8765,9437,11296,8618,8765,9437,11296,24085,25739,21313,24577, -33,-251, -13,0,69,499070
14:51:44.192 R,8622,8770,9429,11311,8622,8770,9429,11311,24084,25743,21309,24578, -32,-252, -13,0,69,599070
14:51:44.192 R,8616,8771,9434,11302,8616,8771,9434,11302,24082,25740,21315,24581, -33,-252, -13,0,69,d99140
14:51:44.192 R,8615,8767,9437,11298,8615,8767,9437,11298,24083,25740,21317,24586, -32,-253, -13,0,69,e99140
14:51:44.192 R,8616,8769,9435,11300,8616,8769,9435,11300,24080,25744,21314,24583, -32,-253, -13,0,69,f99140
14:51:44.192 R,8617,8769,9437,11301,8617,8769,9437,11301,24081,25742,21316,24585, -32,-253, -13,0,69,099140
14:51:44.342 R,8615,8768,9437,11301,8615,8768,9437,11301,24083,25743,21320,24587, -33,-254, -13,0,69,199140
14:51:44.342 R,8618,8770,9437,11305,8618,8770,9437,11305,24081,25740,21322,24584, -33,-253, -12,0,69,299140
14:51:44.342 R,8618,8770,9440,11305,8618,8770,9440,11305,24084,25748,21325,24588, -34,-250, -11,0,69,999200
14:51:44.342 R,8620,8772,9441,11305,8620,8772,9441,11305,24086,25747,21326,24590, -34,-249, -11,0,69,a99200
14:51:44.342 R,8631,8776,9464,11322,8631,8776,9464,11322,24086,25751,21327,24593, -34,-252, -12,0,69,b99200
14:51:44.491 R,8621,8774,9438,11311,8621,8774,9438,11311,24088,25751,21325,24595, -34,-253, -12,0,69,c99200
14:51:44.491 R,8606,8771,9415,11292,8606,8771,9415,11292,24093,25749,21330,24601, -36,-253, -12,0,69,d99200
14:51:44.491 R,8622,8782,9445,11316,8622,8782,9445,11316,24088,25759,21337,24608, -42,-249,  -9,0,69,599270
14:51:44.491 R,8623,8781,9445,11319,8623,8781,9445,11319,24095,25766,21334,24609, -44,-247,  -9,0,69,699270
14:51:44.491 R,8621,8783,9445,11319,8621,8783,9445,11319,24088,25759,21341,24609, -46,-245, -10,0,69,799270
14:51:44.641 R,8623,8782,9447,11319,8623,8782,9447,11319,24092,25761,21335,24608, -48,-245,  -9,0,69,899270
14:51:44.641 R,8623,8784,9448,11323,8623,8784,9448,11323,24090,25764,21343,24610, -47,-247,  -9,0,69,999270
14:51:44.641 R,8626,8783,9449,11326,8626,8783,9449,11326,24096,25764,21345,24621, -42,-253, -21,0,69,199340
14:51:44.641 R,8611,8782,9435,11323,8611,8782,9435,11323,24092,25753,21337,24614, -43,-252, -21,0,69,299340
14:51:44.641 R,8621,8780,9445,11319,8621,8780,9445,11319,24091,25758,21338,24615, -44,-253, -21,0,69,399340
14:51:44.641 R,8622,8779,9445,11317,8622,8779,9445,11317,24088,25759,21338,24612, -44,-253, -22,0,69,499340
14:51:44.792 R,8621,8778,9443,11315,8621,8778,9443,11315,24081,25753,21339,24607, -44,-254, -23,0,69,599340
14:51:44.792 R,8610,8774,9442,11310,8610,8774,9442,11310,24071,25756,21333,24602, -55,-250, -20,0,69,d99410
14:51:44.792 R,8611,8774,9439,11309,8611,8774,9439,11309,24070,25754,21335,24601, -57,-249, -20,0,69,e99410
14:51:44.792 R,8609,8775,9439,11312,8609,8775,9439,11312,24065,25759,21336,24606, -60,-247, -19,0,68,f99410
14:51:44.792 R,8610,8776,9441,11311,8610,8776,9441,11311,24067,25758,21336,24602, -64,-245, -18,0,68,099410
14:51:44.942 R,8606,8775,9438,11310,8606,8775,9438,11310,24064,25758,21335,24603, -65,-245, -18,0,68,199410
14:51:44.942 R,8605,8782,9442,11316,8605,8782,9442,11316,24058,25762,21347,24607, -73,-245, -13,0,68,999480
14:51:44.942 R,8605,8782,9442,11315,8605,8782,9442,11315,24055,25761,21349,24608, -74,-244, -12,0,68,a99480
14:51:44.942 R,8604,8783,9442,11317,8604,8783,9442,11317,24053,25762,21350,24612, -73,-243, -13,0,68,b99480
14:51:44.942 R,8605,8783,9441,11316,8605,8783,9441,11316,24057,25764,21351,24615, -75,-242, -11,0,68,c99480
14:51:45.092 R,8603,8785,9443,11319,8603,8785,9443,11319,24053,25770,21350,24611, -75,-242, -12,0,68,d99480
14:51:45.092 R,8605,8782,9442,11320,8605,8782,9442,11320,24052,25766,21352,24612, -76,-243, -12,0,68,e99480
14:51:45.092 R,8603,8788,9443,11325,8603,8788,9443,11325,24052,25771,21357,24623, -78,-241, -11,0,68,499530
14:51:45.092 R,8601,8787,9442,11323,8601,8787,9442,11323,24050,25758,21351,24612, -78,-241, -11,0,68,599530
14:51:45.092 R,8605,8790,9443,11325,8605,8790,9443,11325,24052,25771,21360,24623, -79,-242, -11,0,68,699530
14:51:45.243 R,8604,8786,9445,11328,8604,8786,9445,11328,24055,25775,21359,24623, -78,-242, -10,0,68,799530
14:51:45.243 R,8607,8791,9446,11327,8607,8791,9446,11327,24055,25770,21363,24627, -79,-242, -10,0,68,899530
14:51:45.243 R,8606,8794,9450,11336,8606,8794,9450,11336,24053,25780,21368,24633, -81,-241,  -9,0,68,f99590
14:51:45.243 R,8604,8794,9450,11333,8604,8794,9450,11333,24057,25782,21370,24636, -80,-242, -10,0,68,099590
14:51:45.243 R,8623,8799,9473,11352,8623,8799,9473,11352,24059,25780,21370,24635, -82,-242,  -9,0,68,199590
14:51:45.243 R,8609,8798,9449,11338,8609,8798,9449,11338,24056,25784,21373,24642, -82,-240,  -9,0,68,299590
14:51:45.392 R,8609,8793,9451,11337,8609,8793,9451,11337,24059,25785,21370,24637, -81,-240,  -9,0,68,399590
14:51:45.392 R,8609,8801,9455,11344,8609,8801,9455,11344,24063,25790,21377,24650, -82,-241,  -9,0,68,a99650
14:51:45.392 R,8612,8804,9455,11347,8612,8804,9455,11347,24063,25791,21378,24649, -83,-240,  -8,0,68,b99650
14:51:45.392 R,8612,8806,9457,11349,8612,8806,9457,11349,24069,25798,21381,24657, -83,-240,  -8,0,68,c99650
14:51:45.392 R,8612,8804,9456,11351,8612,8804,9456,11351,24064,25794,21381,24653, -83,-241,  -9,0,68,d99650
14:51:45.542 R,8610,8806,9455,11350,8610,8806,9455,11350,24064,25794,21384,24653, -83,-242,  -9,0,68,e99650
14:51:45.542 R,8610,8792,9451,11333,8610,8792,9451,11333,24058,25782,21368,24637, -81,-241,  -9,0,68,699720
14:51:45.542 R,8607,8794,9446,11330,8607,8794,9446,11330,24058,25784,21370,24637, -80,-240,  -9,0,68,799720
14:51:45.542 R,8605,8796,9430,11323,8605,8796,9430,11323,24059,25782,21366,24634, -81,-241, -10,0,68,899720
14:51:45.542 R,8607,8792,9450,11330,8607,8792,9450,11330,24059,25784,21366,24631, -81,-242, -10,0,68,999720
14:51:45.692 R,8606,8793,9449,11329,8606,8793,9449,11329,24058,25781,21366,24633, -83,-240, -10,0,68,a99720
14:51:45.692 R,8602,8790,9446,11327,8602,8790,9446,11327,24051,25777,21366,24628, -84,-241,  -9,0,68,199780
14:51:45.692 R,8602,8790,9449,11331,8602,8790,9449,11331,24051,25782,21368,24633, -82,-241,  -8,0,68,299780
14:51:45.692 R,8609,8798,9446,11335,8609,8798,9446,11335,24049,25784,21368,24632, -83,-240,  -9,0,68,399780
14:51:45.692 R,8602,8792,9448,11329,8602,8792,9448,11329,24050,25779,21366,24635, -82,-241,  -9,0,68,499780
14:51:45.842 R,8602,8791,9446,11329,8602,8791,9446,11329,24050,25779,21366,24632, -82,-240,  -9,0,68,599780
14:51:45.842 R,8603,8791,9447,11331,8603,8791,9447,11331,24045,25778,21362,24628, -83,-241, -10,0,68,699780
14:51:45.842 R,8605,8793,9447,11331,8605,8793,9447,11331,24053,25781,21368,24635, -83,-241,  -9,0,68,c99830
14:51:45.842 R,8602,8793,9448,11334,8602,8793,9448,11334,24050,25779,21372,24638, -83,-241,  -9,0,68,d99830
14:51:45.842 R,8602,8794,9448,11332,8602,8794,9448,11332,24054,25782,21370,24635, -83,-242,  -9,0,68,e99830
14:51:46.178 R,8604,8793,9447,11334,8604,8793,9447,11334,24053,25784,21372,24635, -83,-241, -10,0,68,f99830
14:51:46.178 R,8603,8793,9449,11334,8603,8793,9449,11334,24055,25783,21370,24637, -82,-241,  -9,0,68,099830
14:51:46.178 R,8605,8797,9448,11339,8605,8797,9448,11339,24054,25783,21375,24645, -82,-241, -10,0,68,899900
14:51:46.178 R,8622,8802,9474,11355,8622,8802,9474,11355,24055,25787,21376,24647, -82,-241, -10,0,68,999900
14:51:46.178 R,8607,8797,9450,11340,8607,8797,9450,11340,24055,25787,21378,24647, -83,-242,  -9,0,68,a99900
14:51:46.178 R,8598,8795,9437,11328,8598,8795,9437,11328,24058,25783,21379,24653, -83,-241,  -9,0,68,b99900
14:51:46.181 R,8609,8797,9452,11341,8609,8797,9452,11341,24059,25786,21379,24652, -81,-241,  -9,0,68,c99900
14:51:46.181 R,8612,8804,9450,11347,8612,8804,9450,11347,24067,25789,21387,24659, -82,-242,  -9,0,68,399960
14:51:46.181 R,8613,8802,9451,11348,8613,8802,9451,11348,24068,25787,21383,24663, -83,-241, -10,0,68,499960
14:51:46.181 R,8613,8803,9453,11350,8613,8803,9453,11350,24065,25789,21388,24663, -81,-241, -10,0,68,599960
14:51:46.181 R,8612,8805,9454,11350,8612,8805,9454,11350,24067,25786,21385,24662, -81,-241, -10,0,68,699960
14:51:46.292 R,8616,8803,9453,11352,8616,8803,9453,11352,24069,25791,21391,24665, -82,-242,  -9,0,68,799960
14:51:46.292 R,8618,8806,9453,11352,8618,8806,9453,11352,24072,25792,21388,24668, -82,-242, -10,0,68,e100020
14:51:46.292 R,8615,8804,9454,11348,8615,8804,9454,11348,24075,25793,21382,24662, -81,-242, -10,0,68,f100020
14:51:46.292 R,8613,8800,9450,11345,8613,8800,9450,11345,24071,25786,21384,24657, -79,-243, -10,0,68,0100020
14:51:46.292 R,8621,8799,9450,11343,8621,8799,9450,11343,24074,25791,21385,24659, -80,-242, -10,0,68,1100020
14:51:46.442 R,8612,8797,9452,11341,8612,8797,9452,11341,24068,25780,21380,24651, -81,-240, -10,0,68,2100020
14:51:46.442 R,8610,8792,9442,11331,8610,8792,9442,11331,24063,25773,21370,24642, -82,-242, -10,0,68,9100080
14:51:46.442 R,8610,8794,9444,11331,8610,8794,9444,11331,24060,25769,21374,24641, -81,-241,  -9,0,68,a100080
14:51:46.442 R,8604,8788,9441,11329,8604,8788,9441,11329,24063,25769,21370,24642, -82,-242,  -9,0,68,b100080
14:51:46.442 R,8609,8792,9443,11331,8609,8792,9443,11331,24062,25768,21370,24639, -82,-243,  -8,0,68,c100080
14:51:46.768 R,8606,8790,9443,11329,8606,8790,9443,11329,24060,25767,21372,24637, -82,-241,  -9,0,68,d100080
14:51:46.768 R,8607,8790,9442,11330,8607,8790,9442,11330,24063,25770,21370,24636, -82,-241,  -8,0,68,e100080
14:51:46.768 R,8611,8794,9441,11331,8611,8794,9441,11331,24061,25767,21376,24642, -82,-242,  -9,0,68,5100140
14:51:46.768 R,8609,8793,9441,11333,8609,8793,9441,11333,24062,25767,21374,24644, -81,-242,  -9,0,68,6100140
14:51:46.768 R,8611,8792,9439,11331,8611,8792,9439,11331,24069,25770,21375,24651, -81,-240,  -9,0,68,7100140
14:51:46.772 R,8608,8794,9440,11332,8608,8794,9440,11332,24066,25765,21373,24643, -80,-241,  -8,0,68,8100140
14:51:46.772 R,8609,8792,9439,11334,8609,8792,9439,11334,24068,25761,21377,24640, -81,-241,  -9,0,68,9100140
14:51:46.772 R,8614,8796,9436,11337,8614,8796,9436,11337,24068,25755,21384,24652, -81,-242, -10,0,68,1100210
14:51:46.772 R,8615,8796,9433,11336,8615,8796,9433,11336,24073,25755,21382,24651, -81,-242, -10,0,68,2100210
14:51:46.772 R,8615,8798,9437,11338,8615,8798,9437,11338,24072,25752,21384,24655, -81,-242, -11,0,68,3100210
14:51:46.891 R,8615,8797,9436,11338,8615,8797,9436,11338,24076,25752,21382,24656, -80,-242, -11,0,68,4100210
14:51:46.891 R,8616,8797,9436,11337,8616,8797,9436,11337,24073,25749,21387,24654, -80,-242, -11,0,68,5100210
14:51:46.891 R,8623,8793,9460,11341,8623,8793,9460,11341,24083,25751,21396,24665, -80,-241, -10,0,68,c100270
14:51:46.891 R,8621,8806,9438,11347,8621,8806,9438,11347,24085,25750,21395,24668, -81,-242, -10,0,68,d100270
14:51:46.891 R,8622,8804,9440,11347,8622,8804,9440,11347,24084,25748,21393,24665, -81,-242, -10,0,68,e100270
14:51:46.891 R,8621,8806,9439,11347,8621,8806,9439,11347,24088,25752,21395,24665, -80,-242, -10,0,68,f100270
14:51:47.217 R,8620,8809,9440,11351,8620,8809,9440,11351,24089,25755,21398,24670, -80,-241, -10,0,68,0100270
14:51:47.217 R,8624,8810,9447,11353,8624,8810,9447,11353,24093,25766,21408,24677, -80,-241, -10,0,68,7100330
14:51:47.217 R,8626,8813,9447,11357,8626,8813,9447,11357,24096,25768,21405,24673, -81,-240,  -9,0,68,8100330
14:51:47.217 R,8626,8813,9449,11355,8626,8813,9449,11355,24092,25766,21404,24678, -81,-241,  -9,0,68,9100330
14:51:47.217 R,8625,8813,9450,11358,8625,8813,9450,11358,24095,25773,21408,24678, -80,-240,  -8,0,68,a100330
14:51:47.342 R,8618,8800,9429,11335,8618,8800,9429,11335,24094,25772,21413,24678, -81,-241, -10,0,68,b100330
14:51:47.342 R,8623,8806,9445,11345,8623,8806,9445,11345,24095,25772,21396,24667, -78,-242, -10,0,68,2100390
14:51:47.342 R,8625,8803,9444,11347,8625,8803,9444,11347,24091,25768,21392,24665, -79,-241, -10,0,68,3100390
14:51:47.342 R,8641,8806,9467,11357,8641,8806,9467,11357,24091,25765,21392,24659, -79,-240, -10,0,68,4100390
14:51:47.342 R,8622,8800,9443,11340,8622,8800,9443,11340,24091,25764,21391,24658, -78,-241, -10,0,68,5100390
14:51:47.491 R,8624,8801,9443,11337,8624,8801,9443,11337,24092,25762,21392,24658, -79,-241, -10,0,68,6100390
14:51:47.491 R,8618,8796,9436,11333,8618,8796,9436,11333,24077,25756,21388,24652, -79,-243, -10,0,68,e100460
14:51:47.491 R,8616,8797,9435,11330,8616,8797,9435,11330,24082,25754,21387,24652, -79,-241,  -9,0,68,f100460
14:51:47.491 R,8617,8797,9436,11332,8617,8797,9436,11332,24079,25755,21386,24651, -79,-243, -11,0,68,0100460
14:51:47.491 R,8616,8798,9437,11333,8616,8798,9437,11333,24082,25753,21389,24650, -81,-241, -10,0,68,1100460
14:51:47.642 R,8617,8796,9435,11332,8617,8796,9435,11332,24082,25754,21390,24649, -80,-240, -11,0,68,2100460
14:51:47.642 R,8618,8795,9436,11336,8618,8795,9436,11336,24083,25750,21392,24651, -80,-241, -11,0,68,3100460
14:51:47.642 R,8617,8798,9435,11335,8617,8798,9435,11335,24077,25747,21391,24651, -79,-242, -10,0,68,7100490
14:51:47.642 R,8620,8797,9435,11334,8620,8797,9435,11334,24080,25749,21391,24652, -80,-241, -10,0,68,8100490
14:51:47.642 R,8616,8800,9435,11334,8616,8800,9435,11334,24082,25742,21393,24660, -78,-241, -10,0,68,9100490
14:51:47.792 R,8619,8800,9433,11336,8619,8800,9433,11336,24081,25744,21388,24654, -78,-241, -11,0,68,a100490
14:51:47.792 R,8618,8799,9432,11337,8618,8799,9432,11337,24080,25745,21391,24653, -78,-240, -11,0,68,b100490
14:51:47.792 R,8623,8797,9431,11338,8623,8797,9431,11338,24086,25736,21389,24659, -70,-245, -15,0,68,1100540
14:51:47.792 R,8618,8800,9428,11338,8618,8800,9428,11338,24087,25731,21392,24657, -68,-246, -14,0,68,2100540
14:51:47.792 R,8630,8810,9440,11360,8630,8810,9440,11360,24082,25725,21388,24657, -65,-246, -15,0,68,3100540
14:51:47.942 R,8620,8798,9430,11339,8620,8798,9430,11339,24090,25732,21389,24656, -63,-248, -16,0,68,4100540
14:51:47.942 R,8624,8798,9430,11338,8624,8798,9430,11338,24091,25730,21387,24658, -63,-249, -17,0,68,5100540
14:51:47.942 R,8633,8796,9423,11335,8633,8796,9423,11335,24111,25708,21381,24655, -59,-247, -15,0,68,0100640
14:51:47.942 R,8642,8808,9434,11359,8642,8808,9434,11359,24111,25707,21380,24656, -56,-247, -15,0,68,1100640
14:51:47.942 R,8634,8797,9424,11337,8634,8797,9424,11337,24114,25711,21376,24656, -54,-249, -14,0,68,2100640
14:51:48.092 R,8636,8797,9422,11338,8636,8797,9422,11338,24114,25707,21380,24652, -51,-248, -15,0,68,3100640
14:51:48.092 R,8639,8797,9426,11338,8639,8797,9426,11338,24119,25705,21376,24647, -48,-249, -15,0,68,4100640
14:51:48.092 R,8660,8794,9449,11338,8660,8794,9449,11338,24137,25708,21374,24654, -38,-250, -11,0,68,c100710
14:51:48.092 R,8649,8796,9429,11336,8649,8796,9429,11336,24140,25704,21374,24651, -38,-251, -10,0,68,d100710
14:51:48.092 R,8649,8796,9428,11337,8649,8796,9428,11337,24137,25704,21373,24654, -39,-252, -10,0,68,e100710
14:51:48.092 R,8650,8796,9428,11336,8650,8796,9428,11336,24140,25704,21373,24654, -42,-251,  -8,0,68,f100710
14:51:48.242 R,8650,8800,9428,11342,8650,8800,9428,11342,24141,25703,21377,24653, -44,-251,  -7,0,68,0100710
14:51:48.242 R,8646,8787,9423,11326,8646,8787,9423,11326,24137,25690,21363,24642, -41,-251, -10,0,68,8100780
14:51:48.242 R,8646,8786,9418,11324,8646,8786,9418,11324,24133,25688,21362,24636, -39,-250, -12,0,68,9100780
14:51:48.242 R,8643,8784,9417,11323,8643,8784,9417,11323,24139,25683,21364,24640, -36,-248, -16,0,68,a100780
14:51:48.242 R,8644,8782,9417,11320,8644,8782,9417,11320,24133,25688,21355,24636, -30,-249, -19,0,68,b100780
14:51:48.392 R,8644,8780,9416,11320,8644,8780,9416,11320,24134,25683,21354,24631, -25,-252, -19,0,68,c100780
14:51:48.392 R,8650,8778,9409,11319,8650,8778,9409,11319,24144,25665,21346,24639,  -2,-255, -19,0,68,4100850
14:51:48.392 R,8648,8776,9410,11317,8648,8776,9410,11317,24142,25660,21349,24635,  -5,-257, -16,0,68,5100850
14:51:48.392 R,8646,8779,9409,11315,8646,8779,9409,11315,24142,25658,21355,24630,  -7,-255, -13,0,68,6100850
14:51:48.392 R,8646,8781,9409,11321,8646,8781,9409,11321,24145,25657,21351,24637, -10,-254, -12,0,68,7100850
14:51:48.541 R,8647,8783,9408,11319,8647,8783,9408,11319,24144,25662,21354,24639, -13,-252, -11,0,68,8100850
14:51:48.541 R,8647,8788,9405,11324,8647,8788,9405,11324,24140,25651,21364,24648, -23,-252,  -2,0,67,0100920
14:51:48.541 R,8649,8786,9404,11326,8649,8786,9404,11326,24139,25645,21367,24649, -22,-252,  -2,0,67,1100920
14:51:48.541 R,8649,8787,9403,11327,8649,8787,9403,11327,24139,25643,21363,24649, -21,-251,  -1,0,67,2100920
14:51:48.541 R,8649,8785,9403,11325,8649,8785,9403,11325,24143,25645,21368,24649, -21,-252,  -1,0,67,3100920
14:51:48.691 R,8651,8788,9403,11326,8651,8788,9403,11326,24138,25640,21364,24649, -20,-253,  -1,0,67,4100920
14:51:48.691 R,8646,8787,9405,11326,8646,8787,9405,11326,24143,25649,21368,24648, -19,-254,   0,0,67,5100920
14:51:48.691 R,8652,8788,9408,11332,8652,8788,9408,11332,24144,25643,21369,24651, -18,-256,   1,0,67,b100970
14:51:48.691 R,8655,8791,9407,11331,8655,8791,9407,11331,24149,25650,21370,24656, -18,-254,   0,0,67,c100970
14:51:48.691 R,8652,8790,9407,11331,8652,8790,9407,11331,24151,25651,21371,24655, -17,-255,   2,0,67,d100970
14:51:48.842 R,8651,8791,9410,11333,8651,8791,9410,11333,24149,25653,21372,24661, -18,-254,   2,0,67,e100970
14:51:48.842 R,8654,8792,9409,11334,8654,8792,9409,11334,24150,25653,21375,24661, -20,-255,   3,0,67,f100970
14:51:48.842 R,8657,8799,9410,11342,8657,8799,9410,11342,24157,25656,21384,24667, -29,-250,   8,0,67,6101030
14:51:48.842 R,8660,8797,9410,11341,8660,8797,9410,11341,24152,25653,21384,24667, -29,-249,  10,0,67,7101030
14:51:48.842 R,8659,8802,9410,11345,8659,8802,9410,11345,24158,25655,21382,24671, -31,-249,  10,0,67,8101030
14:51:48.991 R,8656,8800,9411,11346,8656,8800,9411,11346,24156,25658,21387,24673, -32,-250,  11,0,67,9101030
14:51:48.991 R,8659,8800,9413,11345,8659,8800,9413,11345,24157,25653,21388,24673, -32,-249,  10,0,67,a101030
14:51:48.991 R,8663,8816,9422,11370,8663,8816,9422,11370,24166,25668,21400,24691, -29,-254,   7,0,67,2101100
14:51:48.991 R,8663,8809,9419,11358,8663,8809,9419,11358,24165,25668,21398,24693, -32,-254,   6,0,67,3101100
14:51:48.991 R,8662,8810,9418,11361,8662,8810,9418,11361,24168,25669,21401,24696, -33,-254,   7,0,67,4101100
14:51:48.991 R,8672,8811,9418,11364,8672,8811,9418,11364,24168,25677,21406,24701, -34,-252,   8,0,67,5101100
14:51:49.141 R,8665,8812,9417,11360,8665,8812,9417,11360,24167,25669,21400,24695, -35,-253,   8,0,67,6101100
14:51:49.141 R,8662,8799,9408,11345,8662,8799,9408,11345,24158,25651,21381,24678, -35,-251,   6,0,67,d101160
14:51:49.141 R,8662,8799,9406,11344,8662,8799,9406,11344,24163,25650,21389,24680, -35,-250,   6,0,67,e101160
14:51:49.141 R,8661,8798,9404,11342,8661,8798,9404,11342,24162,25650,21387,24679, -35,-252,   6,0,67,f101160
14:51:49.141 R,8673,8799,9430,11359,8673,8799,9430,11359,24162,25643,21385,24682, -36,-251,   6,0,67,0101160
14:51:49.292 R,8661,8795,9405,11342,8661,8795,9405,11342,24164,25646,21385,24677, -39,-251,   7,0,67,1101160
14:51:49.292 R,8660,8792,9406,11320,8660,8792,9406,11320,24157,25650,21387,24678, -35,-254,   5,0,67,8101220
14:51:49.292 R,8657,8797,9408,11342,8657,8797,9408,11342,24156,25652,21386,24676, -35,-253,   4,0,68,9101220
14:51:49.292 R,8654,8799,9408,11346,8654,8799,9408,11346,24152,25653,21386,24673, -34,-253,   4,0,68,a101220
14:51:49.292 R,8657,8797,9409,11343,8657,8797,9409,11343,24155,25656,21389,24678, -35,-253,   4,0,68,b101220
14:51:49.441 R,8656,8800,9407,11343,8656,8800,9407,11343,24154,25657,21390,24678, -37,-252,   4,0,68,c101220
14:51:49.441 R,8657,8800,9406,11344,8657,8800,9406,11344,24155,25649,21389,24673, -37,-252,   3,0,68,3101280
14:51:49.441 R,8657,8801,9406,11344,8657,8801,9406,11344,24157,25653,21387,24676, -37,-251,   4,0,68,4101280
14:51:49.441 R,8659,8800,9407,11345,8659,8800,9407,11345,24153,25652,21387,24681, -37,-251,   4,0,68,5101280
14:51:49.441 R,8658,8799,9407,11345,8658,8799,9407,11345,24157,25652,21386,24676, -35,-253,   3,0,68,6101280
14:51:49.595 R,8657,8799,9407,11346,8657,8799,9407,11346,24153,25652,21390,24677, -35,-253,   3,0,68,7101280
14:51:49.595 R,8660,8802,9409,11345,8660,8802,9409,11345,24155,25655,21387,24674, -36,-252,   4,0,68,8101280
14:51:49.595 R,8662,8803,9410,11346,8662,8803,9410,11346,24156,25652,21387,24675, -35,-253,   4,0,68,e101330
14:51:49.595 R,8663,8804,9412,11347,8663,8804,9412,11347,24163,25657,21391,24682, -34,-253,   5,0,68,f101330
14:51:49.595 R,8661,8806,9409,11352,8661,8806,9409,11352,24161,25661,21392,24684, -36,-252,   3,0,68,0101330
14:51:49.742 R,8664,8807,9414,11349,8664,8807,9414,11349,24162,25664,21395,24681, -35,-252,   4,0,68,1101330
14:51:49.742 R,8657,8808,9398,11356,8657,8808,9398,11356,24158,25654,21390,24675, -35,-252,   4,0,68,2101330
14:51:49.742 R,8667,8808,9414,11355,8667,8808,9414,11355,24169,25669,21396,24689, -33,-252,   4,0,68,a101400
14:51:49.742 R,8666,8809,9420,11359,8666,8809,9420,11359,24164,25667,21388,24677, -32,-252,   4,0,68,b101400
14:51:49.742 R,8667,8808,9420,11358,8667,8808,9420,11358,24169,25674,21395,24690, -32,-252,   3,0,68,c101400
14:51:49.892 R,8667,8811,9419,11359,8667,8811,9419,11359,24169,25670,21395,24692, -33,-253,   3,0,68,d101400
14:51:49.892 R,8666,8810,9419,11358,8666,8810,9419,11358,24170,25671,21400,24692, -32,-253,   3,0,68,e101400
14:51:49.892 R,8670,8815,9421,11362,8670,8815,9421,11362,24178,25677,21402,24698, -32,-253,   3,0,68,5101460
14:51:49.892 R,8668,8815,9420,11365,8668,8815,9420,11365,24176,25678,21402,24699, -32,-253,   2,0,68,6101460
14:51:49.892 R,8672,8813,9424,11364,8672,8813,9424,11364,24180,25678,21400,24698, -32,-253,   2,0,68,7101460
14:51:49.892 R,8673,8812,9421,11362,8673,8812,9421,11362,24180,25675,21399,24694, -30,-253,   2,0,68,8101460
14:51:50.042 R,8671,8811,9420,11357,8671,8811,9420,11357,24178,25676,21394,24695, -32,-253,   3,0,68,9101460
14:51:50.042 R,8666,8799,9413,11341,8666,8799,9413,11341,24168,25660,21380,24671, -31,-252,   2,0,68,0101520
14:51:50.042 R,8652,8793,9388,11327,8652,8793,9388,11327,24168,25664,21385,24676, -32,-252,   1,0,68,1101520
14:51:50.042 R,8663,8794,9411,11339,8663,8794,9411,11339,24169,25662,21376,24668, -32,-253,   2,0,68,2101520
14:51:50.042 R,8662,8793,9411,11339,8662,8793,9411,11339,24163,25659,21380,24665, -32,-252,   2,0,68,3101520
14:51:50.192 R,8662,8795,9412,11339,8662,8795,9412,11339,24166,25663,21379,24666, -31,-253,   2,0,68,4101520
14:51:50.192 R,8659,8796,9407,11340,8659,8796,9407,11340,24158,25656,21374,24656, -31,-252,   1,0,68,c101590
14:51:50.192 R,8659,8797,9408,11336,8659,8797,9408,11336,24161,25657,21372,24662, -31,-253,   2,0,68,d101590
14:51:50.192 R,8660,8796,9409,11338,8660,8796,9409,11338,24159,25658,21374,24664, -33,-253,   3,0,68,e101590
14:51:50.192 R,8659,8796,9408,11340,8659,8796,9408,11340,24163,25663,21376,24668, -32,-252,   2,0,68,f101590
14:51:50.342 R,8659,8794,9409,11336,8659,8794,9409,11336,24162,25659,21376,24662, -32,-252,   2,0,68,0101590
14:51:50.342 R,8659,8795,9410,11341,8659,8795,9410,11341,24157,25658,21372,24663, -32,-253,   1,0,68,8101660
14:51:50.342 R,8660,8797,9413,11337,8660,8797,9413,11337,24158,25662,21374,24662, -32,-253,   1,0,68,9101660
14:51:50.342 R,8659,8796,9413,11341,8659,8796,9413,11341,24163,25658,21378,24660, -32,-253,   1,0,68,a101660
14:51:50.342 R,8659,8796,9411,11339,8659,8796,9411,11339,24159,25664,21378,24664, -34,-252,   0,0,68,b101660
14:51:50.667 R,8660,8798,9412,11340,8660,8798,9412,11340,24159,25663,21374,24666, -33,-252,   1,0,68,c101660
14:51:50.667 R,8662,8800,9415,11347,8662,8800,9415,11347,24161,25666,21378,24666, -35,-253,   0,0,68,3101720
14:51:50.667 R,8662,8801,9415,11345,8662,8801,9415,11345,24162,25669,21376,24670, -36,-253,   1,0,68,4101720
14:51:50.667 R,8663,8802,9417,11346,8663,8802,9417,11346,24160,25670,21380,24669, -35,-253,   0,0,68,5101720
14:51:50.667 R,8659,8801,9416,11345,8659,8801,9416,11345,24160,25672,21379,24672, -36,-251,   0,0,68,6101720
14:51:50.792 R,8662,8801,9417,11345,8662,8801,9417,11345,24159,25672,21378,24673, -35,-251,   0,0,68,7101720
14:51:50.792 R,8663,8803,9418,11355,8663,8803,9418,11355,24161,25673,21384,24673, -35,-252,   0,0,68,8101720
14:51:50.792 R,8666,8807,9422,11351,8666,8807,9422,11351,24166,25679,21387,24676, -35,-251,   1,0,68,e101770
14:51:50.792 R,8667,8806,9419,11356,8667,8806,9419,11356,24169,25682,21389,24679, -35,-252,   1,0,68,f101770
14:51:50.792 R,8666,8808,9422,11352,8666,8808,9422,11352,24169,25680,21387,24678, -36,-252,   1,0,68,0101770
14:51:50.801 R,8665,8812,9423,11357,8665,8812,9423,11357,24164,25679,21386,24679, -37,-252,   1,0,68,1101770
14:51:50.801 R,8667,8808,9421,11356,8667,8808,9421,11356,24164,25681,21389,24681, -37,-252,   0,0,68,2101770
14:51:50.801 R,8670,8812,9428,11361,8670,8812,9428,11361,24171,25689,21395,24692, -37,-251,   1,0,68,9101830
14:51:50.801 R,8670,8811,9427,11362,8670,8811,9427,11362,24170,25689,21393,24689, -36,-252,   0,0,68,a101830
14:51:50.801 R,8670,8814,9427,11362,8670,8814,9427,11362,24176,25688,21389,24686, -36,-252,   0,0,68,b101830
14:51:50.942 R,8673,8810,9423,11357,8673,8810,9423,11357,24170,25681,21386,24687, -38,-251,   0,0,68,c101830
14:51:50.942 R,8668,8807,9423,11358,8668,8807,9423,11358,24169,25683,21385,24678, -37,-252,   0,0,68,d101830
14:51:50.942 R,8658,8794,9416,11337,8658,8794,9416,11337,24161,25673,21369,24656, -37,-252,   0,0,68,5101900
14:51:50.942 R,8661,8795,9417,11336,8661,8795,9417,11336,24157,25676,21367,24654, -36,-253,  -1,0,68,6101900
14:51:50.942 R,8660,8794,9417,11338,8660,8794,9417,11338,24157,25672,21364,24652, -35,-252,   0,0,68,7101900
14:51:50.942 R,8658,8793,9416,11334,8658,8793,9416,11334,24155,25670,21368,24650, -36,-253,   0,0,68,8101900
14:51:51.271 R,8657,8793,9416,11333,8657,8793,9416,11333,24155,25670,21366,24651, -36,-253,   0,0,68,9101900
14:51:51.271 R,8659,8793,9415,11335,8659,8793,9415,11335,24152,25666,21366,24652, -36,-253,   0,0,68,0101960
14:51:51.271 R,8659,8794,9414,11336,8659,8794,9414,11336,24158,25665,21368,24651, -35,-254,  -1,0,68,1101960
14:51:51.271 R,8658,8791,9415,11336,8658,8791,9415,11336,24153,25668,21365,24648, -35,-252,   0,0,68,2101960
14:51:51.271 R,8656,8792,9415,11334,8656,8792,9415,11334,24150,25666,21365,24649, -36,-253,   0,0,68,3101960
14:51:51.275 R,8656,8793,9412,11336,8656,8793,9412,11336,24153,25666,21361,24648, -35,-252,   0,0,68,4101960
14:51:51.275 R,8658,8793,9415,11336,8658,8793,9415,11336,24151,25664,21363,24648, -35,-253,   0,0,68,b102020
14:51:51.275 R,8652,8792,9404,11334,8652,8792,9404,11334,24155,25663,21363,24651, -34,-253,   0,0,68,c102020
14:51:51.275 R,8657,8794,9416,11335,8657,8794,9416,11335,24155,25668,21364,24652, -35,-253,   0,0,68,d102020
14:51:51.275 R,8658,8793,9414,11337,8658,8793,9414,11337,24151,25666,21361,24652, -35,-253,   0,0,68,e102020
14:51:51.392 R,8659,8792,9417,11337,8659,8792,9417,11337,24152,25669,21364,24652, -34,-253,   1,0,68,f102020
14:51:51.392 R,8660,8799,9420,11341,8660,8799,9420,11341,24155,25675,21365,24655, -35,-252,   2,0,68,7102090
14:51:51.392 R,8660,8796,9421,11342,8660,8796,9421,11342,24154,25672,21366,24655, -34,-253,   1,0,68,8102090
14:51:51.392 R,8660,8799,9424,11345,8660,8799,9424,11345,24155,25673,21366,24656, -35,-252,   1,0,68,9102090
14:51:51.392 R,8660,8798,9420,11346,8660,8798,9420,11346,24157,25675,21370,24656, -35,-252,   2,0,68,a102090
14:51:52.016 R,8666,8800,9430,11347,8666,8800,9430,11347,24157,25681,21369,24662, -34,-252,   2,0,68,b102090
14:51:52.016 R,8662,8798,9424,11344,8662,8798,9424,11344,24158,25678,21371,24659, -35,-252,   2,0,68,c102090
14:51:52.016 R,8664,8804,9426,11349,8664,8804,9426,11349,24159,25683,21378,24666, -34,-252,   1,0,68,3102150
14:51:52.016 R,8664,8804,9428,11352,8664,8804,9428,11352,24159,25687,21377,24669, -34,-252,   3,0,68,4102150
14:51:52.016 R,8664,8804,9430,11355,8664,8804,9430,11355,24165,25689,21376,24668, -35,-252,   2,0,68,5102150
14:51:52.140 R,8666,8805,9428,11354,8666,8805,9428,11354,24161,25692,21372,24670, -35,-252,   1,0,68,6102150
14:51:52.140 R,8669,8807,9430,11357,8669,8807,9430,11357,24159,25688,21376,24666, -35,-252,   1,0,68,7102150
14:51:52.140 R,8665,8800,9425,11345,8665,8800,9425,11345,24161,25683,21371,24664, -40,-250,   2,0,68,f102220
14:51:52.140 R,8664,8799,9423,11343,8664,8799,9423,11343,24155,25680,21365,24661, -42,-250,   2,0,68,0102220
14:51:52.140 R,8660,8795,9423,11337,8660,8795,9423,11337,24154,25680,21365,24655, -45,-246,   3,0,68,1102220
14:51:52.148 R,8659,8795,9423,11339,8659,8795,9423,11339,24156,25677,21365,24650, -48,-244,   3,0,68,2102220
14:51:52.148 R,8657,8796,9423,11338,8657,8796,9423,11338,24157,25678,21361,24649, -47,-244,   2,0,68,3102220
14:51:52.148 R,8651,8792,9422,11340,8651,8792,9422,11340,24141,25680,21364,24652, -38,-254,  -9,0,68,c102300
14:51:52.148 R,8654,8795,9422,11338,8654,8795,9422,11338,24137,25680,21363,24654, -37,-254,  -8,0,68,d102300
14:51:52.148 R,8652,8796,9423,11341,8652,8796,9423,11341,24137,25682,21367,24655, -37,-254,  -9,0,68,e102300
14:51:52.148 R,8651,8794,9420,11341,8651,8794,9420,11341,24134,25682,21360,24657, -37,-253, -10,0,68,f102300
14:51:52.155 R,8649,8795,9422,11345,8649,8795,9422,11345,24134,25685,21369,24658, -37,-254, -10,0,68,0102300
14:51:52.155 R,8644,8800,9424,11346,8644,8800,9424,11346,24128,25688,21371,24663, -48,-250,  -7,0,68,7102360
14:51:52.155 R,8645,8810,9418,11362,8645,8810,9418,11362,24121,25698,21373,24666, -50,-250,  -7,0,68,8102360
14:51:52.155 R,8646,8799,9426,11349,8646,8799,9426,11349,24121,25692,21371,24664, -49,-250,  -8,0,68,9102360
14:51:52.155 R,8644,8802,9424,11349,8644,8802,9424,11349,24120,25694,21373,24667, -50,-249,  -7,0,68,a102360
14:51:52.292 R,8643,8803,9426,11351,8643,8803,9426,11351,24120,25692,21379,24667, -51,-250,  -6,0,68,b102360
14:51:52.292 R,8643,8810,9433,11361,8643,8810,9433,11361,24111,25709,21387,24675, -60,-248,  -2,0,68,5102450
14:51:52.292 R,8640,8818,9427,11373,8640,8818,9427,11373,24115,25712,21390,24681, -60,-247,  -1,0,68,6102450
14:51:52.292 R,8643,8811,9434,11362,8643,8811,9434,11362,24115,25715,21392,24682, -62,-247,   0,0,68,7102450
14:51:52.292 R,8641,8813,9434,11362,8641,8813,9434,11362,24115,25717,21393,24681, -61,-247,   0,0,68,8102450
14:51:52.448 R,8643,8813,9434,11366,8643,8813,9434,11366,24116,25715,21391,24684, -62,-247,   0,0,68,9102450
14:51:52.448 R,8641,8819,9428,11373,8641,8819,9428,11373,24114,25720,21397,24682, -63,-246,   1,0,68,f102500
14:51:52.448 R,8644,8817,9437,11374,8644,8817,9437,11374,24116,25724,21400,24696, -64,-246,   1,0,68,0102500
14:51:52.448 R,8645,8820,9438,11374,8645,8820,9438,11374,24119,25722,21401,24693, -63,-245,   2,0,68,1102500
14:51:52.448 R,8650,8821,9456,11375,8650,8821,9456,11375,24122,25730,21399,24691, -63,-245,   1,0,68,2102500
14:51:52.591 R,8645,8824,9441,11376,8645,8824,9441,11376,24115,25725,21404,24696, -65,-245,   2,0,68,3102500
14:51:52.591 R,8649,8825,9445,11384,8649,8825,9445,11384,24122,25729,21408,24705, -66,-246,   1,0,68,b102570
14:51:52.591 R,8646,8822,9442,11382,8646,8822,9442,11382,24120,25728,21408,24706, -67,-245,   0,0,68,c102570
14:51:52.591 R,8648,8823,9440,11376,8648,8823,9440,11376,24124,25728,21403,24700, -67,-245,   0,0,68,d102570
14:51:52.591 R,8647,8819,9439,11373,8647,8819,9439,11373,24122,25726,21399,24691, -67,-246,   1,0,68,e102570
14:51:52.742 R,8647,8816,9438,11368,8647,8816,9438,11368,24123,25725,21399,24692, -67,-246,   0,0,68,f102570
14:51:52.742 R,8645,8816,9435,11370,8645,8816,9435,11370,24118,25722,21395,24690, -66,-246,   0,0,68,0102570
14:51:52.742 R,8641,8808,9431,11357,8641,8808,9431,11357,24110,25708,21388,24678, -68,-246,   0,0,68,6102620
14:51:52.742 R,8637,8807,9432,11356,8637,8807,9432,11356,24108,25707,21387,24673, -68,-246,  -1,0,68,7102620
14:51:52.742 R,8639,8806,9427,11354,8639,8806,9427,11354,24106,25704,21386,24673, -68,-246,  -2,0,68,8102620
14:51:52.892 R,8640,8806,9427,11354,8640,8806,9427,11354,24107,25705,21387,24671, -68,-247,  -1,0,68,9102620
14:51:52.892 R,8638,8806,9428,11355,8638,8806,9428,11355,24107,25704,21384,24676, -68,-246,  -2,0,68,a102620
14:51:52.892 R,8639,8806,9424,11354,8639,8806,9424,11354,24103,25698,21381,24672, -69,-246,   0,0,68,4102710
14:51:52.892 R,8639,8794,9440,11336,8639,8794,9440,11336,24104,25694,21379,24669, -68,-246,   1,0,68,5102710
14:51:52.892 R,8636,8806,9424,11355,8636,8806,9424,11355,24099,25694,21383,24671, -68,-245,   1,0,68,6102710
14:51:53.042 R,8639,8803,9423,11354,8639,8803,9423,11354,24103,25692,21385,24672, -68,-245,   0,0,68,7102710
14:51:53.042 R,8639,8804,9424,11354,8639,8804,9424,11354,24101,25690,21380,24672, -67,-245,   1,0,68,8102710
14:51:53.042 R,8636,8807,9425,11357,8636,8807,9425,11357,24103,25696,21388,24679, -69,-246,   0,0,68,f102770
14:51:53.042 R,8638,8806,9422,11357,8638,8806,9422,11357,24106,25690,21384,24676, -67,-245,   0,0,68,0102770
14:51:53.042 R,8640,8806,9425,11360,8640,8806,9425,11360,24107,25693,21384,24674, -68,-246,   0,0,68,1102770
14:51:53.042 R,8639,8808,9425,11357,8639,8808,9425,11357,24099,25691,21383,24671, -68,-245,   0,0,68,2102770
14:51:53.371 R,8638,8811,9425,11357,8638,8811,9425,11357,24106,25697,21386,24674, -69,-244,   0,0,68,3102770
14:51:53.371 R,8643,8815,9429,11366,8643,8815,9429,11366,24111,25700,21393,24680, -68,-245,   0,0,68,c102850
14:51:53.371 R,8643,8815,9430,11368,8643,8815,9430,11368,24109,25700,21392,24683, -69,-245,   0,0,68,d102850
14:51:53.371 R,8644,8815,9431,11364,8644,8815,9431,11364,24108,25703,21396,24687, -69,-245,   0,0,68,e102850
14:51:53.371 R,8643,8814,9431,11367,8643,8814,9431,11367,24110,25704,21397,24683, -68,-245,   1,0,68,f102850
14:51:53.375 R,8645,8817,9431,11371,8645,8817,9431,11371,24110,25708,21396,24687, -67,-244,   0,0,68,0102850
14:51:53.375 R,8646,8819,9434,11376,8646,8819,9434,11376,24113,25708,21403,24692, -68,-246,   0,0,68,6102900
14:51:53.375 R,8647,8819,9434,11373,8647,8819,9434,11373,24117,25706,21401,24695, -67,-245,   0,0,68,7102900
14:51:53.375 R,8645,8821,9435,11381,8645,8821,9435,11381,24118,25719,21399,24697, -68,-245,   0,0,68,8102900
14:51:53.375 R,8648,8822,9435,11378,8648,8822,9435,11378,24117,25709,21402,24698, -68,-245,   0,0,68,9102900
14:51:53.491 R,8648,8822,9437,11379,8648,8822,9437,11379,24116,25709,21407,24697, -69,-246,   0,0,68,a102900
14:51:53.491 R,8646,8811,9430,11363,8646,8811,9430,11363,24117,25699,21391,24684, -67,-245,  -1,0,68,2102970
14:51:53.491 R,8646,8812,9426,11362,8646,8812,9426,11362,24118,25696,21389,24677, -68,-244,   0,0,68,3102970
14:51:53.491 R,8646,8809,9427,11358,8646,8809,9427,11358,24114,25694,21386,24676, -67,-243,  -1,0,68,4102970
14:51:53.491 R,8642,8810,9438,11378,8642,8810,9438,11378,24111,25694,21383,24671, -68,-245,   0,0,68,5102970
14:51:53.642 R,8640,8808,9427,11357,8640,8808,9427,11357,24112,25695,21389,24674, -69,-246,   0,0,68,6102970
14:51:53.642 R,8641,8807,9426,11355,8641,8807,9426,11355,24106,25693,21383,24673, -68,-246,   0,0,68,7102970
14:51:53.642 R,8639,8802,9422,11349,8639,8802,9422,11349,24101,25691,21380,24664, -68,-246,  -1,0,68,d103020
14:51:53.642 R,8634,8808,9402,11340,8634,8808,9402,11340,24099,25686,21381,24669, -68,-246,   0,0,68,e103020
14:51:53.642 R,8636,8804,9421,11352,8636,8804,9421,11352,24098,25687,21384,24665, -67,-246,   0,0,68,f103020
14:51:53.791 R,8637,8802,9423,11350,8637,8802,9423,11350,24102,25679,21383,24665, -68,-246,   0,0,68,0103020
14:51:53.791 R,8635,8804,9413,11336,8635,8804,9413,11336,24103,25684,21384,24660, -67,-245,   0,0,68,1103020
14:51:53.791 R,8636,8804,9422,11352,8636,8804,9422,11352,24101,25683,21383,24662, -68,-244,  -1,0,68,8103080
14:51:53.791 R,8637,8805,9422,11352,8637,8805,9422,11352,24101,25687,21384,24669, -68,-245,   0,0,68,9103080
14:51:53.791 R,8637,8805,9423,11353,8637,8805,9423,11353,24100,25681,21382,24665, -68,-245,   1,0,68,a103080
14:51:53.942 R,8637,8805,9421,11352,8637,8805,9421,11352,24098,25683,21382,24665, -68,-245,   1,0,68,b103080
14:51:53.942 R,8641,8807,9424,11353,8641,8807,9424,11353,24100,25685,21386,24667, -68,-244,   0,0,68,c103080
14:51:53.942 R,8638,8807,9423,11352,8638,8807,9423,11352,24098,25684,21386,24665, -67,-246,   0,0,68,3103140
14:51:53.942 R,8637,8809,9423,11354,8637,8809,9423,11354,24101,25686,21387,24670, -67,-245,   0,0,68,4103140
14:51:53.942 R,8638,8808,9423,11356,8638,8808,9423,11356,24096,25685,21388,24670, -69,-245,   0,0,68,5103140
14:51:53.942 R,8640,8809,9424,11355,8640,8809,9424,11355,24099,25686,21391,24666, -69,-244,   0,0,68,6103140
14:51:54.092 R,8640,8810,9425,11358,8640,8810,9425,11358,24100,25678,21385,24662, -68,-245,   0,0,68,7103140
14:51:54.092 R,8640,8813,9427,11362,8640,8813,9427,11362,24104,25689,21399,24675, -69,-244,   0,0,68,e103200
14:51:54.092 R,8642,8815,9428,11364,8642,8815,9428,11364,24103,25685,21397,24674, -68,-245,  -1,0,68,f103200
14:51:54.092 R,8643,8816,9430,11371,8643,8816,9430,11371,24105,25686,21398,24679, -68,-246,   0,0,68,0103200
14:51:54.092 R,8643,8817,9428,11365,8643,8817,9428,11365,24101,25682,21393,24674, -68,-245,  -1,0,68,1103200
14:51:54.242 R,8642,8816,9428,11366,8642,8816,9428,11366,24108,25686,21397,24678, -67,-246,  -1,0,68,2103200
14:51:54.242 R,8648,8820,9430,11372,8648,8820,9430,11372,24111,25693,21405,24687, -68,-245,   0,0,68,a103270
14:51:54.242 R,8647,8824,9432,11375,8647,8824,9432,11375,24116,25693,21407,24691, -68,-245,   0,0,68,b103270
14:51:54.242 R,8648,8823,9433,11376,8648,8823,9433,11376,24114,25695,21406,24689, -68,-245,   0,0,68,c103270
14:51:54.242 R,8647,8824,9432,11377,8647,8824,9432,11377,24115,25694,21410,24693, -68,-245,   0,0,68,d103270
14:51:54.392 R,8634,8815,9434,11356,8634,8815,9434,11356,24115,25697,21404,24690, -69,-245,   1,0,68,e103270
14:51:54.392 R,8646,8814,9423,11361,8646,8814,9423,11361,24112,25686,21397,24678, -67,-245,   0,0,68,5103330
14:51:54.392 R,8644,8814,9424,11359,8644,8814,9424,11359,24113,25683,21391,24674, -68,-243,   1,0,68,6103330
14:51:54.392 R,8644,8811,9424,11356,8644,8811,9424,11356,24108,25681,21392,24671, -68,-244,   0,0,68,7103330
14:51:54.392 R,8644,8810,9422,11354,8644,8810,9422,11354,24106,25682,21392,24668, -67,-244,   0,0,68,8103330
14:51:54.541 R,8642,8810,9422,11355,8642,8810,9422,11355,24106,25680,21388,24667, -69,-245,   1,0,68,9103330
14:51:54.541 R,8639,8805,9420,11352,8639,8805,9420,11352,24096,25674,21386,24664, -69,-246,   1,0,68,0103390
14:51:54.541 R,8635,8805,9419,11351,8635,8805,9419,11351,24096,25670,21376,24653, -70,-244,   1,0,68,1103390
14:51:54.541 R,8639,8806,9420,11351,8639,8806,9420,11351,24099,25672,21387,24661, -70,-246,   1,0,68,2103390
14:51:54.541 R,8638,8806,9419,11352,8638,8806,9419,11352,24096,25674,21384,24663, -69,-244,   0,0,68,3103390
14:51:54.692 R,8638,8807,9420,11352,8638,8807,9420,11352,24099,25672,21382,24661, -68,-244,   0,0,68,4103390
14:51:54.692 R,8639,8808,9420,11351,8639,8808,9420,11351,24102,25676,21383,24657, -69,-245,   0,0,68,5103390
14:51:54.692 R,8635,8821,9417,11372,8635,8821,9417,11372,24097,25676,21383,24660, -70,-245,   1,0,68,c103450
14:51:54.692 R,8635,8806,9420,11352,8635,8806,9420,11352,24096,25673,21383,24661, -70,-245,   2,0,68,d103450
14:51:54.692 R,8637,8807,9422,11354,8637,8807,9422,11354,24098,25672,21383,24660, -70,-245,   1,0,68,e103450
14:51:54.842 R,8637,8809,9420,11351,8637,8809,9420,11351,24098,25672,21385,24660, -70,-245,   1,0,68,f103450
14:51:54.842 R,8637,8821,9420,11365,8637,8821,9420,11365,24100,25673,21388,24663, -70,-245,   1,0,68,0103450
14:51:54.842 R,8639,8810,9423,11357,8639,8810,9423,11357,24098,25682,21390,24668, -70,-245,   1,0,68,8103520
14:51:54.842 R,8638,8810,9423,11356,8638,8810,9423,11356,24097,25677,21388,24663, -68,-246,   0,0,68,9103520
14:51:54.842 R,8639,8812,9422,11359,8639,8812,9422,11359,24100,25678,21391,24667, -70,-245,  -1,0,68,a103520
14:51:54.992 R,8642,8802,9425,11358,8642,8802,9425,11358,24097,25680,21387,24668, -70,-244,   0,0,68,b103520
14:51:54.992 R,8641,8812,9423,11361,8641,8812,9423,11361,24098,25678,21391,24669, -71,-245,   0,0,68,c103520
14:51:54.992 R,8637,8816,9413,11366,8637,8816,9413,11366,24105,25687,21398,24675, -71,-245,  -1,0,68,4103590
14:51:54.992 R,8644,8821,9430,11369,8644,8821,9430,11369,24102,25688,21399,24677, -70,-245,   0,0,68,5103590
14:51:54.992 R,8637,8809,9433,11349,8637,8809,9433,11349,24100,25685,21394,24672, -71,-245,  -1,0,68,6103590
14:51:54.992 R,8642,8818,9429,11369,8642,8818,9429,11369,24103,25687,21399,24678, -71,-246,  -1,0,68,7103590
14:51:55.142 R,8640,8818,9419,11372,8640,8818,9419,11372,24104,25691,21402,24679, -71,-245,  -1,0,68,8103590
14:51:55.142 R,8646,8821,9432,11372,8646,8821,9432,11372,24108,25695,21403,24682, -71,-246,  -1,0,68,0103660
14:51:55.142 R,8647,8817,9429,11369,8647,8817,9429,11369,24105,25689,21400,24681, -72,-246,  -1,0,68,1103660
14:51:55.142 R,8646,8816,9427,11365,8646,8816,9427,11365,24104,25689,21399,24680, -71,-246,   0,0,68,2103660
14:51:55.142 R,8643,8814,9428,11362,8643,8814,9428,11362,24106,25689,21396,24675, -70,-245,  -1,0,68,3103660
14:51:55.291 R,8640,8813,9424,11358,8640,8813,9424,11358,24104,25686,21394,24670, -70,-244,   0,0,68,4103660
14:51:55.291 R,8637,8807,9423,11353,8637,8807,9423,11353,24085,25670,21380,24646, -71,-245,   0,0,68,c103730
14:51:55.291 R,8635,8807,9420,11351,8635,8807,9420,11351,24094,25678,21385,24653, -72,-244,   0,0,68,d103730
14:51:55.291 R,8635,8807,9420,11351,8635,8807,9420,11351,24089,25677,21383,24654, -71,-245,   0,0,68,e103730
14:51:55.291 R,8635,8810,9420,11350,8635,8810,9420,11350,24088,25672,21384,24658, -71,-245,   0,0,68,f103730
14:51:55.442 R,8641,8814,9419,11351,8641,8814,9419,11351,24090,25673,21388,24656, -71,-245,   1,0,68,0103730
14:51:55.442 R,8633,8807,9420,11350,8633,8807,9420,11350,24087,25673,21384,24653, -70,-245,   0,0,68,8103800
14:51:55.442 R,8634,8808,9422,11350,8634,8808,9422,11350,24086,25676,21383,24653, -71,-244,   1,0,68,9103800
14:51:55.442 R,8635,8807,9420,11350,8635,8807,9420,11350,24086,25673,21384,24653, -73,-244,   1,0,68,a103800
14:51:55.442 R,8635,8808,9419,11348,8635,8808,9419,11348,24083,25675,21382,24651, -73,-244,   0,0,68,b103800
14:51:55.592 R,8631,8807,9420,11351,8631,8807,9420,11351,24085,25674,21385,24654, -73,-244,   1,0,68,c103800
14:51:55.592 R,8633,8807,9422,11349,8633,8807,9422,11349,24089,25672,21384,24657, -72,-244,   0,0,68,d103800
14:51:55.592 R,8635,8811,9422,11354,8635,8811,9422,11354,24086,25679,21386,24657, -71,-245,  -1,0,68,4103860
14:51:55.592 R,8628,8810,9409,11354,8628,8810,9409,11354,24091,25675,21389,24654, -72,-245,   0,0,68,5103860
14:51:55.592 R,8632,8811,9422,11352,8632,8811,9422,11352,24088,25677,21393,24660, -70,-245,  -1,0,68,6103860
14:51:55.742 R,8637,8801,9424,11332,8637,8801,9424,11332,24086,25680,21386,24657, -71,-245,  -1,0,68,7103860
14:51:55.742 R,8628,8806,9411,11349,8628,8806,9411,11349,24089,25676,21391,24652, -71,-245,   0,0,68,8103860
14:51:55.742 R,8638,8817,9428,11358,8638,8817,9428,11358,24092,25684,21393,24665, -71,-245,   0,0,68,f103920
14:51:55.742 R,8638,8817,9427,11359,8638,8817,9427,11359,24094,25684,21396,24667, -70,-244,   0,0,68,0103920
14:51:55.742 R,8639,8816,9428,11364,8639,8816,9428,11364,24091,25681,21395,24669, -70,-245,   0,0,68,1103920
14:51:55.891 R,8641,8815,9427,11362,8641,8815,9427,11362,24091,25687,21395,24669, -70,-245,  -1,0,68,2103920
14:51:55.891 R,8640,8820,9428,11365,8640,8820,9428,11365,24095,25685,21397,24666, -71,-245,   0,0,68,3103920
14:51:55.891 R,8644,8824,9430,11371,8644,8824,9430,11371,24100,25691,21403,24678, -72,-243,   1,0,68,a103980
14:51:55.891 R,8643,8823,9432,11372,8643,8823,9432,11372,24099,25690,21404,24676, -73,-245,   1,0,68,b103980
14:51:55.891 R,8643,8824,9433,11371,8643,8824,9433,11371,24103,25693,21405,24680, -73,-245,   1,0,68,c103980
14:51:55.891 R,8643,8826,9433,11374,8643,8826,9433,11374,24094,25681,21396,24667, -71,-245,   0,0,68,d103980
14:51:56.042 R,8646,8824,9430,11372,8646,8824,9430,11372,24105,25692,21404,24679, -70,-244,   1,0,68,e103980
14:51:56.042 R,8638,8811,9424,11351,8638,8811,9424,11351,24096,25680,21391,24655, -71,-243,   1,0,68,5104040
14:51:56.042 R,8641,8812,9423,11352,8641,8812,9423,11352,24091,25681,21387,24651, -72,-244,   0,0,68,6104040
14:51:56.042 R,8636,8809,9422,11348,8636,8809,9422,11348,24091,25680,21388,24652, -71,-245,   0,0,68,7104040
14:51:56.042 R,8636,8808,9421,11347,8636,8808,9421,11347,24089,25676,21387,24648, -71,-245,   0,0,68,8104040
14:51:56.192 R,8637,8808,9421,11348,8637,8808,9421,11348,24087,25677,21382,24649, -71,-244,  -1,0,68,9104040
14:51:56.192 R,8633,8804,9421,11336,8633,8804,9421,11336,24085,25671,21381,24642, -71,-245,   1,0,68,1104110
14:51:56.192 R,8632,8807,9420,11343,8632,8807,9420,11343,24080,25672,21382,24643, -70,-246,   0,0,68,2104110
14:51:56.192 R,8632,8805,9420,11342,8632,8805,9420,11342,24084,25673,21381,24644, -71,-244,   0,0,68,3104110
14:51:56.192 R,8632,8808,9420,11345,8632,8808,9420,11345,24085,25674,21382,24644, -70,-246,   0,0,68,4104110
14:51:56.341 R,8631,8805,9419,11347,8631,8805,9419,11347,24078,25673,21380,24640, -72,-246,   1,0,68,5104110
14:51:56.341 R,8624,8802,9408,11328,8624,8802,9408,11328,24082,25671,21381,24643, -70,-245,   1,0,68,c104170
14:51:56.341 R,8631,8806,9419,11344,8631,8806,9419,11344,24082,25675,21381,24646, -70,-244,   1,0,68,d104170
14:51:56.341 R,8631,8806,9418,11345,8631,8806,9418,11345,24083,25674,21381,24647, -70,-244,   0,0,68,e104170
14:51:56.341 R,8631,8806,9423,11347,8631,8806,9423,11347,24082,25673,21383,24640, -71,-245,   0,0,68,f104170
14:51:56.491 R,8632,8806,9420,11347,8632,8806,9420,11347,24083,25676,21381,24642, -70,-245,  -1,0,68,0104170
14:51:56.491 R,8633,8812,9423,11352,8633,8812,9423,11352,24082,25677,21387,24651, -71,-244,   0,0,68,7104230
14:51:56.491 R,8635,8809,9423,11350,8635,8809,9423,11350,24084,25678,21389,24649, -71,-245,   0,0,68,8104230
14:51:56.491 R,8635,8810,9422,11351,8635,8810,9422,11351,24087,25672,21384,24649, -71,-245,   1,0,68,9104230
14:51:56.491 R,8635,8812,9425,11353,8635,8812,9425,11353,24082,25674,21382,24640, -70,-245,   1,0,68,a104230
14:51:56.642 R,8634,8811,9423,11351,8634,8811,9423,11351,24086,25675,21388,24654, -70,-245,   1,0,68,b104230
14:51:56.642 R,8637,8813,9424,11352,8637,8813,9424,11352,24087,25677,21390,24656, -70,-244,   1,0,68,c104230
14:51:56.642 R,8638,8818,9426,11358,8638,8818,9426,11358,24094,25686,21395,24662, -70,-245,   0,0,68,3104290
14:51:56.642 R,8636,8819,9428,11360,8636,8819,9428,11360,24097,25685,21393,24663, -70,-244,   0,0,68,4104290
14:51:56.642 R,8641,8819,9430,11364,8641,8819,9430,11364,24090,25676,21399,24656, -70,-245,   0,0,68,5104290
14:51:56.965 R,8639,8820,9427,11360,8639,8820,9427,11360,24092,25686,21400,24665, -70,-246,   1,0,68,6104290
14:51:56.965 R,8639,8819,9430,11362,8639,8819,9430,11362,24093,25686,21400,24667, -71,-245,   1,0,68,7104290
14:51:56.965 R,8643,8824,9432,11373,8643,8824,9432,11373,24103,25691,21409,24678, -72,-245,   1,0,68,f104360
14:51:56.965 R,8646,8828,9433,11374,8646,8828,9433,11374,24104,25694,21410,24678, -69,-245,   0,0,68,0104360
14:51:56.965 R,8645,8825,9430,11372,8645,8825,9430,11372,24103,25688,21407,24676, -69,-245,   0,0,68,1104360
14:51:57.091 R,8646,8820,9431,11366,8646,8820,9431,11366,24105,25687,21403,24673, -71,-246,   0,0,68,2104360
14:51:57.091 R,8643,8820,9430,11362,8643,8820,9430,11362,24100,25685,21403,24670, -70,-246,   0,0,68,3104360
14:51:57.091 R,8637,8808,9420,11349,8637,8808,9420,11349,24092,25666,21394,24644, -71,-245,   0,0,68,b104430
14:51:57.091 R,8636,8810,9419,11347,8636,8810,9419,11347,24090,25669,21391,24647, -71,-245,   0,0,68,c104430
14:51:57.091 R,8636,8808,9419,11346,8636,8808,9419,11346,24086,25667,21387,24649, -71,-246,  -1,0,68,d104430
14:51:57.091 R,8635,8808,9420,11357,8635,8808,9420,11357,24088,25665,21389,24651, -71,-245,  -1,0,68,e104430
14:51:57.097 R,8635,8808,9416,11346,8635,8808,9416,11346,24084,25668,21392,24647, -71,-245,   0,0,68,f104430
14:51:57.097 R,8634,8809,9416,11344,8634,8809,9416,11344,24082,25662,21388,24647, -70,-245,   0,0,68,7104500
14:51:57.097 R,8631,8808,9417,11348,8631,8808,9417,11348,24083,25662,21387,24645, -71,-245,   1,0,68,8104500
14:51:57.097 R,8632,8807,9416,11345,8632,8807,9416,11345,24085,25664,21389,24647, -70,-245,   1,0,68,9104500
14:51:57.097 R,8631,8811,9416,11345,8631,8811,9416,11345,24083,25658,21390,24646, -71,-243,   1,0,68,a104500
14:51:57.418 R,8631,8808,9416,11347,8631,8808,9416,11347,24084,25659,21386,24643, -71,-244,   1,0,68,b104500
14:51:57.418 R,8630,8810,9415,11346,8630,8810,9415,11346,24082,25662,21390,24647, -71,-243,   1,0,68,d104510
14:51:57.418 R,8632,8809,9414,11346,8632,8809,9414,11346,24079,25657,21389,24648, -71,-245,   1,0,68,e104510
14:51:57.418 R,8631,8810,9416,11347,8631,8810,9416,11347,24086,25660,21392,24647, -70,-245,   0,0,68,f104510
14:51:57.418 R,8632,8811,9414,11344,8632,8811,9414,11344,24081,25659,21389,24647, -70,-246,   0,0,68,0104510
14:51:57.542 R,8631,8811,9415,11347,8631,8811,9415,11347,24088,25658,21393,24655, -70,-245,   0,0,68,1104510
14:51:57.542 R,8635,8816,9427,11355,8635,8816,9427,11355,24090,25678,21399,24651, -70,-245,   1,0,68,e104630
14:51:57.542 R,8636,8820,9423,11350,8636,8820,9423,11350,24088,25677,21400,24654, -69,-245,   0,0,68,f104630
14:51:57.542 R,8638,8819,9428,11355,8638,8819,9428,11355,24092,25683,21402,24651, -70,-245,   0,0,68,0104630
14:51:57.542 R,8639,8819,9427,11356,8639,8819,9427,11356,24092,25680,21404,24652, -70,-245,   0,0,68,1104630
14:51:57.692 R,8638,8818,9426,11357,8638,8818,9426,11357,24090,25683,21402,24652, -70,-245,   1,0,68,2104630
14:51:57.692 R,8641,8818,9446,11348,8641,8818,9446,11348,24092,25686,21404,24658, -70,-244,   1,0,68,3104630
14:51:57.692 R,8642,8824,9435,11360,8642,8824,9435,11360,24095,25688,21412,24656, -70,-245,   2,0,68,9104680
14:51:57.692 R,8641,8825,9435,11361,8641,8825,9435,11361,24098,25697,21412,24663, -70,-244,   2,0,68,a104680
14:51:57.692 R,8645,8828,9436,11365,8645,8828,9436,11365,24098,25704,21412,24662, -72,-245,   3,0,68,b104680
14:51:57.842 R,8645,8826,9435,11363,8645,8826,9435,11363,24101,25702,21418,24662, -70,-245,   1,0,68,c104680
14:51:57.842 R,8644,8828,9434,11365,8644,8828,9434,11365,24101,25697,21416,24668, -69,-244,   1,0,68,d104680
14:51:57.842 R,8649,8831,9441,11366,8649,8831,9441,11366,24109,25713,21422,24672, -71,-245,   2,0,68,4104740
14:51:57.842 R,8647,8830,9439,11368,8647,8830,9439,11368,24112,25709,21421,24668, -71,-245,   2,0,68,5104740
14:51:57.842 R,8647,8825,9438,11361,8647,8825,9438,11361,24108,25708,21417,24666, -70,-244,   2,0,68,6104740
14:51:57.991 R,8647,8824,9435,11357,8647,8824,9435,11357,24107,25705,21412,24660, -69,-244,   2,0,68,7104740
14:51:57.991 R,8645,8825,9435,11357,8645,8825,9435,11357,24106,25707,21412,24657, -69,-245,   2,0,68,8104740
14:51:57.991 R,8637,8817,9431,11345,8637,8817,9431,11345,24097,25701,21403,24641, -71,-246,   2,0,69,0104810
14:51:57.991 R,8639,8821,9424,11357,8639,8821,9424,11357,24094,25699,21401,24642, -71,-245,   3,0,69,1104810
14:51:57.991 R,8637,8816,9431,11344,8637,8816,9431,11344,24092,25700,21403,24636, -71,-245,   3,0,69,2104810
14:51:57.991 R,8637,8815,9430,11348,8637,8815,9430,11348,24092,25696,21402,24641, -71,-245,   3,0,69,3104810
14:51:58.142 R,8635,8816,9430,11344,8635,8816,9430,11344,24090,25695,21400,24638, -71,-244,   2,0,69,4104810
14:51:58.142 R,8637,8817,9427,11347,8637,8817,9427,11347,24092,25697,21401,24639, -70,-245,   1,0,69,b104870
14:51:58.142 R,8638,8817,9433,11346,8638,8817,9433,11346,24090,25694,21401,24640, -71,-245,   1,0,69,c104870
14:51:58.142 R,8639,8815,9431,11345,8639,8815,9431,11345,24091,25695,21403,24638, -72,-245,   1,0,69,d104870
14:51:58.142 R,8637,8818,9429,11345,8637,8818,9429,11345,24090,25694,21405,24639, -71,-244,   1,0,69,e104870
14:51:58.471 R,8637,8816,9430,11345,8637,8816,9430,11345,24088,25690,21401,24639, -71,-244,   2,0,69,f104870
14:51:58.471 R,8636,8816,9430,11350,8636,8816,9430,11350,24091,25696,21404,24648, -70,-245,   0,0,69,6104930
14:51:58.471 R,8635,8827,9437,11361,8635,8827,9437,11361,24092,25699,21402,24645, -70,-245,   0,0,69,7104930
14:51:58.471 R,8637,8816,9427,11349,8637,8816,9427,11349,24091,25699,21403,24643, -70,-245,   0,0,69,8104930
14:51:58.471 R,8636,8820,9430,11348,8636,8820,9430,11348,24089,25695,21403,24644, -70,-245,   0,0,69,9104930
14:51:58.471 R,8636,8820,9432,11349,8636,8820,9432,11349,24091,25697,21402,24645, -70,-246,   0,0,69,a104930
14:51:58.475 R,8640,8824,9434,11354,8640,8824,9434,11354,24090,25700,21407,24648, -69,-245,   1,0,69,1104990
14:51:58.475 R,8640,8823,9434,11357,8640,8823,9434,11357,24095,25706,21415,24652, -70,-246,   1,0,69,2104990
14:51:58.475 R,8639,8822,9437,11358,8639,8822,9437,11358,24096,25705,21411,24652, -70,-244,   2,0,69,3104990
14:51:58.475 R,8641,8824,9436,11358,8641,8824,9436,11358,24096,25707,21411,24652, -70,-244,   1,0,69,4104990
14:51:58.594 R,8642,8824,9435,11357,8642,8824,9435,11357,24096,25705,21413,24653, -70,-245,   2,0,69,5104990
14:51:58.594 R,8635,8823,9434,11346,8635,8823,9434,11346,24102,25715,21419,24662, -71,-244,   2,0,69,d105060
14:51:58.594 R,8646,8832,9438,11364,8646,8832,9438,11364,24103,25709,21421,24663, -70,-244,   3,0,69,e105060
14:51:58.594 R,8654,8833,9444,11371,8654,8833,9444,11371,24104,25719,21421,24669, -71,-244,   3,0,69,f105060
14:51:58.594 R,8646,8833,9442,11371,8646,8833,9442,11371,24102,25716,21424,24667, -71,-246,   3,0,69,0105060
14:51:58.742 R,8646,8832,9442,11369,8646,8832,9442,11369,24103,25712,21425,24668, -71,-246,   2,0,69,1105060
14:51:58.742 R,8646,8832,9440,11367,8646,8832,9440,11367,24107,25716,21423,24669, -70,-245,   2,0,69,2105060
14:51:58.742 R,8638,8822,9432,11353,8638,8822,9432,11353,24100,25703,21407,24651, -70,-244,   2,0,69,8105110
14:51:58.742 R,8638,8819,9431,11350,8638,8819,9431,11350,24096,25705,21404,24648, -69,-245,   0,0,69,9105110
14:51:58.742 R,8640,8820,9430,11365,8640,8820,9430,11365,24094,25702,21408,24645, -69,-244,   1,0,69,a105110
14:51:58.892 R,8637,8819,9429,11347,8637,8819,9429,11347,24094,25701,21405,24645, -69,-245,   1,0,69,b105110
14:51:58.892 R,8637,8817,9432,11347,8637,8817,9432,11347,24091,25699,21404,24644, -69,-245,   2,0,69,c105110
14:51:58.892 R,8630,8812,9424,11342,8630,8812,9424,11342,24085,25694,21399,24635, -71,-246,   2,0,69,3105170
14:51:58.892 R,8630,8813,9427,11340,8630,8813,9427,11340,24084,25694,21397,24635, -71,-245,   1,0,69,4105170
14:51:58.892 R,8630,8808,9448,11335,8630,8808,9448,11335,24082,25692,21392,24627, -70,-244,   2,0,69,5105170
14:51:59.042 R,8630,8815,9425,11343,8630,8815,9425,11343,24084,25692,21400,24636, -70,-244,   1,0,69,6105170
14:51:59.042 R,8621,8815,9416,11344,8621,8815,9416,11344,24083,25687,21397,24629, -71,-244,   1,0,69,7105170
14:51:59.042 R,8631,8815,9427,11343,8631,8815,9427,11343,24083,25690,21400,24635, -69,-245,   4,0,69,f105240
14:51:59.042 R,8630,8813,9424,11344,8630,8813,9424,11344,24085,25689,21401,24632, -69,-245,   2,0,69,0105240
14:51:59.042 R,8628,8813,9427,11344,8628,8813,9427,11344,24077,25688,21394,24630, -68,-246,   3,0,69,1105240
14:51:59.042 R,8631,8815,9427,11345,8631,8815,9427,11345,24085,25691,21403,24637, -68,-245,   3,0,69,2105240
14:51:59.191 R,8630,8816,9427,11343,8630,8816,9427,11343,24084,25692,21400,24634, -68,-245,   3,0,69,3105240
14:51:59.191 R,8631,8815,9425,11345,8631,8815,9425,11345,24086,25692,21402,24641, -69,-246,   4,0,69,a105300
14:51:59.191 R,8631,8817,9426,11347,8631,8817,9426,11347,24085,25694,21403,24641, -69,-245,   3,0,69,b105300
14:51:59.191 R,8632,8819,9428,11349,8632,8819,9428,11349,24086,25696,21403,24639, -69,-245,   3,0,69,c105300
14:51:59.191 R,8631,8820,9430,11348,8631,8820,9430,11348,24086,25696,21407,24642, -68,-245,   3,0,69,d105300
14:51:59.343 R,8632,8821,9427,11349,8632,8821,9427,11349,24089,25696,21407,24639, -69,-245,   3,0,69,e105300
14:51:59.343 R,8635,8827,9432,11357,8635,8827,9432,11357,24091,25703,21416,24650, -69,-245,   3,0,69,5105360
14:51:59.343 R,8634,8825,9432,11358,8634,8825,9432,11358,24092,25708,21414,24652, -69,-246,   2,0,69,6105360
14:51:59.343 R,8637,8826,9435,11358,8637,8826,9435,11358,24094,25706,21416,24651, -70,-245,   2,0,69,7105360
14:51:59.343 R,8637,8825,9433,11357,8637,8825,9433,11357,24090,25705,21415,24653, -69,-245,   2,0,69,8105360
14:51:59.492 R,8638,8826,9437,11358,8638,8826,9437,11358,24093,25711,21416,24653, -69,-245,   2,0,69,9105360
14:51:59.492 R,8630,8823,9418,11359,8630,8823,9418,11359,24098,25709,21418,24649, -70,-244,   2,0,69,0105420
14:51:59.492 R,8640,8832,9441,11363,8640,8832,9441,11363,24100,25717,21420,24661, -70,-246,   3,0,69,1105420
14:51:59.492 R,8640,8832,9439,11367,8640,8832,9439,11367,24103,25715,21424,24662, -70,-246,   3,0,69,2105420
14:51:59.492 R,8640,8834,9437,11367,8640,8834,9437,11367,24102,25718,21424,24661, -69,-245,   2,0,69,3105420
14:51:59.642 R,8643,8830,9441,11365,8643,8830,9441,11365,24100,25718,21424,24663, -69,-246,   2,0,69,4105420
14:51:59.642 R,8641,8828,9438,11363,8641,8828,9438,11363,24103,25715,21422,24660, -69,-246,   2,0,69,5105420
14:51:59.642 R,8634,8819,9431,11345,8634,8819,9431,11345,24093,25702,21406,24636, -66,-245,   2,0,69,c105480
14:51:59.642 R,8630,8817,9427,11342,8630,8817,9427,11342,24096,25706,21406,24639, -69,-246,   3,0,69,d105480
14:51:59.642 R,8633,8817,9428,11344,8633,8817,9428,11344,24090,25704,21402,24634, -69,-245,   2,0,69,e105480
14:51:59.791 R,8632,8814,9428,11340,8632,8814,9428,11340,24090,25703,21405,24632, -71,-246,   3,0,69,f105480
14:51:59.791 R,8630,8814,9430,11341,8630,8814,9430,11341,24088,25704,21403,24631, -72,-245,   2,0,69,0105480
14:51:59.791 R,8626,8813,9429,11339,8626,8813,9429,11339,24079,25701,21403,24621, -71,-242,   5,0,69,8105550
14:51:59.791 R,8628,8816,9427,11340,8628,8816,9427,11340,24080,25700,21404,24622, -69,-243,   5,0,69,9105550
14:51:59.791 R,8625,8816,9426,11339,8625,8816,9426,11339,24079,25702,21402,24620, -68,-245,   5,0,69,a105550
14:51:59.942 R,8625,8816,9428,11342,8625,8816,9428,11342,24081,25699,21404,24622, -69,-246,   4,0,69,b105550
14:51:59.942 R,8624,8815,9427,11338,8624,8815,9427,11338,24081,25700,21402,24626, -68,-246,   4,0,69,c105550
14:51:59.942 R,8625,8817,9427,11339,8625,8817,9427,11339,24079,25698,21403,24624, -68,-245,   4,0,69,4105620
14:51:59.942 R,8626,8818,9425,11342,8626,8818,9425,11342,24078,25701,21405,24628, -69,-245,   4,0,69,5105620
14:51:59.942 R,8626,8818,9428,11341,8626,8818,9428,11341,24077,25704,21405,24628, -70,-245,   4,0,69,6105620
14:51:59.942 R,8627,8820,9427,11340,8627,8820,9427,11340,24078,25700,21405,24624, -68,-246,   3,0,69,7105620
14:52:00.092 R,8628,8818,9426,11341,8628,8818,9426,11341,24084,25703,21406,24626, -69,-245,   4,0,69,8105620
14:52:00.092 R,8629,8823,9431,11344,8629,8823,9431,11344,24089,25706,21407,24633, -69,-246,   4,0,69,f105680
14:52:00.092 R,8631,8821,9432,11346,8631,8821,9432,11346,24083,25705,21409,24635, -70,-244,   4,0,69,0105680
14:52:00.092 R,8630,8824,9431,11345,8630,8824,9431,11345,24085,25707,21410,24637, -69,-245,   4,0,69,1105680
14:52:00.092 R,8630,8821,9432,11347,8630,8821,9432,11347,24088,25707,21411,24638, -69,-245,   4,0,69,2105680
14:52:00.423 R,8632,8821,9432,11349,8632,8821,9432,11349,24088,25702,21418,24640, -69,-245,   4,0,69,3105680
14:52:00.423 R,8634,8827,9434,11354,8634,8827,9434,11354,24091,25713,21417,24649, -70,-245,   4,0,69,a105740
14:52:00.423 R,8632,8828,9435,11355,8632,8828,9435,11355,24090,25711,21420,24650, -71,-245,   4,0,69,b105740
14:52:00.423 R,8635,8827,9434,11358,8635,8827,9434,11358,24094,25714,21420,24648, -70,-245,   4,0,69,c105740
14:52:00.423 R,8633,8830,9432,11355,8633,8830,9432,11355,24098,25712,21418,24643, -70,-246,   4,0,69,d105740
14:52:00.426 R,8636,8829,9435,11361,8636,8829,9435,11361,24095,25713,21422,24652, -70,-245,   4,0,69,e105740
14:52:00.426 R,8641,8834,9439,11366,8641,8834,9439,11366,24101,25722,21430,24658, -70,-244,   4,0,69,5105800
14:52:00.426 R,8640,8834,9439,11367,8640,8834,9439,11367,24103,25722,21428,24666, -70,-245,   5,0,69,6105800
14:52:00.426 R,8640,8835,9439,11366,8640,8835,9439,11366,24103,25718,21430,24659, -69,-245,   4,0,69,7105800
14:52:00.426 R,8642,8834,9438,11365,8642,8834,9438,11365,24108,25720,21430,24662, -69,-245,   4,0,69,8105800
14:52:00.542 R,8641,8833,9437,11362,8641,8833,9437,11362,24102,25719,21422,24655, -69,-246,   3,0,69,9105800
14:52:00.542 R,8632,8821,9429,11344,8632,8821,9429,11344,24093,25704,21409,24636, -71,-245,   4,0,69,1105870
14:52:00.542 R,8631,8819,9426,11343,8631,8819,9426,11343,24092,25700,21409,24636, -71,-245,   4,0,69,2105870
14:52:00.542 R,8631,8818,9425,11342,8631,8818,9425,11342,24090,25699,21408,24642, -70,-245,   4,0,69,3105870
14:52:00.542 R,8631,8821,9427,11341,8631,8821,9427,11341,24088,25701,21409,24632, -70,-245,   4,0,69,4105870
14:52:00.692 R,8631,8818,9426,11340,8631,8818,9426,11340,24094,25702,21405,24632, -71,-245,   5,0,69,5105870
14:52:00.692 R,8632,8819,9423,11339,8632,8819,9423,11339,24087,25700,21406,24629, -69,-245,   5,0,69,6105870
14:52:00.692 R,8617,8817,9400,11325,8617,8817,9400,11325,24092,25702,21409,24635, -69,-244,   5,0,69,c105920
14:52:00.692 R,8628,8817,9424,11340,8628,8817,9424,11340,24086,25697,21404,24631, -70,-244,   5,0,69,d105920
14:52:00.692 R,8629,8814,9426,11340,8629,8814,9426,11340,24088,25697,21406,24630, -71,-245,   5,0,69,e105920
14:52:00.842 R,8628,8818,9424,11340,8628,8818,9424,11340,24091,25699,21407,24631, -70,-246,   6,0,69,f105920
14:52:00.842 R,8629,8817,9426,11342,8629,8817,9426,11342,24089,25700,21404,24628, -71,-245,   6,0,69,0105920
14:52:00.842 R,8632,8820,9426,11343,8632,8820,9426,11343,24090,25697,21404,24630, -70,-244,   4,0,69,9106000
14:52:00.842 R,8617,8817,9401,11328,8617,8817,9401,11328,24092,25697,21412,24633, -71,-245,   5,0,69,a106000
14:52:00.842 R,8630,8819,9427,11342,8630,8819,9427,11342,24089,25699,21408,24631, -71,-244,   5,0,69,b106000
14:52:00.991 R,8630,8821,9424,11343,8630,8821,9424,11343,24090,25696,21407,24631, -71,-244,   5,0,69,c106000
14:52:00.991 R,8632,8820,9426,11344,8632,8820,9426,11344,24091,25700,21409,24635, -71,-243,   5,0,69,d106000
14:52:00.991 R,8632,8824,9427,11347,8632,8824,9427,11347,24091,25701,21413,24638, -72,-245,   4,0,69,3106050
14:52:00.991 R,8634,8824,9429,11347,8634,8824,9429,11347,24096,25704,21414,24637, -71,-245,   4,0,69,4106050
14:52:00.991 R,8633,8824,9427,11347,8633,8824,9427,11347,24097,25704,21415,24641, -69,-244,   3,0,69,5106050
14:52:00.991 R,8632,8823,9428,11349,8632,8823,9428,11349,24096,25703,21411,24637, -71,-245,   3,0,69,6106050
14:52:01.141 R,8635,8823,9429,11350,8635,8823,9429,11350,24101,25703,21415,24643, -71,-245,   3,0,69,7106050
14:52:01.141 R,8641,8831,9432,11358,8641,8831,9432,11358,24105,25712,21424,24647, -69,-245,   3,0,69,0106130
14:52:01.141 R,8639,8833,9433,11357,8639,8833,9433,11357,24105,25713,21422,24651, -68,-246,   4,0,69,1106130
14:52:01.141 R,8639,8831,9433,11359,8639,8831,9433,11359,24106,25712,21424,24655, -68,-245,   4,0,69,2106130
14:52:01.141 R,8641,8831,9437,11362,8641,8831,9437,11362,24105,25714,21425,24654, -69,-246,   4,0,69,3106130
14:52:01.292 R,8644,8832,9435,11361,8644,8832,9435,11361,24106,25716,21420,24654, -69,-245,   4,0,69,4106130
14:52:01.292 R,8646,8838,9438,11368,8646,8838,9438,11368,24112,25720,21434,24671, -70,-246,   4,0,69,b106190
14:52:01.292 R,8645,8836,9438,11367,8645,8836,9438,11367,24117,25720,21431,24663, -68,-246,   5,0,69,c106190
14:52:01.292 R,8646,8834,9438,11366,8646,8834,9438,11366,24117,25722,21429,24665, -69,-247,   5,0,69,d106190
14:52:01.292 R,8644,8834,9438,11364,8644,8834,9438,11364,24115,25719,21427,24661, -71,-246,   5,0,69,e106190
14:52:01.441 R,8645,8832,9438,11359,8645,8832,9438,11359,24113,25723,21424,24653, -70,-246,   6,0,69,f106190
14:52:01.441 R,8635,8822,9432,11346,8635,8822,9432,11346,24103,25711,21411,24638, -69,-246,   5,0,69,8106270
14:52:01.441 R,8638,8822,9429,11344,8638,8822,9429,11344,24101,25709,21414,24632, -69,-245,   5,0,69,9106270
14:52:01.441 R,8634,8820,9428,11342,8634,8820,9428,11342,24104,25712,21412,24634, -70,-246,   6,0,69,a106270
14:52:01.441 R,8636,8821,9429,11343,8636,8821,9429,11343,24100,25710,21411,24634, -70,-245,   6,0,69,b106270
14:52:01.592 R,8635,8820,9429,11341,8635,8820,9429,11341,24102,25709,21412,24630, -70,-245,   7,0,69,c106270
14:52:01.592 R,8634,8821,9432,11341,8634,8821,9432,11341,24099,25709,21412,24631, -69,-244,   7,0,69,d106270
14:52:01.592 R,8637,8826,9429,11342,8637,8826,9429,11342,24101,25710,21414,24632, -72,-245,   6,0,69,3106320
14:52:01.592 R,8634,8824,9429,11344,8634,8824,9429,11344,24099,25713,21414,24632, -71,-245,   6,0,69,4106320
14:52:01.592 R,8632,8824,9429,11341,8632,8824,9429,11341,24096,25711,21410,24632, -72,-245,   6,0,69,5106320
14:52:01.742 R,8634,8823,9432,11345,8634,8823,9432,11345,24096,25709,21410,24630, -72,-245,   7,0,69,6106320
14:52:01.742 R,8633,8825,9433,11360,8633,8825,9433,11360,24101,25712,21411,24633, -72,-244,   6,0,69,7106320
14:52:01.742 R,8632,8826,9431,11349,8632,8826,9431,11349,24095,25706,21417,24634, -74,-244,   6,0,69,0106400
14:52:01.742 R,8632,8825,9429,11351,8632,8825,9429,11351,24095,25708,21413,24635, -73,-243,   6,0,69,1106400
14:52:01.742 R,8631,8825,9427,11351,8631,8825,9427,11351,24096,25706,21415,24636, -73,-244,   6,0,69,2106400
14:52:01.892 R,8632,8825,9429,11349,8632,8825,9429,11349,24093,25705,21417,24638, -75,-243,   5,0,69,3106400
14:52:01.892 R,8632,8825,9433,11351,8632,8825,9433,11351,24093,25708,21416,24640, -75,-243,   5,0,69,4106400
14:52:01.892 R,8638,8839,9420,11366,8638,8839,9420,11366,24098,25713,21420,24648, -73,-243,   4,0,69,b106460
14:52:01.892 R,8637,8831,9434,11356,8637,8831,9434,11356,24098,25714,21420,24645, -73,-244,   5,0,69,c106460
14:52:01.892 R,8632,8831,9434,11357,8632,8831,9434,11357,24096,25716,21421,24647, -73,-244,   4,0,69,d106460
14:52:01.892 R,8636,8831,9437,11359,8636,8831,9437,11359,24101,25718,21422,24648, -73,-245,   5,0,69,e106460
14:52:02.042 R,8634,8830,9433,11357,8634,8830,9433,11357,24098,25719,21422,24652, -73,-243,   5,0,69,f106460
14:52:02.042 R,8641,8836,9440,11366,8641,8836,9440,11366,24106,25724,21426,24655, -75,-243,   6,0,69,7106530
14:52:02.042 R,8636,8832,9430,11350,8636,8832,9430,11350,24106,25727,21425,24652, -74,-244,   6,0,69,8106530
14:52:02.042 R,8641,8838,9438,11367,8641,8838,9438,11367,24105,25729,21429,24659, -75,-244,   6,0,69,9106530
14:52:02.042 R,8646,8840,9441,11372,8646,8840,9441,11372,24108,25729,21430,24660, -75,-245,   6,0,69,a106530
14:52:02.192 R,8642,8835,9440,11366,8642,8835,9440,11366,24108,25724,21428,24660, -74,-244,   5,0,69,b106530
14:52:02.192 R,8638,8828,9432,11351,8638,8828,9432,11351,24102,25715,21412,24643, -72,-244,   6,0,69,1106580
14:52:02.192 R,8636,8824,9432,11349,8636,8824,9432,11349,24101,25715,21413,24639, -72,-244,   5,0,69,2106580
14:52:02.192 R,8637,8823,9431,11346,8637,8823,9431,11346,24102,25716,21411,24633, -73,-244,   6,0,69,3106580
14:52:02.192 R,8636,8823,9429,11344,8636,8823,9429,11344,24102,25716,21410,24636, -73,-244,   5,0,69,4106580
14:52:02.343 R,8635,8824,9431,11344,8635,8824,9431,11344,24099,25715,21409,24631, -73,-245,   5,0,69,5106580
14:52:02.343 R,8630,8817,9426,11340,8630,8817,9426,11340,24095,25709,21403,24626, -73,-244,   6,0,69,c106640
14:52:02.343 R,8625,8813,9422,11321,8625,8813,9422,11321,24095,25710,21403,24619, -74,-244,   6,0,69,d106640
14:52:02.343 R,8631,8818,9428,11341,8631,8818,9428,11341,24096,25708,21403,24624, -74,-245,   7,0,69,e106640
14:52:02.343 R,8632,8820,9430,11341,8632,8820,9430,11341,24093,25713,21406,24624, -73,-244,   7,0,69,f106640
14:52:02.491 R,8632,8819,9427,11341,8632,8819,9427,11341,24094,25714,21406,24625, -74,-243,   6,0,69,0106640
14:52:02.491 R,8632,8818,9431,11340,8632,8818,9431,11340,24092,25708,21405,24625, -73,-244,   8,0,69,1106640
14:52:02.491 R,8623,8809,9407,11318,8623,8809,9407,11318,24094,25708,21410,24627, -74,-244,   6,0,69,8106700
14:52:02.491 R,8633,8821,9431,11344,8633,8821,9431,11344,24093,25714,21406,24625, -74,-244,   7,0,69,9106700
14:52:02.491 R,8630,8821,9430,11342,8630,8821,9430,11342,24095,25710,21406,24625, -74,-243,   7,0,69,a106700
14:52:02.643 R,8631,8820,9428,11340,8631,8820,9428,11340,24095,25711,21406,24628, -73,-243,   7,0,69,b106700
14:52:02.643 R,8630,8821,9432,11343,8630,8821,9432,11343,24095,25713,21403,24624, -74,-244,   6,0,69,c106700
14:52:02.643 R,8620,8826,9405,11341,8620,8826,9405,11341,24096,25713,21409,24635, -73,-244,   7,0,69,3106760
14:52:02.643 R,8633,8824,9432,11347,8633,8824,9432,11347,24097,25713,21408,24632, -73,-244,   7,0,69,4106760
14:52:02.643 R,8637,8823,9454,11347,8637,8823,9454,11347,24096,25707,21409,24633, -73,-244,   6,0,69,5106760
14:52:02.791 R,8635,8825,9433,11348,8635,8825,9433,11348,24094,25714,21408,24628, -75,-245,   8,0,69,6106760
14:52:02.791 R,8634,8824,9434,11349,8634,8824,9434,11349,24092,25712,21413,24634, -74,-244,   7,0,69,7106760
14:52:02.791 R,8637,8828,9439,11355,8637,8828,9439,11355,24100,25725,21416,24643, -75,-244,   7,0,69,e106820
14:52:02.791 R,8638,8829,9436,11355,8638,8829,9436,11355,24099,25721,21415,24642, -74,-244,   6,0,69,f106820
14:52:02.791 R,8637,8832,9437,11356,8637,8832,9437,11356,24100,25718,21418,24643, -74,-244,   7,0,69,0106820
14:52:02.942 R,8639,8829,9439,11356,8639,8829,9439,11356,24102,25724,21418,24643, -74,-243,   7,0,69,1106820
14:52:02.942 R,8646,8844,9449,11379,8646,8844,9449,11379,24102,25725,21421,24648, -73,-243,   7,0,69,2106820
14:52:02.942 R,8642,8836,9440,11367,8642,8836,9440,11367,24110,25726,21424,24656, -74,-244,   7,0,69,a106890
14:52:02.942 R,8641,8834,9443,11364,8641,8834,9443,11364,24113,25728,21425,24656, -73,-243,   7,0,69,b106890
14:52:02.942 R,8642,8832,9439,11363,8642,8832,9439,11363,24111,25724,21420,24654, -72,-244,   6,0,69,c106890
14:52:02.942 R,8644,8833,9441,11361,8644,8833,9441,11361,24116,25730,21424,24657, -73,-244,   7,0,69,d106890
14:52:03.091 R,8641,8831,9436,11358,8641,8831,9436,11358,24107,25720,21420,24647, -73,-245,   7,0,69,e106890
14:52:03.091 R,8636,8820,9431,11340,8636,8820,9431,11340,24093,25709,21403,24621, -74,-244,   6,0,69,6106960
14:52:03.091 R,8634,8820,9430,11340,8634,8820,9430,11340,24095,25710,21404,24623, -74,-243,   6,0,69,7106960
14:52:03.091 R,8633,8819,9428,11340,8633,8819,9428,11340,24094,25710,21403,24621, -74,-244,   6,0,69,8106960
14:52:03.091 R,8624,8813,9414,11314,8624,8813,9414,11314,24094,25710,21402,24614, -74,-243,   5,0,69,9106960
14:52:03.241 R,8632,8818,9429,11336,8632,8818,9429,11336,24090,25710,21398,24617, -73,-244,   5,0,69,a106960
14:52:03.241 R,8631,8817,9427,11337,8631,8817,9427,11337,24092,25706,21395,24618, -73,-244,   6,0,69,2107030
14:52:03.241 R,8629,8818,9427,11338,8629,8818,9427,11338,24089,25704,21399,24620, -72,-245,   7,0,69,3107030
14:52:03.241 R,8630,8819,9429,11335,8630,8819,9429,11335,24091,25707,21402,24619, -71,-245,   7,0,69,4107030
14:52:03.241 R,8630,8817,9429,11340,8630,8817,9429,11340,24090,25705,21399,24619, -73,-245,   6,0,69,5107030
14:52:03.391 R,8630,8819,9428,11337,8630,8819,9428,11337,24088,25709,21399,24622, -72,-243,   6,0,69,6107030
14:52:03.391 R,8631,8818,9430,11340,8631,8818,9430,11340,24090,25708,21399,24622, -70,-245,   6,0,69,d107090
14:52:03.391 R,8630,8818,9430,11338,8630,8818,9430,11338,24091,25708,21399,24619, -72,-245,   5,0,69,e107090
14:52:03.391 R,8641,8826,9430,11347,8641,8826,9430,11347,24087,25704,21399,24622, -73,-245,   6,0,69,f107090
14:52:03.391 R,8631,8819,9431,11341,8631,8819,9431,11341,24091,25709,21401,24621, -74,-243,   6,0,69,0107090
14:52:03.717 R,8630,8818,9428,11339,8630,8818,9428,11339,24091,25707,21402,24623, -74,-244,   5,0,69,1107090
14:52:03.717 R,8632,8817,9430,11337,8632,8817,9430,11337,24089,25706,21400,24623, -76,-244,   6,0,69,2107090
14:52:03.717 R,8633,8823,9431,11343,8633,8823,9431,11343,24094,25716,21401,24629, -75,-243,   7,0,69,8107140
14:52:03.717 R,8636,8822,9430,11343,8636,8822,9430,11343,24092,25711,21405,24628, -75,-243,   7,0,69,9107140
14:52:03.717 R,8635,8823,9433,11345,8635,8823,9433,11345,24095,25711,21410,24626, -74,-243,   6,0,69,a107140
14:52:03.841 R,8635,8823,9432,11345,8635,8823,9432,11345,24091,25710,21406,24629, -73,-244,   6,0,69,b107140
14:52:03.841 R,8639,8823,9434,11345,8639,8823,9434,11345,24099,25712,21410,24631, -73,-244,   6,0,69,c107140
14:52:03.841 R,8638,8828,9436,11354,8638,8828,9436,11354,24098,25714,21409,24637, -73,-245,   5,0,69,3107200
14:52:03.841 R,8640,8827,9436,11354,8640,8827,9436,11354,24101,25714,21415,24636, -74,-245,   6,0,69,4107200
14:52:03.841 R,8637,8827,9436,11352,8637,8827,9436,11352,24100,25715,21411,24640, -73,-245,   5,0,69,5107200
14:52:03.992 R,8639,8829,9437,11355,8639,8829,9437,11355,24101,25717,21415,24640, -74,-245,   5,0,69,6107200
14:52:03.992 R,8639,8830,9437,11357,8639,8830,9437,11357,24101,25718,21411,24641, -72,-243,   4,0,69,7107200
14:52:03.992 R,8644,8828,9437,11356,8644,8828,9437,11356,24107,25717,21413,24643, -73,-245,   6,0,69,f107270
14:52:03.992 R,8641,8826,9437,11355,8641,8826,9437,11355,24108,25711,21411,24634, -74,-244,   6,0,69,0107270
14:52:03.992 R,8642,8825,9433,11347,8642,8825,9433,11347,24105,25711,21409,24635, -73,-244,   5,0,69,1107270
14:52:03.992 R,8642,8822,9432,11345,8642,8822,9432,11345,24103,25707,21407,24630, -73,-244,   6,0,69,2107270
14:52:04.142 R,8639,8820,9431,11337,8639,8820,9431,11337,24100,25710,21406,24626, -74,-243,   5,0,69,3107270
14:52:04.142 R,8632,8815,9427,11335,8632,8815,9427,11335,24094,25699,21398,24615, -75,-244,   4,0,68,a107330
14:52:04.142 R,8636,8816,9425,11335,8636,8816,9425,11335,24091,25698,21399,24613, -76,-244,   5,0,68,b107330
14:52:04.142 R,8631,8814,9425,11333,8631,8814,9425,11333,24087,25689,21392,24611, -76,-245,   5,0,68,c107330
14:52:04.142 R,8632,8812,9424,11333,8632,8812,9424,11333,24088,25697,21397,24612, -75,-244,   5,0,68,d107330
14:52:04.292 R,8632,8813,9427,11334,8632,8813,9427,11334,24090,25697,21396,24610, -75,-244,   6,0,68,e107330
14:52:04.292 R,8632,8815,9425,11331,8632,8815,9425,11331,24090,25696,21397,24610, -75,-244,   5,0,68,5107390
14:52:04.292 R,8632,8816,9426,11334,8632,8816,9426,11334,24089,25697,21397,24612, -75,-245,   5,0,68,6107390
14:52:04.292 R,8632,8817,9425,11334,8632,8817,9425,11334,24091,25695,21395,24612, -74,-245,   5,0,68,7107390
14:52:04.292 R,8633,8816,9426,11334,8633,8816,9426,11334,24087,25694,21393,24612, -75,-243,   5,0,68,8107390
14:52:04.444 R,8632,8816,9426,11334,8632,8816,9426,11334,24089,25694,21398,24610, -75,-243,   6,0,68,9107390
14:52:04.444 R,8630,8816,9427,11336,8630,8816,9427,11336,24092,25701,21397,24612, -72,-244,   5,0,68,0107450
14:52:04.444 R,8631,8817,9428,11336,8631,8817,9428,11336,24089,25695,21394,24613, -73,-245,   5,0,68,1107450
14:52:04.444 R,8631,8816,9426,11337,8631,8816,9426,11337,24089,25699,21401,24615, -74,-244,   4,0,68,2107450
14:52:04.444 R,8632,8819,9427,11337,8632,8819,9427,11337,24086,25689,21398,24615, -74,-243,   5,0,68,3107450
14:52:04.592 R,8633,8820,9428,11338,8633,8820,9428,11338,24090,25700,21399,24615, -75,-243,   6,0,68,4107450
14:52:04.592 R,8634,8820,9430,11336,8634,8820,9430,11336,24086,25699,21396,24614, -75,-244,   5,0,68,5107450
14:52:04.592 R,8635,8822,9430,11344,8635,8822,9430,11344,24089,25706,21404,24620, -74,-243,   5,0,68,c107510
14:52:04.592 R,8633,8825,9431,11344,8633,8825,9431,11344,24092,25706,21403,24622, -73,-244,   4,0,68,d107510
14:52:04.592 R,8636,8822,9430,11346,8636,8822,9430,11346,24094,25706,21405,24624, -73,-245,   5,0,68,e107510
14:52:04.742 R,8635,8822,9431,11345,8635,8822,9431,11345,24092,25706,21404,24624, -74,-243,   5,0,68,f107510
14:52:04.742 R,8637,8824,9432,11344,8637,8824,9432,11344,24096,25707,21404,24625, -74,-244,   5,0,68,0107510
14:52:04.742 R,8639,8827,9435,11352,8639,8827,9435,11352,24096,25711,21407,24627, -73,-243,   5,0,68,7107570
14:52:04.742 R,8637,8828,9434,11354,8637,8828,9434,11354,24095,25712,21414,24637, -74,-243,   5,0,68,8107570
14:52:04.742 R,8639,8830,9436,11354,8639,8830,9436,11354,24097,25716,21416,24636, -75,-242,   4,0,68,9107570
14:52:04.892 R,8640,8832,9438,11357,8640,8832,9438,11357,24097,25715,21415,24637, -75,-243,   4,0,68,a107570
14:52:04.892 R,8648,8831,9441,11356,8648,8831,9441,11356,24100,25715,21416,24637, -75,-243,   5,0,68,b107570
14:52:04.892 R,8635,8819,9430,11340,8635,8819,9430,11340,24090,25705,21402,24621, -73,-243,   4,0,68,2107630
14:52:04.892 R,8635,8814,9430,11331,8635,8814,9430,11331,24092,25704,21401,24618, -73,-244,   4,0,68,3107630
14:52:04.892 R,8634,8819,9431,11341,8634,8819,9431,11341,24092,25706,21397,24612, -73,-244,   3,0,68,4107630
14:52:04.892 R,8633,8816,9429,11335,8633,8816,9429,11335,24088,25703,21395,24613, -74,-244,   3,0,68,5107630
14:52:05.220 R,8632,8817,9429,11335,8632,8817,9429,11335,24085,25702,21397,24616, -75,-245,   4,0,68,6107630
14:52:05.220 R,8627,8813,9426,11331,8627,8813,9426,11331,24077,25697,21395,24606, -75,-244,   5,0,68,d107690
14:52:05.220 R,8628,8814,9426,11330,8628,8814,9426,11330,24079,25695,21390,24608, -75,-244,   4,0,68,e107690
14:52:05.220 R,8628,8813,9425,11329,8628,8813,9425,11329,24074,25693,21386,24599, -74,-244,   5,0,68,f107690
14:52:05.220 R,8628,8814,9424,11329,8628,8814,9424,11329,24079,25693,21393,24603, -73,-244,   4,0,68,0107690
14:52:05.225 R,8627,8814,9423,11328,8627,8814,9423,11328,24078,25698,21392,24607, -73,-243,   4,0,68,1107690
14:52:05.225 R,8631,8814,9426,11329,8631,8814,9426,11329,24079,25694,21392,24604, -75,-243,   4,0,68,9107760
14:52:05.225 R,8628,8813,9425,11329,8628,8813,9425,11329,24075,25699,21390,24605, -73,-243,   5,0,68,a107760
14:52:05.225 R,8628,8815,9427,11331,8628,8815,9427,11331,24077,25698,21394,24605, -74,-243,   5,0,68,b107760
14:52:05.225 R,8628,8805,9428,11311,8628,8805,9428,11311,24078,25696,21390,24607, -74,-244,   5,0,68,c107760
14:52:05.341 R,8628,8815,9429,11333,8628,8815,9429,11333,24078,25700,21393,24605, -73,-244,   4,0,68,d107760
14:52:05.341 R,8629,8817,9427,11336,8629,8817,9427,11336,24080,25701,21397,24611, -74,-244,   3,0,68,4107820
14:52:05.341 R,8633,8816,9430,11334,8633,8816,9430,11334,24077,25697,21397,24604, -73,-245,   2,0,68,5107820
14:52:05.341 R,8631,8816,9431,11335,8631,8816,9431,11335,24082,25700,21394,24611, -74,-243,   3,0,68,6107820
14:52:05.341 R,8629,8817,9428,11336,8629,8817,9428,11336,24079,25704,21397,24610, -74,-244,   4,0,68,7107820
14:52:05.492 R,8630,8815,9427,11336,8630,8815,9427,11336,24083,25704,21397,24614, -73,-244,   3,0,68,8107820
14:52:05.492 R,8632,8821,9430,11343,8632,8821,9430,11343,24086,25705,21402,24617, -74,-243,   3,0,68,f107880
14:52:05.492 R,8633,8823,9433,11343,8633,8823,9433,11343,24084,25705,21402,24623, -74,-243,   3,0,68,0107880
14:52:05.492 R,8633,8823,9431,11344,8633,8823,9431,11344,24086,25709,21401,24619, -75,-243,   3,0,68,1107880
14:52:05.492 R,8633,8823,9434,11347,8633,8823,9434,11347,24086,25708,21404,24620, -75,-243,   2,0,68,2107880
14:52:05.641 R,8635,8824,9435,11345,8635,8824,9435,11345,24078,25701,21403,24619, -75,-244,   2,0,68,3107880
14:52:05.641 R,8633,8825,9434,11349,8633,8825,9434,11349,24083,25713,21407,24625, -75,-244,   2,0,68,4107880
14:52:05.641 R,8639,8831,9439,11354,8639,8831,9439,11354,24088,25719,21414,24631, -75,-243,   3,0,68,a107930
14:52:05.641 R,8638,8833,9438,11355,8638,8833,9438,11355,24090,25720,21413,24631, -76,-244,   3,0,68,b107930
14:52:05.641 R,8627,8818,9419,11342,8627,8818,9419,11342,24090,25715,21406,24621, -76,-244,   3,0,68,c107930
14:52:05.791 R,8639,8828,9439,11354,8639,8828,9439,11354,24095,25721,21411,24631, -74,-243,   3,0,68,d107930
14:52:05.791 R,8637,8827,9437,11349,8637,8827,9437,11349,24094,25717,21410,24635, -75,-244,   3,0,68,e107930
14:52:05.791 R,8632,8815,9430,11331,8632,8815,9430,11331,24082,25706,21391,24604, -75,-243,   3,0,68,6108000
14:52:05.791 R,8632,8815,9431,11331,8632,8815,9431,11331,24076,25704,21388,24602, -74,-244,   3,0,68,7108000
14:52:05.791 R,8630,8812,9429,11327,8630,8812,9429,11327,24080,25705,21393,24603, -75,-244,   3,0,68,810